Iteration	Posterior	Likelihood	Prior	matrix_probs[1]	matrix_probs[2]	matrix_probs[3]	matrix_probs[4]	neo_beta	rate_log_sd	tree_length	two_beta
0	-415.9864	-427.3078	11.32141	0.386695	0.218895	0.0130205	0.38139	0.1176364	2.176068	0.2385815	0.4872798
6	-420.4572	-429.1034	8.646142	0.18015	0.64742	0.0278979	0.144531	0.09184631	2.176068	0.2148611	3.698871
12	-419.0029	-430.0978	11.09488	0.176052	0.730135	0.0278588	0.0659539	0.06783044	2.176068	0.332971	0.4435015
18	-412.2348	-423.3675	11.13268	0.442069	0.350229	0.0616794	0.146022	0.06144948	2.021291	0.3051603	0.4304234
24	-410.3552	-422.1529	11.79771	0.896207	0.00932104	0.017305	0.0771665	0.3470998	1.212868	0.8201113	1.20445
30	-414.6026	-426.3473	11.74465	0.94288	0.00938547	0.0263878	0.021347	0.3470998	2.010578	0.4658195	0.6125034
36	-412.7072	-423.4462	10.73899	0.911824	0.00907634	0.0255186	0.0535808	0.2947363	2.004416	0.3359235	1.623935
42	-412.7777	-425.3678	12.59011	0.904539	0.0139898	0.0286033	0.0528675	0.2995196	1.423725	0.6802906	0.2246215
48	-413.2617	-425.2077	11.94606	0.932211	0.00569733	0.0294783	0.0326129	0.2995196	1.512014	0.863124	0.7503598
54	-422.7831	-434.5946	11.81155	0.883144	0.0542179	0.029738	0.0329002	0.3375089	1.910496	0.6629975	0.6106486
60	-413.8873	-424.4625	10.57524	0.744314	0.0860288	0.0461859	0.123472	0.7648936	0.1348959	1.902496	1.866548
66	-412.6565	-424.2689	11.61243	0.805071	0.0930512	0.0366216	0.065256	0.3731304	0.6005261	1.750227	0.8772407
72	-414.4917	-425.1837	10.69191	0.869516	0.0125571	0.0235955	0.0943316	0.4709121	0.9527191	1.302805	2.121506
78	-410.3178	-421.8197	11.50194	0.904216	0.0130582	0.0277172	0.0550088	0.4256068	0.6655495	1.391064	1.386521
84	-410.7825	-422.2065	11.42399	0.899427	0.0458162	0.0338962	0.020861	0.5815213	0.2066425	1.83556	1.139108
90	-412.4585	-423.2572	10.79873	0.868268	0.0965889	0.032722	0.00242116	0.600034	0.251483	1.832962	1.785206
96	-411.4243	-422.5933	11.16898	0.890673	0.0936474	0.0130552	0.00262416	0.4774152	0.2619537	2.066143	1.100351
102	-413.8862	-423.3922	9.505989	0.932422	0.0372792	0.0233634	0.00693564	0.4127434	0.5221339	2.475279	2.076448
108	-413.0211	-423.0047	9.98357	0.904842	0.0567407	0.0226724	0.015745	0.4127434	1.319915	2.535081	0.5705937
114	-410.5195	-422.3589	11.83939	0.87533	0.0243338	0.0592142	0.0411219	0.4127434	0.5298964	1.720927	0.7365697
120	-408.5983	-419.6785	11.08017	0.872774	0.0206824	0.0709976	0.0355458	0.630342	0.6722427	1.948649	0.8019326
126	-408.2323	-419.0804	10.8481	0.893452	0.0388599	0.0322551	0.0354332	0.3915213	1.144196	1.5164	1.431753
132	-403.7741	-416.0807	12.30658	0.901297	0.0456296	0.0314022	0.0216717	0.3915213	1.083925	0.9483436	0.6855407
138	-407.8292	-420.4913	12.6621	0.90833	0.0459857	0.0238438	0.0218408	0.3409531	1.132902	0.9426352	0.2731849
144	-409.6228	-421.4955	11.87273	0.873919	0.0476721	0.0247182	0.0536908	0.4646109	1.279228	1.185349	0.6118988
150	-413.287	-425.0083	11.7213	0.804661	0.0738591	0.0382963	0.0831839	0.4501929	1.341347	1.185349	0.7092229
156	-410.5937	-422.7145	12.12076	0.86016	0.0441027	0.0301809	0.0655565	0.3621335	1.529171	0.9408084	0.4627813
162	-416.1121	-426.8616	10.74953	0.886432	0.0321395	0.0219514	0.0594776	0.3113345	1.036668	1.823141	1.245333
168	-416.6324	-428.6306	11.99821	0.760734	0.152496	0.0188386	0.0679321	0.3652673	1.036668	1.482066	0.4465463
174	-413.6494	-425.9856	12.33621	0.832046	0.105724	0.0135106	0.0487191	0.3652673	0.6119138	1.612194	0.3354013
180	-416.779	-428.4956	11.71665	0.671426	0.0975563	0.00719859	0.223819	0.3508988	0.9499181	1.837943	0.2365316
186	-415.1547	-427.4022	12.24756	0.805403	0.0577776	0.00426335	0.132556	0.383445	0.9660661	1.400542	0.3402879
192	-413.8283	-426.3961	12.56782	0.786208	0.0769142	0.00748059	0.129397	0.4621859	0.4250454	1.45203	0.1423943
198	-407.8726	-420.4397	12.56715	0.888841	0.0869548	0.00845713	0.0157469	0.4621859	0.3509303	1.592468	0.2279426
204	-414.1498	-426.3084	12.15859	0.78323	0.177421	0.00745225	0.0318973	0.4621859	0.5167694	1.592468	0.5736476
210	-410.4802	-422.6698	12.18953	0.871333	0.0724247	0.0149603	0.0412824	0.500618	1.231848	0.9623511	0.5476078
216	-409.3629	-422.3283	12.96545	0.814168	0.0628276	0.0170823	0.105922	0.3528834	0.9252081	0.8195564	0.2235338
222	-412.2124	-423.97	11.75762	0.918618	0.00856431	0.0330253	0.0397923	0.3528834	0.7491275	0.837286	1.764646
228	-416.4252	-428.4396	12.01441	0.903422	0.0249646	0.032479	0.039134	0.7585967	0.8157865	0.8562653	0.946282
234	-411.8194	-424.653	12.83363	0.933228	0.0339445	0.0180996	0.0147282	0.371837	0.5721447	0.8562653	0.7633845
240	-414.7086	-427.6012	12.89259	0.822058	0.093261	0.0746209	0.0100597	0.4502978	0.5048112	0.9858167	0.5955876
246	-407.9734	-420.1743	12.20083	0.92073	0.0418188	0.0288178	0.0086332	0.3828587	0.9022752	1.301211	0.5955876
252	-411.0548	-423.0015	11.94667	0.829176	0.0718337	0.013135	0.0858552	0.4128272	1.530818	0.4339838	0.8202837
258	-412.0501	-421.6176	9.567546	0.901947	0.0370852	0.0112947	0.0496736	0.4025234	1.66985	1.134637	3.150783
264	-407.1255	-418.7628	11.63729	0.915652	0.0376487	0.0114663	0.0352334	0.4025234	1.213963	0.7507664	1.386774
270	-411.2849	-422.2572	10.97227	0.934029	0.0434254	0.0132284	0.00931754	0.2513344	1.864846	0.4779583	1.60472
276	-411.7568	-423.9218	12.16491	0.948903	0.0288735	0.013439	0.00878419	0.3643495	1.389078	0.6432888	0.7608841
282	-410.3963	-422.6722	12.27592	0.759744	0.13493	0.0169678	0.0883581	0.3166759	1.31754	0.6575043	0.7461741
288	-410.181	-422.4241	12.24303	0.698305	0.137591	0.0155957	0.148508	0.3462437	1.31754	0.5744919	0.7900133
294	-410.8367	-422.7475	11.91079	0.737048	0.128778	0.0445909	0.0895832	0.4425424	1.506004	0.6541075	0.8241298
300	-409.0716	-420.2993	11.2277	0.793905	0.0863418	0.0178378	0.101916	0.2841113	2.232889	0.2352111	0.711494
306	-417.8628	-427.7015	9.83867	0.878971	0.0673394	0.0249389	0.0287505	0.2113079	2.232889	0.1684355	2.023247
312	-417.4208	-428.5595	11.13876	0.85114	0.111286	0.0301773	0.00739663	0.3084573	2.232889	0.1684355	0.5968911
318	-413.0811	-424.2552	11.17405	0.858137	0.0723028	0.0196062	0.0499536	0.3084573	2.221786	0.3369084	0.9135738
324	-411.1619	-422.6895	11.52761	0.886104	0.0497677	0.0280502	0.0360782	0.5013114	2.364464	0.489315	0.3135152
330	-416.9581	-427.9656	11.00744	0.90435	0.0507925	0.0286278	0.0162294	0.2965402	2.028773	0.3173166	1.266769
336	-420.1863	-430.2269	10.0406	0.919343	0.0450695	0.019089	0.0164985	0.3733516	1.705191	0.514595	3.090204
342	-419.9265	-427.7946	7.868126	0.789158	0.03462	0.0450299	0.131192	0.3369965	2.214277	0.1394249	5.414813
348	-416.5451	-427.528	10.98296	0.813553	0.0356902	0.0519166	0.0988402	0.6399334	1.652248	0.2488257	1.254648
354	-413.1921	-424.2001	11.00804	0.702107	0.106231	0.0471278	0.144533	0.4043194	1.730575	0.3363834	1.544023
360	-413.7204	-425.7736	12.05313	0.738472	0.176946	0.00531989	0.0792621	0.2998109	1.794136	0.3277939	0.4745143
366	-415.2561	-426.5197	11.26355	0.84521	0.0885602	0.0224246	0.0438055	0.7513615	1.794136	0.5732314	0.8923469
372	-409.9856	-422.2395	12.25395	0.826513	0.0268908	0.0642748	0.0823213	0.3225891	1.467727	0.4821056	0.6602936
378	-411.4717	-423.2706	11.79889	0.747468	0.0205859	0.0545187	0.177427	0.5604281	1.462559	0.7364247	0.8168219
384	-407.746	-419.6541	11.90808	0.860351	0.00311482	0.0424737	0.09406	0.4044498	1.138617	1.01615	0.941021
390	-412.2692	-425.2178	12.94859	0.821551	0.00243422	0.0547558	0.121259	0.3710531	0.7405057	0.6668048	0.6178954
396	-408.783	-421.3172	12.53417	0.855003	0.000550973	0.048889	0.0955568	0.3001279	1.417066	0.6809494	0.3862339
402	-407.2831	-419.7146	12.43149	0.85405	0.000550359	0.0223787	0.123021	0.4828314	0.7821247	1.04942	0.6788282
408	-407.0459	-419.0831	12.03723	0.812937	0.00326222	0.0273845	0.156416	0.4828314	1.297356	0.9612274	0.6482684
414	-406.4772	-418.6162	12.13901	0.838318	0.00115638	0.0723566	0.0881689	0.5390788	0.7978974	1.271843	0.6482684
420	-410.0087	-421.6012	11.59257	0.863442	0.00112942	0.0667828	0.0686461	0.5751454	0.5217217	1.508914	1.118694
426	-405.1796	-416.4655	11.28589	0.95605	0.00215452	0.0243588	0.017437	0.3936456	0.9591	1.508914	1.164976
432	-409.5869	-420.8504	11.26351	0.891099	0.00273975	0.0308854	0.0752754	0.3936456	0.9840442	1.639487	0.9804797
438	-407.5211	-418.5536	11.03253	0.907224	0.00171761	0.0422355	0.048823	0.4760186	0.7344638	1.921853	0.9804797
444	-412.6522	-425.0501	12.39785	0.89979	0.0016523	0.0821016	0.0164565	0.3924023	1.249186	0.8984905	0.4813896
450	-409.5179	-421.1186	11.60072	0.944273	0.00173399	0.0403343	0.0136589	0.4288494	1.308548	1.25721	0.7927846
456	-405.3821	-416.5308	11.14867	0.874226	0.00160536	0.00961651	0.114552	0.3395856	1.405016	1.25721	1.220233
462	-406.2027	-418.2812	12.07851	0.897322	0.00128873	0.0094303	0.0919594	0.3746071	1.364414	0.9557656	0.6420878
468	-412.5374	-423.9532	11.41585	0.830681	0.00119302	0.092596	0.07553	0.4682501	1.347325	1.073804	1.107381
474	-411.1265	-422.0077	10.88127	0.921338	0.00087813	0.0681556	0.00962871	0.4682501	1.154465	1.073804	1.955003
480	-412.7881	-422.8884	10.10035	0.885113	0.00163248	0.0989406	0.0143136	0.5699203	1.140044	1.073804	2.983723
486	-409.2146	-421.389	12.17434	0.955048	0.0011937	0.0384105	0.00534734	0.429927	1.204673	1.132876	0.4799507
492	-406.1388	-418.4335	12.29473	0.944658	0.00727986	0.0427733	0.00528917	0.429927	0.559251	1.150411	0.9666153
498	-412.1835	-421.9387	9.755256	0.888315	0.0210848	0.0530089	0.0375914	0.511519	1.05046	1.881873	2.133148
504	-413.3218	-424.9506	11.62879	0.939796	0.00507671	0.0477862	0.00734108	0.4537233	0.8439172	1.459034	0.9465598
510	-411.9498	-423.8181	11.86838	0.878638	0.0358765	0.0786223	0.00686335	0.5511378	0.9125922	1.101238	0.9754083
516	-414.0598	-425.3711	11.31123	0.762888	0.152989	0.0795519	0.00457137	0.7569152	1.325888	0.9497983	1.057802
522	-416.5677	-427.3521	10.78445	0.898482	0.0587462	0.0414725	0.00129904	1.166923	1.086934	0.9397391	1.447207
528	-409.4748	-421.0995	11.62465	0.903502	0.0556292	0.0396386	0.00123011	0.7163614	1.272122	1.328503	0.4350821
534	-406.4096	-418.7293	12.31966	0.899115	0.055359	0.0394461	0.00607995	0.4390262	0.530513	1.229786	0.8721146
540	-414.1314	-425.384	11.2526	0.875127	0.0258654	0.0857856	0.0132224	0.6633086	0.8450006	0.8327163	1.909638
546	-415.6414	-424.4971	8.855691	0.880304	0.0152968	0.0910986	0.0133006	0.5805665	1.359512	0.907131	5.371332
552	-410.9954	-423.1369	12.14145	0.937161	0.0129012	0.0256741	0.0242639	0.4029958	1.765479	0.6117013	0.394059
558	-409.3977	-421.9085	12.51071	0.937428	0.00517739	0.0256814	0.0317135	0.3275901	1.473113	0.7156535	0.2596321
564	-413.5018	-424.1198	10.61801	0.805147	0.0110267	0.141317	0.0425096	0.4721427	1.486432	0.9636902	2.007439
570	-413.4525	-419.818	6.365437	0.950117	0.000547424	0.017247	0.0320891	0.3402991	1.239692	0.9355537	15.74542
576	-418.8683	-429.3104	10.44211	0.778489	0.00262393	0.0876891	0.131198	0.4597899	1.497245	0.6174712	2.616537
582	-412.2319	-423.3755	11.14359	0.858128	0.00546854	0.0456823	0.0907212	0.4472984	1.329331	0.7884877	1.755727
588	-417.6884	-428.733	11.04459	0.932105	0.0039054	0.0297712	0.0342188	0.4753052	0.6665756	1.379657	1.898419
594	-415.9847	-424.7193	8.734632	0.791728	0.00759469	0.110304	0.0903732	0.6677516	0.7340411	1.414314	5.578344
600	-413.0906	-423.5749	10.48432	0.894973	0.00382983	0.0556241	0.0455732	0.4139953	0.6887036	1.423024	2.666147
606	-411.4966	-423.031	11.53441	0.858325	0.0270169	0.0709512	0.043707	0.4138465	1.471479	0.703843	1.238689
612	-411.7528	-423.9081	12.15528	0.808549	0.0269981	0.0627586	0.101694	0.3307201	1.818698	0.3288537	0.2807144
618	-413.4853	-425.1854	11.70016	0.842103	0.0422539	0.065363	0.0502804	0.7641643	1.797322	0.3813021	0.4295576
624	-410.8832	-422.6708	11.78753	0.849475	0.0433718	0.0564322	0.0507206	0.3762504	1.962184	0.3116572	0.5067223
630	-423.3992	-430.1096	6.710425	0.763559	0.117727	0.0236577	0.0950566	1.052546	1.552125	0.4373747	10.59494
636	-426.2554	-435.3876	9.13217	0.735081	0.147749	0.0256585	0.0915113	0.7329754	1.77478	0.2453608	3.586564
642	-413.1684	-425.1086	11.94021	0.737212	0.105611	0.0190333	0.138144	0.4135668	0.9886945	0.7545722	1.287702
648	-417.109	-428.0663	10.95728	0.802809	0.0419819	0.00409659	0.151112	0.2243075	1.027936	0.863411	2.501707
654	-421.5405	-434.0239	12.4834	0.149421	0.628778	0.0540814	0.167719	0.3016529	0.7645406	1.045792	0.7844057
660	-410.8435	-420.8808	10.03731	0.873557	0.0199447	0.000764835	0.105733	0.5917165	1.408981	0.6790139	3.157504
666	-414.6555	-424.4249	9.769361	0.80897	0.0697759	0.00765939	0.113595	0.4588593	1.55094	0.4935535	3.723488
672	-414.7723	-424.9934	10.22104	0.902953	0.0615494	0.00712391	0.028374	0.3988805	1.711201	0.7674737	2.584843
678	-408.6874	-421.2291	12.54172	0.901306	0.0614371	0.00893435	0.0283223	0.3309737	1.494712	0.5282699	0.3122292
684	-409.8364	-421.9858	12.14941	0.894615	0.060981	0.0162923	0.028112	0.4429525	0.9564091	1.006487	0.8595089
690	-408.5943	-420.1617	11.56735	0.899814	0.0555238	0.016387	0.0282754	0.3695055	0.9490508	0.9525133	1.613821
696	-409.4003	-421.1448	11.74446	0.851493	0.0525421	0.015507	0.0804577	0.3894629	1.693431	0.3917403	0.860057
702	-416.5741	-429.0504	12.47621	0.5103	0.406876	0.0541586	0.0286651	0.1019819	0.5060719	1.406795	0.3279834
708	-418.6097	-430.8076	12.19785	0.06078	0.831738	0.0901274	0.017355	0.11225	1.015946	1.249948	0.3632076
714	-424.5357	-436.0571	11.52131	0.700016	0.134244	0.0113482	0.154392	0.9057992	1.883716	0.6231153	0.373156
720	-415.1181	-426.7562	11.63814	0.346543	0.493866	0.102004	0.057587	0.07509112	1.500048	0.5088042	0.733
726	-415.5435	-425.8836	10.34012	0.394311	0.457984	0.116065	0.0316404	0.04237271	1.898309	0.3446841	0.9435497
732	-413.0409	-424.3083	11.26736	0.8268	0.0162704	0.0135957	0.143334	0.908271	0.3168359	1.649168	1.10737
738	-416.8355	-428.021	11.18549	0.804377	0.0724321	0.0106727	0.112518	1.029658	0.2319743	1.547591	1.302591
744	-421.1261	-428.4813	7.355173	0.797934	0.071852	0.103325	0.0268886	0.7915159	0.2508559	2.969339	4.141821
750	-420.6042	-431.4991	10.8949	0.756226	0.101152	0.0158818	0.126741	0.04886677	1.581601	1.007744	0.6424074
756	-417.0901	-427.6868	10.59666	0.46453	0.256124	0.0693916	0.209955	0.0309977	0.8895016	1.205596	0.7923517
762	-415.4438	-426.863	11.41916	0.956938	0.0360246	0.00064908	0.00638815	0.2854075	1.971292	0.3289326	0.9201005
768	-412.2277	-424.0098	11.7821	0.810198	0.158435	0.00327217	0.0280949	0.3716827	1.971292	0.2432651	0.3861636
774	-418.2503	-429.0976	10.84731	0.816687	0.1334	0.00404102	0.0458716	0.4617199	1.971292	0.1688565	1.01662
780	-414.3533	-424.6981	10.3448	0.89518	0.0645664	0.00294478	0.0373087	0.2748341	2.024457	0.2533368	1.955303
786	-411.1722	-423.3089	12.13667	0.828359	0.00304057	0.00272496	0.165876	0.2395276	1.628016	0.5484689	0.636461
792	-408.5143	-421.0961	12.58174	0.864399	0.00281014	0.00309886	0.129692	0.3825964	1.073718	0.8225548	0.5441431
798	-414.4202	-425.0671	10.64686	0.87644	0.00348251	0.0614038	0.0586737	0.5720939	1.460552	0.8225548	2.034189
804	-403.0808	-414.9501	11.86934	0.923238	0.0063032	0.00865259	0.0618065	0.3586893	0.8675269	1.570207	0.6283361
810	-409.9799	-421.9503	11.97038	0.82897	0.0056596	0.0207864	0.144584	0.3477323	1.131682	1.304362	0.6175535
816	-406.4317	-418.4014	11.96971	0.867646	0.00477341	0.00563567	0.121945	0.3962064	1.308811	1.248289	0.4758269
822	-413.1202	-425.0153	11.89511	0.410655	0.459132	0.101228	0.0289853	0.06778835	1.196076	0.778084	0.581324
828	-413.5772	-424.8738	11.29654	0.325059	0.597448	0.0515198	0.0259737	0.05243795	1.602304	0.4111576	0.6009199
834	-425.0172	-433.2881	8.270909	0.447994	0.277227	0.0699065	0.204873	0.02644945	1.251147	0.7599633	3.704769
840	-415.5638	-427.3463	11.78247	0.178441	0.707509	0.0758236	0.0382265	0.0538957	1.319608	0.7668009	0.2060999
846	-420.8301	-432.2143	11.38418	0.401833	0.384568	0.0501926	0.163406	0.05434328	1.213472	1.06042	0.5915714
852	-412.0301	-422.6668	10.63666	0.121025	0.660085	0.0625582	0.156333	0.02454239	1.453555	0.4418851	0.1958663
858	-412.8004	-423.5985	10.79808	0.684057	0.215377	0.0322923	0.068274	0.02454239	0.9239777	1.063109	0.3292851
864	-414.4537	-425.5471	11.09336	0.126462	0.66231	0.0861249	0.125103	0.03427992	1.081297	1.11067	0.3582617
870	-410.4116	-419.7065	9.294832	0.223369	0.518123	0.0422912	0.216216	0.02524813	1.09103	1.296381	0.04261609
876	-411.211	-421.6283	10.41735	0.783825	0.168895	0.0264767	0.0208031	0.02279364	1.306685	0.9262085	0.3411404
882	-416.7487	-426.9997	10.25102	0.523859	0.37815	0.072185	0.025806	0.02873087	1.398142	0.728313	0.9573994
888	-426.8356	-436.2944	9.458752	0.265223	0.403066	0.275218	0.0564919	0.02590412	1.349572	1.639807	0.6343626
894	-421.6228	-433.5213	11.89854	0.359161	0.504564	0.0886872	0.0475877	0.08284904	1.541615	0.8802464	0.2592699
900	-424.5216	-436.6231	12.10157	0.643073	0.0591353	0.284481	0.0133114	0.7125844	0.8531223	1.051302	0.6959726
906	-422.5331	-432.6395	10.10642	0.665603	0.0696283	0.242667	0.0221016	0.9018264	0.2542081	1.316695	3.41697
912	-421.7702	-428.6103	6.840062	0.248911	0.542654	0.00975827	0.198677	0.05196015	1.414076	0.6517831	9.907091
918	-414.959	-423.8428	8.883868	0.225587	0.59391	0.0291943	0.151308	0.0716914	1.414076	0.7170812	4.777101
924	-416.9439	-425.8885	8.944584	0.516045	0.357101	0.0205174	0.106337	0.07150093	1.050393	0.7518895	5.427868
930	-415.9099	-427.8462	11.93633	0.645731	0.228673	0.0203138	0.105282	0.1139756	1.287598	1.197978	0.1453079
936	-417.4416	-427.9497	10.50805	0.747562	0.0965039	0.00815185	0.147782	0.1251138	1.461921	0.3420937	2.442211
942	-414.921	-426.9461	12.02507	0.467531	0.2941	0.011169	0.2272	0.4007491	1.474378	0.7331246	0.7388479
948	-411.9571	-421.0795	9.122358	0.823074	0.0215689	0.00263983	0.152717	0.2015459	1.474378	0.3450604	5.399732
954	-412.5992	-423.2427	10.64353	0.597575	0.120043	0.00161853	0.280764	0.3462674	1.670094	0.3243559	2.125516
960	-410.0608	-421.1218	11.06099	0.715209	0.096666	0.00135704	0.186768	0.375808	1.73122	0.3747722	1.545079
966	-412.0769	-423.3199	11.24293	0.862681	0.0984413	0.00184769	0.0370296	0.5710003	1.764681	0.5493098	1.139163
972	-414.2778	-426.5608	12.28295	0.31443	0.607539	0.0263616	0.0516697	0.0588828	0.9220572	0.7160573	0.3512657
978	-418.0935	-425.6185	7.524997	0.444342	0.307745	0.104548	0.143365	0.0447143	1.191213	1.046473	6.77881
984	-416.2448	-427.1903	10.94548	0.603024	0.142763	0.00308552	0.251128	0.3574281	0.6779714	1.675314	1.6389
990	-409.6193	-421.3554	11.73614	0.811755	0.0900547	0.00774063	0.0904499	0.3922505	0.8630767	1.539043	0.7739938
996	-410.4295	-422.1159	11.68644	0.84023	0.0932137	0.0179096	0.0486466	0.451284	0.5798771	1.53307	1.056735
1002	-419.948	-429.6455	9.697492	0.127746	0.463975	0.159661	0.248618	0.03215547	1.409645	1.638589	0.6740463
1008	-412.2168	-423.6216	11.40476	0.0536553	0.503386	0.173223	0.269736	0.0393064	0.678527	1.347874	0.1756966
1014	-410.1038	-422.1403	12.03646	0.870702	0.00527746	0.0211584	0.102863	0.2847941	1.123013	1.173873	0.7409571
1020	-409.6403	-421.045	11.40468	0.39296	0.408657	0.0448355	0.153547	0.04935988	1.652682	0.6941521	0.2791234
1026	-411.6429	-422.0576	10.4147	0.459412	0.364585	0.0433598	0.132643	0.03122689	1.786167	0.5347041	0.6269553
1032	-412.5627	-424.2779	11.71519	0.296316	0.578791	0.0307684	0.0941246	0.05491005	1.504795	0.5992256	0.2218413
1038	-416.9912	-428.0116	11.02038	0.774131	0.1164	0.0363719	0.0730972	0.04971525	0.850521	1.494268	0.6865989
1044	-408.7864	-419.2127	10.42636	0.880557	0.00400093	0.0116119	0.103831	0.2934091	2.510257	1.345282	0.7535786
1050	-404.2723	-416.2936	12.02129	0.903565	0.00344926	0.00347231	0.0895139	0.2889291	1.140939	1.260104	0.6411152
1056	-407.7889	-419.4227	11.63385	0.881344	0.000764593	0.00440232	0.113489	0.3435775	1.028748	1.093697	1.302504
1062	-409.5221	-419.8764	10.35429	0.832671	0.00753277	0.0204102	0.139387	0.3754767	0.8401511	2.11154	1.377012
1068	-409.1215	-420.4641	11.34254	0.85905	0.0071791	0.0210568	0.112714	0.4832778	0.8365081	1.4612	1.215098
1074	-407.7845	-419.2536	11.46907	0.86949	0.00403778	0.0534247	0.0730478	0.4813649	0.8795789	1.775317	0.6224447
1080	-407.6648	-419.8129	12.14808	0.892993	0.0129556	0.0351082	0.0589427	0.4388051	0.4755315	1.608804	0.6224447
1086	-411.6435	-422.0949	10.4514	0.8116	0.00624023	0.0329899	0.14917	0.4527904	0.9367213	2.206509	0.9506543
1092	-409.0693	-420.4774	11.40814	0.808533	0.00999562	0.0328653	0.148606	0.3619627	1.31331	1.342456	0.9261345
1098	-410.4319	-422.2323	11.80035	0.81663	0.0101538	0.0222579	0.150958	0.514852	0.855233	1.51559	0.6423997
1104	-416.4642	-427.7054	11.24128	0.647399	0.202056	0.0732885	0.0772565	0.8231841	0.2367448	1.699631	1.237063
1110	-408.6389	-419.9234	11.28451	0.82288	0.0102315	0.0130768	0.153812	0.4868107	0.5818871	2.033426	0.7135547
1116	-409.6135	-421.1457	11.5322	0.806509	0.0839547	0.082719	0.0268174	0.4513852	0.4485961	1.695493	1.119573
1122	-405.0871	-416.7168	11.62963	0.864943	0.0177026	0.0490523	0.0683024	0.4628618	0.4189132	1.824569	0.8568678
1128	-406.023	-417.5861	11.56309	0.890595	0.0182277	0.0505071	0.0406707	0.4473065	0.3444448	2.121277	0.5841654
1134	-410.6281	-421.2309	10.60279	0.87234	0.0275728	0.0385648	0.0615222	0.4473065	0.414418	2.121277	1.491226
1140	-408.6976	-419.9712	11.27361	0.915085	0.0329508	0.00807094	0.0438934	0.4473065	0.8194414	1.672973	1.041033
1146	-410.9564	-422.2189	11.26254	0.882575	0.00713774	0.0631118	0.0471756	0.4342545	0.6942495	1.725597	1.116721
1152	-404.5482	-416.5713	12.02311	0.891463	0.00548224	0.0371992	0.065856	0.5159093	0.7976175	1.187354	0.8766142
1158	-406.9318	-418.2845	11.35276	0.9126	0.0243829	0.0380813	0.0249358	0.5159093	0.6688316	1.460238	1.35233
1164	-409.7038	-421.9979	12.29406	0.777189	0.0927204	0.00852701	0.121564	0.361582	0.7170774	1.321603	0.6741651
1170	-419.6422	-431.3039	11.66167	0.698095	0.17913	0.0334271	0.0893479	0.614387	1.601259	0.9023025	0.09884122
1176	-415.296	-426.7255	11.42947	0.752028	0.139233	0.0231166	0.0856229	0.3633674	1.764681	0.7333137	1.065874
1182	-411.6731	-423.0194	11.34634	0.749948	0.056953	0.00775203	0.185346	0.4113686	1.180378	1.231682	1.222881
1188	-408.155	-420.2887	12.13378	0.832994	0.0632597	0.00803877	0.0957078	0.3326811	0.7873915	1.068484	1.065623
1194	-405.8468	-416.9196	11.07273	0.86489	0.0531112	0.00164461	0.0803538	0.4435247	0.9088215	1.293057	1.731341
1200	-417.0174	-429.7723	12.75495	0.82796	0.129573	0.020153	0.0223144	0.5517612	0.7490674	0.7665443	0.1098176
1206	-413.6793	-425.9759	12.29659	0.880652	0.0553638	0.0402493	0.0237345	0.4319081	1.301661	0.8049702	0.57179
1212	-418.5235	-429.4802	10.9567	0.827636	0.0650775	0.0621397	0.0451468	0.5911771	1.307353	0.6072283	1.968359
1218	-419.2679	-431.9753	12.70731	0.770316	0.102623	0.0558676	0.0711936	0.4169179	0.6312931	1.269854	0.3555981
1224	-418.0949	-430.6941	12.59925	0.842373	0.0953262	0.0572485	0.00505243	0.2869408	1.314318	0.8052731	0.1901446
1230	-411.1803	-423.33	12.14971	0.879605	0.0730558	0.0235085	0.0238304	0.4350219	1.004533	0.9624077	0.8616747
1236	-419.86	-431.0646	11.20461	0.831616	0.04431	0.0142584	0.109816	0.2436196	1.075681	1.176401	1.677488
1242	-420.7875	-429.7513	8.963833	0.741182	0.101015	0.00412835	0.153674	0.4966659	1.075487	2.080848	2.857516
1248	-407.9023	-420.0405	12.13821	0.784516	0.0898859	0.00442422	0.121173	0.3875456	1.017688	1.210907	0.6450535
1254	-408.9754	-421.17	12.19468	0.926128	0.0117396	0.00343131	0.0587006	0.3875456	1.317628	1.168632	0.2067785
1260	-409.3445	-421.3293	11.9848	0.951195	0.00679468	0.00460488	0.0374059	0.2168611	2.050467	0.6204102	0.2067785
1266	-405.2296	-416.7815	11.55182	0.922461	0.00658943	0.00446577	0.0664838	0.2168611	2.269396	0.2312034	0.1997089
1272	-407.0131	-418.0495	11.03632	0.901466	0.00643946	0.0076116	0.0844825	0.2598521	2.484106	0.142137	0.1997089
1278	-407.587	-419.1026	11.5156	0.875988	0.00625746	0.00739647	0.110358	0.2626875	2.484106	0.3241085	0.2545757
1284	-406.9502	-418.8347	11.88446	0.882442	0.00757058	0.00894862	0.101039	0.2244924	1.981775	0.2823047	0.3965046
1290	-405.634	-417.4812	11.84724	0.862591	0.00176758	0.0110358	0.124606	0.2609007	1.937341	0.3201575	0.539568
1296	-407.2072	-419.038	11.83073	0.933092	0.00134782	0.0282653	0.037295	0.292931	1.921287	0.3201575	0.5634581
1302	-420.409	-430.3168	9.907833	0.699038	0.198108	0.062496	0.0403582	0.9158543	1.443306	0.5907393	2.812182
1308	-417.0747	-426.6115	9.536747	0.853117	0.0752244	0.022405	0.0492537	1.434137	1.772213	0.3146254	2.034381
1314	-415.5807	-427.7612	12.18049	0.884388	0.0240442	0.0546803	0.036887	0.2932685	1.860926	0.5525176	0.3306117
1320	-413.5798	-423.8644	10.28463	0.69625	0.193562	0.00388638	0.106302	0.3616306	1.544559	0.6049221	2.933541
1326	-418.3485	-426.651	8.302489	0.713317	0.198307	0.0024129	0.0859634	0.3191845	1.397426	0.6775168	7.918873
1332	-411.1276	-422.0275	10.89994	0.895167	0.0431925	0.00769255	0.0539478	0.4287327	0.5421853	1.255251	2.555167
1338	-416.135	-427.3603	11.22529	0.808436	0.0493085	0.0595285	0.0827275	0.4083573	1.050749	1.31631	1.387496
1344	-415.911	-427.4538	11.54278	0.699386	0.23291	0.00303777	0.0646669	0.4401599	0.525828	1.991416	0.6242421
1350	-419.7303	-431.2881	11.55778	0.72046	0.239928	0.00391946	0.0356928	0.6247879	0.7582062	1.837746	0.1517533
1356	-409.6908	-421.671	11.9802	0.7947	0.0532874	0.000907083	0.151105	0.5529938	0.6908127	1.479524	0.6364215
1362	-410.5169	-422.9854	12.46847	0.775473	0.058057	0.0163091	0.150161	0.4869396	0.6921677	1.233219	0.1196906
1368	-407.679	-420.2466	12.56763	0.7873	0.051823	0.00842631	0.152451	0.5282583	0.1714692	1.552551	0.126393
1374	-405.7427	-417.9487	12.20599	0.816463	0.077575	0.0184668	0.0874954	0.4678176	0.5881377	1.552551	0.1251525
1380	-409.804	-422.3716	12.56756	0.882897	0.0576739	0.0145703	0.0448587	0.498103	0.3173549	1.552551	0.1697022
1386	-404.6827	-417.0046	12.32181	0.835031	0.0502335	0.0137804	0.100956	0.4300332	0.817651	1.35901	0.4477017
1392	-405.8385	-418.1077	12.26919	0.82298	0.0453035	0.0104457	0.121271	0.3508212	0.6161376	1.389224	0.7195532
1398	-408.0892	-419.3689	11.27969	0.887071	0.0442116	0.010194	0.0585232	0.380661	0.6077049	1.389224	1.766077
1404	-402.9148	-414.88	11.96523	0.899376	0.0294922	0.0170634	0.0540687	0.4538312	0.5599565	1.548325	0.7804857
1410	-409.8567	-421.638	11.78135	0.853709	0.0293725	0.0655957	0.0513233	0.4712093	0.7125545	1.353403	1.044688
1416	-406.5	-418.5658	12.06582	0.850558	0.0301845	0.0285713	0.0906865	0.4712093	0.8474154	0.9847286	1.044688
1422	-409.1979	-421.0419	11.84393	0.766864	0.0272144	0.02576	0.180162	0.3068728	1.667388	0.5633848	0.861563
1428	-409.9189	-421.7507	11.83179	0.828424	0.029399	0.0278279	0.114349	0.3516978	1.627934	0.638849	0.861563
1434	-409.6153	-421.2988	11.68347	0.863977	0.0306607	0.0215879	0.0837745	0.3224994	1.647409	0.6069479	1.018831
1440	-409.4774	-421.4719	11.99446	0.862766	0.0306177	0.0229594	0.0836571	0.3252075	1.432269	0.3452755	0.8824772
1446	-416.05	-425.6666	9.616561	0.79346	0.0874032	0.0253851	0.093752	0.377206	1.622213	0.4127685	3.988172
1452	-415.0799	-425.4052	10.32525	0.82143	0.0552335	0.0262799	0.0970568	0.377206	1.497819	0.5782863	2.937879
1458	-420.2843	-431.8077	11.52343	0.714918	0.141191	0.067178	0.076713	0.5440255	1.274365	0.9265063	1.145488
1464	-417.8977	-429.2731	11.37537	0.863195	0.033023	0.00760943	0.0961728	0.5957249	0.6206575	1.561529	1.145488
1470	-409.2197	-421.4465	12.22678	0.904962	0.0346209	0.00797763	0.0524398	0.3494029	1.617147	0.8819535	0.2744695
1476	-416.2072	-428.2279	12.02074	0.917847	0.0349832	0.0274211	0.0197488	0.3444445	2.007701	0.4701537	0.3105482
1482	-409.3136	-420.8382	11.52466	0.960445	0.0115319	0.0113093	0.0167137	0.2285821	2.112796	0.164648	0.2672013
1488	-405.8592	-417.4701	11.61084	0.960445	0.0115319	0.0113093	0.0167137	0.2923639	2.271992	0.3214709	0.4325974
1494	-409.8547	-422.0371	12.18245	0.866179	0.0562353	0.0101993	0.0673867	0.598821	0.5267206	1.123568	0.9729901
1500	-411.0468	-423.42	12.37322	0.767853	0.0852524	0.0090415	0.137853	0.598821	1.351828	0.6380074	0.1720147
1506	-410.126	-422.1271	12.00111	0.884373	0.0309905	0.0047736	0.0798626	0.3765784	1.512634	0.551067	0.8187093
1512	-412.2593	-424.4641	12.20471	0.838184	0.109645	0.00230595	0.0498649	0.5508957	1.503009	0.4130333	0.4627878
1518	-418.9779	-428.7085	9.730624	0.864495	0.0950898	0.00178637	0.0386292	0.5976966	1.150637	0.6460993	4.246353
1524	-423.7657	-428.0485	4.282805	0.897914	0.0223278	0.0128319	0.0669261	0.359685	2.509044	0.1605959	19.07144
1530	-414.8046	-426.7998	11.99514	0.538704	0.389059	0.00625168	0.0659853	0.1201955	1.511069	0.621006	0.6751269
1536	-412.0673	-423.8797	11.81243	0.575489	0.358034	0.00575315	0.0607234	0.1037198	1.517992	0.5721131	0.7742635
1542	-416.6691	-427.4851	10.81595	0.403422	0.242609	0.0306338	0.323335	0.04907324	1.602288	0.4021042	0.9842244
1548	-416.1708	-428.3395	12.16872	0.32452	0.268457	0.0352254	0.371797	0.09978962	1.39075	0.7937736	0.4114368
1554	-414.6568	-425.613	10.95613	0.714774	0.0540201	0.00099947	0.230206	0.6752284	0.8487493	1.251279	1.719815
1560	-412.1656	-424.5499	12.38433	0.86771	0.0549459	0.0117241	0.0656197	0.4049666	1.572795	0.4293468	0.1869772
1566	-414.3138	-422.1769	7.863113	0.865123	0.100117	0.0116891	0.0230709	0.4768945	1.849351	0.3275818	7.401902
1572	-409.7642	-421.3399	11.57571	0.61933	0.314243	0.037607	0.0288202	0.04219875	0.9867462	1.053045	0.279247
1578	-410.1677	-421.7782	11.61046	0.539879	0.283305	0.0299248	0.146892	0.06203061	0.6893084	1.379388	0.6517927
1584	-411.8276	-421.627	9.799439	0.391179	0.517735	0.0586075	0.0324777	0.04404439	1.270986	0.6445927	2.449553
1590	-406.442	-416.8227	10.38067	0.444272	0.430447	0.0368061	0.0884747	0.0267169	1.400762	0.6561852	0.08368336
1596	-409.9619	-420.5586	10.59669	0.463904	0.435853	0.0240378	0.0762058	0.03266896	0.8926725	0.8966624	1.189186
1602	-408.3336	-418.8707	10.53713	0.578004	0.265781	0.0885021	0.0677127	0.02665646	1.014856	0.8991751	0.8082276
1608	-406.3387	-417.2998	10.96103	0.684413	0.271471	0.0266194	0.0174968	0.02665646	0.7902974	0.9164999	0.1046363
1614	-410.3975	-421.2001	10.80254	0.176643	0.645815	0.133046	0.0444957	0.02665646	0.7524014	1.332807	0.3122646
1620	-408.9465	-418.4	9.45346	0.432967	0.473025	0.0473925	0.0466156	0.02146137	1.303998	0.9891141	0.05516229
1626	-408.9237	-419.5658	10.64211	0.308468	0.590073	0.0447444	0.0567141	0.02945661	1.539301	0.9246062	0.2538637
1632	-413.579	-423.4489	9.869939	0.270177	0.516825	0.0391901	0.173807	0.02087206	1.594253	0.8384536	0.54192
1638	-410.4753	-421.5115	11.03623	0.155881	0.334317	0.0538871	0.455915	0.02945544	1.282379	0.7063531	0.1886079
1644	-417.1689	-427.9222	10.75331	0.179443	0.426934	0.0734142	0.320208	0.02945544	1.238036	0.9540715	0.1287519
1650	-412.2294	-424.2565	12.02712	0.169595	0.428681	0.0527632	0.348961	0.06252074	1.285181	0.6143479	0.1767498
1656	-413.5305	-425.6969	12.16635	0.102515	0.688009	0.030073	0.179403	0.09363544	1.263607	0.692205	0.5670219
1662	-414.7267	-426.5116	11.78483	0.0678332	0.808995	0.0306828	0.0924886	0.1482064	1.380634	0.5415448	1.124155
1668	-417.3491	-429.6819	12.33283	0.327861	0.603049	0.0227024	0.046388	0.1895087	1.576009	0.6893419	0.4103147
1674	-414.1121	-425.5321	11.41996	0.235935	0.610201	0.0505582	0.103306	0.1376161	1.453707	0.4166565	1.392707
1680	-411.8802	-424.0227	12.14249	0.400495	0.416568	0.0313458	0.151592	0.1041248	1.373513	0.4833416	0.6095271
1686	-412.4865	-424.1807	11.69419	0.237777	0.653611	0.0186103	0.0900015	0.1834581	1.418278	0.5867906	1.238021
1692	-411.6292	-424.1083	12.47914	0.732262	0.0519633	0.00382139	0.211954	0.2246391	1.574668	0.4870102	0.195078
1698	-414.4936	-424.1193	9.625724	0.781148	0.196392	0.00175305	0.0207064	0.6334279	1.712956	0.4382432	3.345777
1704	-416.0204	-426.3913	10.37092	0.631458	0.323002	0.00295852	0.0425819	0.5582972	1.716156	0.4351472	2.273227
1710	-413.1648	-424.696	11.53117	0.608432	0.31999	0.00421153	0.0673661	0.3194844	1.328464	0.6170987	1.526706
1716	-410.2404	-422.7287	12.48823	0.84343	0.106869	0.00719083	0.0425101	0.3087716	1.469363	0.5846952	0.4214027
1722	-409.123	-420.7698	11.64681	0.868953	0.0113602	0.056317	0.0633702	0.3074266	1.522637	0.3261235	1.130887
1728	-411.3743	-422.0061	10.63175	0.847768	0.0631324	0.0754278	0.0136712	0.4888638	1.334604	0.8767694	2.28517
1734	-412.3095	-423.7421	11.43258	0.898374	0.0495682	0.0375707	0.0144873	0.4888638	1.097262	0.9090987	1.51966
1740	-413.8312	-424.4729	10.64169	0.885498	0.0218753	0.0450625	0.0475646	0.4888638	0.5237803	2.08833	1.335375
1746	-411.3645	-422.7431	11.37859	0.870399	0.0131147	0.0579077	0.0585783	0.4888638	0.201582	2.08833	0.905996
1752	-414.3799	-425.8704	11.4905	0.860124	0.0200733	0.0834443	0.0363586	0.4888638	0.06434294	1.300152	2.226607
1758	-416.0981	-428.1349	12.03683	0.865507	0.020168	0.083838	0.0304868	0.4888638	0.153394	1.300152	1.422295
1764	-418.6322	-428.8686	10.23645	0.92925	0.00217776	0.0509971	0.017575	0.6279838	0.2263007	1.300152	3.801463
1770	-414.3812	-424.9802	10.59899	0.876451	0.00492989	0.078834	0.0397854	0.6034798	0.5275399	1.708441	1.911512
1776	-415.7622	-426.7177	10.95555	0.888181	0.00499587	0.0798891	0.0269338	0.715378	0.7717758	1.632491	1.192474
1782	-416.8089	-428.8234	12.01442	0.843207	0.00391974	0.121118	0.0317552	0.5812644	0.2774927	1.456978	1.001559
1788	-420.0418	-432.2954	12.25354	0.844131	0.00282772	0.121251	0.03179	0.6039231	0.2088418	1.327156	0.9737713
1794	-415.169	-427.0389	11.86986	0.172951	0.686544	0.0802642	0.060241	0.07060186	0.987667	1.125036	0.5295427
1800	-419.5027	-429.1176	9.614821	0.682748	0.104879	0.175479	0.0368947	0.7519453	0.7138714	1.634057	3.015402
1806	-416.3521	-426.8862	10.53406	0.763662	0.150503	0.0823422	0.00349257	1.005367	0.894286	1.352206	1.610446
1812	-414.7671	-426.5059	11.73881	0.827019	0.121647	0.0482339	0.00310081	0.6286218	1.007603	1.352206	0.646007
1818	-413.9666	-426.6702	12.70366	0.649602	0.31563	0.00768223	0.0270853	0.2966798	0.6581951	1.352206	0.2645987
1824	-422.659	-433.4881	10.82914	0.309605	0.549642	0.0336513	0.107102	0.4188544	0.3920615	2.499669	0.6973963
1830	-416.7532	-430.0157	13.26258	0.761673	0.136878	0.0118335	0.0896152	0.8366585	0.01852019	0.9595133	0.2119693
1836	-415.1863	-427.4673	12.28106	0.782879	0.119907	0.00730455	0.0899092	0.4432605	0.04846021	1.187194	1.467244
1842	-412.6827	-424.5339	11.8512	0.865874	0.0710758	0.00799264	0.0550572	0.6955432	0.2198353	1.187194	1.467244
1848	-410.4865	-422.3317	11.84517	0.865124	0.03322	0.00798572	0.09367	0.430695	0.742893	0.9546958	1.467244
1854	-415.8153	-427.8784	12.0631	0.840208	0.0121514	0.017386	0.130255	0.430695	0.6277032	0.8060871	1.496393
1860	-410.9342	-422.1912	11.25693	0.905285	0.00720259	0.0103053	0.0772067	0.5189717	0.9430437	1.408971	1.22745
1866	-413.2128	-425.3542	12.14137	0.744723	0.00468457	0.0102415	0.240351	0.5189717	0.7140901	1.056341	0.9819214
1872	-406.0587	-418.3955	12.33678	0.81712	0.00336136	0.00705844	0.172461	0.3251167	1.129433	0.7462039	0.81444
1878	-410.9626	-423.2505	12.28796	0.912032	0.0135467	0.0274406	0.0469805	0.3650728	0.8567554	1.347195	0.5129641
1884	-409.5934	-420.6007	11.00729	0.869192	0.0429303	0.0211591	0.0667189	0.3650728	0.940446	1.96531	0.8357743
1890	-413.1871	-425.532	12.34493	0.623304	0.0811743	0.0222658	0.273255	0.55119	0.9958654	1.155842	0.3574342
1896	-415.3495	-426.0904	10.74087	0.695339	0.0920396	0.0127487	0.199872	0.2449208	1.159097	1.155842	2.206302
1902	-416.5295	-425.4163	8.886766	0.918848	0.0124199	0.00649985	0.0622326	0.3277646	1.713885	0.7008598	5.364502
1908	-415.5703	-424.4689	8.898628	0.881949	0.0152137	0.0159398	0.0868972	0.2966009	1.75207	0.6034771	5.390346
1914	-418.421	-428.3434	9.922468	0.8839	0.0390473	0.0119432	0.0651096	0.4035173	1.752729	1.201065	2.337412
1920	-415.7604	-425.1844	9.424014	0.882339	0.0710459	0.0318381	0.0147765	0.5404663	1.14951	0.7738914	4.880596
1926	-408.999	-420.5959	11.59692	0.922932	0.0667478	0.00626596	0.00405387	0.3377693	1.299217	0.700893	1.425938
1932	-413.2398	-425.1778	11.93803	0.797084	0.054166	0.0129744	0.135775	0.599946	1.627055	0.9339699	0.2449075
1938	-411.5607	-423.4861	11.92543	0.858917	0.0225102	0.0139809	0.104592	0.2625223	2.031492	0.3249135	0.1777115
1944	-412.0675	-423.6927	11.6252	0.921511	0.0179977	0.0508309	0.0096602	0.3968839	1.856585	0.2603101	0.6737564
1950	-413.1559	-425.2814	12.12541	0.877373	0.0229938	0.0142813	0.0853524	0.4504028	1.019794	1.003575	0.8177944
1956	-408.5836	-420.8587	12.27512	0.862724	0.0158398	0.0311638	0.090272	0.4343386	0.9472542	1.03931	0.7238908
1962	-411.1547	-422.1466	10.99194	0.792906	0.0208292	0.00381682	0.182448	0.3385813	1.81201	0.874469	1.38734
1968	-408.3286	-419.93	11.60131	0.897789	0.0133315	0.00184586	0.0870337	0.2999233	1.393239	0.6070876	1.38734
1974	-405.9824	-418.2818	12.29941	0.913724	0.0155173	0.000859651	0.0698995	0.2287828	1.777055	0.4657324	0.2511349
1980	-405.8746	-416.9598	11.08522	0.884674	0.00987267	0.000140596	0.105313	0.2287828	1.900535	0.2251248	0.0546169
1986	-405.6937	-418.1829	12.48925	0.896856	0.0108905	0.000184829	0.0920683	0.2115219	1.474568	0.4589314	0.4297388
1992	-405.6757	-418.0612	12.38552	0.897604	0.00578644	9.05616e-05	0.096519	0.1805174	1.474568	0.5743222	0.1262424
1998	-405.7965	-417.2919	11.49539	0.897558	0.00578615	0.000141798	0.096514	0.1805174	1.738329	0.3909501	0.05795159
2004	-405.3599	-416.8442	11.48431	0.884077	0.0047607	0.000278902	0.110884	0.1805174	1.753142	0.3979346	0.05795159
2010	-411.3652	-422.9066	11.5414	0.775724	0.017743	0.000448879	0.206085	0.2311596	1.860067	0.3933299	0.06579403
2016	-415.3813	-427.514	12.13269	0.741438	0.020374	0.000387387	0.237801	0.2314364	1.591029	0.4775053	0.09348376
2022	-417.1407	-427.4983	10.35758	0.657283	0.0870885	0.000364616	0.255264	0.4181301	1.591029	0.5743593	2.683077
2028	-413.5109	-424.9288	11.41785	0.683897	0.050124	0.000379379	0.2656	0.2627587	1.508116	0.4828271	1.499781
2034	-416.3182	-428.6762	12.35799	0.644194	0.0672176	0.00012367	0.288464	0.2421999	1.174046	0.7223444	0.7884162
2040	-411.8682	-423.5392	11.67107	0.892553	0.0855766	0.000171348	0.0216992	0.3589554	1.114794	0.9451874	1.321394
2046	-421.6426	-432.2038	10.56114	0.679262	0.301454	0.000486611	0.0187973	0.1240932	1.114794	0.8658264	2.70328
2052	-415.5178	-423.8021	8.28438	0.899392	0.00608509	0.00111951	0.0934038	0.20862	2.725054	0.1015715	3.062427
2058	-418.5737	-427.7031	9.129342	0.912401	0.0169633	0.00312084	0.0675146	0.1917297	2.725054	0.1444202	2.153515
2064	-412.7009	-422.8565	10.15561	0.898601	0.00651784	0.00413762	0.0907436	0.2926059	2.725054	0.1014909	0.7152156
2070	-411.0468	-422.3747	11.32784	0.926909	0.00183749	0.020906	0.0503477	0.463451	2.108185	0.2967262	0.7152156
2076	-410.2524	-420.691	10.43856	0.943696	0.00555648	0.0212846	0.0294624	0.2782127	2.084879	0.344188	1.915697
2082	-410.9511	-422.5163	11.5652	0.837876	0.00961894	0.0188979	0.133608	0.4123931	2.084879	0.4719679	0.6645378
2088	-412.1182	-422.5066	10.38842	0.780846	0.045371	0.0258683	0.147915	0.4123931	1.777555	0.5830973	2.359069
2094	-411.9039	-423.6357	11.73183	0.805111	0.159842	0.0162048	0.0188417	0.4441988	1.277934	1.28467	0.6528675
2100	-406.9317	-418.2366	11.30496	0.893705	0.0265091	0.0588712	0.020915	0.5151741	1.057738	1.636337	0.7631136
2106	-407.1838	-419.2927	12.1089	0.820196	0.0243287	0.0540289	0.101446	0.4464416	0.9485	1.010723	0.8991777
2112	-406.0006	-418.4036	12.403	0.820737	0.0243447	0.0245733	0.130345	0.3609456	1.228183	0.6425452	0.6905504
2118	-410.1203	-420.4074	10.28703	0.887675	0.0245713	0.024802	0.0629514	0.5469228	0.4247445	2.390883	1.2539
2124	-412.5299	-423.2905	10.76061	0.821675	0.0900039	0.00775943	0.080562	0.6597774	0.8800494	1.439554	1.651578
2130	-412.5134	-423.9325	11.41914	0.803646	0.0880291	0.0028308	0.105494	0.5284906	1.561851	0.9654386	0.9390122
2136	-411.6	-423.5563	11.95631	0.857289	0.0654902	0.00210601	0.075115	0.5122288	1.32033	0.718455	0.8603757
2142	-411.3677	-423.3589	11.99126	0.738116	0.182992	0.00189286	0.0769987	0.491241	0.9365615	1.301598	0.6680045
2148	-410.3578	-422.4513	12.09347	0.757341	0.0546746	0.0100296	0.177955	0.4651194	1.229158	1.259049	0.1904143
2154	-414.9526	-426.8429	11.89038	0.906511	0.0330965	0.00181197	0.0585802	0.4987549	1.769875	0.8266983	0.4271681
2160	-413.1094	-424.2977	11.18828	0.84878	0.0589581	0.00384602	0.0884153	0.4018045	2.40553	0.4999926	0.727766
2166	-416.3899	-428.7555	12.36558	0.818182	0.0637376	0.00540216	0.112678	0.3416768	1.086089	0.683809	0.8546751
2172	-409.8168	-421.4376	11.62079	0.820227	0.0345461	0.00597212	0.139255	0.3416768	0.7718518	1.37489	1.234995
2178	-413.0897	-424.072	10.98226	0.89445	0.0398304	0.0326463	0.033073	0.5917318	1.022328	1.187067	1.675828
2184	-419.8543	-432.1859	12.33158	0.977447	0.0079289	0.00991466	0.00470982	0.2318031	1.01048	1.026721	0.7229331
2190	-407.4896	-419.5797	12.0901	0.967947	0.00531903	0.0220698	0.00466405	0.4006929	1.230138	0.6106787	0.972033
2196	-406.6506	-419.0517	12.40108	0.918434	0.00896226	0.0209408	0.0516629	0.3814548	0.6251644	0.9115062	1.081443
2202	-408.217	-421.1136	12.89653	0.816327	0.0201815	0.0471553	0.116336	0.3972602	0.7136919	0.8076746	0.5873139
2208	-410.125	-422.5861	12.46108	0.893309	0.00355207	0.0160296	0.0871094	0.3972602	0.4978903	0.9315356	1.118587
2214	-406.8519	-418.6462	11.79431	0.910563	0.0225054	0.0121472	0.0547846	0.3460964	0.7949154	1.077387	1.401572
2220	-410.23	-423.0183	12.78837	0.731833	0.0745688	0.0280476	0.165551	0.5395255	0.2520306	1.446587	0.2511827
2226	-411.8882	-422.249	10.36085	0.856305	0.0872517	0.032818	0.0236251	0.5395255	0.28409	1.428458	3.333186
2232	-410.8231	-423.0158	12.19264	0.699711	0.253376	0.0229365	0.0239764	0.5395255	0.2501775	1.594275	0.7188085
2238	-410.2355	-422.7129	12.47737	0.82042	0.144089	0.0130435	0.0224477	0.3317407	0.4264487	1.146338	0.9975707
2244	-412.1553	-423.5519	11.39658	0.697554	0.174561	0.0313446	0.0965406	0.5990608	0.4675427	1.499522	1.374131
2250	-413.3559	-424.6452	11.28923	0.727278	0.159841	0.00613306	0.106748	0.5675812	0.8534008	1.967006	0.4634264
2256	-414.995	-427.3073	12.31225	0.691346	0.151989	0.0159703	0.140695	0.3338123	0.9804705	1.381225	0.3064226
2262	-411.0752	-422.4124	11.33722	0.817584	0.0326945	0.0436303	0.106091	0.5374532	0.1983798	1.732426	1.454451
2268	-408.8537	-420.497	11.64334	0.880729	0.0355241	0.042236	0.0415113	0.5008215	0.1713855	1.762773	1.142916
2274	-407.9719	-419.0051	11.03319	0.880761	0.0354885	0.0422376	0.0415128	0.4423954	0.4521522	2.167424	0.9238829
2280	-415.0292	-427.0663	12.03715	0.778056	0.039341	0.0692427	0.11336	0.4390447	1.234366	1.225799	0.4718914
2286	-413.8609	-426.2612	12.4003	0.811338	0.0315017	0.0139397	0.14322	0.3833052	0.9982716	0.8853017	0.7383155
2292	-415.8734	-427.0407	11.16732	0.774254	0.0275478	0.0387243	0.159474	0.6271403	0.5855194	2.109981	0.574226
2298	-410.2832	-420.7531	10.46987	0.885255	0.0145336	0.0160768	0.084135	0.4485629	0.3676216	2.24154	1.483326
2304	-408.6665	-421.0528	12.38631	0.902412	0.0244608	0.0117316	0.0613951	0.4485629	0.107438	1.5272	0.8425444
2310	-413.2401	-425.7608	12.52079	0.816031	0.0351827	0.0251629	0.123624	0.3988529	0.6801678	1.307769	0.4788539
2316	-409.7888	-421.6543	11.8655	0.833671	0.0162679	0.0237648	0.126296	0.4211603	1.550069	0.7231361	0.8077348
2322	-409.1551	-421.1642	12.00909	0.93034	0.030918	0.0127334	0.0260085	0.324195	1.367517	0.8416253	0.8332494
2328	-410.0599	-422.2007	12.14083	0.944483	0.0311862	0.0139297	0.0104013	0.2624256	1.456876	1.163621	0.2370797
2334	-413.8928	-425.8378	11.94498	0.863255	0.0631465	0.0592138	0.0143844	0.6378882	0.6688079	1.478057	0.6082211
2340	-412.8245	-425.765	12.94045	0.855005	0.0302745	0.0672431	0.0474772	0.3644956	0.4906946	0.842535	0.7552578
2346	-409.7143	-421.8891	12.17472	0.849902	0.0585344	0.0500839	0.0414802	0.3657149	0.869868	0.9269963	1.060618
2352	-406.2855	-418.1004	11.81484	0.871489	0.0113536	0.00856165	0.108596	0.3459984	1.160122	1.149442	0.9148207
2358	-407.4761	-419.2333	11.75722	0.882756	0.0118686	0.00177921	0.103596	0.3459984	1.06816	1.276755	0.9148207
2364	-413.1451	-425.4513	12.30626	0.839925	0.0971926	0.0106714	0.0522108	0.4239896	1.158486	0.988718	0.5512743
2370	-415.4796	-427.5114	12.03186	0.778989	0.0130799	0.00112001	0.206811	0.2580399	1.428926	1.228813	0.1659071
2376	-407.337	-419.6636	12.32657	0.842534	0.021492	0.00159659	0.134377	0.4053022	1.073945	1.03204	0.1078432
2382	-413.5103	-425.2019	11.69162	0.859265	0.0443065	0.0269831	0.0694457	0.380001	1.630526	0.7055579	0.9419992
2388	-410.9114	-423.3909	12.4795	0.819284	0.0891817	0.0543127	0.0372212	0.380001	1.157168	0.9414444	0.4618454
2394	-411.8611	-424.0587	12.19763	0.907596	0.065139	0.00194438	0.0253211	0.3507513	1.292035	0.9643766	0.1043249
2400	-414.9274	-426.4204	11.49303	0.834425	0.116719	0.00348404	0.0453717	0.2785014	1.717587	0.8686884	0.9927322
2406	-411.1312	-423.0281	11.89696	0.732112	0.102408	0.00305685	0.162423	0.3764851	1.508103	0.9708571	0.6627745
2412	-421.0542	-432.0896	11.03539	0.678527	0.166684	0.027153	0.127636	1.361269	1.632667	0.4170924	0.6869493
2418	-414.7929	-426.2347	11.44181	0.738915	0.181518	0.0347218	0.0448452	0.2723638	1.920504	0.315566	0.9366587
2424	-422.7827	-432.6151	9.832452	0.68858	0.216513	0.0414158	0.0534909	0.1540272	1.785721	0.6426323	3.198625
2430	-420.6897	-430.8461	10.15647	0.842275	0.0230003	0.0750177	0.059707	0.4614008	1.811959	0.3046537	2.447926
2436	-420.0489	-429.4672	9.418304	0.801275	0.0705582	0.0713661	0.0568006	0.7789061	1.389242	0.8296458	3.777165
2442	-413.7645	-424.3454	10.58092	0.900503	0.0792234	0.00419001	0.016084	0.5204841	0.2578561	1.874685	2.089926
2448	-415.3934	-427.3785	11.98512	0.82538	0.102087	0.0382558	0.0342778	0.5204841	0.5246482	1.710886	0.5181803
2454	-412.824	-424.3911	11.56714	0.882038	0.0404493	0.0408819	0.0366308	0.3865549	1.030362	1.307694	1.074506
2460	-409.4978	-420.907	11.40916	0.867022	0.049996	0.0447045	0.038277	0.4637573	0.3025203	1.507006	1.701783
2466	-410.8425	-421.6072	10.76467	0.852585	0.0932739	0.0201884	0.0339529	0.5412304	0.2062347	1.821332	1.988475
2472	-408.6548	-420.5494	11.89463	0.860479	0.0487181	0.018444	0.0723588	0.5412304	0.06388279	1.60315	1.184483
2478	-409.7257	-420.5654	10.83965	0.882143	0.0495162	0.0345827	0.033758	0.5226191	0.07984782	2.137819	1.489742
2484	-410.5244	-421.199	10.6746	0.947057	0.0147612	0.0101797	0.0280024	0.4890401	0.2361681	1.670346	2.449533
2490	-404.7175	-416.7887	12.07122	0.924034	0.0136695	0.00426009	0.0580367	0.4224021	0.4835801	1.226225	1.189654
2496	-406.9358	-417.7873	10.85144	0.835136	0.0250024	0.00779198	0.13207	0.5392773	0.02651394	1.934675	1.894898
2502	-406.5518	-417.8784	11.32666	0.894323	0.0143505	0.0155228	0.0758037	0.4933971	0.009544095	1.648714	1.894898
2508	-408.9323	-420.6414	11.7091	0.868473	0.0410394	0.0168747	0.0736127	0.4933971	0.02141734	1.627936	1.450165
2514	-408.8169	-420.4283	11.61148	0.903606	0.0470193	0.0276035	0.0217716	0.5324995	0.1591827	1.57011	1.450165
2520	-411.4234	-423.9857	12.5623	0.899631	0.0512643	0.0156241	0.033481	0.4518336	0.9304417	0.9424843	0.5425763
2526	-410.7546	-423.0907	12.33606	0.903152	0.0477628	0.014557	0.0345284	0.4518336	1.086813	1.01398	0.5425763
2532	-411.5527	-422.4067	10.85405	0.20306	0.229451	0.0140656	0.553424	0.03228618	1.603541	0.630213	0.1626775
2538	-408.1806	-419.0963	10.91565	0.0842388	0.421897	0.0390006	0.454863	0.03203075	1.421658	0.6316444	0.1251188
2544	-410.4358	-421.4549	11.01915	0.150984	0.733121	0.0358554	0.08004	0.02558711	0.99474	0.8561747	0.2358233
2550	-410.1075	-420.1661	10.05861	0.216612	0.289618	0.0535162	0.440253	0.02203454	1.76075	0.5386288	0.1442305
2556	-410.3617	-420.7656	10.40384	0.0510373	0.497958	0.0428971	0.408108	0.02729182	1.592055	0.8713011	0.1442305
2562	-414.078	-425.4823	11.40431	0.751536	0.0626585	0.00792717	0.177878	0.3737213	0.9685204	1.872326	0.5563097
2568	-412.8574	-423.2195	10.36208	0.925884	0.0298677	0.00197063	0.0422779	0.3737213	1.268537	1.872326	1.292435
2574	-412.1365	-423.031	10.89448	0.782179	0.0636438	0.00870439	0.145473	0.3913531	1.090499	2.074307	0.6254428
2580	-415.1031	-426.0912	10.98804	0.374189	0.247783	0.0676298	0.310398	0.02383754	0.6476794	0.7299002	0.09366134
2586	-411.0204	-422.723	11.70256	0.0494756	0.414793	0.0797795	0.455952	0.04445842	1.052472	0.7588433	0.1355049
2592	-414.4078	-424.3559	9.948037	0.894839	0.022247	0.0177339	0.0651805	0.4978249	0.8456077	1.712824	2.522311
2598	-413.0552	-424.6795	11.62428	0.903377	0.0224593	0.0179031	0.0562607	0.3728378	1.248462	1.010862	1.148572
2604	-416.0793	-425.8211	9.741781	0.864525	0.0291849	0.0171332	0.0891565	0.3728378	1.327275	0.6773229	4.271739
2610	-413.5449	-423.6513	10.10638	0.724483	0.186897	0.025418	0.0632026	0.02614252	0.8547639	1.192873	1.058278
2616	-410.5978	-421.812	11.21422	0.663672	0.239431	0.0550712	0.0418256	0.049621	0.7524335	1.589846	0.4664467
2622	-410.6	-422.4449	11.84489	0.8984	0.0167729	0.0343327	0.0504945	0.4397847	0.4748952	1.693264	0.7977164
2628	-411.1276	-422.239	11.11138	0.881887	0.0309893	0.0375572	0.0495664	0.3957593	1.760625	1.48075	0.5867972
2634	-411.9246	-423.5524	11.6278	0.893952	0.0216339	0.0262191	0.0581947	0.3727795	1.622455	1.313412	0.4416622
2640	-412.9724	-422.2196	9.247155	0.789094	0.112627	0.0209704	0.077309	0.02416976	1.403205	1.285011	1.130153
2646	-408.3741	-419.0045	10.63038	0.729093	0.215261	0.0350071	0.020639	0.03763024	1.242419	1.37367	0.4941536
2652	-409.2685	-420.0062	10.73768	0.542618	0.381929	0.0284954	0.0469578	0.03551822	0.8241269	1.548808	0.4941536
2658	-410.1406	-420.5888	10.4482	0.574184	0.228658	0.0272959	0.169863	0.04241066	0.9037948	1.802294	0.5866108
2664	-409.5136	-419.981	10.4674	0.704925	0.177603	0.0456951	0.0717762	0.04241066	0.6036397	1.803333	0.8519962
2670	-411.7352	-422.5256	10.79044	0.481099	0.315375	0.0818011	0.121725	0.04241066	0.400763	1.803333	0.7373738
2676	-411.5681	-421.488	9.919882	0.658369	0.218174	0.0583636	0.0650928	0.04851537	0.552523	2.263419	0.9225412
2682	-414.111	-425.1496	11.03859	0.457728	0.359364	0.0984132	0.0844953	0.046105	1.185537	1.166404	0.6527749
2688	-417.6465	-429.0082	11.36169	0.234573	0.663786	0.0392964	0.0623448	0.0697696	1.185537	0.9027371	1.034636
2694	-414.1742	-425.2369	11.06278	0.661801	0.249923	0.0322392	0.0560363	0.0581454	0.5230746	1.84369	0.6596406
2700	-413.8765	-424.4595	10.58301	0.746854	0.144701	0.0548426	0.053602	0.04844876	0.7971824	1.84369	0.6596406
2706	-414.6629	-425.2633	10.60039	0.595497	0.268127	0.101622	0.0347542	0.04125004	0.9257381	1.693115	0.5341114
2712	-409.7437	-419.7171	9.973423	0.135742	0.669471	0.115258	0.0795297	0.0250863	1.120719	1.531177	0.141569
2718	-412.4996	-422.7369	10.23729	0.102576	0.493793	0.058639	0.344992	0.03486972	1.172469	1.581239	0.1101793
2724	-407.8957	-420.315	12.41931	0.922162	0.0444893	0.0108144	0.0225348	0.3900489	0.8251612	1.132991	0.6438427
2730	-417.7445	-428.0067	10.26228	0.455404	0.357985	0.0424272	0.144184	0.06524823	1.351101	0.5673362	2.33822
2736	-412.8593	-424.3645	11.50523	0.408126	0.409553	0.0429078	0.139413	0.07361695	1.395569	0.6306692	0.9161533
2742	-413.148	-424.6315	11.48348	0.602326	0.24291	0.0530834	0.10168	0.06708662	0.5929487	1.377861	0.9413454
2748	-409.8756	-421.3778	11.50219	0.0707452	0.383751	0.0406901	0.504814	0.05160126	0.7155889	1.538196	0.2304466
2754	-416.1183	-426.0129	9.894589	0.255746	0.372899	0.0364114	0.334944	0.02537601	1.494695	0.641886	1.063348
2760	-414.0024	-425.6011	11.5987	0.514903	0.342994	0.0654189	0.0766834	0.06038888	0.5385056	1.689804	0.3587426
2766	-411.6006	-423.6829	12.08228	0.180762	0.683144	0.111042	0.0250521	0.08308619	0.4639582	1.567868	0.1492974
2772	-419.1269	-431.6918	12.56488	0.298818	0.591151	0.0960892	0.0139415	0.08308619	0.4425404	1.288318	0.2558721
2778	-422.5304	-434.5243	11.99393	0.197174	0.651209	0.13922	0.0123964	0.08476453	0.8191042	0.8895809	0.947817
2784	-422.5744	-433.1589	10.58445	0.481244	0.376595	0.0658905	0.0762697	0.04624178	0.9147983	0.7363039	1.87024
2790	-411.6462	-422.659	11.0128	0.636408	0.214192	0.0429311	0.106469	0.0339035	1.569281	0.3982592	0.3202031
2796	-410.3007	-420.381	10.08023	0.592613	0.265978	0.0406349	0.100774	0.02421696	1.948569	0.3397373	0.2752122
2802	-416.6032	-427.3412	10.73801	0.554386	0.247665	0.0788749	0.119074	0.04118113	1.948569	0.506283	0.5378198
2808	-421.0087	-429.393	8.384339	0.240933	0.488137	0.0143063	0.256624	0.03389419	1.948569	0.2987696	2.92619
2814	-413.9463	-424.7215	10.77514	0.232084	0.535286	0.0448306	0.1878	0.03265448	1.504787	0.8755341	0.4269636
2820	-421.2619	-429.699	8.437084	0.674614	0.219086	0.0148251	0.0914754	0.5007639	1.950589	0.2454868	5.192865
2826	-415.0006	-425.4184	10.41775	0.703594	0.190145	0.0138518	0.0924089	0.3996256	1.950589	0.249886	1.850577
2832	-415.1591	-424.7275	9.568342	0.866526	0.0312192	0.0120106	0.0902438	0.3412241	1.950589	0.135217	2.561824
2838	-415.4996	-427.3661	11.86649	0.801871	0.0438101	0.0168545	0.137464	0.3294743	1.918366	0.3191276	0.5126574
2844	-419.2747	-431.2304	11.95565	0.599428	0.0683401	0.00669814	0.325533	0.3326508	2.039246	0.3486101	0.2658827
2850	-419.7931	-432.1601	12.367	0.759052	0.129637	0.0226672	0.0886432	0.3326508	1.648717	0.3949879	0.2089928
2856	-414.8154	-426.478	11.66262	0.833206	0.0599478	0.00954373	0.0973029	0.3374224	1.670612	0.3258858	0.948135
2862	-407.7236	-419.6783	11.95471	0.843083	0.0488032	0.00965688	0.0984565	0.2858037	1.832162	0.2221575	0.1852734
2868	-411.3014	-420.1977	8.896292	0.844012	0.0521032	0.00966751	0.0942177	0.338118	2.209193	0.1573273	3.431905
2874	-413.5712	-424.3221	10.75089	0.826267	0.101873	0.0376504	0.0342097	0.5335349	2.367122	0.2105557	0.7889229
2880	-412.7413	-423.8096	11.06822	0.8436	0.112471	0.0384401	0.0054889	0.3685551	2.271432	0.2105557	0.7228489
2886	-410.4735	-422.1561	11.68262	0.845214	0.112686	0.0385137	0.00358652	0.3401616	1.890424	0.3330267	0.7228489
2892	-415.4598	-427.4349	11.97505	0.76758	0.109623	0.116239	0.00655752	0.4802043	0.6695756	1.238464	1.026178
2898	-413.5867	-425.275	11.68828	0.896425	0.0792512	0.0214032	0.00292037	0.4496051	1.786701	0.5532602	0.7949654
2904	-409.5158	-421.5789	12.06306	0.798219	0.154394	0.0416969	0.00568935	0.4025863	1.457415	0.5311768	0.7949654
2910	-408.8231	-421.1492	12.32612	0.971485	0.0234817	0.00347142	0.00156196	0.3409502	1.165639	0.7230186	0.7949654
2916	-405.1535	-417.2086	12.05514	0.942603	0.0525136	0.00336822	0.00151552	0.2569746	1.893771	0.2867487	0.2779439
2922	-410.1749	-422.3232	12.14836	0.940836	0.0524152	0.00523565	0.00151268	0.4451212	1.495689	0.8573062	0.1336996
2928	-410.2045	-422.6208	12.41625	0.921877	0.051359	0.0252822	0.0014822	0.4409715	1.339927	0.5735991	0.5307133
2934	-415.325	-425.1639	9.838891	0.814323	0.0832507	0.0840189	0.0184075	0.9795411	1.250516	0.762423	2.990504
2940	-418.1493	-428.3291	10.17981	0.40666	0.538452	0.0347503	0.020137	0.1010022	2.440287	0.1195197	0.8050963
2946	-423.3472	-431.0659	7.718693	0.37439	0.567507	0.0395634	0.018539	0.03968304	2.440287	0.07876571	2.16986
2952	-421.8902	-434.221	12.33081	0.135517	0.830745	0.033713	2.46076e-05	0.2015498	0.7789165	1.530994	0.3011777
2958	-421.3437	-433.0398	11.69605	0.564755	0.353676	0.081397	0.000172532	0.1074596	0.6614289	0.9833668	1.520016
2964	-415.2492	-427.8306	12.58145	0.0837077	0.872999	0.0425625	0.00073088	0.1639194	0.9718056	1.009455	0.4747291
2970	-411.3867	-422.3232	10.93656	0.774357	0.189101	0.0115259	0.0250157	0.03388079	0.9963738	1.135183	0.5704231
2976	-411.7281	-423.5883	11.8602	0.750555	0.0656172	0.0211273	0.162701	0.08918496	0.5086552	1.282166	1.01115
2982	-413.2879	-424.3468	11.0589	0.749376	0.102738	0.0399192	0.107967	0.07810075	0.5850146	1.517894	1.343992
2988	-416.9957	-426.821	9.825325	0.817529	0.0954962	0.0435497	0.0434249	0.06046744	0.8752142	1.992404	1.372677
2994	-419.7742	-432.4311	12.65686	0.177259	0.514461	0.17997	0.12831	0.06652996	0.2280539	1.218441	0.2978772
3000	-413.5488	-426.2943	12.74551	0.0901412	0.32641	0.0820068	0.501442	0.1116906	0.9752178	0.7434206	0.1864301
3006	-415.0557	-427.1769	12.12127	0.034633	0.844873	0.033598	0.0868965	0.1398806	1.469003	0.3584199	0.6413923
3012	-413.9997	-425.6166	11.61686	0.0364041	0.888079	0.0353162	0.0402005	0.05823689	1.622313	0.3548243	0.3081395
3018	-416.3721	-427.2348	10.86269	0.218732	0.520642	0.0568526	0.203773	0.03196679	1.675192	0.4980907	0.2308637
3024	-413.3746	-423.9195	10.54489	0.508487	0.217108	0.0212064	0.253199	0.04214415	1.000499	1.351511	0.9819087
3030	-411.4325	-422.1635	10.73102	0.464369	0.230745	0.0357834	0.269102	0.04037657	1.387896	0.7610038	0.9591117
3036	-410.6412	-421.2145	10.57325	0.576377	0.286401	0.0444145	0.0928074	0.03304475	1.878461	0.5539215	0.4606054
3042	-410.5843	-421.3034	10.7191	0.376028	0.502006	0.0339056	0.08806	0.04381416	1.611695	1.262044	0.3602463
3048	-419.5279	-430.8601	11.33213	0.141185	0.677867	0.127455	0.0534927	0.05927349	0.847898	1.175377	0.06594616
3054	-411.2573	-422.8945	11.63727	0.213382	0.605139	0.0924582	0.0890209	0.07700366	1.398121	1.175377	0.1781114
3060	-411.2981	-423.2922	11.9941	0.241984	0.569587	0.104852	0.0835777	0.06747113	1.082391	0.6682016	0.09657214
3066	-414.5686	-424.8128	10.2442	0.275408	0.586104	0.0770614	0.0614261	0.0476063	0.8547746	0.946705	2.228932
3072	-417.867	-430.064	12.19699	0.447036	0.490898	0.000549772	0.0615153	0.09315007	1.076574	1.10817	0.3364641
3078	-415.8275	-427.9501	12.12259	0.396027	0.429777	0.00215265	0.172043	0.08690611	1.431188	0.7774197	0.221688
3084	-416.4117	-426.9172	10.50547	0.509296	0.411612	0.0046199	0.0744721	0.1945512	1.011129	0.9483852	3.099734
3090	-414.4763	-427.0857	12.60943	0.310397	0.589889	0.0468888	0.0528253	0.3422096	1.206464	0.5663927	0.5520605
3096	-419.6787	-431.7766	12.0979	0.231376	0.38864	0.0357471	0.344237	0.1439134	0.9372684	1.017674	0.9201594
3102	-410.1962	-420.9138	10.71757	0.854881	0.0524633	0.0297475	0.062908	0.4975109	0.123194	2.781025	0.5549272
3108	-415.618	-424.8297	9.211768	0.85941	0.0527412	0.0048017	0.0830472	0.6654136	0.4271386	2.996483	1.21444
3114	-409.4311	-420.8267	11.39556	0.739102	0.045358	0.00412952	0.21141	0.5578564	0.5581384	2.129087	0.1530942
3120	-405.6801	-417.3963	11.71622	0.798237	0.0454219	0.00177776	0.154563	0.5091192	0.2247222	2.129087	0.1316659
3126	-407.5219	-419.5769	12.05499	0.773043	0.0584294	0.001951	0.166577	0.5951289	0.4574055	1.684753	0.1332125
3132	-410.5077	-420.3264	9.818736	0.871273	0.032979	0.00172812	0.0940202	0.5540743	0.5743433	1.91722	2.594473
3138	-414.1713	-425.0205	10.84927	0.796483	0.10925	0.00170139	0.0925657	0.6703927	0.6077471	1.292075	2.114837
3144	-413.9197	-423.4529	9.533216	0.917527	0.00881929	0.0384909	0.0351631	0.6164533	0.1833918	2.616516	1.919824
3150	-415.9164	-426.1921	10.27565	0.830459	0.103586	0.00839409	0.0575613	0.4875931	0.6651958	1.085361	3.640337
3156	-416.3588	-427.3161	10.95728	0.672279	0.20023	0.0162257	0.111265	0.5419482	1.587344	1.085361	1.246963
3162	-413.9015	-424.7426	10.84113	0.636673	0.109342	0.00414524	0.24984	0.5002556	0.7584763	1.418823	1.946273
3168	-417.3872	-426.0759	8.688716	0.78866	0.130399	0.00218941	0.0787513	0.2682751	0.5426879	2.208077	4.297774
3174	-411.2597	-422.2991	11.0394	0.690109	0.090379	0.00341581	0.216097	0.290489	0.5024376	1.730116	1.689238
3180	-413.4482	-424.9767	11.52857	0.800655	0.116488	0.0260929	0.0567634	0.7899921	0.3604128	1.465522	1.177374
3186	-412.1242	-420.9265	8.802349	0.85007	0.0456376	0.0320955	0.0721966	0.3994089	0.9857385	1.247792	5.975726
3192	-421.1418	-430.8646	9.722808	0.886548	0.0585468	0.0464115	0.00849416	0.3839898	0.8700968	1.303603	4.005829
3198	-419.3621	-429.876	10.5139	0.878546	0.0580183	0.0222957	0.0411404	0.7300962	1.503928	0.9319528	1.81103
3204	-411.4904	-421.7239	10.23349	0.789241	0.116002	0.0110713	0.0836852	0.3329715	2.734951	0.08325536	0.453689
3210	-416.1205	-425.2943	9.173788	0.708694	0.152764	0.00994137	0.128601	0.170641	2.734951	0.08325536	1.505322
3216	-417.0568	-425.9552	8.898401	0.652403	0.0945488	0.0226779	0.23037	0.3908548	2.734951	0.0943736	1.953776
3222	-413.0929	-422.1005	9.007609	0.887405	0.0622244	0.0057931	0.0445775	0.3483824	2.78074	0.08512025	1.690064
3228	-411.0915	-421.5089	10.41743	0.794964	0.11409	0.00921128	0.0817342	0.3311331	2.78074	0.09528296	0.2161811
3234	-414.9869	-423.3531	8.366175	0.84436	0.0498191	0.0318671	0.0739533	0.318023	2.82336	0.0647292	2.193159
3240	-411.2774	-422.3941	11.11673	0.913474	0.0417578	0.0203009	0.0244677	0.3277812	2.369437	0.2334	0.6645747
3246	-407.9062	-419.5536	11.64742	0.929412	0.0424864	0.00320698	0.0248946	0.3377138	2.107057	0.2646141	0.4586201
3252	-407.3447	-419.6186	12.27383	0.952704	0.0217457	0.010724	0.0148262	0.3151005	1.781362	0.5602064	0.234026
3258	-405.2906	-416.8549	11.56429	0.938749	0.0173704	0.010986	0.0328943	0.3151005	2.041164	0.2178149	0.5206622
3264	-403.6727	-415.6565	11.98379	0.941574	0.0174227	0.0110191	0.0299844	0.2893382	1.950189	0.30391	0.3438518
3270	-409.1843	-421.2635	12.07922	0.936764	0.00787392	0.0260424	0.0293196	0.4016676	1.491022	0.7867001	0.6366532
3276	-412.9959	-425.2528	12.25698	0.897524	0.0075441	0.0170774	0.077854	0.2999223	1.501021	0.4835143	0.6366532
3282	-414.6184	-426.5385	11.92018	0.850571	0.0594633	0.0161841	0.0737811	0.2999223	1.521572	0.4802193	0.9388337
3288	-413.1147	-424.9927	11.87798	0.705975	0.0715583	0.0120121	0.210454	0.3367476	0.9582846	0.8342248	1.389839
3294	-411.198	-423.2763	12.07829	0.790383	0.101659	0.00824332	0.0997151	0.4200443	1.071017	0.7000805	1.084962
3300	-412.1444	-424.2417	12.09725	0.773896	0.099538	0.0102227	0.116343	0.4362224	1.17108	0.9548633	0.7584248
3306	-409.754	-421.7452	11.99113	0.82493	0.0770714	0.00791538	0.0900831	0.3958508	1.105671	0.7187892	1.149323
3312	-411.8551	-424.6258	12.77076	0.72441	0.06768	0.00695087	0.200959	0.2666953	1.206887	0.7546069	0.2850733
3318	-409.1181	-421.2015	12.08342	0.787711	0.0711444	0.0124706	0.128674	0.3991273	1.196089	1.220006	0.5064581
3324	-407.0151	-419.5836	12.56843	0.759419	0.0180718	0.00867233	0.213836	0.3991273	0.5086238	1.152234	0.7745732
3330	-409.6199	-419.9873	10.36741	0.905068	0.00680864	0.0075595	0.0805638	0.3991273	1.337017	1.295406	2.141529
3336	-407.2591	-419.0029	11.74374	0.966979	0.00727439	0.00484434	0.0209019	0.2607999	1.418224	1.095711	0.8266832
3342	-406.3269	-418.3734	12.04655	0.92913	0.00698966	0.00473623	0.059144	0.2305578	1.31587	0.8908633	0.8266832
3348	-406.333	-418.5369	12.20386	0.919989	0.00635604	0.00563001	0.068025	0.216144	1.386066	0.6208893	0.7749698
3354	-404.801	-416.7808	11.97981	0.922131	0.00367594	0.0098507	0.0643423	0.2898436	1.692338	0.6208893	0.6981338
3360	-408.5297	-420.3771	11.84742	0.907712	0.00882832	0.0329606	0.0504991	0.431265	1.692338	1.108475	0.3109791
3366	-409.6368	-419.8551	10.21834	0.92382	0.00898499	0.0157995	0.0513953	0.2798043	1.60838	1.35362	1.977112
3372	-414.8444	-424.4601	9.615705	0.864308	0.082048	0.0252307	0.0284134	0.4859494	1.60838	1.042086	3.213621
3378	-410.9874	-423.2418	12.25432	0.895489	0.0489318	0.026141	0.0294384	0.3639149	1.60838	0.6678968	0.4513097
3384	-420.8145	-432.5142	11.69975	0.406299	0.440284	0.00504181	0.148375	0.4240506	1.17723	0.764482	1.327003
3390	-422.9117	-430.8056	7.893922	0.787117	0.121836	0.041366	0.0496815	0.3378404	2.284063	0.416395	6.571301
3396	-421.4009	-430.8598	9.458929	0.880694	0.03198	0.031738	0.055588	0.7161499	2.20329	0.2269383	2.307518
3402	-412.4657	-423.9926	11.52686	0.880694	0.03198	0.031738	0.055588	0.4745243	2.20329	0.2617458	0.1840486
3408	-407.7281	-420.4074	12.67939	0.893076	0.0267926	0.0335604	0.0465712	0.301539	1.019905	0.7852046	0.5790921
3414	-406.9286	-419.1584	12.22977	0.878892	0.0317428	0.0407655	0.0486002	0.5261842	1.349133	0.7824262	0.517817
3420	-412.0639	-423.3118	11.24794	0.798599	0.0919426	0.0499313	0.0595275	0.3548369	0.8415392	1.278943	1.710323
3426	-408.9647	-420.3677	11.40294	0.896903	0.0357959	0.0311371	0.0361639	0.5348392	1.221606	1.278943	0.9431131
3432	-417.8783	-429.6734	11.79519	0.0658981	0.339136	0.0325285	0.562438	0.0844987	1.551268	0.388417	0.6014233
3438	-416.4929	-427.8746	11.38166	0.516848	0.368891	0.0353825	0.0788792	0.1217018	1.959184	0.3547768	0.8121681
3444	-415.614	-426.6571	11.04307	0.544651	0.403138	0.0205017	0.031709	0.03522345	1.293023	1.038102	0.2434206
3450	-413.4737	-423.2498	9.776106	0.0918147	0.802347	0.0433951	0.0624436	0.108517	1.921126	0.2333718	2.484507
3456	-418.3751	-426.7175	8.342495	0.0608575	0.732417	0.0720713	0.134654	0.04312655	2.011512	0.3144784	3.495528
3462	-408.0449	-420.0583	12.01344	0.880516	0.0365936	0.0175128	0.0653774	0.5551512	0.718599	0.9799584	1.149124
3468	-412.0098	-423.3767	11.36693	0.81833	0.0843119	0.0257963	0.0715614	0.5551512	0.482739	1.167163	1.949187
3474	-413.8384	-424.9737	11.13529	0.881929	0.0489584	0.0214103	0.047702	0.544577	0.978742	1.58054	1.052124
3480	-408.0243	-419.7072	11.68292	0.91342	0.0150003	0.0221747	0.0494052	0.4273484	0.8950139	1.479578	0.8414229
3486	-407.5627	-419.7842	12.22151	0.885374	0.0145398	0.0556923	0.0443938	0.6072258	0.7530163	1.189173	0.6384597
3492	-408.4211	-420.865	12.44391	0.835462	0.0141339	0.0144425	0.135962	0.4452156	0.5725503	1.194301	0.7474755
3498	-405.3855	-417.4512	12.06571	0.827417	0.0126823	0.0279292	0.131971	0.4452156	0.7155251	1.436142	0.6869449
3504	-404.3647	-416.9986	12.63391	0.839101	0.0172746	0.0283236	0.115301	0.4312027	0.5188999	1.142346	0.6869449
3510	-406.9132	-419.4081	12.49482	0.88	0.0386362	0.0297041	0.0516598	0.4312027	0.6397792	1.250041	0.5854761
3516	-418.9077	-429.4036	10.49585	0.776898	0.0880343	0.0493102	0.0857576	0.3883624	0.8136829	1.200515	2.922471
3522	-412.2041	-420.9542	8.750015	0.280429	0.677685	0.0356324	0.00625304	0.02451632	1.268171	1.007439	2.316668
3528	-407.3004	-418.8736	11.57321	0.542403	0.412168	0.0381852	0.00724337	0.04973073	0.7387282	1.294531	0.5096221
3534	-410.029	-422.3972	12.36826	0.0654929	0.80976	0.0949272	0.0298195	0.07570516	0.7773532	1.095801	0.2182422
3540	-412.7187	-424.1413	11.42266	0.423674	0.491034	0.0494081	0.0358839	0.04396855	0.3423512	1.247333	0.06695166
3546	-410.4612	-422.649	12.18783	0.213469	0.665646	0.0725374	0.0483471	0.05868881	0.965407	0.6340532	0.1378344
3552	-414.9962	-426.2673	11.27109	0.909145	0.0264847	0.0218331	0.0425375	0.411848	1.156821	1.494255	0.9824202
3558	-415.1343	-427.1975	12.06321	0.780848	0.0739026	0.0140058	0.131243	0.411848	0.966804	1.482577	0.4092978
3564	-407.7707	-419.8283	12.05765	0.803322	0.0451112	0.0165458	0.135021	0.411848	1.094746	1.240702	0.5955523
3570	-409.2122	-421.1405	11.92833	0.854927	0.037912	0.0104178	0.0967432	0.4901051	1.130395	1.257847	0.5955523
3576	-411.1045	-423.0939	11.98937	0.866833	0.0540178	0.0254658	0.053683	0.440781	1.130395	1.380209	0.4291376
3582	-409.0686	-420.6572	11.58858	0.879612	0.0293439	0.0306368	0.0604071	0.4110183	1.080175	1.757754	0.3876154
3588	-409.2561	-420.8316	11.57544	0.90395	0.00248732	0.0314845	0.0620785	0.4505292	0.8799656	1.51428	0.8946393
3594	-408.1876	-419.9313	11.74369	0.90395	0.00248732	0.0314845	0.0620785	0.442981	1.05562	1.249906	0.8946393
3600	-408.6738	-420.5982	11.92441	0.875604	0.0139431	0.033613	0.07684	0.3695644	0.9373078	1.249906	0.8946393
3606	-409.3607	-421.9709	12.61014	0.875885	0.0433202	0.0336238	0.0471709	0.3316473	1.359093	0.7245585	0.2893133
3612	-411.5879	-421.3721	9.784231	0.140741	0.681678	0.161363	0.0162178	0.02584357	1.768096	0.9447111	0.08785118
3618	-407.9643	-417.689	9.724792	0.153594	0.743932	0.0949785	0.00749556	0.02304916	1.550215	0.9617878	0.08066606
3624	-410.5539	-421.5197	10.96579	0.254784	0.521049	0.104853	0.119314	0.03618949	1.582505	0.8396169	0.2109358
3630	-411.7683	-422.055	10.28679	0.0688767	0.302448	0.0289845	0.59969	0.0252838	1.535547	0.6752591	0.1016013
3636	-416.2224	-427.2763	11.05387	0.110793	0.458886	0.0113686	0.418953	0.02783295	1.156302	0.7485319	0.1956156
3642	-418.8789	-430.5998	11.72093	0.450993	0.227657	0.00239151	0.318958	0.05343595	1.445243	0.6224651	0.1979086
3648	-417.7624	-429.2554	11.493	0.53612	0.356069	0.0170346	0.0907768	0.06001914	1.339375	1.169443	0.2028365
3654	-411.1009	-422.6414	11.54043	0.585557	0.355645	0.0308684	0.0279297	0.06054063	0.7919833	1.494216	0.4485438
3660	-410.369	-422.2057	11.83669	0.543167	0.337533	0.0642497	0.0550512	0.06054063	1.345143	0.7691999	0.3750517
3666	-412.1736	-423.2668	11.09327	0.552727	0.289189	0.0550474	0.103036	0.04111502	0.2685898	1.684579	0.6980316
3672	-411.781	-424.0525	12.27152	0.365947	0.526868	0.0278698	0.0793156	0.09505302	0.9627571	1.149832	0.1819943
3678	-412.8255	-423.8297	11.00418	0.380584	0.297352	0.0492078	0.272857	0.05589725	0.6256324	1.987453	0.1819943
3684	-408.0319	-418.9303	10.89841	0.183747	0.25653	0.040244	0.519479	0.04768758	0.3685018	1.832928	0.0828591
3690	-414.0969	-426.2332	12.13627	0.7246	0.157302	0.0284378	0.0896597	0.3408972	0.9370345	1.388895	0.5476085
3696	-407.0298	-419.2505	12.22069	0.834217	0.0298198	0.0327398	0.103223	0.3741946	0.9724039	1.273981	0.5476085
3702	-410.6394	-422.8719	12.2325	0.836838	0.01254	0.022373	0.128249	0.526643	0.6395064	1.066968	0.9466917
3708	-410.9698	-423.0233	12.05349	0.775664	0.00790459	0.0207375	0.195694	0.526643	0.8071604	1.077608	0.9466917
3714	-412.4461	-424.4706	12.02449	0.799819	0.0973442	0.0676109	0.0352261	0.3989824	0.8071604	1.086119	1.087948
3720	-407.5182	-419.3971	11.87882	0.899392	0.00367639	0.0807657	0.0161661	0.5224675	0.2229363	1.602065	1.057539
3726	-406.0787	-417.6935	11.61479	0.921568	0.00376704	0.0580998	0.0165647	0.4387068	0.5908655	1.273557	1.496728
3732	-407.9304	-419.6811	11.75069	0.951026	0.0079798	0.0059051	0.0350894	0.5812209	1.110675	0.833198	1.122989
3738	-408.2672	-419.2026	10.93533	0.893012	0.0180601	0.0266599	0.0622684	0.4707012	1.27331	0.7155029	2.137346
3744	-406.0074	-417.33	11.32256	0.857135	0.0162638	0.0137006	0.112901	0.2890759	1.216342	1.092243	1.474652
3750	-406.8386	-418.0748	11.2362	0.855527	0.0162333	0.0155502	0.112689	0.4626758	0.8128579	1.396124	1.474652
3756	-411.524	-423.5603	12.03626	0.864489	0.005928	0.0157131	0.11387	0.5579908	0.2663087	1.440615	1.036719
3762	-417.3348	-428.5661	11.23138	0.738705	0.120045	0.0439493	0.0973015	0.5087509	0.9475687	1.72321	0.8281482
3768	-420.3359	-430.7921	10.45621	0.789176	0.0747695	0.0321051	0.103949	0.6855781	1.060828	2.074148	0.7907982
3774	-420.3742	-428.5411	8.166954	0.793552	0.141142	0.0568491	0.0084562	0.660111	0.6578589	1.626987	6.541122
3780	-416.1309	-427.7945	11.66357	0.674168	0.0493538	0.0384242	0.238054	0.5342396	0.02410857	2.093106	0.7520338
3786	-407.9952	-419.7423	11.74712	0.825726	0.088798	0.0187924	0.0666839	0.4589698	0.004110893	2.100311	0.7520338
3792	-408.2033	-420.3607	12.15741	0.828705	0.0855108	0.0188601	0.0669245	0.4181559	0.001062763	1.730903	0.9208655
3798	-405.0357	-416.6988	11.66315	0.872597	0.0351323	0.0151975	0.077073	0.4897246	0.002059782	1.77829	1.290171
3804	-411.0453	-421.5679	10.52255	0.778519	0.0330322	0.0287598	0.159689	0.5648135	0.01552139	2.424272	1.365981
3810	-416.3572	-427.8013	11.44414	0.821123	0.0553546	0.0130741	0.110448	0.9061765	0.9296792	1.137215	0.9706095
3816	-412.6165	-424.2803	11.66372	0.86297	0.0385189	0.0304415	0.0680696	0.4054932	1.028346	0.7894454	1.53523
3822	-413.5037	-425.6356	12.1319	0.905141	0.0221571	0.029772	0.0429297	0.3293849	1.241081	0.8695163	0.8116278
3828	-414.3888	-425.1719	10.78304	0.841867	0.0714693	0.0401968	0.0464671	0.3387939	1.279982	1.060613	2.081401
3834	-409.7402	-422.2386	12.49839	0.939766	0.0204901	0.0191225	0.0206216	0.2879024	1.28676	0.9109951	0.388392
3840	-410.0357	-422.2445	12.20876	0.924811	0.0364086	0.0181523	0.0206278	0.4136622	1.152826	0.9602602	0.6844425
3846	-408.8336	-420.5679	11.73435	0.899209	0.0354007	0.0448622	0.0205279	0.4016453	1.481813	0.6086561	1.076743
3852	-413.0523	-425.1501	12.09779	0.811328	0.0593865	0.0886991	0.0405866	0.573461	1.467149	0.7239247	0.5223302
3858	-413.8349	-426.249	12.41417	0.846054	0.0117944	0.016841	0.125311	0.3540033	1.467149	0.614616	0.4638896
3864	-413.885	-427.0972	13.21219	0.760087	0.104492	0.0144219	0.121	0.3618422	0.4002987	0.8211037	0.1051419
3870	-412.6801	-425.0741	12.39396	0.74123	0.159856	0.010534	0.0883802	0.3736174	1.123072	0.881517	0.6366762
3876	-416.5268	-428.6153	12.08851	0.827987	0.108555	0.00344134	0.0600172	0.5070362	0.5690239	0.9976291	1.261717
3882	-409.0542	-421.6292	12.575	0.88841	0.0218494	0.0110928	0.078648	0.319049	1.27902	0.7460807	0.4426709
3888	-410.0299	-422.2779	12.24801	0.857128	0.0802713	0.00773794	0.0548623	0.3503048	1.086369	1.199953	0.5125784
3894	-409.4957	-421.1331	11.63741	0.85321	0.0534247	0.0275487	0.0658165	0.3852681	1.069193	0.9480562	1.384104
3900	-418.0022	-428.9655	10.96336	0.761426	0.0983599	0.00898362	0.131231	0.4499965	0.5008368	1.23797	2.523438
3906	-414.8634	-427.3041	12.44071	0.78201	0.073985	0.00922648	0.134778	0.3768756	0.8594349	1.005728	0.729019
3912	-410.4989	-422.9876	12.48868	0.788273	0.0745776	0.00129149	0.135858	0.3768756	1.372786	0.8219584	0.3075726
3918	-406.9166	-419.4652	12.5486	0.833449	0.0126531	0.000190348	0.153707	0.5197036	1.074896	0.8425677	0.1469614
3924	-409.6471	-421.8782	12.23108	0.844629	0.0108974	0.000178692	0.144295	0.2655077	1.421362	1.100543	0.2031268
3930	-408.2253	-419.9336	11.70829	0.933321	0.0336096	0.000248169	0.0328211	0.2414237	1.53033	0.7862633	1.03318
3936	-405.8561	-417.9906	12.13446	0.860058	0.0309713	0.000228688	0.108742	0.4272011	1.154742	0.812221	0.8644066
3942	-409.0088	-421.3236	12.31479	0.867348	0.0612867	0.000261879	0.071103	0.3834699	1.617807	0.7356805	0.2516619
3948	-411.1938	-422.4109	11.21708	0.855541	0.0604525	0.00197012	0.0820362	0.3279862	1.547783	0.6383405	1.62308
3954	-413.8594	-424.9746	11.11519	0.891557	0.0452464	0.00179519	0.0614011	0.3884859	1.596272	0.661059	1.62308
3960	-420.6218	-429.1748	8.553055	0.32338	0.522756	0.00434604	0.149518	0.264428	1.038015	1.277997	6.615174
3966	-417.562	-427.4709	9.908904	0.633672	0.0406254	0.00857605	0.317127	0.2736123	0.7911292	2.205533	1.863154
3972	-406.3847	-417.5001	11.1154	0.951398	0.031479	0.00414495	0.0129781	0.1981414	2.306965	0.2143623	0.6849279
3978	-406.8452	-418.5346	11.68946	0.841144	0.022895	0.00301467	0.132947	0.2476878	2.306965	0.3307552	0.2114111
3984	-410.2176	-421.7442	11.52666	0.691507	0.0188221	0.000806293	0.288865	0.2168857	1.973447	0.2533751	0.7076805
3990	-411.3906	-422.9051	11.51451	0.777131	0.00741215	0.0022833	0.213173	0.2636169	1.446873	0.5857005	1.444456
3996	-414.4005	-425.6045	11.20396	0.792128	0.00755518	0.00232736	0.197989	0.3940567	1.427872	0.5154314	1.767122
4002	-410.4651	-422.2345	11.76946	0.867017	0.00826946	0.00254739	0.122166	0.2344909	1.842719	0.3562953	0.08605362
4008	-410.5543	-422.9785	12.42421	0.802901	0.0122565	0.00377558	0.181067	0.2586532	1.542128	0.5837093	0.1476007
4014	-412.107	-423.3983	11.29126	0.843932	0.0128828	0.0118294	0.131356	0.3886073	1.410137	0.9523313	1.382382
4020	-412.4707	-424.1027	11.63198	0.838247	0.0219564	0.0115494	0.128247	0.2012852	2.329721	0.3258118	0.3228604
4026	-411.1462	-422.6709	11.52473	0.809756	0.0291032	0.0157938	0.145348	0.3487494	2.034257	0.3715513	0.7614784
4032	-413.0677	-424.7231	11.65543	0.910601	0.0327276	0.0177607	0.0389102	0.5690461	2.12073	0.3411564	0.2511767
4038	-412.6761	-424.2339	11.5578	0.85207	0.115567	0.0180761	0.0142866	0.2948271	2.12073	0.2353986	0.4993976
4044	-419.0652	-430.777	11.71179	0.835399	0.113306	0.0177224	0.0335727	0.3310792	2.12073	0.337069	0.4826379
4050	-422.3685	-433.8489	11.4804	0.656311	0.310447	0.0195389	0.0137033	0.2510633	1.882393	0.337069	0.9610516
4056	-415.3342	-426.0971	10.76289	0.846407	0.103959	0.0251981	0.0244361	0.5260923	2.044973	0.2475534	1.194202
4062	-417.1291	-427.498	10.36885	0.810685	0.0256007	0.0526984	0.111016	0.4623948	2.044973	0.2822316	1.793309
4068	-416.7924	-426.4027	9.610318	0.93023	0.00476569	0.00478694	0.0602178	0.1981616	1.639398	0.2763455	3.791268
4074	-409.3303	-420.4028	11.0725	0.891498	0.0149076	0.000978541	0.0926154	0.2686984	1.636977	0.8271031	1.576355
4080	-408.4217	-419.5835	11.16187	0.834148	0.0212432	0.00139441	0.143214	0.2137978	1.725758	0.6685959	1.480643
4086	-404.792	-416.9405	12.14852	0.851727	0.0129209	0.00215019	0.133202	0.3815485	1.436976	0.7828741	0.6404319
4092	-408.3125	-420.0827	11.77021	0.818065	0.0756841	0.00307463	0.103176	0.4212818	1.241181	0.7816697	1.172
4098	-408.5716	-421.025	12.45338	0.77693	0.0718784	0.00138718	0.149805	0.4908686	1.077862	1.058641	0.3215593
4104	-406.2971	-417.364	11.06685	0.874506	0.0611649	0.000927823	0.0634016	0.3603289	0.8259234	1.118779	2.209366
4110	-407.4492	-418.9645	11.51525	0.767686	0.0536936	0.00081449	0.177806	0.2835205	1.471412	0.9941597	1.100628
4116	-404.9554	-416.7747	11.81931	0.95002	0.0183812	0.000552588	0.0310467	0.4915666	1.100901	0.8975529	1.100628
4122	-412.14	-422.4767	10.33669	0.788738	0.0259651	0.00168086	0.183617	0.4570348	1.048483	0.9539255	3.135418
4128	-413.7135	-425.1174	11.40392	0.785838	0.0258697	0.0053505	0.182942	0.5762317	0.9827166	1.651928	0.6606944
4134	-421.7956	-430.4807	8.685105	0.573586	0.249495	0.0736866	0.103232	0.03176776	0.7659785	1.422695	3.091831
4140	-415.2302	-427.2899	12.05971	0.688276	0.198239	0.0410009	0.0724844	0.4358683	0.8761834	0.8518116	1.180424
4146	-414.6117	-425.1013	10.48962	0.853743	0.0955481	0.0183203	0.0323881	0.4818312	0.9792161	1.504999	1.993264
4152	-411.8612	-423.8348	11.9736	0.414185	0.511179	0.0232618	0.051374	0.07837216	1.384456	0.8390943	0.3916555
4158	-411.3534	-422.6521	11.29864	0.308321	0.616405	0.0268602	0.0484146	0.04441871	1.018823	1.252367	0.4129274
4164	-415.984	-426.2465	10.26245	0.451666	0.350191	0.0919117	0.106232	0.0323326	1.442993	0.5337537	1.163563
4170	-415.8594	-427.1851	11.32566	0.330278	0.256075	0.038575	0.375073	0.05791452	1.509534	1.14807	0.263099
4176	-419.6747	-431.6208	11.94606	0.187518	0.224796	0.0413785	0.546308	0.09780416	1.041377	1.276162	0.1304504
4182	-413.5003	-423.8994	10.39905	0.930185	0.00347586	0.00426885	0.0620706	0.7048496	0.7356431	2.010252	1.252681
4188	-407.2773	-419.155	11.87767	0.932319	0.00348384	0.00198428	0.0622131	0.4484042	1.04004	1.186969	0.8469817
4194	-405.5904	-417.9718	12.38145	0.852712	0.0146435	0.0078366	0.124808	0.2964144	1.04004	0.8141934	0.8240564
4200	-404.7607	-416.9143	12.15357	0.938025	0.0047815	0.00402276	0.0531707	0.2964144	1.405241	0.7205655	0.7552322
4206	-405.9183	-417.9588	12.0405	0.936107	0.016292	0.00776467	0.039836	0.2225936	1.240906	0.9210854	0.8760933
4212	-407.3181	-419.1602	11.84213	0.938105	0.0163268	0.00564746	0.039921	0.2318475	2.173712	0.6442594	0.1896267
4218	-406.4716	-418.5229	12.05132	0.943846	0.0125208	0.00540758	0.0382253	0.2525965	1.735272	0.6490792	0.5852834
4224	-410.7205	-422.1589	11.43844	0.946301	0.0119734	0.00517117	0.0365541	0.4797475	1.336674	1.169087	0.9772214
4230	-413.3072	-424.2456	10.9384	0.924019	0.0116915	0.00504941	0.05924	0.4446584	1.388109	0.8822798	1.84879
4236	-403.2656	-415.3858	12.12023	0.924715	0.0157143	0.0240955	0.0354755	0.3074668	1.940832	0.533107	0.2808981
4242	-407.6868	-419.9283	12.24144	0.852461	0.0434832	0.0339709	0.0700849	0.3074668	1.420497	0.6026859	0.7071328
4248	-407.504	-420.0985	12.59445	0.892841	0.0402051	0.0257085	0.0412458	0.3304203	1.450412	0.5495926	0.2853175
4254	-412.5186	-423.4125	10.89398	0.784541	0.0808382	0.0516906	0.0829307	0.3304203	2.139388	0.3685691	1.302566
4260	-410.1243	-420.9702	10.84594	0.776097	0.0281615	0.00945999	0.186281	0.3304203	2.139388	0.283985	1.255355
4266	-411.6207	-422.102	10.48125	0.891377	0.0177404	0.0108651	0.0800177	0.3068129	2.139388	0.3629986	1.797486
4272	-418.0982	-426.7974	8.699149	0.229946	0.638059	0.0642457	0.0677488	0.1916063	2.445408	0.1053466	2.862948
4278	-418.091	-427.3903	9.299254	0.254195	0.627716	0.0955191	0.0225703	0.07640032	2.609318	0.1840357	1.662087
4284	-414.5037	-426.6777	12.17403	0.793711	0.0275341	0.0173788	0.161376	0.4057333	0.8163924	1.011191	1.000751
4290	-412.276	-423.4036	11.12763	0.813184	0.0786429	0.0178052	0.0903682	0.5426156	0.7315137	1.647634	1.223049
4296	-411.4146	-423.6834	12.26878	0.861373	0.0833033	0.0207731	0.0345502	0.4972141	0.5479422	1.162597	0.9264925
4302	-412.3134	-423.8961	11.58267	0.863954	0.0732642	0.0165534	0.0462287	0.4972141	1.027489	1.33502	0.9264925
4308	-414.2156	-426.3362	12.12056	0.795565	0.171953	0.00667567	0.0258063	0.4014076	0.7734548	1.33502	0.7392942
4314	-408.5174	-419.9406	11.42326	0.932921	0.0272478	0.0376629	0.00216793	0.5472929	2.096667	0.3137386	0.5770623
4320	-415.2039	-426.9253	11.72138	0.00944067	0.804593	0.0464882	0.139478	0.04592184	1.202054	0.6351799	0.402352
4326	-413.2862	-425.6559	12.36976	0.00465641	0.909758	0.056776	0.0288096	0.1376825	0.9631069	0.9746519	0.6588687
4332	-417.0897	-428.153	11.06326	0.0239801	0.867462	0.0720153	0.0365424	0.08327571	1.301899	0.8850713	1.408664
4338	-423.258	-433.9463	10.68824	0.160457	0.617443	0.147338	0.074763	0.05144195	1.568812	0.9721072	0.9435759
4344	-408.0258	-420.012	11.98621	0.860552	0.00528796	0.070058	0.0641021	0.5252716	0.5698693	1.262354	1.041251
4350	-413.4014	-425.3894	11.98799	0.864691	0.0114607	0.00704566	0.116803	0.631294	0.6762219	1.318709	0.7606299
4356	-411.5962	-422.9075	11.31129	0.891461	0.00919328	0.00565174	0.0936942	0.3718382	0.4509162	2.14404	0.7500024
4362	-409.547	-420.8735	11.32654	0.862191	0.0043669	0.012334	0.121108	0.3718382	1.150638	1.555434	0.8853573
4368	-409.3525	-420.6533	11.30081	0.929033	0.00957341	0.0132902	0.0481034	0.3590695	1.366809	1.419056	0.8853573
4374	-407.7995	-419.584	11.78453	0.903161	0.0224509	0.0249355	0.0494523	0.4711056	0.628789	1.419056	1.041392
4380	-409.0498	-420.9852	11.9354	0.881979	0.0273617	0.0303897	0.0602691	0.2992961	0.9604294	1.419056	0.7008848
4386	-409.6652	-421.315	11.64981	0.863249	0.0225298	0.0175026	0.0967184	0.5738195	1.147181	1.419056	0.5713159
4392	-410.1577	-421.5467	11.38903	0.844311	0.0748491	0.00906668	0.0717731	0.5738195	0.8502632	1.533672	0.9600758
4398	-421.7415	-433.5015	11.75998	0.430202	0.430192	0.0429795	0.0966266	0.613243	0.6952057	1.336131	0.9600758
4404	-419.0738	-430.5181	11.4443	0.609393	0.141851	0.00145318	0.247302	0.4674099	1.468273	1.484158	0.4788954
4410	-411.7941	-423.5973	11.80324	0.812117	0.0847454	0.00276791	0.10037	0.331945	0.96795	1.268431	0.987121
4416	-412.9371	-424.5634	11.62625	0.778126	0.0767458	0.00351797	0.14161	0.3246133	1.616284	0.6637368	1.082759
4422	-410.5441	-421.5767	11.03252	0.941924	0.00632244	0.00405397	0.0476998	0.2754105	1.383119	1.391214	1.22128
4428	-406.6233	-417.8366	11.21329	0.937899	0.026237	0.00403665	0.0318277	0.3107625	1.576088	1.168013	1.100355
4434	-406.2692	-418.8746	12.60538	0.888698	0.00715807	0.0045026	0.0996412	0.3669856	1.26333	0.5696592	0.4816575
4440	-406.0388	-417.9648	11.92601	0.936604	0.020021	0.0125937	0.0307815	0.2965907	0.9378632	1.057315	1.156059
4446	-403.224	-414.8921	11.66809	0.93546	0.0237471	0.0100488	0.030744	0.3389478	1.459925	1.057315	0.8683956
4452	-400.8824	-413.1182	12.23575	0.952716	0.016702	0.00662281	0.0239591	0.3518189	1.384514	0.9333038	0.5076584
4458	-405.3369	-417.0515	11.71466	0.920683	0.015324	0.00859017	0.0554029	0.510593	1.469348	1.022786	0.7067923
4464	-407.6772	-418.9198	11.24259	0.813938	0.0145487	0.0114399	0.160073	0.5345943	1.64378	1.077909	0.9131737
4470	-411.0851	-422.9235	11.83839	0.767933	0.0181461	0.0142686	0.199653	0.5160746	0.6035522	1.201669	1.245031
4476	-411.115	-423.106	11.99103	0.857524	0.00552726	0.0115636	0.125385	0.3902997	1.0012	0.7482689	1.245031
4482	-411.7351	-423.1243	11.3892	0.879394	0.00703699	0.00505265	0.108516	0.3902997	1.689112	0.4802553	1.252018
4488	-406.6592	-418.7683	12.10907	0.898835	0.0284366	0.00320348	0.0695245	0.2805139	1.689112	0.5771875	0.5953161
4494	-403.6071	-415.5667	11.95963	0.87931	0.0249439	0.00371799	0.0920284	0.283268	1.689112	0.7243345	0.6724446
4500	-409.7502	-420.6781	10.92784	0.871936	0.0244709	0.00166009	0.101933	0.2396063	1.243896	0.8779125	2.218174
4506	-406.2417	-418.4107	12.16905	0.867154	0.0243367	0.00165098	0.106858	0.2747134	1.597181	0.6517259	0.6008688
4512	-403.8561	-415.8573	12.00122	0.877631	0.0198088	0.00156046	0.100999	0.2747134	1.759905	0.5435275	0.6387744
4518	-404.6186	-416.3393	11.72068	0.842135	0.00638654	0.00149735	0.149982	0.2568235	1.782148	0.9452965	0.6490217
4524	-407.427	-419.0713	11.64431	0.852211	0.00897723	0.0224605	0.116351	0.4441489	0.7912938	1.512595	0.9219817
4530	-418.5275	-429.4251	10.89761	0.867722	0.00914063	0.0164207	0.106716	0.3828606	1.083113	2.079553	0.6284221
4536	-407.0605	-418.5909	11.53036	0.915649	0.0262404	0.0208466	0.0372645	0.3052771	1.82887	1.26569	0.4328701
4542	-406.8204	-419.0235	12.20308	0.914858	0.0262177	0.00304166	0.0558824	0.2960439	1.522848	0.744885	0.5825276
4548	-408.9513	-420.8656	11.9143	0.72468	0.0312879	0.00223623	0.241796	0.2630583	1.813655	0.3945452	0.09719452
4554	-407.9315	-419.3974	11.46588	0.731634	0.124406	0.00192315	0.142037	0.4056956	1.238999	0.7110213	1.581504
4560	-412.0374	-422.8618	10.82441	0.622569	0.217871	0.00290461	0.156655	0.3273297	1.335188	0.4931178	2.480236
4566	-416.3762	-428.3699	11.99377	0.58848	0.237549	0.00316695	0.170804	0.4656071	1.653914	0.327901	0.5477781
4572	-412.0591	-423.6152	11.55617	0.675078	0.291586	0.00388736	0.0294486	0.4847477	2.114994	0.2306276	0.3182242
4578	-414.5998	-425.3048	10.70509	0.716978	0.209245	0.012333	0.0614442	0.2359784	1.776738	0.4119265	2.032053
4584	-419.5269	-427.1371	7.610213	0.85741	0.0218511	0.0120783	0.10866	0.2360871	1.522032	0.3794053	10.00101
4590	-408.1037	-419.5952	11.49155	0.748138	0.0195299	0.00289978	0.229432	0.2286047	1.403937	0.9978705	1.193869
4596	-408.9874	-421.3774	12.38995	0.749254	0.0227295	0.00290411	0.225112	0.197758	1.377832	0.7303043	0.5402311
4602	-407.467	-418.9924	11.52535	0.790245	0.0174473	0.00564851	0.186659	0.2256488	1.377832	0.8164683	1.360384
4608	-405.5282	-417.4212	11.89297	0.900564	0.00827108	0.00267773	0.0884874	0.2431504	1.450161	0.6760181	0.9981311
4614	-410.034	-420.6776	10.64364	0.902944	0.00564989	0.00268481	0.0887213	0.2795622	1.131138	0.8901117	2.79378
4620	-407.4544	-418.8199	11.36546	0.903962	0.00348657	0.00373024	0.0888213	0.3912081	1.442899	1.13049	1.06854
4626	-410.283	-422.6068	12.32381	0.900696	0.00122379	0.00958006	0.0885004	0.3638712	1.31024	0.8563398	0.5523217
4632	-406.3373	-417.9199	11.58266	0.922258	0.002269	0.00980941	0.0656632	0.257044	1.959345	1.008993	0.5523217
4638	-411.2611	-422.3482	11.08716	0.813092	0.00200042	0.00864829	0.176259	0.3567648	1.362107	0.959064	1.698976
4644	-412.7509	-424.7263	11.97544	0.791931	0.00194836	0.0084232	0.197698	0.3129984	1.323398	0.8501781	0.9075716
4650	-408.1701	-419.3766	11.20656	0.755272	0.00391256	0.0063718	0.234444	0.3388657	1.337128	1.29916	1.177199
4656	-404.1185	-415.6267	11.50823	0.835974	0.0103425	0.00705263	0.146631	0.358303	1.560485	0.8496034	1.110708
4662	-409.7201	-422.1585	12.43837	0.796503	0.0128048	0.0091519	0.181541	0.4248936	0.9451508	1.12799	0.4855374
4668	-418.2398	-430.0148	11.77504	0.796503	0.0128048	0.0091519	0.181541	0.2384918	1.420574	1.367486	0.4855374
4674	-407.5061	-419.3782	11.87212	0.895776	0.00655815	0.00468728	0.0929786	0.2446756	1.959063	0.8212334	0.4303351
4680	-406.8394	-418.5755	11.73609	0.850114	0.00233886	0.00444834	0.143099	0.2291702	2.235846	0.5372486	0.4303351
4686	-410.16	-420.932	10.77198	0.8393	0.0125511	0.00687052	0.141279	0.2753948	2.235846	0.470269	1.402214
4692	-406.986	-418.2012	11.21516	0.872908	0.0130537	0.0054284	0.10861	0.2238963	2.067885	0.5311738	1.103783
4698	-406.9074	-418.2304	11.32301	0.945741	0.00584575	0.00230454	0.0461086	0.224368	1.7981	0.3640476	1.228178
4704	-410.7559	-422.6935	11.93755	0.937912	0.0049144	0.00307879	0.0540949	0.4343667	1.478397	0.4013974	0.8485766
4710	-409.6956	-421.8282	12.13254	0.926408	0.0304649	0.00290567	0.0402217	0.2050897	1.806366	0.4013974	0.4317415
4716	-410.0416	-422.4436	12.40208	0.798716	0.0262658	0.00250516	0.172513	0.2533704	1.312452	0.3900523	0.09557814
4722	-419.9236	-432.0171	12.09346	0.769812	0.061551	0.00236692	0.16627	0.5373525	1.640045	0.7887902	0.2009555
4728	-413.5153	-426.4104	12.89504	0.853167	0.0587271	0.00397169	0.0841342	0.3347167	0.9747029	0.6195202	0.4870329
4734	-411.4467	-423.9029	12.45619	0.860557	0.0612347	0.00414128	0.0740669	0.3347167	1.397438	0.8456325	0.340466
4740	-412.2395	-424.0266	11.78707	0.850478	0.0537325	0.00363391	0.0921556	0.5402511	1.675497	0.4153146	0.7115263
4746	-406.5527	-417.0604	10.50768	0.850205	0.0537153	0.0039532	0.0921261	0.2923549	1.767992	0.2973531	2.172332
4752	-408.2271	-420.1383	11.9112	0.685181	0.127816	0.0108137	0.176189	0.2685742	1.898256	0.2173525	0.2283621
4758	-405.3355	-416.9447	11.60923	0.919034	0.0156384	0.0199905	0.0453375	0.2685742	2.237754	0.2312682	0.2478197
4764	-405.9034	-418.1007	12.19739	0.907224	0.0277117	0.0360725	0.0289921	0.3705287	1.771477	0.399348	0.343983
4770	-408.2228	-420.2197	11.99692	0.81791	0.0323974	0.0421719	0.107521	0.4433347	1.813624	0.5445129	0.4802673
4776	-405.0132	-417.6503	12.63705	0.825975	0.0228565	0.0425878	0.108581	0.3460427	1.142607	0.8813758	0.390136
4782	-420.2589	-431.7363	11.47743	0.416499	0.411024	0.0141731	0.158304	0.3653508	0.6955949	1.978258	0.6035613
4788	-411.4542	-424.2406	12.78638	0.746944	0.053933	0.0342915	0.164831	0.4611644	0.9973597	0.8325992	0.2971813
4794	-406.8243	-419.0734	12.24913	0.879646	0.020072	0.00680215	0.0934797	0.4088843	0.5515344	1.374671	0.7743259
4800	-415.0077	-425.3626	10.35494	0.739545	0.0460142	0.0111382	0.203303	0.6694697	0.8376267	1.205717	2.653939
4806	-414.5524	-426.8502	12.29782	0.732568	0.0760777	0.0121608	0.179193	0.496746	1.307787	0.9224535	0.3980676
4812	-417.0812	-429.4129	12.33174	0.6944	0.225218	0.0473764	0.0330053	0.3428125	1.378107	0.9270292	0.4264188
4818	-421.4895	-430.614	9.124443	0.764831	0.129823	0.0712531	0.0340928	0.4134122	1.386719	0.7655641	5.326687
4824	-419.4433	-431.6129	12.16953	0.719816	0.092805	0.0505306	0.136849	0.4660002	0.06641625	2.02336	0.1676122
4830	-424.5473	-436.8565	12.30922	0.55651	0.252235	0.0832464	0.108009	0.5455983	0.09337855	1.624279	0.7118398
4836	-409.5253	-421.2973	11.77201	0.853781	0.0405164	0.0388933	0.0668093	0.5455983	0.8157655	0.9183678	1.378562
4842	-412.5891	-424.2486	11.65949	0.272655	0.652456	0.0399495	0.0349401	0.04127097	0.880143	0.8264767	0.5373245
4848	-416.2527	-425.5855	9.332792	0.414011	0.341917	0.034554	0.209518	0.05837145	0.9915058	0.9319042	3.942568
4854	-416.247	-425.3135	9.066499	0.869457	0.0109318	0.062782	0.0568293	0.7560487	0.6478065	1.460839	4.643318
4860	-417.7984	-428.6296	10.83115	0.8008	0.0166811	0.095801	0.0867175	0.9756044	0.8657133	1.490782	1.14339
4866	-421.3504	-432.1876	10.83716	0.860044	0.0170431	0.071338	0.0515753	0.6204809	0.8670654	1.753349	1.14339
4872	-417.3651	-428.6099	11.24481	0.540313	0.293354	0.0522343	0.114098	0.3789167	1.676565	0.4368101	1.426769
4878	-416.1582	-427.4193	11.26105	0.64352	0.222356	0.0476736	0.0864506	0.4034413	2.114071	0.1929526	0.6136316
4884	-419.7774	-430.1224	10.34499	0.70656	0.123433	0.0375411	0.132465	0.6105967	1.84553	0.3010782	1.921004
4890	-416.09	-425.6173	9.527307	0.75293	0.169265	0.00833611	0.0694684	0.6955317	0.4616538	2.044108	2.696251
4896	-409.7381	-420.5426	10.80453	0.84821	0.0826147	0.00741157	0.0617639	0.6100059	0.3463003	1.853581	1.611994
4902	-411.5612	-423.893	12.33178	0.837884	0.109614	0.00787019	0.0446316	0.5087925	0.3778739	1.457478	0.6699399
4908	-413.0301	-423.1905	10.16048	0.827464	0.0796648	0.00158632	0.0912845	0.4521764	0.5379661	1.653789	2.871099
4914	-408.3369	-419.3904	11.05351	0.852035	0.0820303	0.00483741	0.0610973	0.5863432	1.235817	0.781246	1.817876
4920	-412.2143	-423.8618	11.64742	0.908857	0.0411509	0.00165637	0.0483359	0.5022411	0.7284778	1.404926	1.06687
4926	-412.5178	-420.5858	8.067975	0.751395	0.157526	0.00220377	0.0888746	0.2841028	1.666002	0.4966094	8.021704
4932	-423.6797	-435.5938	11.91403	0.213216	0.643076	0.00423192	0.139476	0.3824718	0.7930457	1.552049	0.662822
4938	-411.7089	-423.4116	11.70262	0.181868	0.429322	0.0832154	0.305595	0.05522249	1.422571	0.5396778	0.1410646
4944	-413.0847	-424.3136	11.22896	0.715726	0.221647	0.0429617	0.0196654	0.04745974	1.725657	0.3911447	0.1518815
4950	-408.7948	-419.4983	10.70344	0.255309	0.569007	0.107912	0.0677719	0.0462232	2.0045	0.3911447	0.1002271
4956	-414.128	-425.069	10.94094	0.106567	0.726332	0.129919	0.0371818	0.05284586	2.13124	0.3951513	0.4281787
4962	-413.813	-426.2465	12.4335	0.678685	0.293581	0.00505134	0.0226821	0.6770934	0.8198345	1.068667	0.4207075
4968	-414.172	-426.1521	11.98007	0.277409	0.706655	0.00269786	0.0132384	0.2166572	0.7440149	1.429221	0.8545601
4974	-414.6985	-425.4444	10.74589	0.643137	0.315488	0.0127153	0.0286594	1.369515	0.6506535	1.296599	1.33026
4980	-419.6207	-431.5143	11.89358	0.67393	0.148928	0.0154526	0.161689	0.2216802	0.300343	2.16903	0.301391
4986	-411.0225	-422.8813	11.85881	0.574601	0.126978	0.013175	0.285247	0.0484503	0.8204939	1.038305	0.1599439
4992	-411.1259	-423.1851	12.05922	0.557579	0.189574	0.0211311	0.231715	0.0536812	0.7726506	1.004984	0.1599439
4998	-411.5007	-423.8819	12.38113	0.452977	0.213011	0.0237435	0.310268	0.09525653	1.142449	0.7207717	0.1347245
5004	-422.2027	-430.2448	8.042149	0.846097	0.0231239	0.000796244	0.129983	0.3498366	1.932887	1.255089	5.574756
5010	-410.3453	-421.2034	10.85818	0.349658	0.564224	0.0337379	0.0523797	0.07060306	0.8438102	1.952552	0.5797544
5016	-408.7265	-419.2604	10.53392	0.116806	0.766242	0.0458176	0.071134	0.03765324	1.210864	1.545606	0.1630357
5022	-412.7228	-424.2632	11.54041	0.150276	0.516922	0.0845865	0.248216	0.05900858	0.6669007	1.497849	0.1164635
5028	-410.2834	-421.7525	11.46908	0.104289	0.515595	0.0402786	0.339838	0.06439673	0.1875414	2.043711	0.1603039
5034	-415.0127	-426.3885	11.37574	0.0204309	0.563518	0.0796742	0.336377	0.05825089	0.4124084	1.868112	0.4261375
5040	-418.1498	-430.7257	12.5759	0.722492	0.220584	0.0163105	0.0406126	0.3920913	1.190824	0.7721483	0.4624546
5046	-411.0205	-422.4713	11.45082	0.804865	0.0239887	0.0113796	0.159767	0.3920913	0.6952709	1.248298	1.6516
5052	-414.0167	-425.5006	11.48392	0.800429	0.0202516	0.0537514	0.125568	0.6723542	0.6261728	1.532989	0.9862076
5058	-419.9497	-431.1816	11.2318	0.784016	0.0286813	0.0846694	0.102633	0.6723542	1.109601	1.399551	0.9313208
5064	-413.2293	-424.3158	11.08651	0.626653	0.319088	0.0153181	0.0389409	0.5227497	1.792419	0.2921796	1.203547
5070	-412.6952	-424.8469	12.15175	0.647877	0.329895	0.0131321	0.00909569	0.4236035	1.317329	0.667969	0.7841836
5076	-414.7298	-423.3535	8.62362	0.847979	0.14724	0.000526524	0.00425414	1.259084	1.484959	0.6143033	4.49454
5082	-418.7699	-427.9764	9.206587	0.759983	0.234377	0.00144108	0.00419966	1.259084	1.429625	0.9259086	3.075184
5088	-419.2176	-428.8458	9.628141	0.948682	0.0429165	0.0031587	0.00524241	1.686898	1.217686	0.4804058	2.519576
5094	-416.3643	-424.2461	7.881879	0.917115	0.0203051	0.0413486	0.0212315	0.5878237	2.012528	0.5030646	6.767359
5100	-415.0477	-424.9518	9.904157	0.831671	0.0866826	0.0128667	0.0687802	0.8145691	1.092747	1.081738	2.94575
5106	-408.6939	-419.9974	11.30346	0.730443	0.034534	0.0113603	0.223662	0.365119	1.379801	0.7036065	1.651579
5112	-412.7937	-423.5072	10.71348	0.746561	0.0613766	0.019298	0.172764	0.4457627	1.040492	1.285792	2.033752
5118	-410.183	-422.058	11.87504	0.753386	0.0619377	0.0103325	0.174344	0.4693692	0.7169333	1.734483	0.4516655
5124	-412.1764	-423.3347	11.15837	0.755767	0.0621335	0.00720491	0.174895	0.3602149	0.5966074	1.906101	1.118372
5130	-413.3734	-423.818	10.44467	0.714223	0.0704188	0.00472047	0.210638	0.4506777	0.8157815	2.186902	1.112031
5136	-410.4526	-422.7525	12.29983	0.739418	0.0344394	0.00807473	0.218068	0.4506777	0.2112801	1.484143	0.8794161
5142	-410.9828	-423.2765	12.29372	0.881098	0.0777309	0.0336191	0.00755187	0.4100869	1.181862	0.551866	0.8287341
5148	-412.2857	-424.016	11.73032	0.852924	0.116461	0.0236866	0.00692826	0.4100869	1.090956	0.6217222	1.492683
5154	-414.1965	-425.7313	11.53482	0.713232	0.200304	0.0561245	0.0303401	0.827553	0.7187269	1.020484	1.310849
5160	-410.6968	-422.4291	11.7323	0.920142	0.0319935	0.0179581	0.0299063	0.4757776	0.5306949	1.547994	1.016085
5166	-410.2816	-422.2045	11.92292	0.927827	0.0318543	0.0123778	0.0279405	0.5186404	0.4494588	1.262531	1.239293
5172	-411.8572	-423.337	11.47975	0.868655	0.0129109	0.0367181	0.0817165	0.7017204	0.4271188	1.278216	1.524503
5178	-412.5374	-425.3233	12.78588	0.750352	0.111984	0.0538965	0.0837684	0.4390819	0.4638804	1.196947	0.5278241
5184	-413.4143	-424.0889	10.67468	0.773019	0.0669396	0.0288478	0.131193	0.3180348	1.684553	0.3179759	2.076835
5190	-415.3446	-426.5688	11.22412	0.869167	0.0265763	0.0567954	0.0474612	0.3633203	1.97028	0.3846669	1.11914
5196	-410.3024	-420.8075	10.50514	0.889441	0.0271962	0.0347947	0.0485682	0.4199738	1.491267	0.6760159	2.544723
5202	-412.8841	-424.9181	12.03402	0.804869	0.00671159	0.147817	0.0406025	0.4950738	0.9820044	0.8209961	1.064471
5208	-416.3306	-428.5932	12.26253	0.769813	0.00116856	0.03483	0.194188	0.5890041	0.6395156	0.8209961	1.082656
5214	-416.829	-428.4687	11.63962	0.666984	0.0037895	0.160977	0.168249	0.8608296	0.2678749	1.339788	1.251219
5220	-415.6097	-426.9162	11.30652	0.709222	0.059532	0.0297201	0.201526	0.7799863	0.4807679	1.268072	1.582503
5226	-414.8585	-427.1245	12.26596	0.811795	0.0527183	0.0630794	0.0724077	0.7134912	0.2538282	1.329702	0.8022156
5232	-421.9984	-430.5282	8.529786	0.792665	0.0370091	0.049063	0.121262	0.7942369	0.500559	2.076094	4.144816
5238	-417.9283	-430.021	12.09263	0.705799	0.165823	0.0436863	0.0846912	0.3840218	1.168282	0.8723599	0.8801131
5244	-418.738	-431.0237	12.28563	0.763698	0.141389	0.0135098	0.0814031	0.5046531	0.6082875	1.073171	0.940443
5250	-409.4127	-422.275	12.86233	0.869493	0.0919601	0.0087868	0.0297605	0.4454663	0.7066752	1.073171	0.3023399
5256	-404.7049	-417.1222	12.4173	0.923435	0.00946672	0.00933193	0.0577664	0.4454663	0.6050024	1.100032	0.8430954
5262	-408.266	-420.2684	12.00242	0.943755	0.00967503	0.0221121	0.0244584	0.3535654	0.2723798	1.333862	1.412761
5268	-413.6891	-425.915	12.22587	0.80805	0.0512626	0.110769	0.0299188	0.5009431	0.05979351	1.765972	0.6764013
5274	-408.0927	-420.4004	12.30768	0.88691	0.0272175	0.0278534	0.0580191	0.528746	0.2586188	1.54471	0.6764013
5280	-406.2598	-417.6398	11.37998	0.919995	0.0328509	0.0288924	0.018262	0.528746	0.2771794	1.873966	1.109945
5286	-407.7771	-419.1172	11.34009	0.859612	0.0306948	0.0269961	0.0826968	0.528746	0.1343969	1.997131	1.109945
5292	-409.0074	-421.6338	12.62641	0.912772	0.0130705	0.00962079	0.0645363	0.3833909	0.1164136	1.158443	1.109945
5298	-406.5649	-419.3021	12.73717	0.906972	0.0113738	0.00955965	0.0720946	0.4611655	0.2079129	1.158443	0.8405502
5304	-408.4562	-420.637	12.18085	0.801844	0.0203834	0.0208127	0.15696	0.509114	0.9069877	1.142613	0.6773328
5310	-406.2364	-418.3485	12.11208	0.865055	0.0219902	0.00585353	0.107101	0.362845	0.6986517	1.142613	1.074749
5316	-409.4533	-421.8162	12.36287	0.865055	0.0219902	0.00585353	0.107101	0.2427206	0.8144923	0.8135535	1.074749
5322	-416.5111	-428.6391	12.12803	0.88712	0.00346484	0.00567013	0.103745	0.4712396	0.7065248	0.9992092	1.110408
5328	-414.4165	-426.2263	11.80981	0.776284	0.0256596	0.0118021	0.186255	0.5318571	0.9601583	1.371244	0.6961923
5334	-412.4521	-425.1734	12.72129	0.75383	0.0191536	0.0461485	0.180868	0.3800969	0.9336748	0.7248261	0.6126979
5340	-413.4895	-425.1467	11.65727	0.852614	0.0110771	0.0317087	0.104601	0.4949899	0.9466868	0.9840358	1.348197
5346	-413.1039	-425.6809	12.57701	0.826175	0.0107336	0.0467484	0.116343	0.4949899	0.6922988	0.7286555	0.8780268
5352	-410.0489	-422.4595	12.41062	0.941371	0.0032257	0.0240652	0.031338	0.2504765	1.508975	0.4824242	0.49088
5358	-408.2397	-419.866	11.62622	0.913182	0.00311886	0.018522	0.0651775	0.2504765	1.650454	0.9952191	0.8176199
5364	-406.1428	-416.8809	10.73811	0.896136	0.00394353	0.0181763	0.0817441	0.4178139	1.295758	1.778609	0.9767724
5370	-406.0219	-417.6897	11.66778	0.874035	0.023157	0.0216563	0.0811514	0.4833462	0.8257977	1.54642	0.7860132
5376	-408.1615	-418.9258	10.76429	0.872012	0.0231034	0.0197485	0.0851359	0.4168869	0.3290432	2.435347	0.919702
5382	-407.7247	-419.9634	12.23864	0.867038	0.00174891	0.0465627	0.0846503	0.4543484	0.09426234	1.729966	0.7230856
5388	-408.4206	-419.0867	10.66615	0.890294	0.00148507	0.0663882	0.0418329	0.5058823	0.04267056	1.849999	2.343995
5394	-415.0488	-424.1263	9.077486	0.859154	0.00118594	0.0640661	0.0755937	0.5381046	0.1587593	2.236578	3.781924
5400	-403.8103	-416.1369	12.32662	0.875235	0.00120814	0.0465481	0.0770086	0.5517602	0.01755203	1.503851	0.9187398
5406	-405.943	-418.7161	12.77305	0.854625	0.00215032	0.0454519	0.0977732	0.4910113	0.01015744	1.119939	1.013368
5412	-407.0055	-419.6471	12.64162	0.851216	0.0110807	0.00359199	0.134111	0.4910113	0.002279704	0.9936945	1.298082
5418	-406.4295	-418.8812	12.45167	0.87557	0.0315822	0.0121484	0.0806994	0.4933394	0.01575048	1.241071	1.192487
5424	-410.5946	-423.0769	12.48227	0.792678	0.0797341	0.010169	0.117419	0.4933394	0.2253007	1.025699	1.192487
5430	-417.247	-429.5496	12.3026	0.279058	0.434821	0.00286635	0.283254	0.1212195	1.585867	0.5184264	0.2533482
5436	-426.0353	-436.29	10.25466	0.0779064	0.702703	0.00219786	0.217193	0.2329742	2.045491	0.2626262	2.071871
5442	-405.1669	-417.4347	12.26777	0.906605	0.0080006	0.00223042	0.0831641	0.3540456	1.452003	0.660267	0.6036011
5448	-406.1311	-418.5761	12.44497	0.877466	0.0398845	0.00215873	0.0804911	0.3338551	0.9731244	1.2034	0.1462391
5454	-405.6068	-417.4165	11.80975	0.902658	0.0123191	0.00222071	0.082802	0.3733206	1.6075	1.150348	0.1347989
5460	-406.409	-418.802	12.39306	0.791983	0.0423695	0.00648726	0.15916	0.3733206	0.8796548	1.226503	0.5261366
5466	-403.7187	-416.0477	12.32898	0.863291	0.0292925	0.00707135	0.100345	0.2989637	1.188384	1.048706	0.5261366
5472	-405.4594	-417.3665	11.90709	0.859591	0.0291669	0.0113268	0.0999154	0.3420021	1.170272	0.7751794	1.172871
5478	-414.3073	-426.2666	11.95928	0.843385	0.0774287	0.030069	0.0491171	0.3420021	1.686982	0.7092202	0.6559596
5484	-407.5003	-420.0015	12.50126	0.796427	0.073925	0.0118859	0.117762	0.328908	1.454414	0.7521285	0.2250069
5490	-407.4011	-419.4267	12.02554	0.795173	0.0753836	0.0118672	0.117577	0.2947186	0.9740514	0.9055966	1.170284
5496	-410.0425	-422.0409	11.99837	0.812059	0.0406729	0.027195	0.120073	0.3405471	1.061179	0.821135	1.156552
5502	-409.7204	-421.1799	11.45951	0.867639	0.00402061	0.004001	0.12434	0.3274338	0.9166307	1.482231	1.114844
5508	-409.7235	-421.297	11.5735	0.810843	0.00518928	0.0234859	0.160481	0.3360872	1.329853	1.309223	0.8072189
5514	-406.9057	-419.0316	12.12593	0.946519	0.000552739	0.00684521	0.0460832	0.2824876	1.546177	0.8658913	0.5508163
5520	-411.2002	-422.4045	11.20438	0.94212	0.00055017	0.011461	0.045869	0.3476848	2.087946	0.5305464	1.060521
5526	-404.518	-416.7653	12.24732	0.94212	0.00055017	0.011461	0.045869	0.2433376	1.774185	0.5392969	0.3744502
5532	-404.8163	-417.0966	12.28028	0.942514	0.000436989	0.0111607	0.0458882	0.3184146	1.717186	0.5396265	0.3799113
5538	-415.0792	-426.152	11.07279	0.863346	0.00331336	0.048795	0.0845456	0.3064411	1.70638	0.798087	1.506047
5544	-411.2003	-423.2085	12.00824	0.804717	0.00136022	0.00487995	0.189043	0.2679717	1.578702	0.5611138	0.8018071
5550	-412.7531	-424.2166	11.46352	0.917877	0.00199104	0.00474598	0.0753862	0.4579619	1.838933	0.6979576	0.8985828
5556	-406.8278	-417.6625	10.83471	0.916243	0.00294659	0.00679465	0.0740157	0.3933354	1.674349	0.3624716	1.86504
5562	-408.4231	-418.9978	10.57471	0.954307	0.00381762	0.00707693	0.0347984	0.4087659	1.695438	0.4753719	2.230368
5568	-403.7001	-415.4515	11.75148	0.956272	0.00382548	0.00503236	0.03487	0.2307614	1.563884	0.4753719	1.073543
5574	-411.5137	-423.4551	11.94141	0.949986	0.0022229	0.00723666	0.0405542	0.3271832	1.425685	0.8623364	0.8243186
5580	-409.767	-422.4629	12.69594	0.915282	0.0021417	0.0308434	0.0517327	0.4008082	0.4481414	0.9975503	0.8673
5586	-409.3455	-421.8484	12.50289	0.928744	0.00698474	0.023326	0.0409457	0.4008082	1.195404	0.6070342	0.6108147
5592	-409.8895	-421.8639	11.97441	0.940482	0.00417864	0.0138765	0.0414632	0.3045273	1.195404	1.139862	0.7604992
5598	-409.1146	-420.842	11.72737	0.860045	0.0432805	0.0182884	0.0783862	0.5062668	0.9622199	1.426168	0.7298912
5604	-413.9642	-423.9605	9.996237	0.933401	0.0217926	0.00701351	0.0377927	0.5448085	1.356121	0.9665683	3.022605
5610	-415.5303	-427.5804	12.05011	0.692792	0.158808	0.00395977	0.144441	0.6020256	1.08255	1.320443	0.2787708
5616	-407.8087	-420.1337	12.32504	0.770258	0.0647474	0.00440254	0.160592	0.3965691	1.183902	1.167365	0.3001745
5622	-408.7267	-421.3607	12.63397	0.830856	0.0604743	0.00552177	0.103148	0.5740094	0.6694123	1.035995	0.5176567
5628	-404.3686	-416.934	12.56532	0.845962	0.044116	0.00274875	0.107173	0.316732	0.9514131	0.9032129	0.6543436
5634	-416.53	-427.2853	10.75534	0.771636	0.103987	0.00311021	0.121267	0.3661503	1.130745	1.123871	2.204848
5640	-411.5833	-423.6202	12.0369	0.890372	0.0518966	0.000478202	0.0572535	0.3656562	1.066721	0.9114823	1.015304
5646	-412.6966	-421.5469	8.85031	0.937467	0.0319394	0.000887976	0.0297055	0.3467089	2.046016	0.5542516	4.784211
5652	-413.3662	-425.1601	11.79393	0.580175	0.0837228	0.00481159	0.33129	0.2029503	1.922554	0.3060579	0.1103245
5658	-407.1617	-419.2919	12.13021	0.741719	0.0544957	0.00615133	0.197633	0.2686993	1.831596	0.4690176	0.1425611
5664	-408.8718	-420.2774	11.40563	0.0116816	0.734125	0.109313	0.144881	0.03999987	0.1408994	1.384802	0.07255108
5670	-406.1182	-417.2383	11.12005	0.0128671	0.582028	0.0866653	0.318439	0.04235269	0.3358689	1.293569	0.05487001
5676	-407.8685	-418.0178	10.14936	0.0139507	0.700399	0.0939639	0.191686	0.04251766	0.3654713	2.168589	0.0731501
5682	-410.4933	-421.4294	10.93612	0.12137	0.652048	0.0874772	0.139106	0.07005503	0.09664008	2.521405	0.1863308
5688	-411.183	-420.854	9.67099	0.661418	0.188868	0.0336307	0.116083	0.07630244	0.08637994	2.845591	1.171091
5694	-404.9825	-416.9195	11.93702	0.865084	0.0480117	7.09667e-05	0.0868329	0.3708122	0.9606868	1.325785	0.7700191
5700	-407.515	-419.3291	11.81413	0.80226	0.0483892	0.000121962	0.149229	0.5085925	0.488244	1.985479	0.2162521
5706	-402.19	-414.4952	12.30517	0.862951	0.0520499	0.000131188	0.0848675	0.4180541	0.6387893	1.143035	0.8968217
5712	-409.2998	-421.8562	12.5564	0.867093	0.0577988	8.6059e-05	0.075022	0.4180541	0.8446823	1.159323	0.436356
5718	-406.2959	-418.7596	12.4637	0.865224	0.0177285	0.000134114	0.116914	0.4902697	0.9341095	1.028513	0.5162219
5724	-412.5822	-423.3667	10.78449	0.763605	0.0499021	0.00040789	0.186085	0.4190027	0.5874275	2.152678	1.081264
5730	-418.0317	-427.4493	9.417638	0.827045	0.0336522	0.000138703	0.139164	0.4190027	0.7868021	3.321834	0.1856601
5736	-415.734	-427.3571	11.62305	0.767468	0.0312281	0.000128712	0.201175	0.3333064	0.6481349	2.109332	0.2291425
5742	-410.8974	-421.7504	10.85307	0.858595	0.0248709	0.00031704	0.116217	0.5991174	0.1854893	2.344714	0.9370845
5748	-411.1215	-423.5025	12.38102	0.816441	0.0717401	0.00130785	0.110511	0.4004225	0.127817	1.475153	0.9370845
5754	-409.765	-419.7645	9.999428	0.780297	0.0403917	0.0155887	0.163723	0.60644	0.5703573	2.392188	1.338927
5760	-409.4804	-421.4384	11.95803	0.754082	0.0465113	0.0108792	0.188528	0.4129573	0.2686207	2.096542	0.2192156
5766	-407.661	-419.7148	12.05382	0.905806	0.0558696	0.00676313	0.0315613	0.4422501	0.2694436	1.953222	0.1488363
5772	-409.0601	-421.6647	12.60459	0.811051	0.11137	0.0134816	0.0640969	0.4422501	0.3218295	1.442851	0.116529
5778	-407.103	-419.5842	12.48115	0.842051	0.102644	0.00125849	0.0540471	0.4422501	0.5654798	1.349184	0.116529
5784	-405.2617	-416.9448	11.68316	0.923889	0.0154606	0.00135068	0.0592998	0.4422501	1.050561	0.9998514	0.05082803
5790	-406.3512	-419.1898	12.83855	0.933798	0.0156264	0.00327943	0.0472958	0.341153	0.7769463	1.054244	0.1618002
5796	-404.8016	-417.2986	12.49702	0.836857	0.0346697	0.00293898	0.125534	0.3120656	1.11135	0.6630013	0.7317763
5802	-406.3796	-417.2128	10.8332	0.880726	0.00821024	0.00172658	0.109337	0.3725014	2.159694	0.2171258	1.075768
5808	-409.9169	-422.1125	12.19564	0.802295	0.0136091	0.00286193	0.181234	0.278443	1.811084	0.5010535	0.1611995
5814	-416.6901	-428.1017	11.41157	0.751632	0.018043	0.00268121	0.227644	0.2035366	1.387259	1.532958	0.09804848
5820	-413.4196	-425.8571	12.43743	0.508491	0.0181015	0.00154701	0.471861	0.2035366	0.5553461	1.46415	0.1155322
5826	-413.9857	-426.4529	12.46717	0.73529	0.0166246	0.00312272	0.244963	0.2035366	0.7338043	1.407032	0.1547277
5832	-412.1479	-423.9149	11.76696	0.841825	0.0198711	0.00175354	0.136551	0.4773391	0.9290544	1.714144	0.1794872
5838	-412.4736	-424.4606	11.98699	0.939101	0.0246658	0.00385512	0.0323779	0.2263916	1.773924	0.9686466	0.1794872
5844	-413.9459	-424.4259	10.48	0.886863	0.0101955	0.0033497	0.0995915	0.4307582	1.129665	1.031825	2.68083
5850	-419.3635	-430.1801	10.81669	0.874495	0.0257922	0.00847393	0.0912391	0.6054188	1.167613	1.255715	1.585354
5856	-413.3988	-426.5356	13.13683	0.715061	0.127779	0.006929	0.150231	0.354495	0.8091926	0.7360443	0.2921266
5862	-416.3771	-427.2666	10.88946	0.675552	0.281537	0.00660132	0.0363098	0.2505538	1.072262	1.354518	1.806289
5868	-411.1839	-422.3615	11.17759	0.596203	0.326283	0.00582594	0.0716883	0.06155081	1.438318	1.233361	0.5135318
5874	-409.6134	-419.9105	10.29713	0.754569	0.149909	0.0186859	0.0768358	0.0423321	0.7244032	0.9788803	2.090178
5880	-411.06	-421.3955	10.33547	0.214683	0.562251	0.0684048	0.154661	0.02731459	1.249868	0.7039318	0.9555676
5886	-412.6575	-424.9621	12.30459	0.460484	0.354154	0.016506	0.168856	0.2754354	1.508299	0.3743051	0.5562341
5892	-412.6927	-425.1569	12.46416	0.788288	0.0999392	0.0701836	0.0415897	0.4956458	0.1414557	1.465747	0.7704227
5898	-414.0888	-425.3163	11.22754	0.834903	0.0433159	0.0777319	0.0440491	0.7755175	0.7186957	1.236816	1.446642
5904	-416.3436	-425.9949	9.651361	0.80348	0.165025	0.00108154	0.0304132	0.3723201	2.381397	0.1403575	1.850258
5910	-417.7095	-426.8894	9.17986	0.74948	0.127175	0.000833486	0.122511	0.2084158	2.381397	0.1296194	2.482509
5916	-412.0412	-422.2262	10.18501	0.828949	0.0476751	0.000249777	0.123127	0.332532	2.323183	0.2144581	1.636273
5922	-410.3426	-421.5859	11.24324	0.813306	0.0484841	0.00387857	0.134331	0.368867	2.323183	0.2456669	0.5875015
5928	-409.6598	-419.9727	10.31293	0.878211	0.00643075	0.00370531	0.111653	0.2536247	2.323183	0.2100825	1.50425
5934	-407.2359	-418.9863	11.75039	0.869934	0.00283597	0.00939734	0.117833	0.2536247	2.32853	0.4608756	0.2504167
5940	-410.8622	-422.7476	11.88538	0.873875	0.016953	0.00943991	0.0997321	0.4563429	1.78393	0.2400597	0.3910032
5946	-409.5226	-420.9646	11.44197	0.8503	0.0427765	0.00988236	0.0970416	0.318332	2.342797	0.2400597	0.3823019
5952	-407.9863	-419.0688	11.08253	0.871372	0.0289613	0.0138685	0.0857983	0.318332	2.472582	0.1498272	0.2719358
5958	-408.1837	-419.8961	11.71238	0.948179	0.0194226	0.0133827	0.0190154	0.318332	1.937775	0.3188409	0.6479284
5964	-412.5432	-423.3975	10.85438	0.878376	0.026035	0.0141727	0.0814168	0.318332	2.095865	0.1830158	1.051056
5970	-414.3121	-425.9591	11.64709	0.839969	0.0608993	0.0212748	0.0778568	0.3006336	1.872235	0.1452365	0.1938026
5976	-407.839	-417.2374	9.398441	0.944144	0.0179469	0.00681812	0.0310906	0.322906	2.761304	0.07688215	1.188663
5982	-414.2821	-422.4629	8.180777	0.95193	0.0118133	0.00490934	0.031347	0.1850481	2.761304	0.0962557	3.067115
5988	-409.1718	-418.3885	9.216671	0.766225	0.0162813	0.00676615	0.210727	0.2511889	2.98105	0.07979104	1.205552
5994	-407.4083	-417.1285	9.720243	0.958932	0.00736398	0.00350531	0.0301988	0.2511889	2.994976	0.06058849	0.136521
6000	-412.697	-422.0108	9.313816	0.933526	0.02844	0.00863483	0.0293987	0.2162455	3.387591	0.0602083	0.136521
6006	-409.3574	-418.2648	8.907419	0.872383	0.0372837	0.0158731	0.0744606	0.2916575	3.381938	0.03314244	0.282275
6012	-416.7649	-428.3043	11.53941	0.6047	0.202633	0.148269	0.0443973	0.9907808	0.2140576	1.380392	1.219278
6018	-410.5102	-422.9208	12.41064	0.753582	0.0598536	0.0915289	0.0950352	0.4458898	0.7002593	0.9080105	0.9435277
6024	-410.1633	-422.8243	12.66108	0.802091	0.0637065	0.0330496	0.101153	0.3812252	0.5985406	0.8905378	0.8682783
6030	-411.824	-422.5214	10.6974	0.853801	0.0743865	0.0194087	0.0524035	0.4435536	0.3331415	1.817511	2.0447
6036	-420.6737	-431.5393	10.8656	0.88316	0.0362452	0.0263898	0.0542054	0.7219496	0.2290859	1.817511	1.600278
6042	-420.0906	-430.4479	10.35731	0.889825	0.0289718	0.026589	0.0546145	0.5468533	0.2128181	1.434183	3.44075
6048	-416.7984	-426.953	10.15458	0.780863	0.0254241	0.0173245	0.176388	0.8526369	0.09416801	1.434183	3.44075
6054	-415.7426	-428.0476	12.30508	0.869636	0.023345	0.0271341	0.0798851	0.8326382	0.428926	0.8711502	0.952226
6060	-412.7107	-425.0955	12.38477	0.891157	0.0301515	0.0350453	0.0436464	0.2804452	0.9917717	0.6925997	0.952226
6066	-412.3031	-422.2833	9.980218	0.891548	0.0545549	0.0240032	0.0298942	0.322627	1.776055	0.6160224	3.091271
6072	-411.3668	-422.7248	11.35803	0.798485	0.056044	0.00317433	0.142297	0.2965065	0.8746076	1.152996	1.757612
6078	-414.9619	-427.3315	12.36958	0.615437	0.107833	0.00603855	0.270692	0.464331	1.023549	1.129547	0.145416
6084	-413.9237	-426.2382	12.31442	0.850484	0.0193443	0.0974562	0.0327156	0.7393542	1.107359	0.5133417	0.5666056
6090	-413.8188	-425.7509	11.93204	0.870497	0.0125019	0.0997494	0.0172522	0.5076603	1.528764	0.4000282	0.737892
6096	-405.785	-417.8694	12.08438	0.908156	0.0311555	0.0426896	0.0179986	0.4366	1.528764	0.4000282	0.6587084
6102	-404.2502	-416.5406	12.29036	0.907019	0.0311164	0.0426362	0.0192287	0.3620384	1.585113	0.555942	0.4815946
6108	-406.8884	-418.6225	11.73419	0.93837	0.033878	0.022707	0.00504526	0.2972788	1.585113	0.7813293	0.9467943
6114	-414.6802	-425.1688	10.48862	0.855994	0.0526379	0.0861919	0.0051765	0.4317343	1.376686	0.648775	2.752644
6120	-414.0392	-426.4347	12.39555	0.782759	0.0569546	0.158692	0.00159486	0.3604459	1.376686	0.599527	0.572977
6126	-416.9657	-428.6211	11.65536	0.774302	0.0671432	0.156977	0.00157763	0.6769097	1.19965	1.0816	0.7957467
6132	-432.4604	-443.1817	10.7213	0.493655	0.333504	0.150601	0.0222408	0.5782479	0.3827483	1.132368	3.090811
6138	-416.6501	-428.8889	12.23871	0.398753	0.546761	0.0538064	0.000680043	0.1049482	1.091541	1.073207	0.4169323
6144	-414.7791	-426.0841	11.30504	0.936544	0.0143607	0.0417009	0.00739437	0.407217	2.031178	0.3711371	0.9321095
6150	-409.0193	-420.4838	11.46451	0.904776	0.0293698	0.0592967	0.00655736	0.4009658	1.985139	1.031879	0.5430045
6156	-417.0057	-429.3762	12.37054	0.861435	0.0279629	0.104359	0.00624324	0.3987208	1.367858	0.6797162	0.5430045
6162	-413.4089	-424.8895	11.48061	0.778126	0.044465	0.000310653	0.177099	0.422444	0.6131933	1.311989	1.589979
6168	-411.7134	-424.1521	12.43872	0.760636	0.0550155	0.000184673	0.184163	0.4162485	0.6781295	1.311989	0.5426178
6174	-402.3813	-414.5285	12.14715	0.903345	0.0220067	0.00690428	0.0677438	0.2818186	1.563823	0.9073659	0.4763569
6180	-408.2854	-420.119	11.83366	0.881487	0.0364981	0.0114508	0.0705639	0.2828135	1.786127	0.8649019	0.6017464
6186	-405.5513	-417.6005	12.04914	0.867534	0.0338354	0.0112906	0.0873403	0.2782866	1.753696	0.797743	0.4759549
6192	-406.2484	-417.7301	11.48174	0.874259	0.0120597	0.00402422	0.109657	0.2712198	1.328423	1.608812	0.5492792
6198	-408.383	-419.7853	11.40228	0.808159	0.0111479	0.00371996	0.176974	0.3267712	1.319632	1.650911	0.5561845
6204	-410.59	-422.4889	11.8989	0.892064	0.00487464	0.00161613	0.101445	0.3237485	1.848869	0.7428839	0.5497799
6210	-409.847	-422.2185	12.37145	0.892064	0.00487464	0.00161613	0.101445	0.1985455	1.463935	0.4515513	0.5497799
6216	-407.777	-419.8897	12.1127	0.87732	0.00284942	0.000875524	0.118955	0.2330552	1.855748	0.3011617	0.2320827
6222	-411.2292	-423.476	12.24681	0.86919	0.00385379	0.0091028	0.117853	0.2525463	1.6103	0.4696053	0.5513755
6228	-408.6517	-420.6037	11.95199	0.820364	0.0036373	0.00859145	0.167407	0.2475222	1.761068	0.4960267	0.6900909
6234	-407.0611	-418.9106	11.84943	0.900393	0.00271032	0.00382624	0.0930708	0.3400261	1.554593	0.7736119	0.8474373
6240	-414.0551	-426.1856	12.13043	0.819299	0.0184983	0.00348163	0.158721	0.3899067	1.554593	0.3707662	0.612552
6246	-417.8067	-428.0893	10.28252	0.909342	0.0202571	0.00239982	0.0680007	0.3569849	1.278585	1.214067	2.537916
6252	-417.9401	-430.1792	12.2391	0.762933	0.109402	0.077073	0.0505917	0.5358016	0.595387	1.53373	0.4185492
6258	-415.6961	-427.3775	11.68139	0.862522	0.0451188	0.0557583	0.0366005	0.5112807	0.6407036	1.53373	0.9415706
6264	-414.4628	-424.422	9.959201	0.865781	0.0452892	0.0521907	0.0367387	0.4439092	0.7367902	1.195067	3.956081
6270	-413.3824	-424.695	11.31259	0.347385	0.405181	0.0996879	0.147747	0.08266152	0.4005861	1.566711	1.247653
6276	-409.1602	-421.409	12.2488	0.492627	0.389922	0.0473194	0.0701316	0.06293136	0.3700194	1.214583	0.1141164
6282	-413.144	-425.6226	12.4786	0.413502	0.32599	0.0896033	0.170905	0.1040144	0.3767147	1.214583	0.7219679
6288	-414.2199	-425.9347	11.71481	0.473077	0.363272	0.0615783	0.102073	0.8831478	0.9027471	1.100209	0.7966196
6294	-414.765	-425.3502	10.58523	0.705976	0.198803	0.0358293	0.059391	0.7829938	0.8423458	1.2239	2.104674
6300	-413.776	-425.1879	11.41193	0.66929	0.279537	0.0483957	0.00277668	0.6505821	0.5313571	1.803036	0.8031604
6306	-414.137	-426.211	12.07397	0.737897	0.230857	0.0298142	0.00143218	1.127097	0.6936983	1.178054	0.2423644
6312	-421.7213	-431.9729	10.2515	0.756816	0.146702	0.0325933	0.063888	1.005022	1.165968	1.15428	1.921434
6318	-417.9392	-429.6315	11.69238	0.765404	0.129105	0.0492675	0.0562242	0.5398316	1.273381	0.8458721	1.049413
6324	-417.3283	-428.512	11.18371	0.793119	0.153288	0.0262829	0.0273103	0.5743848	1.638179	0.3826356	1.303396
6330	-417.158	-429.0191	11.86104	0.748222	0.147097	0.0349234	0.0697579	0.2792048	2.052636	0.2807392	0.328638
6336	-411.0817	-422.4451	11.36344	0.881499	0.0493506	0.0228388	0.0463114	0.3346255	1.928842	0.2384942	0.8557844
6342	-410.2801	-422.8108	12.53064	0.894786	0.0438173	0.020278	0.0411188	0.2785345	1.228571	0.5728885	0.6339051
6348	-416.7878	-428.1743	11.38657	0.766749	0.109998	0.0991496	0.0241031	0.5514061	1.151793	0.6687926	1.640583
6354	-412.1376	-422.408	10.2704	0.921659	0.0471595	0.0250835	0.00609776	0.4407147	1.217366	0.6933229	3.33606
6360	-413.77	-424.7942	11.0242	0.856144	0.0757128	0.0583538	0.00978972	0.4363712	1.427875	0.3748594	1.901545
6366	-413.9333	-424.9922	11.05882	0.943755	0.00800913	0.0466826	0.00155363	0.4436939	1.810945	0.556545	1.425086
6372	-411.6389	-423.7275	12.08859	0.934609	0.00988228	0.0539702	0.00153857	0.4422908	1.785099	0.4590215	0.4135362
6378	-411.7276	-422.3253	10.59767	0.943733	0.00965921	0.0450545	0.00155359	0.5637333	1.248757	0.6025741	2.607569
6384	-414.9149	-426.1278	11.21295	0.183545	0.696975	0.0946786	0.0248012	0.04333635	1.670667	0.3395098	0.2095557
6390	-413.9315	-426.0926	12.16114	0.0685401	0.761891	0.102276	0.0672925	0.0846671	1.44737	0.4843445	0.3559421
6396	-415.645	-427.1174	11.47248	0.334089	0.494453	0.0613599	0.110098	0.04194045	1.423944	0.4945423	0.1952624
6402	-415.9207	-425.791	9.870242	0.436895	0.414558	0.0169789	0.131568	0.02196897	1.089682	0.8117744	1.142915
6408	-414.2885	-425.5844	11.2959	0.392297	0.428639	0.0355775	0.143487	0.1004581	1.475459	0.3337236	1.252831
6414	-408.425	-419.2459	10.82092	0.407909	0.346414	0.0488124	0.196864	0.07137897	1.475459	0.7053683	1.487632
6420	-410.855	-419.7452	8.890251	0.403432	0.216399	0.0304923	0.349677	0.02214223	2.190878	0.2437959	0.9659208
6426	-414.1978	-425.9038	11.70598	0.611357	0.153141	0.0168662	0.218635	0.1290117	2.12219	0.3148979	0.2437258
6432	-411.9739	-421.0733	9.099417	0.610165	0.254074	0.0229397	0.112822	0.05571055	2.325242	0.2257515	2.040657
6438	-414.9504	-425.5792	10.62874	0.334627	0.393054	0.161268	0.111051	0.05916779	2.082945	0.1611787	0.4861601
6444	-413.7887	-423.2817	9.493036	0.138983	0.66433	0.0801715	0.116516	0.07251224	2.71154	0.09175604	0.7554659
6450	-420.3836	-433.4211	13.03747	0.47338	0.45705	0.0349822	0.0345875	0.1629411	0.2497209	1.365785	0.250491
6456	-417.8492	-429.7128	11.86356	0.579852	0.373959	0.0285189	0.0176701	0.08910238	0.8263027	0.8605823	1.136521
6462	-413.267	-425.3021	12.03512	0.745658	0.203111	0.00421768	0.0470138	0.4349294	0.8949857	0.7751505	1.250343
6468	-420.0332	-431.0501	11.01693	0.762882	0.19047	0.00256052	0.0440879	0.9867962	0.9584769	0.7823358	1.687994
6474	-417.9349	-427.7989	9.864088	0.676207	0.16883	0.00891671	0.146047	0.411029	0.822051	1.378336	3.601114
6480	-421.3214	-432.8235	11.50216	0.836058	0.0157642	0.00987891	0.138299	0.2962406	0.7501132	1.335327	1.473179
6486	-410.4544	-422.6218	12.16739	0.821754	0.0326038	0.00970989	0.135933	0.3401707	1.325159	1.199927	0.338868
6492	-407.4064	-419.748	12.34159	0.934764	0.023159	0.0091976	0.032879	0.4268224	0.9713679	0.9693279	0.08897253
6498	-406.9807	-419.3292	12.34852	0.798792	0.0307576	0.0078597	0.162591	0.3409145	0.9713679	0.6950993	0.06469025
6504	-413.4872	-425.7276	12.24041	0.796616	0.0317288	0.00950752	0.162148	0.4223664	1.04653	1.342381	0.2633591
6510	-422.2925	-432.3009	10.00831	0.800476	0.0318825	0.0128829	0.154758	0.5841853	0.5224759	1.780812	2.640748
6516	-408.4149	-419.6161	11.20111	0.858007	0.0114397	0.00895881	0.121594	0.4827449	0.6782548	1.675865	1.223563
6522	-405.5407	-418.3313	12.7906	0.894652	0.00766354	0.0280224	0.0696624	0.3699031	0.7799168	0.7870519	0.6602344
6528	-406.8491	-419.0733	12.22423	0.891147	0.00763352	0.0279126	0.073307	0.4122017	1.010542	0.8091308	0.9326501
6534	-412.0525	-423.5487	11.49617	0.851908	0.0168914	0.0346934	0.0965075	0.6151409	0.8475869	1.352476	1.049089
6540	-408.973	-420.4699	11.49699	0.851908	0.0168914	0.0346934	0.0965075	0.6151409	0.8375269	1.435338	0.9520513
6546	-410.0322	-420.9656	10.93348	0.827421	0.0181629	0.0336961	0.12072	0.6151409	0.6966369	1.899808	1.007558
6552	-410.5219	-421.3259	10.80399	0.781226	0.0764018	0.0318149	0.110557	0.6151409	0.8779518	2.026256	0.7736828
6558	-409.3515	-420.7913	11.43978	0.819897	0.0801837	0.0270334	0.0728863	0.5599271	0.459826	1.676673	1.1191
6564	-412.1026	-424.0735	11.9709	0.760348	0.0686385	0.023141	0.147873	0.5599271	0.8976285	1.408527	0.5290948
6570	-410.6439	-421.6808	11.03686	0.81687	0.106901	0.0236638	0.0525653	0.5726956	0.7662715	1.729279	1.128329
6576	-409.2361	-421.3235	12.08737	0.737206	0.139198	0.06424	0.0593557	0.5625507	0.9210799	1.189635	0.6500148
6582	-410.1631	-422.079	11.91589	0.750026	0.136705	0.066207	0.0470621	0.4193586	1.380807	0.9608595	0.74048
6588	-416.2979	-426.7623	10.46438	0.70723	0.152394	0.0624292	0.0779475	0.8142916	1.492431	0.5841907	2.074436
6594	-418.2689	-428.6244	10.35551	0.553061	0.230657	0.0222296	0.194052	0.03228379	1.138949	0.7997554	1.249701
6600	-411.2822	-422.6609	11.37874	0.710763	0.165505	0.0112807	0.112451	0.05387942	1.779609	0.6658587	0.3153135
6606	-412.0904	-422.9457	10.85534	0.794325	0.117478	0.0229259	0.0652709	0.03581193	1.779609	0.5837817	0.3753594
6612	-417.4491	-426.8134	9.364361	0.888117	0.00707746	0.057869	0.0469365	0.467182	1.850604	0.7613856	3.714407
6618	-411.6456	-423.5641	11.91853	0.857094	0.00683024	0.0558476	0.0802276	0.3686982	1.649354	0.4265692	0.766089
6624	-408.3304	-420.3552	12.02477	0.883126	0.013485	0.0144542	0.0889345	0.3721856	1.486739	0.7037862	0.766089
6630	-410.3982	-421.5474	11.14921	0.846306	0.0044039	0.0138516	0.135438	0.4047901	1.368034	0.7933497	1.743445
6636	-409.0606	-421.094	12.03337	0.844834	0.00711059	0.0128524	0.135203	0.2772758	1.491224	0.5917527	0.8519216
6642	-413.9443	-426.056	12.11175	0.845084	0.00681755	0.0128562	0.135243	0.2129431	1.572022	0.4436964	0.7018935
6648	-410.8511	-422.8533	12.00221	0.821307	0.00662574	0.0124945	0.159573	0.3265041	1.874994	0.5020316	0.5093247
6654	-406.2396	-419.0707	12.83108	0.906886	0.00731613	0.0137964	0.0720019	0.3265787	0.6691453	0.8360728	0.7186232
6660	-408.1869	-420.7061	12.51918	0.906886	0.00731613	0.0137964	0.0720019	0.3123984	1.090304	0.976714	0.5008564
6666	-402.8681	-415.3712	12.50305	0.920133	0.007423	0.0109103	0.0615341	0.3123984	1.151899	0.9288675	0.5008564
6672	-408.2761	-420.7674	12.49129	0.776537	0.00626457	0.00920768	0.20799	0.2787427	1.151899	0.9554472	0.5008564
6678	-409.0945	-421.5628	12.46835	0.884697	0.00783285	0.0104902	0.0969804	0.2787427	1.425795	0.8674712	0.2449218
6684	-411.7058	-423.7589	12.05312	0.791861	0.00701091	0.00938938	0.191739	0.2787427	1.362658	0.8674712	0.7939255
6690	-410.7757	-423.0499	12.27417	0.800241	0.0337657	0.0203381	0.145655	0.2787427	1.444456	0.6203381	0.6577293
6696	-412.4621	-424.3599	11.89772	0.904965	0.0312943	0.040536	0.0232051	0.3531565	1.474044	0.5800586	0.9671718
6702	-421.2026	-431.3844	10.18183	0.797948	0.156958	0.0357425	0.00935101	0.4740776	1.474044	0.7036761	2.981997
6708	-412.8854	-423.3788	10.49343	0.944134	0.00277531	0.0425323	0.0105584	0.4664948	1.796874	0.4379793	2.118926
6714	-411.4141	-423.5446	12.13051	0.934824	0.00274794	0.0421129	0.0203152	0.4600309	1.513854	0.5250532	0.6292174
6720	-410.829	-422.0571	11.22803	0.895947	0.00449725	0.0598303	0.0397253	0.38636	1.454873	0.3848976	1.673577
6726	-419.8639	-429.0927	9.228873	0.728569	0.0155607	0.153771	0.102099	0.7632914	1.372954	0.6599595	4.452552
6732	-420.2548	-427.4156	7.160743	0.199113	0.683035	0.0359621	0.0818906	0.1865223	1.170466	0.7438686	12.95318
6738	-417.5035	-428.333	10.82954	0.338826	0.480572	0.0423986	0.138203	0.1814338	1.26415	0.586894	2.538845
6744	-420.4653	-431.5138	11.04853	0.224251	0.363029	0.125654	0.287066	0.128247	0.8716658	0.8848495	2.335138
6750	-416.8552	-429.635	12.77984	0.0706344	0.522463	0.124387	0.282516	0.2035032	0.8249875	1.140218	0.2829721
6756	-420.4274	-431.3916	10.96413	0.132129	0.359645	0.171162	0.337064	0.04215335	0.9361486	1.174027	0.8445994
6762	-414.6548	-426.6305	11.97561	0.284778	0.518999	0.107307	0.0889166	0.09003451	0.9881286	1.328905	0.1699113
6768	-414.364	-426.3471	11.98307	0.211213	0.592582	0.0970868	0.0991189	0.08656901	1.279238	0.7331036	0.09766979
6774	-418.6046	-428.3534	9.748812	0.198015	0.637211	0.0564197	0.108354	0.03061272	1.631699	0.6686824	1.378043
6780	-412.0299	-423.1215	11.09162	0.420506	0.426941	0.0611682	0.0913857	0.03599218	1.046894	1.242066	0.2512861
6786	-408.8136	-420.8317	12.01812	0.308755	0.428004	0.0613205	0.201921	0.06540218	0.1587511	1.599149	0.1169857
6792	-424.0696	-435.9704	11.90081	0.127162	0.439452	0.0713507	0.362036	0.0974291	0.6620974	1.556082	0.1160975
6798	-420.6259	-431.9081	11.2822	0.10439	0.517402	0.0810048	0.297204	0.1079832	0.8848323	2.028143	0.2557364
6804	-408.7634	-419.9217	11.15823	0.330848	0.366586	0.0589393	0.243627	0.06325319	0.8142334	1.785036	0.1408241
6810	-409.21	-420.3903	11.18023	0.389244	0.350239	0.0502124	0.210305	0.06324356	0.6219853	1.778505	0.1010352
6816	-409.8133	-421.591	11.77766	0.690408	0.144207	0.0318766	0.133509	0.0688666	0.3356791	1.778505	0.1606418
6822	-408.5151	-420.1091	11.59399	0.231764	0.368125	0.0592953	0.340816	0.046453	0.5070542	1.277458	0.09676279
6828	-405.5726	-416.5771	11.00447	0.219163	0.530711	0.0854837	0.164642	0.046453	0.5553108	1.791146	0.1236971
6834	-410.942	-421.3446	10.40265	0.332737	0.453519	0.07305	0.140694	0.03624455	0.8014215	1.883718	0.1584178
6840	-412.9573	-424.5461	11.58888	0.280705	0.505926	0.0946754	0.118693	0.07641131	0.469063	1.826635	0.4810836
6846	-411.0662	-421.9517	10.88545	0.236051	0.390123	0.0613708	0.312456	0.06426396	0.3643771	2.343962	0.2054291
6852	-417.804	-424.6185	6.814479	0.180864	0.719958	0.0576908	0.0414878	0.0282381	2.161074	0.1793355	4.449182
6858	-412.7597	-422.9284	10.16866	0.287093	0.558525	0.0316883	0.122694	0.0282381	1.995144	0.4014812	0.4923351
6864	-412.4963	-422.6591	10.16276	0.478893	0.426433	0.0744646	0.0202096	0.02295466	1.632522	0.4655707	0.5366882
6870	-405.9021	-416.2097	10.30765	0.350262	0.236885	0.0297014	0.383152	0.02539537	1.639965	0.5554953	0.1145666
6876	-405.7259	-416.2917	10.56572	0.365114	0.528718	0.0308097	0.0753579	0.02805326	1.258816	0.7982395	0.08960383
6882	-407.3836	-417.8418	10.45816	0.658415	0.243375	0.0283509	0.0698599	0.02355327	1.087629	0.7982395	0.09084179
6888	-410.5384	-422.2466	11.7082	0.30532	0.300739	0.0350334	0.358907	0.0478743	0.7880312	0.9328184	0.09454616
6894	-410.1638	-422.2238	12.05997	0.146152	0.48393	0.0661805	0.303737	0.0619517	0.8173617	0.9328184	0.109325
6900	-413.6211	-425.1137	11.49262	0.221008	0.47115	0.102576	0.205267	0.04915076	0.9533584	0.7580879	0.07171082
6906	-414.0131	-425.2206	11.20754	0.0755261	0.532753	0.0631705	0.32855	0.03113375	1.234539	0.4721743	0.1690888
6912	-412.6034	-424.0374	11.43406	0.0524925	0.422508	0.0251949	0.499804	0.04346887	1.228652	0.4288151	0.1025278
6918	-421.2868	-433.4228	12.13593	0.0179115	0.539997	0.004285	0.437806	0.1065976	1.516611	0.66218	0.141736
6924	-416.8372	-428.0654	11.22818	0.674687	0.260971	0.0609614	0.00338029	0.03135778	0.2842742	1.37711	0.1081444
6930	-416.4866	-428.8201	12.33353	0.388652	0.427268	0.0222323	0.161849	0.1202901	0.8698646	1.326291	0.2815726
6936	-424.6585	-437.3751	12.71659	0.178682	0.310589	0.00568543	0.505044	0.2928846	0.4273668	1.512573	0.3009413
6942	-420.3813	-433.079	12.6977	0.265206	0.090236	0.0302439	0.614314	0.2253829	0.7761795	1.266785	0.2519019
6948	-419.0426	-432.1814	13.13877	0.0553622	0.119691	0.010107	0.81484	0.1978187	0.3827164	1.21303	0.2519019
6954	-420.4658	-433.1458	12.67999	0.0967984	0.188071	0.0158812	0.69925	0.3295001	0.9633511	1.093878	0.2176981
6960	-414.574	-425.2295	10.65553	0.801911	0.0751601	0.0196216	0.103307	0.357575	1.342657	0.8245934	2.469651
6966	-416.154	-428.4848	12.33073	0.801578	0.0840385	0.00234924	0.112034	0.5282724	1.364433	0.7111311	0.4446051
6972	-418.0155	-430.9108	12.89537	0.856556	0.0300065	0.0877928	0.0256448	0.3599159	0.9782585	0.7456057	0.3909156
6978	-415.5061	-428.2518	12.74571	0.890507	0.0311959	0.0587666	0.0195306	0.4925352	1.082333	0.7383597	0.2781157
6984	-414.9937	-426.9631	11.96944	0.884006	0.0320116	0.0583376	0.0256444	0.3210622	1.651281	0.3833057	0.7264483
6990	-432.2247	-441.0268	8.802033	0.588238	0.124249	0.0100512	0.277462	0.5619981	1.668127	0.7190126	5.15207
6996	-421.2503	-432.4609	11.21058	0.45398	0.143969	0.0116465	0.390405	0.2981473	0.4167416	1.595013	1.814368
7002	-420.3604	-431.1172	10.75684	0.459241	0.195797	0.0184309	0.32653	0.1363728	0.706592	1.249655	2.483731
7008	-419.9649	-431.6765	11.71157	0.774864	0.0906157	0.00251507	0.132005	0.05864466	0.9892373	0.7162141	0.852994
7014	-422.1831	-434.2657	12.08261	0.393253	0.329589	0.019022	0.258136	0.6611979	0.27373	1.57204	0.7088764
7020	-417.1515	-429.7426	12.59116	0.599544	0.197598	0.0152724	0.187585	0.3708367	0.7169904	1.359609	0.2617055
7026	-414.6092	-426.2829	11.67362	0.768002	0.124806	0.00552943	0.101662	0.5647563	0.517315	2.026596	0.2617055
7032	-414.4643	-426.5288	12.06458	0.736833	0.199982	0.00530502	0.0578801	0.5787278	0.4698046	1.760988	0.340646
7038	-414.9041	-427.2608	12.35675	0.623348	0.113298	0.0133955	0.249959	0.3060836	0.5696045	1.675423	0.2451227
7044	-413.4293	-424.7948	11.36557	0.692977	0.129251	0.00463579	0.173136	0.3687295	0.2329319	1.675423	1.658897
7050	-411.1742	-422.5209	11.34666	0.67225	0.108212	0.00449713	0.215041	0.4340401	0.7226079	2.191116	0.2602059
7056	-409.4556	-421.3014	11.84575	0.757881	0.055655	0.00428437	0.182179	0.4314175	0.3543775	2.105555	0.2288484
7062	-413.4373	-426.3215	12.88422	0.866133	0.0717416	0.0472584	0.0148672	0.3473129	0.4161383	1.345186	0.1779261
7068	-414.2244	-425.8534	11.62896	0.826657	0.0684718	0.101122	0.00374912	0.7046373	1.268776	0.9995169	0.8082903
7074	-411.5	-423.8615	12.3615	0.852981	0.132777	0.0105714	0.00367017	0.3767037	0.8211948	0.7928296	1.025746
7080	-411.612	-421.8301	10.21808	0.853316	0.13283	0.0105756	0.0032788	0.3591651	1.103055	0.9325481	3.430519
7086	-413.7855	-425.6136	11.82817	0.840851	0.130889	0.0149526	0.0133074	0.4231989	1.151119	0.9325481	1.073724
7092	-413.8302	-423.7061	9.875817	0.798688	0.104043	0.0142028	0.083066	0.3547467	0.9622933	1.089422	4.057331
7098	-413.9747	-425.5215	11.54687	0.813282	0.0656505	0.0187371	0.102331	0.4898689	1.252206	1.657151	0.2209277
7104	-423.0095	-433.3327	10.32312	0.819006	0.0590743	0.018869	0.103051	0.3789771	0.688927	2.877485	0.280708
7110	-411.4786	-423.4876	12.00895	0.836098	0.067377	0.0192628	0.0772622	0.382154	0.5417881	1.687207	0.6342526
7116	-416.8219	-427.4318	10.60991	0.755045	0.0376859	0.0733964	0.133873	0.5671718	0.3161281	1.893996	1.873249
7122	-414.3429	-423.8105	9.467526	0.80442	0.0367306	0.0283705	0.130479	0.5385939	0.3019755	1.836335	3.917374
7128	-414.0476	-424.3971	10.34958	0.8329	0.0135105	0.0745885	0.0790009	0.8139066	0.7155902	1.900044	1.382976
7134	-414.2911	-424.9423	10.65118	0.913538	0.0232397	0.0300737	0.0331483	0.7083535	0.6160456	1.321837	2.272536
7140	-411.8469	-423.4613	11.61439	0.807142	0.0490712	0.0612391	0.0825478	0.6973915	0.2526331	1.5367	1.203562
7146	-412.7406	-423.81	11.06934	0.765133	0.0741584	0.0824569	0.0782515	0.651652	0.1050538	1.761676	1.691225
7152	-413.9548	-422.0915	8.136716	0.818461	0.0921487	0.0436961	0.0456946	0.334157	1.310386	0.8980758	8.190955
7158	-420.5956	-426.4399	5.844313	0.912985	0.0441687	0.0209444	0.0219023	0.3266497	1.424128	0.7491478	18.51795
7164	-413.3382	-424.5451	11.20698	0.889003	0.0226017	0.0247812	0.0636144	0.3870895	0.588968	1.84862	1.142012
7170	-417.4732	-428.0857	10.61249	0.928467	0.023605	0.0258813	0.0220469	0.7353703	0.7439786	1.457479	1.877356
7176	-413.8366	-426.1006	12.26396	0.88164	0.0627531	0.0122686	0.0433388	0.3297301	1.328821	0.8687622	0.6038086
7182	-409.5341	-420.5066	10.97251	0.853905	0.0162827	0.0131942	0.116618	0.3078089	1.328821	0.8687622	2.031729
7188	-409.3925	-419.8859	10.49346	0.805286	0.0311706	0.00611391	0.15743	0.4566102	1.328821	0.8491815	2.578633
7194	-410.7166	-422.3187	11.60204	0.981688	0.00222171	0.00649843	0.00959227	0.2421734	1.741062	0.9495708	0.7960291
7200	-409.0281	-421.1218	12.09373	0.982673	0.00222394	0.00550082	0.0096019	0.2055615	1.93789	0.377965	0.2479449
7206	-413.5099	-425.2988	11.78888	0.969065	0.00219314	0.0126087	0.0161327	0.326499	2.154088	0.582097	0.4280479
7212	-410.8536	-422.4764	11.62286	0.976231	0.00220936	0.00386716	0.0176928	0.2612566	1.389034	1.077338	0.9926495
7218	-410.0623	-422.199	12.13671	0.96663	0.007078	0.00877326	0.0175188	0.2612566	1.120537	0.8859461	0.9350607
7224	-414.8674	-427.5287	12.66129	0.972099	0.00194158	0.0186227	0.00733703	0.3616888	1.064335	0.5953316	0.6178897
7230	-411.6373	-423.9498	12.31251	0.97753	0.00195243	0.0187267	0.00179115	0.3476268	1.229011	0.8976486	0.6178897
7236	-410.9383	-423.7052	12.76692	0.970348	0.00193808	0.0259361	0.00177799	0.3663798	0.9075336	0.8656813	0.5030508
7242	-408.2011	-419.7504	11.54932	0.952304	0.00190204	0.0420453	0.00374885	0.4646407	0.5160449	1.389288	1.463835
7248	-411.1765	-423.3997	12.22321	0.900693	0.00179896	0.0956974	0.0018109	0.5117736	0.3755943	1.389992	0.8557149
7254	-409.6422	-422.0373	12.39503	0.91193	0.00165754	0.0825762	0.0038362	0.5241117	0.6621843	1.211183	0.6174122
7260	-419.8155	-432.2901	12.47458	0.808636	0.0164217	0.0732228	0.101719	0.4500717	0.4635831	1.125395	0.8933053
7266	-410.4572	-421.4118	10.95458	0.894166	0.0116859	0.0615701	0.0325777	0.4500717	0.6770317	1.289381	2.189825
7272	-417.7371	-429.8769	12.13975	0.938616	0.0122669	0.0355987	0.013518	0.3094817	1.31662	0.932054	0.6900147
7278	-416.3709	-426.5301	10.15917	0.974075	0.00455128	0.0168083	0.00456543	0.3274246	1.31662	1.363652	2.420608
7284	-420.6691	-429.4964	8.827396	0.969473	0.00735076	0.0186327	0.00454386	0.3274246	1.357329	1.18584	5.297189
7290	-417.2339	-430.056	12.82203	0.241033	0.488534	0.101823	0.168609	0.1435914	0.9196658	0.8738665	0.1825482
7296	-415.8829	-428.4572	12.57426	0.22032	0.496697	0.125978	0.157005	0.1037278	0.6762421	1.20055	0.196319
7302	-413.3109	-425.3803	12.0694	0.240551	0.116153	0.0275426	0.615753	0.05680468	1.069179	0.6867379	0.1547867
7308	-410.4528	-422.0266	11.57379	0.408775	0.433086	0.0248111	0.133328	0.06271517	0.994602	1.386253	0.3805787
7314	-410.3413	-422.2022	11.86099	0.560557	0.312505	0.0590081	0.0679301	0.04671236	0.7417533	1.082181	0.3783583
7320	-407.6955	-419.1444	11.44884	0.634749	0.277134	0.0523292	0.035788	0.0497508	0.9423405	1.163706	0.5839248
7326	-416.2356	-426.9716	10.73601	0.25552	0.519677	0.0433192	0.181483	0.08594162	1.411275	0.9101822	1.667066
7332	-414.0372	-425.3608	11.32367	0.492033	0.420337	0.06554	0.0220896	0.03405281	0.8585413	1.117297	0.3197136
7338	-415.6377	-426.5579	10.9202	0.210236	0.580166	0.0904608	0.119138	0.0830245	1.406869	0.6863822	1.616694
7344	-411.4705	-422.8459	11.37547	0.875036	0.0947397	0.0177486	0.0124759	0.521225	2.079473	0.2698392	0.6044504
7350	-413.1481	-424.4907	11.34256	0.696821	0.100323	0.0211245	0.181732	0.2987492	1.775435	0.43476	1.263877
7356	-413.8595	-424.6728	10.81329	0.853104	0.0987701	0.0258623	0.0222635	0.3088784	1.570192	0.3634663	2.108375
7362	-413.9898	-425.6129	11.62308	0.890766	0.0522112	0.00907967	0.0479431	0.3669577	1.242083	0.6054402	1.489247
7368	-420.4792	-431.4655	10.98626	0.87385	0.0443958	0.0130177	0.0687368	0.6772008	1.182086	0.8117204	1.820971
7374	-419.0407	-430.7477	11.70704	0.466416	0.432022	0.019494	0.0820681	0.05634502	1.080359	1.092336	0.4032686
7380	-415.1058	-426.2526	11.14674	0.2769	0.514739	0.0789376	0.129424	0.06338801	0.911101	1.480664	0.7766204
7386	-419.1562	-431.6861	12.52993	0.354714	0.402628	0.0170613	0.225597	0.1539145	1.057582	0.7925407	0.6085919
7392	-415.8774	-426.4684	10.59109	0.801989	0.115269	0.0166596	0.0660819	0.6180411	0.1909492	2.110418	1.583868
7398	-409.0627	-421.4483	12.38567	0.865981	0.0120961	0.0272199	0.094703	0.4186969	0.4862577	1.256775	0.8376807
7404	-411.3607	-423.4705	12.10979	0.937206	0.0324044	0.0203988	0.0099909	0.3516057	1.604922	0.6224938	0.6258176
7410	-411.527	-423.5525	12.02552	0.95697	0.0330878	0.00270562	0.00723665	0.2716583	1.148445	0.6443213	1.18579
7416	-411.7968	-423.4323	11.63552	0.954419	0.0331936	0.00521396	0.00717329	0.6750565	1.522493	0.5740653	0.8731539
7422	-418.7192	-426.4798	7.760594	0.758386	0.134583	0.00711287	0.0999185	0.6013747	1.383528	0.6032465	9.026978
7428	-418.7706	-428.4345	9.663887	0.429987	0.491234	0.0758731	0.00290591	1.108141	1.022737	0.9271938	3.232699
7434	-417.1708	-426.8071	9.636356	0.765199	0.101142	0.0564611	0.0771979	0.6898628	0.407692	1.480805	4.041844
7440	-416.2498	-427.7268	11.47703	0.812796	0.079171	0.0456362	0.0623972	0.4014933	0.8820958	1.116343	1.569401
7446	-418.8304	-428.65	9.819609	0.839298	0.0817524	0.0471242	0.0318258	0.522394	0.7947313	1.689662	2.814353
7452	-415.0437	-426.0979	11.0542	0.706444	0.0574878	0.0226648	0.213403	0.6125334	0.4661695	1.624989	1.556587
7458	-416.8387	-427.4205	10.58176	0.779709	0.147757	0.0508799	0.0216538	0.4561992	0.6014593	1.652069	2.141391
7464	-414.9306	-427.3161	12.38549	0.712866	0.195475	0.0505209	0.0411389	0.4748189	0.8786794	1.259894	0.3978544
7470	-411.2641	-423.7658	12.50175	0.830077	0.0888242	0.0584838	0.0226147	0.5043208	1.172225	0.8907308	0.3335901
7476	-416.4549	-428.2016	11.74665	0.777722	0.0725806	0.0993409	0.0503563	0.5359005	0.6220208	1.061096	1.478506
7482	-414.9864	-424.18	9.193552	0.821937	0.0143213	0.0653463	0.0983957	0.5113007	1.006109	0.9693739	5.440809
7488	-413.2771	-423.3638	10.08669	0.899203	0.00729008	0.0434196	0.0500872	0.5064741	0.8074692	1.33758	3.158575
7494	-416.682	-429.776	13.09396	0.750996	0.00543274	0.14664	0.0969319	0.5850877	0.3461123	0.895999	0.5042901
7500	-414.7057	-426.3923	11.68658	0.84272	0.00303201	0.10015	0.0540977	0.5850877	0.9829333	0.9293866	1.233226
7506	-411.1498	-423.2497	12.09992	0.904158	0.00203349	0.067168	0.026641	0.5850877	0.9303172	0.9293866	0.8671619
7512	-411.1747	-423.2212	12.04654	0.880826	0.00262618	0.0501951	0.0663527	0.422086	1.019389	1.05591	0.8671619
7518	-412.3293	-423.0433	10.71407	0.85417	0.00668852	0.0333406	0.105801	0.5214967	0.8830016	1.202177	2.287297
7524	-411.7268	-423.5412	11.81436	0.848385	0.00664322	0.0398877	0.105084	0.4571494	0.9537712	0.7723636	1.408227
7530	-410.4642	-422.1716	11.70738	0.862857	0.00675655	0.000509969	0.129876	0.3954286	1.302073	1.090982	0.9079054
7536	-415.9364	-426.142	10.20555	0.769386	0.00562947	0.00320484	0.22178	0.4108635	1.003592	1.788343	1.903094
7542	-405.8987	-417.6638	11.76505	0.870197	0.00787575	0.0053504	0.116576	0.286118	1.346377	1.015095	0.9528954
7548	-410.7954	-421.3375	10.54213	0.786352	0.00602425	0.00660725	0.201016	0.3037824	1.701772	1.015095	1.928808
7554	-414.0686	-425.8071	11.73848	0.775749	0.0120371	0.0174071	0.194807	0.3046594	1.387838	0.8891093	1.050219
7560	-409.3767	-420.9579	11.58126	0.817001	0.0255082	0.00427596	0.153215	0.309736	1.49245	0.8591543	1.12802
7566	-410.5888	-422.7128	12.12408	0.824263	0.0288108	0.0260107	0.120916	0.5781012	1.519559	0.8591543	0.2987032
7572	-413.706	-425.2477	11.54164	0.724038	0.0843564	0.025527	0.166078	0.6342366	0.4160164	1.716558	0.9256707
7578	-408.9837	-421.1764	12.1927	0.788673	0.0294922	0.0119387	0.169896	0.3796726	1.0356	0.8597435	0.9256707
7584	-411.446	-423.4859	12.03986	0.810332	0.0831872	0.0393131	0.0671679	0.742751	1.50455	0.6553224	0.3939443
7590	-417.7555	-428.6477	10.89215	0.873035	0.108154	0.0051084	0.0137024	0.9165628	1.123016	0.6617908	1.819025
7596	-417.4042	-429.2819	11.87765	0.748103	0.135972	0.0848828	0.0310423	0.8648013	1.268998	0.6066427	0.6845302
7602	-415.2631	-427.1641	11.90101	0.791147	0.0438599	0.0023355	0.162658	0.3795576	0.8082481	1.615836	0.5800759
7608	-419.3009	-429.9583	10.6574	0.716924	0.0886905	0.00472269	0.189663	0.3795576	1.283817	1.334139	1.787098
7614	-410.0623	-421.7629	11.70059	0.841762	0.0203229	0.0281141	0.109801	0.4373933	1.372107	1.016605	0.8866291
7620	-409.9558	-421.4413	11.48558	0.898943	0.0232595	0.0450649	0.0327328	0.4519506	0.6493874	1.797053	0.8220161
7626	-407.3717	-418.4958	11.12408	0.919053	0.0237798	0.0237021	0.0334651	0.4002863	0.7251804	1.871791	1.041336
7632	-407.4951	-419.5196	12.02445	0.919053	0.0237798	0.0237021	0.0334651	0.2764754	1.637957	0.5070384	0.7349038
7638	-416.1646	-427.9132	11.74859	0.86252	0.0794297	0.0330843	0.0249662	0.3149845	0.8606842	1.176109	1.278586
7644	-414.4888	-425.3363	10.8475	0.818716	0.104737	0.0436256	0.0329209	0.5914396	1.067445	1.346307	1.552819
7650	-410.7276	-423.4009	12.67333	0.817339	0.0795458	0.0626369	0.0404787	0.3818114	0.6817241	1.20082	0.4668418
7656	-410.7265	-422.3792	11.65276	0.863662	0.0194726	0.0574012	0.0594638	0.3818114	0.9808997	1.41593	0.9056079
7662	-407.6438	-420.2719	12.62811	0.885674	0.00952389	0.0573018	0.0474998	0.3917362	0.5265414	1.068426	0.7942184
7668	-407.984	-420.2581	12.27407	0.916222	0.00697916	0.041991	0.0348081	0.4295175	0.2597156	1.450534	0.9194715
7674	-410.3275	-420.897	10.5695	0.918046	0.010203	0.0368731	0.0348774	0.4906203	0.3051615	2.168283	1.524705
7680	-407.3531	-418.0625	10.70938	0.902726	0.026721	0.0362578	0.0342954	0.4906203	0.7082518	1.805154	1.524705
7686	-408.8182	-420.9789	12.16063	0.902726	0.026721	0.0362578	0.0342954	0.3941837	0.5275518	1.312266	0.9712833
7692	-410.0123	-421.7453	11.73301	0.757517	0.119471	0.00409597	0.118916	0.4529887	0.889143	1.312266	0.9849687
7698	-408.2402	-419.6043	11.36406	0.860274	0.0096757	0.0472271	0.082823	0.5369292	0.7516611	1.6335	0.9849687
7704	-406.0065	-418.2477	12.24112	0.843829	0.00949073	0.0654408	0.0812397	0.4989466	0.3831891	1.424341	0.8010634
7710	-413.9632	-426.0816	12.11834	0.704109	0.0935576	0.0728053	0.129528	0.5074689	0.2744005	1.600705	0.7887374
7716	-413.9608	-424.7515	10.79071	0.773598	0.0462059	0.0799904	0.100206	0.6148618	0.2088856	2.18164	1.219835
7722	-406.4287	-417.3009	10.87226	0.841686	0.0345997	0.0197136	0.104001	0.5656036	0.272805	2.120461	1.219835
7728	-407.0139	-417.4444	10.43054	0.87311	0.0255803	0.0145747	0.0867355	0.5487182	0.5251047	2.245493	1.234916
7734	-414.2255	-426.2708	12.04527	0.786231	0.0199544	0.0106067	0.183208	0.397783	0.4730581	1.770815	0.5392844
7740	-413.625	-425.6291	12.0041	0.746155	0.0589033	0.0106684	0.184274	0.296002	1.246416	1.330971	0.4675022
7746	-417.7514	-428.5436	10.79222	0.743561	0.148941	0.0319812	0.0755169	0.5668721	0.206398	2.533839	0.7189631
7752	-419.2522	-430.6584	11.40618	0.846459	0.0231236	0.03456	0.0958575	1.071031	1.002083	0.770992	1.1164
7758	-416.3139	-427.08	10.76607	0.846459	0.0231236	0.03456	0.0958575	0.9633344	0.8115343	1.056114	1.907351
7764	-414.8114	-426.5081	11.69671	0.848356	0.0307261	0.0600467	0.0608709	0.4340049	1.566442	1.102536	0.6219854
7770	-411.1577	-423.3741	12.21634	0.916624	0.00418266	0.0667788	0.0124146	0.5523496	0.9959262	1.026673	0.6361522
7776	-416.4891	-428.8261	12.33698	0.925813	0.00422459	0.0606645	0.00929827	0.5524593	0.6524975	1.195242	0.6716422
7782	-414.6836	-425.2125	10.52897	0.809887	0.0539203	0.0100728	0.12612	0.6486199	0.803644	1.491096	1.970387
7788	-414.8283	-425.063	10.23476	0.859938	0.0572526	0.0106953	0.0721139	0.7055296	0.7789753	1.445353	2.415696
7794	-415.9407	-426.6657	10.72507	0.860727	0.0573051	0.00978845	0.07218	0.3942856	0.2786991	1.537108	2.720957
7800	-412.1196	-424.2319	12.11229	0.933568	0.0417705	0.0193167	0.00534441	0.44277	0.3768375	1.432256	0.9750989
7806	-408.7447	-420.9666	12.22197	0.893642	0.0870984	0.0141436	0.00511584	0.44277	0.4112303	1.470778	0.7862229
7812	-410.3794	-422.9685	12.58908	0.833794	0.085078	0.0153821	0.0657455	0.383568	1.065911	1.053135	0.2673375
7818	-411.2179	-423.7373	12.5194	0.85868	0.101162	0.0182902	0.0218673	0.3940099	1.065911	1.109894	0.268404
7824	-413.2251	-425.0647	11.83959	0.875987	0.0778614	0.0232282	0.0229231	0.4026815	1.060458	0.859901	1.242532
7830	-410.7927	-423.0532	12.26047	0.919414	0.032147	0.0243798	0.0240595	0.2592131	1.818175	0.4760813	0.2711154
7836	-409.8371	-421.3128	11.47566	0.944961	0.0228366	0.0162075	0.0159946	0.3176225	1.696128	0.4923199	1.206484
7842	-408.5023	-420.3303	11.82801	0.89733	0.0446915	0.0108576	0.0471214	0.5413001	1.507695	0.6173116	0.823769
7848	-407.6309	-419.9775	12.3466	0.89618	0.0454664	0.0108436	0.04751	0.3753692	1.416447	0.5713707	0.5789599
7854	-410.9876	-421.552	10.56434	0.882761	0.0416119	0.0288286	0.0467986	0.5026012	1.223265	0.9284894	2.458767
7860	-412.4595	-424.0458	11.58631	0.858795	0.0599849	0.0209041	0.060316	0.3416627	0.9267461	0.8304371	1.773069
7866	-413.6429	-424.9764	11.33349	0.844553	0.0583291	0.0249957	0.0721218	0.3660187	1.074378	0.6827407	2.016112
7872	-415.6991	-428.2763	12.5772	0.822597	0.0828104	0.0243459	0.0702468	0.5201656	0.9911959	0.9481676	0.3856193
7878	-411.0445	-423.3658	12.32122	0.850623	0.117134	0.015979	0.0162635	0.3905511	0.8886926	0.8612882	0.9338933
7884	-413.2447	-424.5761	11.33144	0.807297	0.141029	0.0496922	0.00198198	0.8066101	0.237591	1.774737	1.048817
7890	-413.8432	-425.04	11.19681	0.808257	0.179381	0.0102907	0.00207129	0.8066101	0.817334	1.301419	1.24852
7896	-411.2302	-423.0709	11.84079	0.803479	0.184232	0.0102299	0.00205905	0.3481366	1.446599	0.5144233	1.06665
7902	-411.4045	-423.6388	12.23431	0.956692	0.0244893	0.00880117	0.0100173	0.2212129	1.541345	0.4871702	0.6250999
7908	-415.1345	-426.5611	11.42654	0.898774	0.0778538	0.00226103	0.0211111	0.2212129	1.541345	0.366535	1.396808
7914	-412.0724	-422.8872	10.81477	0.822658	0.0728912	0.00211691	0.102334	0.2212129	1.809384	0.2552045	1.634763
7920	-412.866	-423.8212	10.95524	0.847031	0.0204598	0.00474557	0.127764	0.4302904	1.84543	0.3719333	1.479451
7926	-412.8109	-423.9478	11.13682	0.915935	0.0228315	0.00275884	0.0584742	0.366115	1.66501	0.3418532	1.51192
7932	-411.4807	-423.4691	11.98835	0.816388	0.0422271	0.00252101	0.138864	0.5494151	1.787226	0.3597068	0.1829277
7938	-409.9345	-422.0137	12.07918	0.816388	0.0422271	0.00252101	0.138864	0.3834688	1.787226	0.2730867	0.2435961
7944	-410.6843	-419.5058	8.821556	0.865856	0.032458	0.00138437	0.100301	0.2429944	1.93737	0.2926123	4.917195
7950	-406.8851	-417.5621	10.67695	0.873097	0.0274693	0.000681397	0.0987527	0.2429944	2.540583	0.09343916	0.2486359
7956	-413.1925	-423.6612	10.46873	0.897794	0.0282463	0.000700672	0.0732586	0.2429944	2.760508	0.0950513	0.2720456
7962	-418.3863	-430.8509	12.46461	0.667882	0.184767	0.0231283	0.124223	0.1865219	0.2841509	1.779626	0.3001861
7968	-419.2995	-431.9559	12.6564	0.115805	0.579981	0.0869755	0.217238	0.1803389	0.05944227	1.779626	0.183093
7974	-415.4073	-428.2206	12.81329	0.142835	0.56626	0.0849179	0.205987	0.09748351	0.09067022	1.424786	0.3651353
7980	-415.5305	-428.3885	12.85801	0.529492	0.37714	0.0440419	0.0493263	0.187091	0.04619368	1.623041	0.39959
7986	-414.9239	-427.5633	12.63932	0.292879	0.598476	0.0476539	0.060991	0.2135585	0.3999337	1.596582	0.2656182
7992	-416.7625	-429.0061	12.24358	0.363504	0.482169	0.133162	0.0211661	0.1415998	0.7724874	1.129078	0.8171373
7998	-416.6737	-427.1402	10.46656	0.725945	0.148069	0.0290625	0.0969238	0.08689843	0.7724874	1.459354	2.038868
8004	-418.9507	-430.4221	11.47145	0.556504	0.210794	0.0490266	0.183676	0.05342978	1.342145	0.9009081	0.515076
8010	-419.5032	-431.263	11.7598	0.629555	0.238464	0.0509107	0.0810708	0.1480198	0.7259036	0.8191787	1.73361
8016	-416.1344	-428.6277	12.49322	0.276077	0.662082	0.0309049	0.0309361	0.4112552	0.6039502	1.197302	0.6967571
8022	-413.5353	-425.9742	12.43882	0.503907	0.386762	0.0294457	0.0798853	0.1004741	0.7627479	1.239564	0.2805375
8028	-410.5551	-422.8177	12.26269	0.535854	0.411283	0.0313125	0.0215501	0.06810609	0.3975034	1.403453	0.1897457
8034	-414.3541	-424.3281	9.973981	0.616848	0.356214	0.00846158	0.0184764	0.06457077	0.8408382	1.028289	3.060514
8040	-413.1143	-424.0166	10.90237	0.361707	0.496379	0.121284	0.0206304	0.05442699	0.3864827	1.538507	1.315387
8046	-414.4686	-425.6427	11.17409	0.828839	0.131158	0.0345523	0.00545116	0.0640896	1.622193	0.5242017	0.918312
8052	-414.4179	-425.3023	10.8844	0.156625	0.707349	0.10717	0.0288564	0.05638358	1.842073	0.6741928	0.8106384
8058	-413.49	-423.9739	10.48387	0.843608	0.125168	0.0180916	0.0131323	0.03152856	1.744993	0.6387527	0.5852992
8064	-414.4612	-425.1017	10.64053	0.530758	0.407185	0.0588538	0.00320411	0.03396521	1.744993	0.6682428	0.5267155
8070	-412.9849	-424.6226	11.63767	0.506317	0.377543	0.0456389	0.0705015	0.05327846	1.437976	0.6695697	0.4103413
8076	-416.0636	-425.237	9.173345	0.727009	0.171575	0.0345394	0.0668759	0.04183222	1.437976	0.8578734	2.840869
8082	-415.9958	-425.3321	9.336264	0.393525	0.35023	0.0812743	0.174971	0.02197028	1.319557	1.238255	1.013556
8088	-408.0225	-418.6633	10.64078	0.694364	0.246948	0.0241513	0.0345362	0.02563719	1.264228	0.9655668	0.3084478
8094	-412.9968	-424.2189	11.22208	0.495205	0.293429	0.0530051	0.158361	0.0341707	1.186929	0.8106631	0.152173
8100	-413.2118	-424.6094	11.39764	0.663938	0.237228	0.0208475	0.0779871	0.0445948	1.003666	1.20912	0.1665995
8106	-411.8099	-423.1599	11.35002	0.29025	0.490117	0.0602566	0.159376	0.03336145	0.6570073	1.20912	0.1665995
8112	-408.5794	-418.6336	10.05423	0.343708	0.473448	0.0582072	0.124637	0.02240474	1.208117	1.252697	0.143451
8118	-408.3801	-419.8086	11.42854	0.123143	0.646274	0.0618387	0.168745	0.0356032	1.142654	0.7480118	0.1860275
8124	-416.3546	-427.5463	11.19166	0.0745541	0.419389	0.0401292	0.465928	0.04640692	1.142654	1.152485	0.1108697
8130	-414.6207	-426.5287	11.90796	0.20713	0.542021	0.0272705	0.223578	0.06920102	0.5813569	1.428398	0.123719
8136	-410.5339	-422.0209	11.487	0.510026	0.37314	0.0406498	0.0761835	0.06986365	0.5520153	1.763305	0.123719
8142	-415.4345	-427.5758	12.14137	0.865499	0.0132932	0.0222482	0.0989592	0.4735058	0.6796828	1.422873	0.6402754
8148	-409.6168	-421.1013	11.48447	0.918021	0.00768106	0.00842554	0.0658721	0.4009216	1.278325	1.422873	0.7579091
8154	-406.5542	-418.0497	11.4955	0.818963	0.00685225	0.0075164	0.166668	0.3344224	1.29267	1.034706	1.240551
8160	-407.2917	-418.6451	11.35343	0.82452	0.00689874	0.000782241	0.167799	0.2184295	1.193817	1.215945	1.30778
8166	-408.9905	-419.6102	10.61975	0.82452	0.00689874	0.000782241	0.167799	0.271677	1.437874	1.324372	1.730877
8172	-408.401	-419.2845	10.88348	0.821445	0.0125715	0.00142547	0.164558	0.3241631	1.426027	1.552143	1.088878
8178	-410.8926	-423.2069	12.31433	0.850098	0.0105095	0.00182663	0.137566	0.2147958	1.409883	0.8988631	0.466002
8184	-407.6501	-419.3982	11.74815	0.943241	0.0151109	0.00202677	0.039621	0.2147958	1.896409	0.6354749	0.7169153
8190	-403.7826	-415.5987	11.81609	0.943981	0.0151228	0.00124367	0.0396521	0.2147958	2.176487	0.7259962	0.2357238
8196	-408.0718	-420.0337	11.96188	0.881512	0.0127858	0.00116137	0.104541	0.1940005	1.658461	0.8196905	0.6176353
8202	-404.8393	-416.995	12.1557	0.908091	0.021799	0.00274532	0.0673645	0.248201	1.852293	0.5571251	0.3880012
8208	-409.0493	-420.2734	11.22406	0.780428	0.025418	0.00166462	0.19249	0.248201	1.992366	0.3948974	1.153124
8214	-407.5818	-420.0536	12.47188	0.936274	0.0304938	0.00417994	0.0290518	0.2268917	1.594572	0.4949319	0.2099445
8220	-410.2903	-422.8164	12.52604	0.817743	0.0630682	0.00407408	0.115115	0.3094389	1.390622	0.3995193	0.4542711
8226	-409.8431	-421.4192	11.57604	0.89846	0.0177432	0.00929545	0.0745013	0.3137457	1.657365	0.8063906	1.00618
8232	-406.0968	-418.4636	12.3668	0.877072	0.018921	0.0122967	0.0917099	0.2796541	1.24334	0.7383145	0.7015186
8238	-410.1115	-421.7453	11.6338	0.942919	0.0203415	0.0132199	0.0235197	0.2856057	1.363468	0.7707749	1.29227
8244	-411.4601	-423.434	11.97398	0.91966	0.0531354	0.00501978	0.0221844	0.2358578	1.363468	0.9022467	0.8421907
8250	-417.5445	-428.3178	10.77334	0.87129	0.00188	0.00576733	0.121063	0.4846439	0.9265442	1.855074	1.140071
8256	-411.5106	-422.8132	11.30259	0.909889	0.00164649	0.00478103	0.0836836	0.6218818	0.9436305	1.353956	1.140071
8262	-406.2253	-417.2125	10.98726	0.93573	0.00415139	0.0100181	0.0501007	0.3368408	1.716755	0.667328	1.673782
8268	-412.4364	-423.8704	11.434	0.90234	0.0396868	0.00966057	0.0483129	0.3611439	1.223406	0.7212024	1.673782
8274	-410.7887	-422.1217	11.33295	0.927233	0.0187841	0.00397307	0.0500103	0.2933831	1.087365	1.044202	1.673782
8280	-413.8043	-425.3804	11.57611	0.86121	0.0092257	0.00369017	0.125874	0.2051567	1.750716	0.7450357	0.9592054
8286	-409.2543	-421.3902	12.13586	0.804427	0.0437177	0.00896091	0.142895	0.3175253	1.423785	0.6140935	0.7954672
8292	-416.8199	-428.6901	11.87026	0.85187	0.056193	0.0643032	0.0276337	0.4905281	1.285122	0.75291	0.9786858
8298	-411.7186	-423.8877	12.16908	0.901273	0.015133	0.0225412	0.0610528	0.3406341	1.345607	0.9251179	0.6242019
8304	-407.6949	-419.2546	11.55967	0.924628	0.0025447	0.0101924	0.0626349	0.3097967	2.396975	0.6677375	0.3824726
8310	-403.3042	-415.6897	12.38551	0.925484	0.00279855	0.00733223	0.0643848	0.3186144	1.65403	0.42972	0.3005639
8316	-405.7568	-418.1115	12.35461	0.836238	0.00439485	0.0115145	0.147853	0.4016261	0.7797814	1.116517	0.7560755
8322	-408.254	-420.158	11.90404	0.89807	0.0429232	0.0422969	0.01671	0.4061036	1.424729	0.9542955	0.7269785
8328	-414.4703	-425.8045	11.33418	0.888953	0.064476	0.0418675	0.00470406	0.3495551	1.250051	1.12843	1.342261
8334	-414.4302	-427.3993	12.96908	0.773399	0.107229	0.0458938	0.073479	0.4926606	0.6114369	0.7124854	0.593647
8340	-417.5692	-428.0966	10.52748	0.781041	0.112424	0.0321771	0.0743579	0.7313593	1.369744	0.5835138	2.279086
8346	-416.4973	-427.5143	11.01704	0.745949	0.104191	0.011442	0.138418	0.332906	1.425004	0.4731135	2.07107
8352	-411.3417	-423.6814	12.33964	0.825209	0.066891	0.000712239	0.107187	0.2904385	1.371232	0.4800745	0.6844332
8358	-410.5859	-422.3341	11.74818	0.863134	0.0122652	0.000517967	0.124083	0.3343448	1.53769	0.4219879	1.06385
8364	-408.7889	-420.4228	11.63386	0.791537	0.0323713	0.00136707	0.174725	0.3343448	1.728107	0.4860322	1.000386
8370	-414.7074	-426.0361	11.32862	0.85535	0.0295054	0.0201888	0.0949554	0.6641023	0.01267339	1.664475	1.639626
8376	-409.5223	-421.2234	11.7011	0.858894	0.0342444	0.0115128	0.0953488	0.5330947	0.05436307	1.664475	1.320439
8382	-409.9636	-420.541	10.57739	0.876391	0.0222073	0.000442006	0.10096	0.2828974	1.648495	0.4545796	2.405409
8388	-413.639	-423.0062	9.367215	0.93777	0.0531785	0.00100177	0.00804939	0.4170051	1.416948	0.5730062	4.903228
8394	-415.149	-425.4415	10.29247	0.937934	0.0531877	0.000827656	0.00805079	1.010452	1.286292	0.9983088	1.921516
8400	-409.5976	-422.1256	12.52802	0.855976	0.0327822	0.012786	0.0984559	0.498193	0.06376643	1.238553	1.06163
8406	-415.8622	-428.6359	12.77368	0.846343	0.0728513	0.00367569	0.0771302	0.5056135	0.05479299	1.365765	0.6725804
8412	-408.8868	-420.5543	11.66757	0.848108	0.0730033	0.00159768	0.0772911	0.6318589	0.1548904	1.346107	1.612443
8418	-406.262	-418.6612	12.39921	0.862587	0.09107	0.000912667	0.0454302	0.4882348	0.1041758	1.208301	1.200808
8424	-409.7694	-422.3208	12.55142	0.851157	0.0122136	0.0279276	0.108702	0.4512154	0.7678662	0.9605956	0.6919212
8430	-409.9558	-421.3139	11.35808	0.871547	0.013389	0.0695414	0.0455223	0.644637	0.8750111	1.04224	1.526959
8436	-414.798	-426.4741	11.67614	0.860842	0.0166501	0.0740404	0.0484674	0.6068696	0.6085121	1.12369	1.412772
8442	-416.7292	-429.4707	12.74149	0.716012	0.0339789	0.151099	0.0989105	0.4757275	0.740688	0.8611437	0.600436
8448	-410.7343	-423.2041	12.46985	0.84506	0.00473421	0.0538418	0.0963635	0.4757275	0.9650064	0.8425539	0.6598175
8454	-421.5549	-433.5962	12.04128	0.79623	0.0633462	0.042464	0.0979599	0.6479958	1.406124	0.9633134	0.3499581
8460	-423.4422	-434.7468	11.30458	0.630602	0.301487	0.0135119	0.0543997	1.042047	1.181357	0.5585077	1.172078
8466	-419.618	-428.5769	8.958873	0.446946	0.493463	0.0210341	0.0385564	0.4555756	1.495681	0.3827998	5.548029
8472	-409.7971	-422.5353	12.73818	0.910296	0.0349208	0.0485472	0.00623615	0.3778786	0.7701646	0.9254194	0.6046058
8478	-415.1542	-427.3165	12.16237	0.89142	0.053926	0.0475406	0.00711293	0.5043891	1.281669	0.7473471	0.6910347
8484	-418.0021	-430.3182	12.31609	0.795592	0.0450275	0.0845071	0.0748736	0.462692	1.198235	1.097515	0.3261623
8490	-410.1547	-422.1062	11.95146	0.838737	0.0178804	0.0300276	0.113355	0.3114975	1.424862	0.8922741	0.798982
8496	-408.8752	-420.6664	11.79112	0.888164	0.0189341	0.0317972	0.0611044	0.3759187	1.424862	0.6870087	1.061884
8502	-409.0186	-421.0842	12.06557	0.888204	0.0301439	0.0205446	0.0611071	0.318422	1.565979	0.4466962	0.7424046
8508	-412.0876	-424.1821	12.09451	0.83929	0.0850267	0.0121496	0.0635335	0.3226276	1.290503	0.7168355	0.9122373
8514	-413.1944	-424.435	11.2406	0.808978	0.117823	0.0117508	0.0614484	0.2620615	1.335882	1.048516	1.492442
8520	-412.671	-424.8896	12.21865	0.811774	0.11823	0.00833573	0.0616608	0.4083403	1.626889	0.6572315	0.4370351
8526	-415.1331	-427.1724	12.03937	0.79217	0.106218	0.0220381	0.079574	0.4083403	1.130845	1.442251	0.2345241
8532	-413.3716	-424.4772	11.1056	0.849824	0.0111713	0.00456466	0.13444	0.2667075	2.10771	0.2846276	1.045147
8538	-408.8183	-418.4381	9.619755	0.874645	0.00932487	0.00381021	0.11222	0.2218051	2.733004	0.1229428	1.408279
8544	-410.5543	-418.3135	7.75915	0.874645	0.00932487	0.00381021	0.11222	0.2218051	2.981328	0.08828959	3.344416
8550	-417.4402	-429.6735	12.23328	0.53417	0.370233	0.0294938	0.0661035	0.4085702	0.9815136	1.36342	0.375875
8556	-414.6529	-427.1871	12.53418	0.738393	0.130912	0.0353832	0.0953122	0.517488	0.7776978	1.247089	0.2685734
8562	-413.4668	-421.8117	8.344871	0.894554	0.0255448	0.000363804	0.0795374	0.1565854	3.070643	0.06347528	1.789086
8568	-412.2589	-420.211	7.952044	0.900548	0.0436996	0.000622361	0.05513	0.2584961	2.379726	0.1428301	4.939349
8574	-412.0048	-419.1435	7.13878	0.721574	0.153307	0.00227864	0.122841	0.2881524	2.12064	0.2048177	8.582377
8580	-412.0978	-419.763	7.665156	0.804984	0.0508874	0.00708819	0.137041	0.3500552	2.12064	0.1831214	6.652824
8586	-411.2563	-420.9442	9.68787	0.860286	0.0742168	0.00757514	0.0579223	0.3612474	2.158866	0.2615781	2.662797
8592	-414.899	-424.8437	9.944653	0.738227	0.15983	0.0117903	0.0901526	0.4580813	1.803322	0.3653857	2.890389
8598	-412.5876	-424.9579	12.3703	0.610061	0.253175	0.018676	0.118088	0.3188955	1.613359	0.3500558	0.3209322
8604	-412.9826	-425.0022	12.01963	0.64041	0.30114	0.0451605	0.0132898	0.3282989	1.375292	0.6320278	0.942195
8610	-410.7614	-422.8136	12.05224	0.778786	0.10004	0.0675724	0.0536016	0.5616823	1.557818	0.5550988	0.56058
8616	-412.1957	-424.2574	12.06173	0.784251	0.100742	0.0610285	0.0539778	0.3567079	1.541137	0.5447537	0.7489976
8622	-409.843	-420.7944	10.95133	0.329796	0.355203	0.0355527	0.279449	0.04933549	1.716925	0.3972559	0.74597
8628	-413.3324	-422.3958	9.063381	0.363209	0.310615	0.0240466	0.30213	0.08203969	1.944793	0.2682446	3.406609
8634	-412.877	-424.2057	11.32874	0.233109	0.509776	0.0172425	0.239873	0.1026737	1.924922	0.2003115	0.5505698
8640	-411.3595	-423.5044	12.14485	0.791565	0.0661753	0.043003	0.0992564	0.5388937	1.439464	0.7409232	0.5278018
8646	-411.2341	-423.4192	12.18508	0.875346	0.00598414	0.0475545	0.0711158	0.6662111	1.303045	0.6721614	0.5306821
8652	-413.2612	-425.351	12.08977	0.878546	0.00663246	0.0389363	0.0758849	0.3039611	1.392472	0.4029743	0.8771848
8658	-414.5727	-426.4686	11.89595	0.88594	0.00668828	0.0308481	0.0765235	0.4820739	1.392472	0.3303206	0.8771848
8664	-414.9924	-426.6542	11.66174	0.904382	0.0165098	0.0305124	0.0485953	0.4658397	1.392472	0.995031	0.8997495
8670	-412.6116	-424.4499	11.83833	0.853925	0.0155887	0.0506562	0.0798298	0.3114883	1.542181	0.3111584	0.8997495
8676	-414.8584	-425.7321	10.87372	0.895557	0.0122173	0.0397008	0.0525246	0.3914264	1.53737	0.2969549	1.905349
8682	-418.2271	-428.4406	10.2135	0.905719	0.0109589	0.0358682	0.0474541	0.3914264	2.396703	0.4052801	1.771716
8688	-410.3363	-422.1888	11.85249	0.905719	0.0109589	0.0358682	0.0474541	0.3914264	1.429215	0.5960436	1.02324
8694	-411.903	-424.3984	12.49549	0.888181	0.0266411	0.0330797	0.0520983	0.4087173	1.429215	0.5960436	0.3723276
8700	-409.9255	-421.6246	11.69911	0.877357	0.0263164	0.0326765	0.0636505	0.2958906	1.429843	1.064078	0.8825248
8706	-410.2838	-422.3553	12.07151	0.892032	0.0100295	0.0332231	0.0647152	0.4448942	1.361833	0.8455176	0.6866367
8712	-409.9389	-421.892	11.95307	0.908805	0.0125758	0.0416577	0.0369611	0.4197066	1.361833	1.12159	0.5647994
8718	-410.88	-423.1811	12.30112	0.907155	0.00986244	0.0415821	0.0414002	0.2930957	1.361833	0.7039063	0.6674294
8724	-407.5297	-419.6515	12.12178	0.871027	0.0242425	0.0299814	0.0747491	0.3248868	1.302153	0.7524477	0.8511791
8730	-408.2761	-420.2135	11.93742	0.885948	0.00752777	0.030495	0.0760296	0.4363769	1.756639	0.623014	0.5792753
8736	-415.273	-426.0465	10.77354	0.848649	0.0266133	0.0519085	0.0728287	0.3829799	1.756639	1.025639	1.500063
8742	-408.0106	-419.0815	11.07091	0.887496	0.0126575	0.0187259	0.0811204	0.3541175	1.83601	0.7902875	1.335918
8748	-416.7495	-427.7512	11.00169	0.835212	0.0321404	0.0272767	0.105371	0.2187986	1.47736	0.600927	2.027814
8754	-411.503	-423.4779	11.97484	0.859502	0.0274029	0.023256	0.0898392	0.2187986	1.596508	0.4611906	0.8149439
8760	-410.8936	-422.5887	11.69507	0.863852	0.0275416	0.027488	0.0811181	0.2688581	1.021887	0.7000689	1.672274
8766	-410.2427	-422.0636	11.82086	0.868957	0.0277043	0.0217413	0.0815974	0.2960957	1.408154	0.6125567	1.133882
8772	-409.9986	-421.3564	11.35784	0.910988	0.0256036	0.0200927	0.0433161	0.5764383	1.546252	0.6134515	1.223499
8778	-413.2434	-425.3146	12.07119	0.842885	0.0211648	0.0223263	0.113624	0.2691058	1.766755	0.7511624	0.4758931
8784	-414.3768	-426.462	12.08511	0.811432	0.0260975	0.0266817	0.135789	0.4766232	1.605767	0.9295867	0.2804002
8790	-408.5233	-420.2111	11.68775	0.900253	0.0106201	0.0240849	0.0650415	0.380504	1.692559	0.9766222	0.6778744
8796	-405.8855	-418.1821	12.29664	0.824709	0.016188	0.0367122	0.122391	0.380504	1.522453	0.5463532	0.5258153
8802	-408.5384	-420.204	11.66554	0.934491	0.0183429	0.0415992	0.00556686	0.6803154	1.503421	0.557878	0.8608198
8808	-410.4949	-422.7712	12.27627	0.966495	0.0182229	0.0106802	0.00460176	0.4435277	1.375246	0.9065113	0.4209928
8814	-406.9536	-418.6222	11.66856	0.963252	0.0181617	0.0106443	0.00794241	0.2733468	2.184599	0.5392849	0.5517974
8820	-405.6316	-417.921	12.28945	0.963252	0.0181617	0.0106443	0.00794241	0.240187	1.318079	1.008203	0.4876772
8826	-405.679	-417.2792	11.60026	0.898076	0.0172421	0.00941215	0.0752702	0.3097262	1.284174	0.9028509	1.289012
8832	-411.7136	-424.2812	12.56761	0.876816	0.00511943	0.0107668	0.107297	0.4021331	0.8854931	1.069838	0.4993063
8838	-407.9786	-420.5433	12.56465	0.822661	0.00678577	0.0137903	0.156762	0.4021331	1.004174	0.9196738	0.532394
8844	-416.857	-429.3657	12.50865	0.873691	0.0161327	0.0544244	0.0557515	0.4021331	0.641572	0.8081861	1.026025
8850	-411.3171	-423.3494	12.03226	0.906826	0.00827743	0.0428483	0.0420486	0.4704567	1.637762	0.8081861	0.4620414
8856	-412.0467	-423.2147	11.16798	0.807506	0.0313642	0.0350609	0.126069	0.4466043	0.9301512	1.575057	1.176264
8862	-409.1291	-421.8237	12.69463	0.830625	0.0337779	0.0520825	0.0835146	0.3732924	0.6765836	1.065091	0.606418
8868	-407.1786	-418.8494	11.67086	0.839525	0.0434899	0.0291163	0.0878684	0.4091641	1.344762	1.049203	0.9340776
8874	-409.007	-421.5604	12.5534	0.853323	0.0442046	0.0182759	0.0841959	0.4414882	0.902368	0.8866964	0.635565
8880	-414.6204	-426.1551	11.53472	0.864323	0.0447744	0.0272464	0.0636564	0.4210776	0.9318138	1.010777	1.554549
8886	-416.4271	-429.1106	12.68358	0.831302	0.0546256	0.0356989	0.0783731	0.4542722	0.3489298	1.135093	0.7883567
8892	-412.3082	-425.1766	12.86835	0.811223	0.0328211	0.0348366	0.121119	0.545434	0.0638693	1.135093	0.7977325
8898	-410.5424	-423.5282	12.98574	0.812678	0.0289082	0.0291063	0.129308	0.4069403	0.04112755	1.135093	0.8346224
8904	-407.7922	-420.997	13.20477	0.913682	0.0244906	0.0459798	0.0158471	0.4069403	0.04724093	0.9083146	0.8399323
8910	-406.6102	-419.5959	12.9857	0.927594	0.0193757	0.0466799	0.00635045	0.4794995	0.02554816	1.064817	0.8589964
8916	-412.2292	-424.6319	12.40272	0.777323	0.134376	0.0358231	0.0524784	0.5178571	0.03188919	1.368553	1.038578
8922	-409.5915	-421.8933	12.30187	0.874481	0.0757449	0.0201927	0.029581	0.4597412	0.1200479	1.422967	1.038578
8928	-409.4068	-421.3158	11.90897	0.852879	0.0144827	0.00697774	0.125661	0.4597412	0.609853	1.236303	1.178673
8934	-412.5273	-424.7	12.17272	0.817101	0.0437604	0.0187494	0.120389	0.4135734	0.5166477	1.124912	1.178673
8940	-424.6837	-433.6811	8.997354	0.545124	0.366768	0.0155636	0.0725452	0.7908639	1.511624	0.4729905	4.680124
8946	-413.2245	-425.5174	12.29291	0.731742	0.0988438	0.0366284	0.132786	0.3379465	1.723734	0.3914625	0.2870024
8952	-412.8211	-424.8791	12.05795	0.892186	0.0870073	0.0121969	0.00860956	0.3925431	0.8705939	1.175211	0.8973731
8958	-419.0498	-431.8807	12.83088	0.747396	0.163469	0.0232686	0.0658671	0.3951266	0.4515952	1.039598	0.09049436
8964	-416.9601	-429.6598	12.69975	0.710485	0.162824	0.0459024	0.0807886	0.4587154	1.05219	0.8605097	0.3206514
8970	-415.6724	-428.5512	12.8788	0.678846	0.155573	0.0627329	0.102848	0.4592875	0.7683421	0.9799652	0.2029426
8976	-411.4878	-423.7683	12.2805	0.815481	0.090645	0.0753595	0.0185144	0.4283676	0.4178479	1.131875	1.14739
8982	-409.8354	-423.1195	13.28416	0.815481	0.090645	0.0753595	0.0185144	0.4283676	0.1864966	0.8429093	0.6676979
8988	-411.5361	-423.127	11.59088	0.955893	0.0150338	0.01938	0.00969306	0.5570848	0.8468016	1.294463	1.088786
8994	-408.6737	-420.46	11.78638	0.919519	0.00853702	0.046107	0.0258366	0.3365498	1.243899	0.8191577	1.19163
9000	-409.0868	-420.9333	11.84651	0.920108	0.00790261	0.0461365	0.0258532	0.3523187	1.275442	0.7791751	1.116181
9006	-414.3295	-424.7612	10.4317	0.927246	0.0172281	0.0355849	0.0199405	0.3523187	1.275442	0.6142696	3.144435
9012	-409.2806	-421.5627	12.28208	0.937971	0.0034376	0.00353525	0.0550557	0.3185481	0.8250734	0.9482956	1.008212
9018	-403.134	-415.8529	12.71881	0.893705	0.00558205	0.0113119	0.0894006	0.3185481	0.8250734	0.7768064	0.7241417
9024	-404.0704	-415.9715	11.90116	0.855665	0.00614327	0.0155215	0.12267	0.417955	0.8063828	1.481025	0.7241417
9030	-407.0608	-419.6519	12.59109	0.848732	0.0141956	0.0153957	0.121676	0.27761	1.050006	1.015234	0.4422522
9036	-406.7015	-419.0236	12.32206	0.937261	0.0154804	0.0170016	0.0302567	0.369136	1.527019	0.7834763	0.3803949
9042	-408.6774	-420.7065	12.02903	0.892523	0.0616611	0.0161901	0.0296257	0.3532682	1.948895	0.4845814	0.3803949
9048	-410.4207	-422.5649	12.14414	0.907087	0.0626672	0.0164543	0.0137916	0.3671714	1.818306	0.3689915	0.1923274
9054	-410.3202	-422.6548	12.33454	0.889933	0.0614821	0.0161431	0.0324417	0.3903206	1.589383	0.7347105	0.2785437
9060	-406.9161	-419.2122	12.29613	0.909218	0.020892	0.0164929	0.0533969	0.3857985	1.545197	0.8559145	0.2590238
9066	-408.7012	-421.0302	12.32897	0.904662	0.030865	0.0164103	0.0480627	0.2914494	1.709901	0.6445294	0.2590238
9072	-409.9459	-422.4336	12.48769	0.914864	0.0312131	0.00531803	0.0486047	0.2914494	1.566143	0.5605936	0.2070816
9078	-409.529	-422.048	12.51899	0.955978	0.0326158	0.00687075	0.00453539	0.2489745	1.240769	0.8093854	0.5142689
9084	-414.9615	-426.8172	11.85566	0.95036	0.0393655	0.00298598	0.00728836	0.3211736	1.400483	0.5990439	1.098306
9090	-419.896	-430.5503	10.65423	0.77663	0.0737187	0.0575691	0.0920819	0.404083	1.055405	1.146693	2.3774
9096	-416.4392	-428.5537	12.11444	0.842442	0.0595565	0.0577125	0.0402888	0.3840258	1.193309	0.9987156	0.7231466
9102	-411.8189	-424.4062	12.58737	0.904867	0.0545463	0.00790588	0.0326813	0.3134467	1.166555	0.6400289	0.6035943
9108	-406.0245	-418.6279	12.60344	0.917358	0.0419251	0.00801502	0.0327021	0.2551406	1.111015	0.6811729	0.6386392
9114	-411.855	-422.9164	11.06136	0.825207	0.0697757	0.0133393	0.0916783	0.2551406	1.111015	0.6461659	2.445223
9120	-414.0222	-426.1709	12.14876	0.0835235	0.818622	0.0641469	0.0337078	0.1235724	0.256008	1.906858	0.1996871
9126	-412.7083	-425.4272	12.7189	0.463204	0.359047	0.0690198	0.108729	0.08839054	0.7141052	0.9365186	0.2178556
9132	-411.09	-421.6762	10.58618	0.334386	0.592592	0.059219	0.0138028	0.04455778	0.9154392	0.9365186	1.611646
9138	-414.6611	-426.1802	11.51903	0.2699	0.491374	0.190182	0.0485432	0.05102977	1.033276	1.175785	0.4381348
9144	-412.2492	-423.1606	10.91136	0.606022	0.249089	0.0955661	0.0493234	0.0536592	0.7271542	1.675682	0.7543784
9150	-413.2908	-424.8749	11.58417	0.136555	0.651357	0.166283	0.0458043	0.09451716	0.4066597	1.862026	0.6580402
9156	-415.0162	-425.1386	10.12239	0.249681	0.582695	0.0422846	0.125339	0.07706647	0.8766149	1.407292	2.331934
9162	-412.474	-425.6045	13.13046	0.390595	0.464949	0.0456615	0.0987939	0.1021509	0.07459435	1.238596	0.2082962
9168	-426.1981	-437.3911	11.19301	0.430145	0.395898	0.0458754	0.128082	0.132336	0.003395533	1.527854	2.333622
9174	-411.6035	-421.5112	9.907716	0.889732	0.0174983	0.0203213	0.0724482	0.4691725	1.244015	0.9116986	3.602872
9180	-410.3969	-421.5685	11.17163	0.851225	0.0211885	0.0500286	0.0775583	0.4389825	1.450323	0.7208044	1.638302
9186	-410.6517	-420.0394	9.387707	0.912782	0.0134306	0.0246263	0.0491611	0.5669527	1.64888	0.5295001	4.064283
9192	-409.4795	-421.2899	11.81044	0.901734	0.0272036	0.0492923	0.0217702	0.5567179	1.356449	0.7237963	0.9197238
9198	-412.3039	-424.6977	12.39374	0.882431	0.0478582	0.0314114	0.0382995	0.4964998	0.9124613	0.7237963	0.8438717
9204	-408.3369	-420.2327	11.89577	0.833821	0.0628922	0.0304929	0.072794	0.558071	1.184317	0.6220958	1.056683
9210	-407.4256	-418.5194	11.09379	0.838799	0.0820258	0.00237199	0.0768035	0.4499404	1.518186	0.7188961	1.639483
9216	-409.0589	-419.415	10.3561	0.809726	0.119277	0.00228977	0.0687074	0.4419886	0.6224805	1.893682	1.967526
9222	-412.5721	-422.4532	9.881154	0.861813	0.0614409	0.00243707	0.0743093	0.4989761	1.39895	1.221113	2.766487
9228	-408.4073	-420.7065	12.29925	0.779993	0.0564484	0.00035594	0.163203	0.2771791	0.9496313	1.051274	0.7861881
9234	-408.2018	-420.2355	12.03377	0.850608	0.0577527	0.00120868	0.0904302	0.24807	0.8693047	1.051274	1.132003
9240	-404.8309	-417.2531	12.42215	0.834948	0.065105	0.0023089	0.0976384	0.2772737	1.414505	0.8945133	0.3428291
9246	-406.3777	-418.9953	12.6176	0.801375	0.0277999	0.00317053	0.167655	0.3267748	1.288202	0.8262776	0.2366541
9252	-406.5643	-418.9986	12.43431	0.757832	0.0856249	0.00476266	0.151781	0.3267748	1.254449	1.045525	0.3087872
9258	-404.3587	-416.6675	12.30887	0.899236	0.017199	0.00233658	0.0812282	0.218453	1.724991	0.6225687	0.3087872
9264	-405.0329	-417.1674	12.13453	0.836468	0.00793609	0.00217349	0.153422	0.1869876	1.724991	0.4299123	0.5089694
9270	-409.9324	-421.0857	11.15328	0.946378	0.0018577	0.00261147	0.0491527	0.2186882	2.526734	0.9133415	0.4999055
9276	-410.9767	-421.3506	10.37388	0.86689	0.00712323	0.00233924	0.123647	0.2186882	2.421513	0.5793445	1.633803
9282	-414.7039	-426.0728	11.36886	0.797256	0.115295	0.0196046	0.0678447	0.3970659	0.9152059	1.556783	1.055152
9288	-407.4503	-418.731	11.28073	0.884287	0.0596386	0.0138569	0.0422173	0.3829166	0.4487989	1.953254	1.055152
9294	-404.8314	-417.8071	12.97565	0.874841	0.0590016	0.0243908	0.0417663	0.3829166	0.5729579	0.9539538	0.5363393
9300	-406.5253	-418.8647	12.3394	0.897262	0.0368219	0.0152219	0.0506945	0.2756289	1.116684	0.6408256	0.9008023
9306	-405.5582	-417.8767	12.31847	0.858891	0.0234903	0.0145709	0.103048	0.364028	1.033209	0.9864151	0.7076884
9312	-409.1066	-420.888	11.78143	0.754705	0.0338563	0.00203994	0.209398	0.3306007	2.000712	0.9613012	0.226275
9318	-409.2317	-421.2238	11.99204	0.862051	0.0386719	0.00233009	0.0969474	0.2889808	1.765595	0.5855918	0.629068
9324	-408.556	-420.9702	12.41413	0.863849	0.0387525	0.000249094	0.0971497	0.2889808	1.544819	0.7081439	0.3619947
9330	-407.7389	-419.4402	11.70128	0.882967	0.0396102	0.00057048	0.076852	0.2738826	1.404397	1.251712	0.7081398
9336	-410.6889	-422.3476	11.65871	0.900094	0.0403785	0.000164043	0.0593634	0.294617	1.067292	1.818704	0.2386715
9342	-417.8671	-428.3474	10.48031	0.923929	0.0302188	0.000115946	0.0457358	0.294617	1.829857	1.312381	1.440328
9348	-412.7872	-424.4298	11.64253	0.901286	0.0294782	0.000228465	0.0690069	0.294617	1.443045	1.215152	0.7622135
9354	-414.2687	-426.4964	12.22766	0.709277	0.0745925	0.005029	0.211102	0.4083722	0.635936	1.048187	1.088355
9360	-414.5702	-423.0384	8.46821	0.868038	0.0460504	0.000754749	0.0851571	0.3165182	1.496883	0.8770902	6.708125
9366	-418.9376	-429.4498	10.51228	0.747152	0.0295427	0.00957474	0.213731	0.2953423	2.605334	0.2837815	1.133689
9372	-415.2023	-424.8762	9.673925	0.840112	0.0469394	0.00535614	0.107592	0.2953423	1.786417	0.3662026	3.606058
9378	-413.1397	-422.2328	9.093032	0.852921	0.0580509	0.00422181	0.0848064	0.2559099	1.927698	0.2886248	4.331769
9384	-414.489	-424.7748	10.28584	0.852787	0.0580417	0.00437861	0.084793	0.3439002	2.486971	0.121121	0.9245557
9390	-410.9118	-420.3751	9.463279	0.897646	0.0686256	0.00397585	0.0297521	0.3164866	2.486971	0.1256316	1.898851
9396	-416.8502	-426.3908	9.540581	0.968748	0.023704	0.00602621	0.00152137	0.3785402	2.345369	0.1836441	2.289248
9402	-415.5929	-426.9244	11.33145	0.302654	0.522838	0.110659	0.0638492	0.05095419	0.140984	1.605297	0.952297
9408	-414.0746	-425.1371	11.06251	0.0405863	0.527097	0.0349699	0.397347	0.04294296	0.46271	1.872634	0.2570682
9414	-412.3966	-423.8383	11.44166	0.035873	0.533009	0.0295151	0.401603	0.04648995	0.3421069	1.623427	0.1204095
9420	-405.9978	-417.5571	11.55926	0.52611	0.193508	0.0220933	0.258289	0.04648995	0.3281001	1.618382	0.148743
9426	-411.0465	-422.8259	11.77943	0.536592	0.243314	0.0442131	0.175881	0.04426677	0.3006226	1.495252	0.2072128
9432	-408.7828	-420.7877	12.00484	0.535963	0.243029	0.0441613	0.176846	0.07416484	0.27291	1.678982	0.1423322
9438	-408.096	-418.6592	10.56317	0.412855	0.191712	0.0373452	0.358088	0.02748687	1.146762	1.260701	0.2556688
9444	-414.5977	-425.1793	10.58154	0.373818	0.471619	0.0422925	0.112271	0.02808108	0.8682913	0.8151592	1.05979
9450	-410.3709	-421.1686	10.79767	0.195817	0.613219	0.0760633	0.114901	0.0276082	1.083423	0.8151592	0.1026445
9456	-409.6777	-420.1018	10.42416	0.167093	0.377837	0.0449976	0.410073	0.0276082	1.603455	0.6342384	0.1086291
9462	-411.3989	-422.6676	11.26872	0.0218465	0.243478	0.0506441	0.684031	0.0503317	1.712674	0.6081133	0.1343395
9468	-415.826	-427.7028	11.87679	0.0637177	0.37628	0.0386032	0.521399	0.07924108	1.642686	0.3584107	0.18899
9474	-415.8711	-427.6489	11.77783	0.116044	0.376239	0.0782017	0.429515	0.05913227	1.532354	0.5365005	0.2128721
9480	-411.2542	-421.9403	10.68613	0.1984	0.204816	0.0229682	0.573816	0.02639721	1.526115	0.4360642	0.1989297
9486	-410.6529	-420.611	9.958057	0.232241	0.343244	0.0466374	0.377877	0.02639721	1.533335	0.4872369	0.05969781
9492	-409.9939	-421.0923	11.09839	0.349638	0.313951	0.0578525	0.278559	0.02917799	1.018389	0.6086751	0.1071782
9498	-413.4378	-423.6221	10.18429	0.391403	0.435018	0.0451949	0.128384	0.0309041	1.018389	1.133978	1.150963
9504	-414.2398	-424.2661	10.02633	0.818778	0.0522832	0.00382393	0.125115	0.2693835	1.587743	0.6047779	3.383251
9510	-411.0726	-423.1652	12.09256	0.925528	0.0590998	0.00773074	0.00764113	0.4060711	1.61117	0.322555	0.540443
9516	-415.2258	-425.4665	10.24067	0.955226	0.0394293	0.00335579	0.00198932	0.2949099	1.61117	0.4633849	2.987344
9522	-413.189	-424.6331	11.44414	0.227345	0.539326	0.079187	0.154142	0.03497003	0.7364341	1.1361	0.1805599
9528	-412.9311	-424.428	11.49686	0.127727	0.538384	0.0382166	0.295672	0.03309296	0.5677459	1.151391	0.1682436
9534	-412.0352	-423.342	11.3068	0.271262	0.118455	0.0166348	0.593648	0.06576518	0.6654309	1.878467	0.1937476
9540	-422.7336	-433.9501	11.21648	0.874411	0.0266172	0.00133081	0.0976408	0.2238695	2.582317	0.8008593	0.4764611
9546	-408.3342	-419.9819	11.64771	0.822392	0.0165344	0.00125163	0.159822	0.2238695	2.063616	0.4328803	0.677852
9552	-401.9202	-413.8854	11.96528	0.911891	0.0140239	0.00138785	0.0726972	0.2211394	2.064119	0.3992721	0.1952204
9558	-410.9908	-421.9866	10.99582	0.92001	0.00524518	0.0014002	0.0733444	0.1673895	2.803286	0.3992721	0.528282
9564	-405.3813	-416.5502	11.16893	0.965719	0.00788024	0.000213155	0.0261873	0.2010062	2.479655	0.1833913	0.358673
9570	-407.597	-418.0896	10.49268	0.645797	0.0169224	0.000196547	0.337084	0.1846656	2.509417	0.1213044	0.08952937
9576	-406.2527	-417.2806	11.02796	0.79787	0.012642	0.000146831	0.189341	0.1950449	2.428584	0.1578959	0.1370008
9582	-406.3496	-417.0364	10.68681	0.877097	0.0309349	0.000201863	0.0917662	0.2691759	2.428584	0.1075039	0.1168295
9588	-408.0945	-418.6722	10.57775	0.87681	0.0309248	0.000529303	0.0917362	0.2691759	2.601241	0.149678	0.7156341
9594	-411.8418	-417.9049	6.063135	0.895425	0.0378513	0.00196665	0.0647573	0.24496	2.512315	0.06963466	8.192626
9600	-416.1009	-423.4406	7.339715	0.748353	0.0552036	0.000913507	0.19553	0.24496	2.509576	0.1735249	6.489361
9606	-410.1752	-420.0191	9.843897	0.768416	0.0155419	0.000304947	0.215737	0.2197605	2.289361	0.1726259	1.968573
9612	-409.6245	-418.5309	8.90635	0.776014	0.0210758	0.00119032	0.201719	0.2334112	2.543699	0.1482567	2.82279
9618	-408.8444	-419.137	10.29251	0.834116	0.00589297	0.000262741	0.159728	0.174932	2.500905	0.1042472	0.7806261
9624	-409.3594	-420.7798	11.42046	0.733783	0.00945863	0.000383697	0.256375	0.1492674	2.016693	0.337586	0.7937373
9630	-414.3874	-427.3564	12.96905	0.838452	0.125591	0.0015296	0.0344276	0.2594843	0.9741152	0.8023083	0.2888654
9636	-419.3786	-431.7605	12.38185	0.58092	0.246777	0.0759672	0.0963365	0.6134976	1.113837	0.8914451	0.1511972
9642	-414.9456	-427.2508	12.30514	0.600785	0.245645	0.0260728	0.127498	0.4145221	0.6018763	1.571909	0.4098936
9648	-416.7583	-427.7718	11.01347	0.635667	0.189832	0.0203431	0.154158	0.3612706	0.2603985	1.799644	1.849879
9654	-415.4783	-425.567	10.08864	0.634624	0.189521	0.0219503	0.153905	0.5177119	0.4825863	1.983548	2.241336
9660	-411.3273	-422.7631	11.4359	0.746515	0.168603	0.0195276	0.0653543	0.5815786	0.2008386	1.337936	1.923625
9666	-414.3826	-426.7531	12.37045	0.834406	0.0510299	0.0301277	0.0844361	0.5734364	0.2036831	1.206282	1.040302
9672	-409.5115	-421.5736	12.06208	0.833643	0.0518983	0.0301001	0.0843588	0.5734364	0.2917146	1.466262	0.9361758
9678	-416.35	-427.216	10.86595	0.863643	0.0425391	0.024672	0.0691458	0.5746772	0.3326695	1.4816	2.278558
9684	-413.0983	-425.1071	12.00888	0.0482164	0.278493	0.0482979	0.624993	0.08563349	0.9195328	1.281686	0.1445664
9690	-418.2462	-428.8205	10.57435	0.788222	0.00906828	0.0359782	0.166732	0.5759234	0.7546833	1.27539	2.469494
9696	-420.5424	-430.8425	10.30011	0.841567	0.00678405	0.0269156	0.124733	0.7749894	1.021326	1.182631	2.333603
9702	-414.3993	-424.0643	9.664984	0.78969	0.144013	0.0117669	0.0545305	0.76227	0.8691793	0.9798178	4.086833
9708	-419.4417	-429.9568	10.51511	0.729363	0.126788	0.0112295	0.13262	0.329558	0.7369258	1.314962	2.859673
9714	-410.9853	-421.6675	10.68228	0.130577	0.732845	0.0708126	0.0657653	0.02821921	1.047912	0.7974589	0.8050295
9720	-410.0852	-420.7586	10.67345	0.187264	0.718931	0.0694682	0.0243362	0.02821921	1.277118	0.8552168	0.5524775
9726	-409.5707	-420.5806	11.00985	0.694634	0.270121	0.026101	0.00914376	0.0473818	1.348833	1.263084	0.4413152
9732	-408.8648	-419.3609	10.49611	0.715496	0.251531	0.0243047	0.0086682	0.05430647	1.259209	1.560033	0.807999
9738	-413.0438	-423.0269	9.98314	0.47132	0.309321	0.0488534	0.170505	0.04244134	1.047059	1.830024	0.8549735
9744	-410.7271	-420.6195	9.89236	0.534607	0.323794	0.0430581	0.0985401	0.04244134	1.077942	2.175643	0.4070625
9750	-404.8119	-415.9894	11.1775	0.641697	0.262732	0.0349381	0.0606325	0.04701432	0.9702476	1.231346	0.6759585
9756	-410.1229	-421.4058	11.28289	0.609028	0.213137	0.0789278	0.0989074	0.04826396	0.8319967	1.385356	0.5564025
9762	-407.1173	-418.5788	11.46151	0.522949	0.368453	0.0515979	0.0569996	0.05125807	0.7165088	1.385356	0.5636908
9768	-410.4203	-421.3027	10.8824	0.358473	0.474823	0.110013	0.0566911	0.03689718	0.9595031	1.320381	0.5636908
9774	-413.6811	-424.8557	11.17459	0.183463	0.65872	0.0115825	0.146234	0.04049501	1.575185	0.3293705	0.3617014
9780	-409.0462	-420.0929	11.04664	0.0597532	0.623599	0.0232395	0.293409	0.04846182	1.313203	1.294626	0.1479656
9786	-406.4629	-416.8665	10.40356	0.0796398	0.705956	0.0910027	0.123402	0.03491567	0.7409531	1.720671	0.09832558
9792	-408.1438	-419.1427	10.99889	0.10955	0.5165	0.15872	0.215229	0.04116427	1.228142	1.04101	0.09832558
9798	-410.6241	-421.5096	10.8855	0.0468719	0.78601	0.128799	0.0383194	0.04146308	0.910857	1.606739	0.3808262
9804	-417.6073	-429.5255	11.91818	0.244901	0.722047	0.0199661	0.0130853	0.08816	0.8421086	1.502265	0.3168125
9810	-417.2212	-427.9933	10.7721	0.684499	0.0872508	0.0340771	0.194173	0.3572114	1.487899	0.4498984	2.297005
9816	-408.2353	-420.629	12.39376	0.889742	0.0179236	0.00067193	0.091662	0.265676	1.62313	0.616433	0.3516774
9822	-410.6083	-423.0043	12.39594	0.843381	0.0254602	0.000954467	0.130205	0.3376242	1.204626	0.8381379	0.102724
9828	-412.3767	-424.0829	11.7062	0.843513	0.0209076	0.00194007	0.13364	0.3146213	1.057831	1.611417	0.5748061
9834	-407.545	-419.4796	11.93462	0.843513	0.0209076	0.00194007	0.13364	0.3146213	1.896629	0.842721	0.1623828
9840	-406.9498	-418.835	11.88524	0.856922	0.00354635	0.00125148	0.13828	0.1622195	1.916076	0.3828377	0.507513
9846	-401.566	-412.6916	11.12558	0.902707	0.00225481	0.000795707	0.0942427	0.2155152	2.578725	0.3376883	0.6261914
9852	-404.5815	-416.5513	11.96984	0.913509	0.0135732	0.000805229	0.072113	0.2722926	2.10443	0.5357569	0.2289638
9858	-403.2435	-414.9402	11.69674	0.914145	0.0153234	0.00080579	0.0697256	0.2722926	1.824851	0.4945034	0.07269058
9864	-406.3408	-418.1129	11.77211	0.914145	0.0153234	0.00080579	0.0697256	0.2722926	2.156695	0.4135616	0.4622827
9870	-403.5073	-415.3009	11.79353	0.929266	0.0155768	0.00169032	0.0534668	0.2332066	1.763207	0.4135616	0.8205257
9876	-410.9387	-422.6206	11.68185	0.907656	0.0375485	0.00330973	0.0514856	0.2134077	2.009955	0.2200242	0.4469027
9882	-413.1198	-422.3528	9.233011	0.95574	0.0160151	0.00341181	0.0248333	0.2042095	1.958718	0.2611818	3.862564
9888	-404.1363	-415.057	10.92073	0.888983	0.0215053	0.00175187	0.0877602	0.216252	2.262408	0.2811292	1.063188
9894	-402.2637	-413.855	11.59131	0.888917	0.0215038	0.0018251	0.0877537	0.2287065	2.262408	0.3316413	0.4800753
9900	-418.2737	-427.3879	9.1142	0.823331	0.0557681	0.0881138	0.0327873	0.9398565	0.3239312	1.680108	4.189976
9906	-413.7227	-424.2584	10.53564	0.804545	0.0669556	0.0964606	0.0320392	0.6659004	0.4056527	1.680108	2.12448
9912	-410.3327	-422.106	11.7733	0.952509	0.00655332	0.00363527	0.0373023	0.2036695	1.891616	0.5393409	0.7176498
9918	-412.1895	-424.1369	11.9474	0.933438	0.0150031	0.00356249	0.0479966	0.2534701	2.011574	0.4035419	0.4273561
9924	-407.948	-420.4975	12.54946	0.945447	0.0151962	0.00687149	0.0324849	0.2524292	1.286064	0.6202716	0.5499324
9930	-417.6968	-429.9009	12.20406	0.79802	0.0533977	0.0613736	0.0872087	0.5732096	0.3270607	1.756682	0.3626535
9936	-409.8668	-420.7598	10.89304	0.832502	0.0124952	0.0640256	0.090977	0.5732096	0.2701162	2.289273	0.9267207
9942	-405.6123	-417.4677	11.85537	0.922463	0.0123604	0.00323288	0.0619438	0.2608206	1.596656	0.8986304	0.7370274
9948	-406.7953	-418.3278	11.53252	0.90408	0.0294449	0.00311128	0.0633634	0.3193168	1.094799	1.634798	0.6715129
9954	-406.6625	-418.5831	11.92056	0.797952	0.0301428	0.00629534	0.16561	0.3522538	1.168005	1.226768	0.7160812
9960	-412.7696	-424.4243	11.65475	0.847811	0.0484571	0.00134851	0.102383	0.3032072	1.420459	0.6460694	1.279423
9966	-411.3656	-423.0943	11.72866	0.863122	0.0372389	0.00103632	0.0986032	0.2441441	1.643439	0.8781475	0.8303243
9972	-422.2407	-427.7945	5.553739	0.878839	0.074939	0.0123513	0.0338703	0.2945049	1.939166	0.3971492	17.70349
9978	-410.7201	-420.5781	9.857909	0.868599	0.0740658	0.0122073	0.0451283	0.4424917	1.925273	0.3865991	2.879626
9984	-412.6595	-424.3672	11.70774	0.77139	0.128778	0.0304406	0.069392	0.4802264	2.114332	0.320205	0.322832
9990	-412.8932	-423.6263	10.73314	0.764528	0.151489	0.00660469	0.0773778	0.4228124	1.785144	0.3796675	1.836159
9996	-411.4118	-422.3449	10.9331	0.949542	0.0125572	0.0251259	0.0127746	0.4901826	1.785144	0.5026413	1.555578
10002	-413.1888	-425.5156	12.32681	0.898241	0.0131069	0.0753179	0.0133338	0.5064469	0.6030976	1.032115	0.9456885
10008	-416.0285	-426.7744	10.74584	0.963841	0.0179765	0.0126658	0.00551687	0.5340222	0.9133116	1.259198	2.088374
10014	-411.8686	-422.6595	10.79085	0.754006	0.214335	0.0167522	0.0149069	0.4003076	0.7869494	1.597221	1.787527
10020	-412.4453	-423.5831	11.13775	0.921338	0.0476549	0.0127922	0.0182151	0.8766057	0.5316273	1.139258	1.787527
10026	-408.2878	-419.9669	11.67914	0.941802	0.0280134	0.0130763	0.017108	0.3290399	0.9198421	0.8250057	1.681777
10032	-413.1104	-425.2598	12.14943	0.737692	0.125335	0.0703006	0.0666722	0.3866084	1.104263	0.9045902	0.8578302
10038	-408.4921	-420.2761	11.78398	0.787399	0.133781	0.0306404	0.0481802	0.3866084	0.6440944	1.603684	0.8578302
10044	-411.3797	-423.6066	12.22689	0.864658	0.0437716	0.0327923	0.0587782	0.389156	1.144342	0.9180543	0.732122
10050	-408.7223	-421.0968	12.37451	0.855097	0.0432875	0.0324297	0.0691859	0.389156	1.000071	0.968967	0.6837697
10056	-411.7053	-422.3693	10.66394	0.800528	0.0384774	0.0219711	0.139024	0.315676	1.527577	0.5918422	2.420176
10062	-407.6264	-419.8508	12.22437	0.934255	0.0158385	0.0176013	0.0323056	0.4343516	1.242422	0.7798593	0.7118706
10068	-408.4298	-420.3071	11.87736	0.934046	0.0131899	0.0175974	0.0351668	0.291965	1.102287	0.9429291	1.156359
10074	-412.9816	-424.4756	11.494	0.934046	0.0131899	0.0175974	0.0351668	0.3200672	2.276652	0.4589142	0.6124956
10080	-417.5074	-429.2332	11.72581	0.262403	0.571452	0.0398173	0.126328	0.7166476	0.6598795	1.536123	0.6717133
10086	-412.7818	-425.2456	12.46376	0.635407	0.173697	0.0457491	0.145147	0.721385	1.019682	0.8747553	0.220169
10092	-410.4211	-423.0655	12.64441	0.864497	0.0555565	0.0191595	0.0607871	0.5367043	1.077216	0.7944613	0.1918172
10098	-415.5711	-425.9814	10.41033	0.868559	0.0492858	0.0282288	0.053926	0.5367043	1.696836	0.7944613	2.113175
10104	-412.4249	-424.8181	12.39317	0.811396	0.12767	0.0292997	0.031635	0.4463566	0.9981038	0.8606732	0.713224
10110	-414.8937	-426.2373	11.34362	0.800488	0.125953	0.0289058	0.0446529	0.4463566	1.66158	0.8606732	1.090638
10116	-416.9586	-427.0608	10.10219	0.810527	0.127533	0.0309471	0.0309923	0.4498638	0.8767509	1.182514	3.436426
10122	-413.7289	-424.5153	10.78641	0.735986	0.0291415	0.205039	0.0298331	1.167976	0.970289	0.8419549	1.682703
10128	-410.2776	-421.9566	11.67897	0.82791	0.0424349	0.0950023	0.0346524	0.5374954	1.115015	0.8101009	1.261205
10134	-413.261	-424.9674	11.70643	0.684691	0.208083	0.078568	0.0286579	1.137497	1.423986	0.7645001	0.322632
10140	-411.3673	-423.8354	12.46803	0.908156	0.0534205	0.0140942	0.0243294	0.5138796	1.423986	0.5528299	0.2483869
10146	-413.2405	-425.1605	11.91997	0.820965	0.0673242	0.0672522	0.0444583	0.5153859	0.9760996	1.408398	0.5468699
10152	-418.1667	-427.6168	9.450044	0.820815	0.0106151	0.0557158	0.112854	0.4958909	0.5009926	1.700622	4.029067
10158	-411.9251	-423.9007	11.9756	0.868802	0.00710072	0.0434946	0.0806029	0.4947294	0.5584374	1.57719	0.6974467
10164	-404.9827	-416.3413	11.35857	0.868369	0.00483037	0.0462383	0.0805627	0.4947294	0.5584374	1.801414	0.988243
10170	-405.1067	-417.5143	12.40756	0.864839	0.00887576	0.0460504	0.0802353	0.3217881	0.9560835	1.012115	0.6981298
10176	-403.88	-416.6212	12.7412	0.893756	0.011676	0.01165	0.082918	0.3217881	0.7148885	1.012115	0.6107338
10182	-408.8796	-421.4612	12.58157	0.809372	0.0112952	0.0203402	0.158992	0.3217881	1.132888	0.9393349	0.4227379
10188	-406.1811	-418.1377	11.95664	0.912397	0.0248907	0.0229293	0.0397835	0.3362348	1.867184	0.8002757	0.4227379
10194	-408.6791	-420.5473	11.86814	0.767997	0.0304464	0.0221277	0.179429	0.4968306	0.8098322	1.312959	0.8874776
10200	-406.8471	-419.0946	12.24754	0.856409	0.00992772	0.00611651	0.127547	0.4417886	0.9613587	0.8838518	0.8723994
10206	-409.6729	-421.8653	12.19234	0.814954	0.00400319	0.00462685	0.176416	0.3923134	1.110424	0.9176506	0.7950114
10212	-407.9595	-419.5205	11.56101	0.936052	0.00261149	0.00498153	0.0563554	0.4294668	1.09961	0.7896679	1.547217
10218	-406.9434	-417.8239	10.88048	0.903001	0.00251928	0.00215638	0.0923236	0.3693248	1.441632	0.7950868	2.030757
10224	-406.26	-418.1777	11.91775	0.88141	0.00639373	0.0144617	0.0977346	0.5902143	1.094926	0.9355264	0.8734512
10230	-413.4991	-425.5171	12.01797	0.942452	0.0362285	0.014801	0.00651824	0.5057455	1.4514	0.3062389	0.6564489
10236	-416.7705	-429.1515	12.38102	0.821749	0.129779	0.0394228	0.00904936	0.4311171	1.563691	0.3977253	0.2918497
10242	-417.2422	-426.6676	9.425384	0.819666	0.023631	0.0529482	0.103755	0.4647228	0.7994957	2.283114	2.15751
10248	-416.6198	-427.9481	11.32826	0.788077	0.0242513	0.0634122	0.12426	0.4676785	0.4573192	1.902902	0.9978897
10254	-416.0453	-425.8956	9.850268	0.851468	0.064861	0.0334482	0.0502226	0.6376928	1.666075	0.4027953	3.007708
10260	-420.9518	-430.0109	9.059066	0.731263	0.0944372	0.0696778	0.104622	0.7801794	1.479149	0.2933493	4.384977
10266	-416.6282	-427.3415	10.71335	0.886222	0.0403648	0.00944322	0.0639705	0.5327297	2.191087	0.2991243	1.176012
10272	-419.068	-429.6193	10.55126	0.85421	0.0580039	0.0261267	0.0616598	0.7627482	2.170182	0.2322894	0.9936216
10278	-414.2851	-425.1262	10.84117	0.938682	0.0167615	0.00399406	0.0405629	0.301217	2.27983	0.3017262	1.154128
10284	-413.2978	-424.2392	10.94144	0.770267	0.0478799	0.090919	0.0909337	0.4869094	0.2706908	2.126107	1.224235
10290	-406.803	-417.9039	11.10096	0.87061	0.0417678	0.00674473	0.0808776	0.4340779	0.0762748	1.95101	1.61968
10296	-406.4492	-417.3973	10.94806	0.870094	0.0419342	0.0067716	0.0811999	0.4450416	0.1083239	2.476577	0.8669798
10302	-404.6099	-416.4032	11.79329	0.841579	0.0405599	0.00654968	0.111311	0.4450416	0.5613789	1.613063	0.8669798
10308	-406.1527	-418.5	12.34733	0.892932	0.0325071	0.00626411	0.0682967	0.4450416	0.2141385	1.613063	0.6702055
10314	-407.832	-418.9586	11.12665	0.793479	0.0424364	0.0196158	0.144469	0.5809369	0.4976629	1.852193	1.121141
10320	-406.4701	-417.3151	10.84503	0.886942	0.0491184	0.0219263	0.0420129	0.5887941	0.1414055	1.840084	1.868101
10326	-407.927	-419.5097	11.58267	0.81978	0.105313	0.0233427	0.0515639	0.5887941	0.2969761	1.748486	1.00533
10332	-406.9698	-418.0718	11.10192	0.866601	0.049769	0.0110313	0.0725989	0.4859067	0.3586481	2.080131	1.040003
10338	-409.1866	-420.2604	11.07381	0.780324	0.0472716	0.0025056	0.169899	0.449761	0.6629673	2.080131	0.8032406
10344	-409.846	-420.5913	10.74538	0.784214	0.0579732	0.00251809	0.155295	0.368973	0.6686734	1.737953	1.777176
10350	-415.0114	-423.6022	8.590771	0.779405	0.0741048	0.0050112	0.141479	0.3899304	0.7664507	3.403658	1.076755
10356	-416.4866	-427.9547	11.46805	0.649045	0.20843	0.00626405	0.136261	0.6199408	0.2968698	2.267058	0.2522331
10362	-419.2442	-430.6917	11.44748	0.509738	0.369967	0.00528703	0.115008	0.45201	0.2251473	2.433861	0.2522331
10368	-413.956	-425.4	11.44397	0.751007	0.141184	0.0077662	0.100043	0.8573288	0.3523212	2.082675	0.2737797
10374	-413.209	-423.1877	9.97876	0.879232	0.0299498	0.00406803	0.0867502	0.3109384	1.258358	2.077399	1.434706
10380	-409.8667	-421.1627	11.29605	0.903234	0.0307674	0.00402453	0.0619745	0.4730922	0.9835954	1.821133	0.6327629
10386	-405.9968	-417.6063	11.60951	0.920998	0.0117065	0.004102	0.0631934	0.2565726	1.859998	1.178804	0.4392364
10392	-406.6889	-417.9248	11.2359	0.956211	0.0072832	0.00255206	0.0339536	0.2191991	2.114739	0.8829282	0.8406906
10398	-410.7116	-420.8653	10.1537	0.945689	0.00720305	0.0135279	0.03358	0.2899794	2.375541	1.850609	0.4818228
10404	-410.1878	-421.3856	11.19783	0.846267	0.0260976	0.00162965	0.126006	0.5020031	0.9876694	1.335823	1.363248
10410	-408.2314	-420.4902	12.25887	0.787335	0.0413383	0.0017287	0.169598	0.3372067	1.587398	0.8915587	0.2540359
10416	-416.3184	-427.6408	11.3224	0.765986	0.0544674	0.0145473	0.165	0.2625484	1.973645	0.9333085	0.855641
10422	-406.1921	-417.9989	11.80682	0.949288	0.0254867	0.0083654	0.01686	0.3181444	1.727535	0.4655188	0.8386525
10428	-402.4465	-414.7141	12.26759	0.876442	0.0235309	0.0100864	0.089941	0.3181444	1.334286	1.078239	0.3932224
10434	-409.1906	-420.6854	11.49484	0.861816	0.0398256	0.00991812	0.0884401	0.3129403	1.86798	1.018105	0.6976023
10440	-408.5069	-421.2685	12.76158	0.877995	0.0103001	0.0101043	0.101601	0.2579756	1.052113	0.7648346	0.4925853
10446	-406.5758	-418.7193	12.14354	0.853431	0.00807477	0.000542051	0.137953	0.2579756	1.495037	0.5868147	0.7475978
10452	-412.2583	-423.2922	11.03395	0.752832	0.00712295	0.000478157	0.239567	0.2118031	1.973151	0.6415413	1.358594
10458	-416.7622	-428.3288	11.56655	0.814835	0.0854452	0.000404374	0.0993158	0.3975776	1.511874	0.9155747	1.011556
10464	-416.4886	-427.6805	11.19187	0.862978	0.0728621	0.00513163	0.0590279	0.4403344	1.427819	0.7086289	1.648381
10470	-420.1078	-429.1426	9.034791	0.666631	0.32426	0.00440435	0.004704	0.2638448	1.111837	0.7631869	6.500246
10476	-415.6345	-425.4739	9.839462	0.566261	0.419091	0.00569241	0.00895649	0.1067177	1.332532	0.64611	3.680064
10482	-417.5333	-429.5702	12.03694	0.294403	0.604445	0.072518	0.0286333	0.2790881	1.676854	0.6082946	0.6664343
10488	-414.6529	-425.2506	10.59771	0.423096	0.453328	0.0543877	0.0691892	0.1547628	1.574276	0.644891	2.321738
10494	-419.9923	-431.8976	11.90525	0.355306	0.496753	0.0537135	0.0942278	0.1167175	1.615421	0.8722881	0.1294462
10500	-416.2302	-426.7739	10.54371	0.240182	0.283051	0.0635079	0.41326	0.04133065	0.9838336	1.82124	0.3240775
10506	-412.5364	-422.9359	10.39946	0.650361	0.152598	0.018175	0.178866	0.07402975	0.9838336	2.330845	0.3426527
10512	-416.1997	-426.9718	10.77206	0.799414	0.118271	0.0129382	0.0693769	0.04516528	0.9587146	1.75294	0.3380453
10518	-419.7958	-429.5212	9.725353	0.335043	0.3513	0.0726753	0.240981	0.05930066	1.185991	2.222574	0.7772691
10524	-415.0222	-426.3335	11.31129	0.755303	0.0199706	0.0112494	0.213477	0.2323257	1.715097	0.5821814	1.37058
10530	-412.1834	-424.1704	11.98701	0.854826	0.0528945	0.0237258	0.0685534	0.3503224	1.668843	0.4258984	0.6951601
10536	-411.2965	-423.81	12.51356	0.854826	0.0528945	0.0237258	0.0685534	0.3471387	1.512809	0.5192726	0.3133599
10542	-413.3834	-425.7138	12.33043	0.300857	0.483624	0.0968218	0.118698	0.07098562	0.1049491	1.545925	0.4297376
10548	-410.324	-422.8823	12.55822	0.27771	0.356501	0.0488311	0.316957	0.05979849	0.02068103	1.262607	0.1302976
10554	-408.3988	-420.1486	11.74982	0.952323	0.0205325	0.000157208	0.0269875	0.3131794	2.252071	0.3442871	0.237583
10560	-414.0338	-423.9684	9.934571	0.874519	0.025751	0.00144073	0.0982892	0.3331883	1.960183	0.4154137	2.86276
10566	-408.8339	-419.8979	11.06403	0.896047	0.0362343	0.000978285	0.0667403	0.3354994	1.083247	1.466447	1.377979
10572	-410.9885	-422.3641	11.37559	0.910096	0.0218918	0.000431142	0.0675815	0.4328771	1.15471	1.32015	1.086674
10578	-412.4869	-423.7335	11.24664	0.870038	0.0188256	0.000704507	0.110431	0.4342431	1.039343	1.118602	1.619266
10584	-407.3653	-418.4909	11.12563	0.870413	0.0188337	0.000274606	0.110479	0.2669233	2.128971	0.6843725	1.082316
10590	-405.2489	-416.9569	11.70795	0.826475	0.0261738	0.000332607	0.147019	0.2978748	1.431601	1.242969	0.6787493
10596	-410.2996	-421.391	11.09141	0.826475	0.0261738	0.000332607	0.147019	0.2752213	1.51212	1.544433	0.8283936
10602	-408.9537	-421.0138	12.06013	0.882729	0.0316402	0.000260372	0.0853706	0.2061908	1.767402	0.5381884	0.5653107
10608	-411.5543	-422.2859	10.73158	0.838391	0.0802786	0.000247294	0.0810826	0.329715	1.767402	0.5338323	1.996256
10614	-412.0613	-423.1227	11.06134	0.82283	0.0970773	0.000515103	0.0795776	0.4545599	2.175124	0.3134567	0.9354755
10620	-417.8404	-427.6908	9.850425	0.0672214	0.683437	0.0475266	0.201815	0.09404495	2.645762	0.1374843	0.9792704
10626	-417.3229	-426.8273	9.504363	0.432443	0.484873	0.00751115	0.0751726	0.05147832	2.357464	0.2419289	1.435334
10632	-417.7224	-427.4365	9.71418	0.344192	0.564521	0.00837248	0.0829149	0.05533419	2.357464	0.1663501	1.057091
10638	-410.5337	-420.9105	10.37675	0.0846646	0.829263	0.0495768	0.0364954	0.04521893	2.170485	0.1591594	0.2831812
10644	-420.2871	-431.3054	11.0183	0.0521491	0.738278	0.170263	0.0393106	0.04656799	1.890233	0.3003105	0.3395895
10650	-411.9633	-423.8627	11.89936	0.0460484	0.57822	0.13335	0.242382	0.05415434	0.9754285	1.014125	0.1869403
10656	-410.7524	-422.5482	11.7958	0.0575948	0.723205	0.166787	0.0524132	0.05098718	0.7200802	1.28682	0.2049434
10662	-421.3501	-430.44	9.089812	0.668172	0.223679	0.106166	0.00198269	1.048205	0.9349398	0.8553326	4.790088
10668	-422.5239	-433.0858	10.56196	0.304759	0.591481	0.0497933	0.0539666	0.3946723	0.9349398	1.004251	2.957945
10674	-415.357	-427.049	11.69207	0.638178	0.32234	0.0189473	0.0205353	0.42792	0.5493299	1.238898	1.515061
10680	-411.6081	-422.7438	11.13565	0.726928	0.234612	0.0215822	0.0168781	0.4967969	0.793614	1.116055	1.998212
10686	-409.6242	-420.8834	11.25917	0.869897	0.0220776	0.001403	0.106623	0.6832402	0.3339336	1.289546	1.918844
10692	-411.3339	-422.1266	10.79278	0.866709	0.0219966	0.00506245	0.106232	0.4692579	0.3145385	1.12855	3.283343
10698	-408.5646	-421.2066	12.64194	0.862554	0.0146185	0.0171051	0.105723	0.4317201	0.5687552	0.8669171	0.8936993
10704	-411.2197	-422.6859	11.46624	0.893946	0.0115859	0.0025169	0.091951	0.5020513	1.10134	0.5579165	1.715523
10710	-411.5635	-423.8971	12.33361	0.807447	0.148333	0.00569955	0.0385209	0.3264263	1.628945	0.5579165	0.4126741
10716	-413.1169	-425.7995	12.68257	0.838454	0.154029	0.00591843	0.00159821	0.5195369	1.163705	0.6434534	0.2985426
10722	-413.4233	-425.8457	12.42239	0.838454	0.154029	0.00591843	0.00159821	0.3786113	0.7026927	0.9500578	0.9485957
10728	-410.4528	-423.3661	12.91333	0.822097	0.162099	0.00622853	0.00957502	0.487849	0.7161502	0.9846908	0.2713264
10734	-410.6835	-422.2974	11.61392	0.884576	0.00932232	0.104706	0.00139513	0.5319278	1.084714	0.7461962	1.423457
10740	-415.8382	-427.352	11.51377	0.833619	0.134043	0.0226292	0.00970921	0.6444937	0.9505547	1.413143	0.8237601
10746	-414.4045	-426.2461	11.84158	0.816466	0.0971787	0.0365709	0.0497843	0.5854571	0.5998429	1.024308	1.381118
10752	-412.0532	-423.5279	11.47466	0.839605	0.100287	0.0208511	0.0392563	0.7927722	0.1796358	1.757301	1.002718
10758	-411.3415	-423.9055	12.56404	0.888971	0.0276509	0.0418141	0.0415644	0.5170758	0.1516383	1.166266	1.002718
10764	-411.6356	-421.391	9.755426	0.900402	0.0280064	0.0423518	0.0292395	0.5271218	0.9179052	1.140244	3.963891
10770	-408.4614	-420.1575	11.69606	0.893663	0.0341723	0.0131076	0.0590567	0.3981211	1.255011	0.7477414	1.282906
10776	-412.9363	-424.6212	11.68492	0.854436	0.0452165	0.0167026	0.0836448	0.4599234	1.644693	0.3517198	0.8773359
10782	-415.4858	-426.6401	11.15432	0.875777	0.0160076	0.00591309	0.102302	0.4221379	2.320198	0.3746153	0.08026978
10788	-410.2839	-421.4602	11.17621	0.895074	0.0216945	0.0129286	0.0703024	0.4221379	2.440108	0.186094	0.2163755
10794	-413.0974	-423.4847	10.38725	0.792995	0.0340385	0.00994603	0.163021	0.4185252	2.389922	0.1869267	1.167194
10800	-414.3568	-424.5064	10.14954	0.783357	0.129659	0.00884618	0.0781378	0.3198153	2.389922	0.2860223	1.785146
10806	-409.9578	-419.7862	9.82844	0.916724	0.0438522	0.00446873	0.0349546	0.451472	2.557775	0.1230608	1.242152
10812	-406.7339	-417.8382	11.10425	0.914209	0.0320604	0.00326709	0.050464	0.3046845	2.557775	0.1738849	0.2749293
10818	-411.1545	-419.7174	8.562841	0.916462	0.0272096	0.00756681	0.0487612	0.3046845	2.29891	0.211016	4.306187
10824	-415.8242	-425.0961	9.271889	0.843586	0.0305787	0.00814157	0.117693	0.3785571	2.353932	0.2475227	2.953001
10830	-412.0701	-422.5727	10.50262	0.805657	0.0606031	0.0071864	0.126554	0.3490659	2.161946	0.2608172	1.559868
10836	-411.0821	-420.4066	9.324538	0.805657	0.0606031	0.0071864	0.126554	0.2672706	2.384357	0.158037	2.490343
10842	-412.965	-422.5036	9.538581	0.707885	0.0532485	0.00572095	0.233146	0.2672706	2.330679	0.242447	2.640924
10848	-414.2257	-425.0626	10.83687	0.491364	0.336367	0.00412589	0.168142	0.1240776	2.113031	0.3382215	1.199545
10854	-418.1695	-428.3539	10.1844	0.0769524	0.803185	0.0142284	0.105634	0.05248255	1.51321	0.4737907	1.915983
10860	-412.0831	-424.0634	11.98036	0.49128	0.383669	0.0417221	0.0833291	0.0501185	1.054079	0.6214311	0.4018744
10866	-408.369	-420.4154	12.04645	0.417458	0.509172	0.0523527	0.0210174	0.07540904	1.477765	0.6344764	0.2358919
10872	-414.1335	-425.3964	11.26285	0.340234	0.493041	0.0459159	0.120809	0.04740859	1.269073	0.4922664	0.8540002
10878	-418.6736	-429.445	10.77145	0.534388	0.367838	0.034256	0.0635181	0.05227862	1.26445	1.240241	0.891646
10884	-413.8008	-423.9344	10.13357	0.536553	0.354686	0.0874692	0.0212914	0.02780235	1.26445	0.7175053	1.16684
10890	-414.7978	-425.8064	11.00863	0.271461	0.535877	0.132153	0.0605084	0.03290611	1.172712	0.8057549	0.5943329
10896	-419.7234	-430.2417	10.51834	0.436485	0.441505	0.108879	0.0131314	0.04939971	2.070346	0.3348584	0.7792023
10902	-416.3995	-425.7142	9.314733	0.227897	0.662714	0.0345259	0.0748629	0.0554857	1.722316	0.4520961	2.977803
10908	-415.4643	-427.5031	12.03883	0.47504	0.432768	0.0127011	0.0794907	0.1539167	1.311758	0.5065845	0.9543174
10914	-418.7392	-430.6433	11.90409	0.0781066	0.66143	0.104922	0.155541	0.0800607	1.474405	0.5811367	0.545423
10920	-417.6904	-428.5815	10.89111	0.525861	0.348514	0.0563253	0.0693003	0.08834736	1.607529	0.3053226	1.417482
10926	-419.6567	-430.362	10.70528	0.443802	0.369748	0.0492394	0.137211	0.6337177	1.530633	0.3724666	1.921299
10932	-416.9714	-429.4286	12.4572	0.652748	0.168954	0.0537354	0.124563	0.2757094	1.530633	0.4963651	0.4155234
10938	-414.6609	-424.8046	10.14367	0.89936	0.022738	0.0338377	0.0440648	0.3105645	1.862878	0.3037623	2.565248
10944	-414.3442	-426.2238	11.8796	0.757598	0.0551228	0.0223636	0.164916	0.3105645	2.038364	0.2859907	0.313346
10950	-408.7235	-420.0314	11.30789	0.853207	0.0854318	0.00870279	0.0526589	0.4285877	0.8828224	0.9755041	1.932211
10956	-409.2472	-421.5831	12.33589	0.853207	0.0854318	0.00870279	0.0526589	0.4687878	0.2749551	1.390278	0.8847011
10962	-408.3582	-420.9061	12.54791	0.828692	0.132769	0.00133758	0.0372016	0.4687878	0.3723587	1.13345	0.8847011
10968	-410.4366	-423.5528	13.11613	0.652783	0.269683	0.0160255	0.0615093	0.4687878	0.1667632	1.270518	0.1732137
10974	-408.0489	-420.0907	12.04178	0.780809	0.139594	0.0191685	0.0604288	0.4799547	0.4741304	1.289775	1.094258
10980	-409.8341	-422.2106	12.37647	0.856523	0.046475	0.00099387	0.096008	0.2807572	0.8738173	0.9012723	0.9248469
10986	-406.949	-419.1036	12.15459	0.840033	0.0518166	0.0011081	0.107043	0.4039948	0.8263921	1.094634	0.9248469
10992	-407.0187	-419.0088	11.99009	0.763352	0.0119008	0.0272964	0.197451	0.5061592	0.598955	1.252133	1.039858
10998	-409.2134	-421.1471	11.9337	0.909446	0.0141784	0.0325206	0.043855	0.5061592	0.3295684	1.293125	1.3311
11004	-411.9879	-424.4999	12.51201	0.810183	0.0182999	0.0364909	0.135026	0.5061592	0.02276846	1.293125	1.044409
11010	-412.0246	-424.9638	12.93923	0.806819	0.0223766	0.0363394	0.134465	0.5061592	0.01576585	1.105437	0.8455943
11016	-413.7101	-426.631	12.92095	0.778439	0.0573063	0.0345195	0.129735	0.4093469	0.1071907	1.002468	0.9688502
11022	-410.0711	-422.4786	12.40755	0.855583	0.0443734	0.0145782	0.0854649	0.388891	0.1373068	1.448346	0.9457384
11028	-409.535	-422.4022	12.86717	0.856085	0.043813	0.0145868	0.0855151	0.3678138	0.5143372	0.8094118	0.8251106
11034	-405.3709	-417.1262	11.75538	0.881493	0.0217828	0.0255229	0.0712017	0.40603	0.8580674	1.081784	1.318041
11040	-404.675	-416.7453	12.07029	0.934483	0.0133513	0.0205512	0.0316146	0.3847442	0.7776282	1.078725	1.091385
11046	-408.3248	-420.0285	11.70365	0.852792	0.0311528	0.0422887	0.0737667	0.4003104	0.6664148	1.463934	1.091385
11052	-408.5903	-420.2156	11.62531	0.820536	0.0106534	0.0537036	0.115107	0.4756404	0.6983224	1.446881	1.091385
11058	-410.6871	-421.892	11.20494	0.869925	0.0390352	0.0265766	0.0644637	0.5567959	0.5901911	1.446881	1.584501
11064	-409.5892	-421.4614	11.87218	0.82298	0.0369287	0.0251424	0.114949	0.5524203	0.5671211	1.672438	0.607057
11070	-407.0499	-418.86	11.81009	0.8368	0.0340457	0.0231795	0.105975	0.3689103	0.9873176	1.271137	0.9329504
11076	-414.4381	-424.9099	10.47177	0.745449	0.0562405	0.0209967	0.177314	0.5762687	0.8477709	2.122681	1.024132
11082	-409.5878	-420.6755	11.0877	0.849774	0.0110052	0.0152664	0.123954	0.3943076	0.7810099	1.873552	1.024132
11088	-406.6139	-418.0064	11.39253	0.940023	0.012174	0.00694001	0.0408631	0.4656699	0.2779951	1.978571	1.002528
11094	-408.5627	-419.971	11.40833	0.894597	0.0115857	0.0265599	0.0672573	0.4608939	0.39812	2.026449	0.8042232
11100	-414.3899	-426.0842	11.69437	0.857884	0.00441266	0.0255312	0.112172	0.5181818	0.9973838	1.30571	0.862087
11106	-407.9523	-420.0713	12.11901	0.859774	0.00221974	0.0255875	0.112419	0.3334092	1.152522	1.232522	0.547395
11112	-406.1202	-418.4124	12.29212	0.87907	0.0069403	0.0228353	0.0911543	0.3703449	0.7034727	1.188027	0.8352093
11118	-408.4708	-419.4583	10.98753	0.779667	0.00738201	0.0161103	0.196841	0.611036	0.6513919	1.446734	1.705076
11124	-408.7884	-420.4114	11.62306	0.829503	0.0127189	0.0155217	0.142256	0.4024579	1.297279	1.206857	0.8617072
11130	-409.2449	-420.9191	11.67417	0.92688	0.00671482	0.01899	0.0474152	0.4966577	1.15852	1.206857	0.8617072
11136	-403.9485	-416.1404	12.19188	0.90867	0.00890276	0.019562	0.0628648	0.4304844	0.7759168	1.220359	0.7775057
11142	-412.3773	-423.9417	11.56444	0.80827	0.00626655	0.0147636	0.1707	0.4304844	0.6784229	1.475514	1.180338
11148	-408.9617	-420.6813	11.71966	0.745831	0.0131588	0.00654826	0.234462	0.4602961	0.7839319	1.270521	1.150954
11154	-409.4457	-421.7219	12.2762	0.899595	0.0158716	0.00789828	0.0766355	0.2417652	1.473318	0.6516258	0.6189273
11160	-407.7631	-419.9349	12.17179	0.906061	0.00559649	0.0111564	0.0771863	0.3544898	1.823301	0.6378405	0.3023195
11166	-410.4339	-423.2022	12.76833	0.832123	0.0140963	0.0323769	0.121403	0.3544898	1.208862	0.675386	0.3023195
11172	-408.9994	-420.7507	11.75132	0.0586286	0.659161	0.0619604	0.22025	0.07139774	0.3970743	1.759194	0.149172
11178	-407.1812	-418.3069	11.12569	0.0571454	0.233808	0.0221663	0.686881	0.04598474	0.7186475	1.307208	0.07432725
11184	-405.6216	-417.2783	11.65674	0.874512	0.0185452	0.00265485	0.104288	0.2675758	1.684202	0.5807306	1.038192
11190	-407.5702	-417.7236	10.15338	0.824266	0.0174797	0.00250231	0.155752	0.2313495	1.350739	1.001707	3.068999
11196	-406.2752	-417.9267	11.65147	0.832488	0.0313203	0.00215347	0.134039	0.4078585	1.719596	1.044096	0.6007643
11202	-407.2799	-418.9338	11.65389	0.820809	0.0323798	0.00774245	0.139069	0.4078585	1.470884	1.051872	0.8265579
11208	-404.1288	-416.3198	12.19105	0.891923	0.0262754	0.00841325	0.0733882	0.3729801	1.250328	0.9578167	0.6428791
11214	-411.1089	-421.6037	10.49476	0.910214	0.0191378	0.00675516	0.0638936	0.6201358	1.09575	1.051363	2.391168
11220	-411.0894	-422.7331	11.6437	0.90509	0.01903	0.0123461	0.0635339	0.3487814	1.325262	1.507097	0.4925991
11226	-412.1619	-422.1652	10.00325	0.826371	0.0256162	0.0310673	0.116945	0.3487814	1.086763	1.4077	2.912609
11232	-409.7297	-420.8891	11.1594	0.898157	0.0278415	0.033766	0.0402359	0.4221818	1.331404	0.9524672	1.592397
11238	-411.3094	-422.8064	11.497	0.896458	0.0183674	0.0222759	0.0628984	0.3251179	2.087243	0.6478799	0.7547756
11244	-412.0843	-423.0757	10.9914	0.899858	0.0406377	0.04362	0.0158842	0.8308534	0.06161905	1.433504	2.192232
11250	-412.398	-424.1438	11.74585	0.802194	0.0657925	0.0753079	0.0567055	0.4504931	0.2172585	1.171635	1.930125
11256	-413.0778	-424.5076	11.42977	0.872287	0.047512	0.0543835	0.025817	0.6972072	0.1722227	1.667115	1.295932
11262	-407.1753	-419.2994	12.12416	0.886028	0.0615465	0.0363336	0.0160919	0.5250602	0.5045811	1.2165	1.023346
11268	-412.5633	-423.0433	10.47995	0.86801	0.0935927	0.0131055	0.0252914	0.6196603	1.131122	0.978662	2.470575
11274	-413.019	-423.8198	10.80076	0.770763	0.141772	0.0117955	0.0756696	0.4096337	0.4259595	1.885052	1.704404
11280	-412.3858	-424.3939	12.00809	0.879935	0.0322977	0.0316996	0.0560674	0.27446	1.427453	0.8286623	0.806474
11286	-407.0197	-418.9454	11.92564	0.804918	0.0327702	0.00594185	0.15637	0.322418	2.104303	0.623012	0.2269057
11292	-409.171	-420.6371	11.4661	0.780443	0.0142934	0.00576118	0.199502	0.2130657	2.104303	0.7232535	0.7424829
11298	-404.8274	-416.39	11.56263	0.888706	0.00785802	0.000602581	0.102833	0.2486585	1.988797	0.9532705	0.5958655
11304	-403.5424	-415.2619	11.7195	0.880238	0.00712477	0.000596839	0.11204	0.2486585	2.117384	0.4587725	0.1111453
11310	-406.9681	-417.9473	10.97917	0.784762	0.00216124	0.00219589	0.210881	0.3709759	1.533568	0.8280294	1.749974
11316	-402.9871	-415.1627	12.17562	0.89165	0.00245561	0.00249498	0.103399	0.3378212	1.577591	0.8178607	0.4826064
11322	-403.4797	-415.4155	11.93574	0.882146	0.00414412	0.00170594	0.112004	0.1906343	1.577591	0.4311249	0.8436654
11328	-409.911	-422.0166	12.10564	0.814188	0.00653372	0.00268962	0.176589	0.2687151	1.430566	0.3597116	0.8102066
11334	-413.4103	-424.5258	11.11555	0.848284	0.0521051	0.00175945	0.0978513	0.2435078	1.622273	0.6476411	1.681273
11340	-411.9771	-423.8454	11.86826	0.856205	0.114117	0.0065697	0.0231082	0.3168046	1.402809	0.5770583	1.092151
11346	-407.6203	-420.3299	12.70965	0.840041	0.111963	0.00644567	0.0415508	0.5271379	0.9205862	0.9092976	0.185916
11352	-416.758	-429.3142	12.55623	0.454662	0.450822	0.00590474	0.0886107	0.2432648	1.033491	1.135701	0.3522099
11358	-418.5188	-430.9258	12.40701	0.115605	0.590564	0.0129597	0.280871	0.3318292	0.9884363	1.099168	0.5756306
11364	-413.241	-425.3915	12.1505	0.832516	0.053953	0.0216346	0.0918962	0.5018171	1.696668	0.498194	0.3806743
11370	-412.3208	-424.3516	12.03087	0.804274	0.0521227	0.00669926	0.136904	0.2534155	1.768071	0.4416787	0.1051067
11376	-410.8469	-422.8553	12.00839	0.866129	0.0557218	0.00816966	0.0699796	0.2743089	1.775781	0.9858868	0.2316614
11382	-415.81	-427.4954	11.68541	0.791531	0.0509225	0.00746602	0.150081	0.3187677	1.745234	1.157127	0.1304866
11388	-413.8882	-426.0117	12.12353	0.777642	0.050029	0.00733502	0.164994	0.2282474	1.953504	0.4770026	0.2411946
11394	-414.5223	-425.7674	11.24508	0.797166	0.0512851	0.00667034	0.144878	0.3688223	1.678565	0.5403703	1.439402
11400	-408.5649	-419.8321	11.26724	0.876304	0.0316838	0.00118322	0.0908293	0.3321992	1.262921	1.206331	1.316075
11406	-413.5456	-425.5303	11.98472	0.841436	0.0291442	0.00428839	0.125132	0.397203	0.9307216	1.092029	0.998168
11412	-408.8904	-421.4238	12.53337	0.821757	0.0127702	0.00522774	0.160245	0.3710579	0.7645811	1.036781	0.7053685
11418	-409.1498	-421.2629	12.11316	0.9122	0.0141757	0.00580311	0.0678207	0.3817719	1.204881	1.008995	0.7053685
11424	-416.1327	-428.009	11.87624	0.711401	0.0268742	0.00412432	0.2576	0.4168439	0.9301619	1.187754	0.9829965
11430	-412.4228	-424.6799	12.25716	0.905219	0.00885203	0.00107845	0.0848505	0.3634204	1.47885	0.7686176	0.518805
11436	-414.8797	-424.4188	9.53903	0.879598	0.00528831	0.00336111	0.111752	0.3152833	1.241914	0.8267464	4.759801
11442	-415.3799	-426.0298	10.64989	0.226558	0.218151	0.0536609	0.50163	0.06282568	0.4073416	2.292325	0.106793
11448	-415.6547	-426.6421	10.98737	0.100175	0.238368	0.0586338	0.602824	0.06282568	0.06899714	2.42273	0.1667276
11454	-412.0032	-423.6612	11.65803	0.811726	0.124939	0.0326158	0.0307195	0.3415671	0.9010493	0.7849645	1.758892
11460	-422.4454	-433.9102	11.46478	0.499215	0.172989	0.0275965	0.3002	0.06569656	0.3160607	1.759875	0.7071077
11466	-413.6276	-424.5833	10.95576	0.772502	0.104127	0.010195	0.113176	0.06485817	0.3222344	1.759875	1.192449
11472	-415.9684	-427.6188	11.65044	0.845447	0.0335256	0.00455978	0.116467	0.2127951	1.117225	1.246843	1.034543
11478	-411.8536	-423.0908	11.23719	0.89206	0.0234144	0.00318456	0.0813409	0.2708771	1.676523	0.8043668	1.361528
11484	-410.5293	-421.3595	10.83014	0.737566	0.144301	0.0184623	0.0996707	0.04321157	0.8974945	1.625365	0.4875341
11490	-412.0213	-421.9818	9.960555	0.768744	0.128118	0.0212316	0.0819069	0.0225498	1.171191	1.226667	0.6127579
11496	-408.4004	-419.2059	10.80547	0.293654	0.561084	0.107595	0.0376664	0.02801416	0.8791247	1.012599	0.09645373
11502	-414.3445	-424.3914	10.04684	0.054924	0.124531	0.0215444	0.799001	0.02801416	1.473637	1.074278	0.08432309
11508	-413.7237	-424.7393	11.01559	0.306915	0.545708	0.0704304	0.0769467	0.0361101	0.8750809	1.439241	0.2225236
11514	-411.0043	-421.4421	10.43779	0.203559	0.50594	0.0652978	0.225204	0.03188366	0.8364566	1.674811	0.140911
11520	-414.0508	-426.1005	12.04971	0.26794	0.115448	0.0227047	0.593907	0.07400235	0.9629347	1.156672	0.1718318
11526	-416.238	-427.2753	11.03726	0.140045	0.450638	0.0439977	0.365319	0.03146293	0.9629347	1.122028	0.1568767
11532	-414.2324	-425.2005	10.9681	0.228554	0.551987	0.039312	0.180147	0.04015862	1.492408	0.7222753	0.6489517
11538	-409.3207	-419.3489	10.02829	0.660079	0.286864	0.032327	0.0207302	0.02141086	1.724338	0.6711309	0.4056787
11544	-413.3575	-423.0388	9.681313	0.821148	0.112083	0.028089	0.0386807	0.02141086	1.449456	0.9493077	0.8096046
11550	-414.363	-423.0963	8.733347	0.746153	0.224297	0.0245085	0.0050418	0.0234462	1.364743	1.973227	0.6916809
11556	-418.6712	-427.7526	9.081466	0.65203	0.275503	0.0704319	0.00203478	0.03765788	1.560212	1.973227	0.8724647
11562	-411.5428	-421.8859	10.3431	0.659362	0.278601	0.0590331	0.00300386	0.03765788	1.137461	1.544931	0.656499
11568	-412.1408	-422.9504	10.80964	0.90358	0.0721317	0.0231123	0.00117605	0.03840841	1.327343	1.148657	0.5289588
11574	-419.8644	-432.4601	12.59569	0.875752	0.0872228	0.0207316	0.0162938	0.353323	0.506989	1.50686	0.1913147
11580	-412.7367	-424.0542	11.31749	0.848179	0.06389	0.0174837	0.0704477	0.4083433	0.7367905	2.154966	0.4184386
11586	-415.2637	-427.3015	12.03771	0.84679	0.0895977	0.00757279	0.0560398	0.4273088	0.8520007	1.453281	0.5783579
11592	-414.8088	-426.8092	12.00036	0.72434	0.0469254	0.0218377	0.206897	0.3662069	1.415898	1.274767	0.2375325
11598	-417.7092	-429.367	11.65778	0.825621	0.0534868	0.0248911	0.0960008	0.448996	1.283994	1.573988	0.3134899
11604	-410.6334	-422.3951	11.76171	0.948355	0.0109084	0.0183322	0.0224043	0.2985209	1.107638	0.9333149	1.280754
11610	-409.612	-420.8229	11.21086	0.979203	0.00665246	0.0111799	0.00296498	0.4502639	1.164196	1.193517	1.399718
11616	-407.5265	-419.7416	12.21505	0.932312	0.00633389	0.0609474	0.000406623	0.4502639	1.241718	0.8888184	0.6251303
11622	-411.7303	-422.695	10.96474	0.913883	0.0215366	0.0636523	0.000928543	0.4150551	1.36037	0.7097118	2.053282
11628	-413.8196	-425.5377	11.71811	0.937649	0.00647436	0.0549582	0.000918115	0.3181036	1.36037	0.7690212	1.191269
11634	-421.1156	-431.9109	10.79531	0.0418088	0.636521	0.0617467	0.259924	0.05132409	1.295295	1.625568	0.2803418
11640	-419.9809	-431.0442	11.06328	0.792204	0.0581038	0.142425	0.00726666	0.6182494	1.398305	0.7485336	1.592764
11646	-425.8392	-438.1659	12.32668	0.651062	0.185161	0.155827	0.00795045	0.6186812	1.420267	0.5952307	0.3282493
11652	-418.4395	-428.6641	10.22465	0.897436	0.0772865	0.0218174	0.00346048	0.05599205	0.4189565	1.720945	1.815168
11658	-413.8199	-425.388	11.5681	0.523275	0.351465	0.0665597	0.0587006	0.05248943	1.071106	1.046482	0.5278868
11664	-419.9615	-432.3626	12.40108	0.811816	0.0346205	0.0165553	0.137008	0.4776451	0.1765843	1.417725	0.8742942
11670	-414.4417	-426.2544	11.81272	0.842609	0.0567416	0.0245431	0.0761067	0.7650224	0.1819209	1.516104	1.026404
11676	-408.5893	-420.8413	12.25195	0.873436	0.0222321	0.025441	0.0788911	0.5152916	0.1580285	1.404892	1.019168
11682	-411.5866	-423.0705	11.48395	0.781219	0.00905932	0.0404169	0.169305	0.7244409	0.2304939	1.510648	1.376641
11688	-406.1246	-418.5652	12.4406	0.874295	0.00872071	0.054415	0.062569	0.5569545	0.1283289	1.483557	0.7239163
11694	-409.9957	-421.6297	11.63393	0.86107	0.00854236	0.0705948	0.059793	0.4678857	0.1084581	1.483557	1.697549
11700	-411.5065	-423.7459	12.23937	0.847993	0.00569897	0.0874229	0.058885	0.4678857	0.2138585	1.537781	0.8501945
11706	-410.4932	-422.171	11.67783	0.830934	0.00200305	0.0329711	0.134092	0.4678857	0.2703328	1.322868	1.698737
11712	-416.2427	-428.6148	12.37208	0.856048	0.0036951	0.00648237	0.133774	0.4678857	0.4788797	1.140573	0.9455217
11718	-408.9388	-421.0722	12.13339	0.740037	0.018381	0.0111654	0.230417	0.5372587	0.283069	1.509322	0.8558925
11724	-407.9125	-420.0578	12.14523	0.734844	0.00858836	0.0118581	0.24471	0.5372587	0.5641049	1.319936	0.8096312
11730	-406.6658	-419.2386	12.57277	0.874431	0.00479493	0.00263563	0.118138	0.5668719	0.2223227	1.339234	0.6765777
11736	-408.3439	-420.053	11.70913	0.858009	0.0196196	0.00397714	0.118394	0.3755345	0.9137211	1.606986	0.6765777
11742	-413.502	-425.3229	11.8209	0.886981	0.0206776	0.0375367	0.0548045	0.3755345	0.6311765	1.501082	0.9790671
11748	-407.2447	-419.3177	12.07301	0.908756	0.0161383	0.0267432	0.0483624	0.3755345	0.8078262	1.369081	0.7309715
11754	-411.1832	-424.11	12.9268	0.908756	0.0161383	0.0267432	0.0483624	0.3755345	0.1200398	1.23424	0.7309715
11760	-410.508	-423.6841	13.1761	0.857347	0.0307187	0.0275593	0.0843747	0.3755345	0.1030134	1.025432	0.7309715
11766	-407.8961	-420.1818	12.28573	0.927193	0.00709312	0.027179	0.0385346	0.3755345	0.8249256	1.025432	0.8922025
11772	-410.476	-422.3314	11.85538	0.90408	0.031844	0.0265015	0.037574	0.393506	1.397241	0.8053533	0.9334914
11778	-415.1451	-426.3445	11.19939	0.830915	0.109176	0.0067332	0.0531757	0.4107728	1.376339	0.4735589	1.818765
11784	-411.3128	-421.0325	9.719668	0.907227	0.0170164	0.00156996	0.0741865	0.2465631	1.461217	0.8895208	3.853257
11790	-414.4794	-426.7763	12.29688	0.790084	0.0325965	0.00300741	0.174312	0.2411726	1.461217	0.6190172	0.6238925
11796	-409.9038	-422.2095	12.30572	0.712063	0.0486239	0.00329478	0.236018	0.2928758	1.263557	0.8020458	0.6938512
11802	-406.497	-418.7307	12.23372	0.816064	0.0557257	0.00377601	0.124434	0.3171159	0.9931212	1.06837	0.7747173
11808	-410.987	-423.6218	12.63479	0.719839	0.167069	0.00333076	0.109762	0.4274536	0.8941163	1.133562	0.2303671
11814	-412.3046	-424.2676	11.96299	0.716846	0.140693	0.00280492	0.139656	0.6324767	0.9293596	1.219482	0.09623134
11820	-411.2627	-423.772	12.50933	0.785983	0.0705	0.00124487	0.142272	0.5923414	0.416637	1.486526	0.2189116
11826	-411.6563	-422.9171	11.26076	0.884796	0.0732421	0.00129329	0.0406684	0.3051562	0.368525	1.486526	1.998157
11832	-408.952	-420.1775	11.22546	0.905163	0.00884906	0.029706	0.0562816	0.5602347	1.021655	1.488072	1.027266
11838	-411.9297	-423.1562	11.22644	0.784931	0.0205137	0.0637174	0.130838	0.5412134	0.7123292	1.733132	1.017489
11844	-409.1179	-419.9921	10.87419	0.811789	0.141213	0.0151085	0.0318901	0.04076498	1.203497	0.7305679	1.032972
11850	-419.1293	-431.234	12.1047	0.358445	0.380928	0.0228389	0.237788	0.1572878	1.29076	0.6068834	0.8981337
11856	-418.8654	-427.6474	8.781915	0.349221	0.245812	0.0355817	0.369386	0.1137773	1.310739	0.557338	6.293348
11862	-423.7416	-433.7746	10.03295	0.401335	0.382974	0.142001	0.0736902	0.02423703	1.619975	1.092745	0.1786046
11868	-422.6228	-432.9949	10.37206	0.52226	0.32998	0.0913697	0.0563898	0.05225534	1.063864	1.518279	1.138429
11874	-418.2043	-429.4517	11.24741	0.328363	0.53645	0.0574473	0.0777397	0.09844515	1.322009	1.469119	0.6566203
11880	-417.5137	-429.7254	12.21168	0.0644815	0.638421	0.0328728	0.264225	0.09837232	1.490122	0.6928772	0.2687037
11886	-412.8147	-424.8177	12.00296	0.601811	0.188643	0.00519218	0.204354	0.07418736	1.108276	0.9672171	0.1304289
11892	-410.8624	-422.1239	11.26147	0.850534	0.0367875	0.00607222	0.106607	0.0395905	0.7464188	1.284151	0.117319
11898	-411.3642	-423.19	11.82585	0.700372	0.0538008	0.00500017	0.240827	0.07131045	1.421493	0.9416874	0.2150314
11904	-417.6743	-429.4343	11.7599	0.54168	0.0821945	0.00432376	0.371802	0.1638939	1.222817	0.7634062	1.247949
11910	-420.134	-431.9451	11.81114	0.631237	0.160784	0.0108387	0.197141	0.1009597	1.780525	0.699558	0.4529737
11916	-415.2852	-424.2945	9.0093	0.531049	0.373068	0.0396723	0.056211	0.04495136	1.588978	0.5914064	3.290003
11922	-414.9328	-427.0482	12.11545	0.915699	0.0117419	0.0258724	0.0466869	0.4347058	0.6425016	1.237131	0.9576402
11928	-412.6624	-424.6466	11.98425	0.83767	0.0830781	0.016485	0.0627666	0.4975157	0.6335835	1.269488	0.9985213
11934	-414.7851	-426.064	11.2789	0.837184	0.0557862	0.0114723	0.0955576	0.6317437	0.8076207	1.16622	1.555871
11940	-410.9737	-420.1953	9.221597	0.888122	0.00502638	0.0285928	0.0782591	0.3852586	1.717949	0.5487807	4.627361
11946	-414.3807	-425.6416	11.26094	0.891816	0.0639297	0.0287118	0.0155421	0.3682098	1.423538	0.7730623	1.593569
11952	-415.2115	-424.1185	8.907075	0.904072	0.0510661	0.0291063	0.0157557	0.2469906	1.773687	0.4684834	5.381699
11958	-412.2527	-421.2184	8.96578	0.958055	0.0210802	0.013537	0.00732777	0.6964568	1.770243	0.3066008	4.193604
11964	-414.5615	-424.2399	9.678356	0.836152	0.138385	0.00568526	0.0197779	0.9452056	1.770243	0.3302893	2.519491
11970	-412.3694	-423.0686	10.69915	0.795287	0.161909	0.00889716	0.0339069	0.359923	1.142879	0.5683521	2.932201
11976	-409.6452	-421.4717	11.82644	0.818966	0.16673	0.0104587	0.00384528	0.359923	1.317443	0.5683521	1.198698
11982	-420.8162	-428.7501	7.933904	0.714038	0.187841	0.0156614	0.0824598	0.5877081	1.477187	0.4332009	8.207261
11988	-413.794	-426.5404	12.74644	0.288533	0.496805	0.0849599	0.129701	0.2769054	1.287339	0.6354476	0.2068004
11994	-415.6142	-427.2327	11.61852	0.10683	0.708508	0.0317881	0.152873	0.07349549	1.839721	0.3315289	0.2353896
12000	-412.1716	-423.3819	11.21031	0.0600796	0.245515	0.0233818	0.671024	0.05371507	1.839721	0.3323488	0.1505139
12006	-411.224	-421.7645	10.54052	0.0846801	0.242783	0.0211941	0.651343	0.03226672	1.66789	0.3323488	0.1055919
12012	-410.4819	-420.9558	10.47396	0.494083	0.226345	0.0197592	0.259812	0.02483582	1.637163	0.5564716	0.1953504
12018	-407.7175	-418.8481	11.13059	0.697679	0.141354	0.0191896	0.141777	0.03535279	1.502086	0.5548728	0.1740878
12024	-410.793	-422.0777	11.28473	0.599591	0.189065	0.0217115	0.189632	0.05640875	1.517599	1.140375	0.2066803
12030	-411.0791	-420.5166	9.437498	0.681834	0.214998	0.0246895	0.0784786	0.03480304	1.213603	1.340571	1.695417
12036	-407.2318	-417.199	9.967225	0.731596	0.23069	0.0306306	0.00708347	0.03480304	0.8812862	1.20021	1.662111
12042	-408.107	-417.5554	9.448451	0.786868	0.194249	0.011136	0.00774639	0.02446583	1.429795	1.672847	0.4238933
12048	-407.9693	-418.3834	10.41416	0.898355	0.0800874	0.0127138	0.00884393	0.02459362	1.464064	0.8706258	0.3763999
12054	-407.7552	-418.1625	10.40729	0.784593	0.154642	0.0433071	0.0174574	0.04262818	1.606765	1.407841	0.4747711
12060	-416.2168	-427.149	10.93218	0.390314	0.576091	0.00873296	0.0248629	0.13573	1.224747	0.9211934	1.998359
12066	-411.0699	-423.7142	12.6443	0.451359	0.503823	0.0119498	0.0328684	0.1438741	0.9970297	0.9199376	0.4227153
12072	-412.1041	-422.3443	10.24019	0.263961	0.530915	0.104023	0.101101	0.04271095	0.7042537	2.018024	0.679702
12078	-409.7716	-420.2289	10.45728	0.440915	0.383194	0.0866319	0.0892584	0.04965719	0.9255737	2.045063	0.3831653
12084	-411.4215	-421.1605	9.738986	0.375324	0.413412	0.0934635	0.1178	0.03741749	0.9089542	1.94787	0.8944897
12090	-419.2422	-431.8741	12.6319	0.161902	0.71932	0.0303167	0.0884619	0.2687944	1.100812	0.6576494	0.6311908
12096	-415.9574	-428.5582	12.60084	0.0708244	0.877902	0.0131701	0.0381033	0.131084	0.9709793	1.00486	0.3574874
12102	-416.3686	-428.5679	12.19937	0.172887	0.761211	0.0321491	0.0337532	0.1500377	0.9709793	1.371618	0.403633
12108	-419.4835	-431.1356	11.65213	0.167973	0.383387	0.0837064	0.364934	0.0786584	0.7527273	1.677075	0.1776365
12114	-414.4016	-426.3282	11.92658	0.147358	0.336334	0.0734331	0.442875	0.05128132	0.8355229	1.091369	0.2697772
12120	-411.953	-423.8524	11.89939	0.0629085	0.472496	0.0456264	0.41897	0.07020736	0.8906984	1.301624	0.1699722
12126	-405.6067	-417.3095	11.70288	0.155774	0.266585	0.0492202	0.528421	0.05122791	0.405066	1.574007	0.1699722
12132	-407.7142	-419.2262	11.51208	0.218871	0.502023	0.087208	0.191897	0.05122791	0.4192172	1.515727	0.09956933
12138	-413.5233	-425.3457	11.82244	0.301232	0.376245	0.113423	0.2091	0.05122791	0.4023274	1.520318	0.3005791
12144	-412.3019	-423.6296	11.32773	0.680839	0.180102	0.0479156	0.0911437	0.05995482	0.3004569	2.014332	0.3950426
12150	-414.2156	-425.8594	11.64379	0.549185	0.158027	0.0420428	0.250745	0.09350196	0.1120293	2.014332	0.6592866
12156	-416.0609	-428.2808	12.21989	0.682142	0.196286	0.0522214	0.0693506	0.0986854	0.1197728	1.797841	0.4358054
12162	-413.3909	-425.42	12.0291	0.353516	0.399831	0.10595	0.140703	0.0701931	0.03612219	1.797841	0.4373692
12168	-411.6647	-423.8416	12.17695	0.287554	0.237774	0.0302699	0.444402	0.08445595	0.04374549	1.876053	0.2453985
12174	-412.2025	-423.6323	11.42982	0.502236	0.415291	0.0528687	0.0296045	0.08445595	0.211553	2.14177	0.5095763
12180	-417.352	-427.0423	9.690277	0.422247	0.407208	0.118051	0.0524934	0.04760838	0.5586755	1.878352	1.791496
12186	-414.1107	-423.7373	9.626589	0.664447	0.206602	0.0352455	0.093706	0.05418378	0.5496643	2.190176	1.492805
12192	-413.9559	-426.602	12.64618	0.79873	0.127894	0.0552748	0.0181012	0.4140122	1.097124	0.7975082	0.4480972
12198	-413.8979	-425.7433	11.84543	0.883855	0.0438044	0.0481228	0.0242175	0.4140122	2.047717	0.7072465	0.3375786
12204	-413.8929	-425.8106	11.91768	0.931531	0.0165253	0.0204335	0.0315106	0.2721584	2.047717	0.3143365	0.3213255
12210	-408.7541	-420.435	11.68086	0.876472	0.00320943	0.0192258	0.101093	0.3111794	1.970654	0.3143365	0.6451955
12216	-409.9361	-421.4821	11.54604	0.878621	0.0032173	0.0192729	0.0988888	0.3111794	2.274571	0.2300045	0.2155125
12222	-407.0207	-418.7893	11.76862	0.907448	0.0130116	0.0199053	0.0596348	0.3686864	2.195501	0.4808309	0.3833794
12228	-405.5855	-417.3379	11.75237	0.932048	0.0167555	0.0129133	0.0382837	0.2833039	2.115932	0.7410674	0.4473649
12234	-408.7953	-419.803	11.00763	0.905742	0.0228359	0.0172886	0.0541331	0.4042046	2.356714	0.3577685	0.8973952
12240	-406.6747	-418.7532	12.07849	0.868971	0.0242671	0.0155474	0.0912142	0.3026033	1.679839	0.3577685	0.5880063
12246	-409.2939	-421.4729	12.17899	0.871139	0.0364484	0.0134578	0.078955	0.5100683	1.552554	0.8482931	0.2353067
12252	-412.3725	-424.247	11.87453	0.884639	0.0355664	0.0203982	0.0593967	0.4326918	1.533556	0.9173309	0.6624338
12258	-407.6216	-419.8809	12.25925	0.836929	0.052284	0.0200906	0.0906964	0.3071918	1.178811	0.8436963	0.7813778
12264	-408.2144	-420.3823	12.16791	0.864205	0.0355208	0.0181842	0.0820898	0.4374274	1.188169	0.9851708	0.646708
12270	-408.0137	-420.5094	12.4957	0.953923	0.0163932	0.0218171	0.00786636	0.3182272	1.168498	1.085875	0.2347339
12276	-407.9527	-421.0029	13.05021	0.866813	0.0258234	0.0341199	0.0732439	0.3182272	0.7650648	0.7433756	0.4855527
12282	-415.1856	-427.5544	12.36883	0.887471	0.0100716	0.0259694	0.076488	0.412008	1.391773	0.8539276	0.3788334
12288	-416.7087	-428.0763	11.36756	0.847515	0.00384395	0.0456391	0.103002	0.318617	1.305897	0.431853	1.768845
12294	-411.2125	-423.3375	12.12503	0.914756	0.00215877	0.0252389	0.0578464	0.3087546	1.709456	0.3812081	0.5276107
12300	-411.6015	-424.4165	12.81498	0.957058	0.0022586	0.0138882	0.0267953	0.2689616	1.166298	0.4524652	0.4191357
12306	-410.6115	-423.178	12.56649	0.950417	0.00574831	0.0313	0.0125344	0.3079978	1.359274	0.4226868	0.4560006
12312	-421.8625	-429.2279	7.365337	0.824109	0.112896	0.0138915	0.0491035	0.4367752	0.9966489	0.9327811	11.8123
12318	-419.1887	-430.0389	10.85017	0.846866	0.0242617	0.0784128	0.0504594	0.4367752	1.143698	0.5901815	2.580227
12324	-413.9138	-426.1229	12.20914	0.896591	0.0472728	0.0438417	0.0122947	0.350209	1.704469	0.2871803	0.248774
12330	-417.7836	-428.405	10.62144	0.924579	0.0330176	0.0306212	0.0117822	0.4383721	1.704469	0.2422368	1.840991
12336	-417.2146	-428.607	11.39232	0.922233	0.0497235	0.0168442	0.0111995	0.3320278	1.704469	0.3157516	1.180827
12342	-414.7106	-426.0384	11.32784	0.845855	0.0456054	0.0198887	0.0886512	0.2906842	1.704469	0.3157516	1.271452
12348	-412.0636	-422.9929	10.92928	0.798741	0.0461427	0.020123	0.134993	0.3302571	1.773257	0.395774	1.70584
12354	-410.8592	-421.5829	10.7237	0.920376	0.0337233	0.0251452	0.0207559	0.3302571	1.876866	0.4968212	1.865854
12360	-413.655	-423.9771	10.32208	0.820372	0.0145971	0.0115753	0.153456	0.2849126	1.545968	0.6690805	2.89374
12366	-413.0206	-423.3084	10.28783	0.797823	0.0166432	0.0183682	0.167165	0.2387248	1.420664	0.4093726	3.218462
12372	-416.3818	-427.9528	11.57096	0.695661	0.208289	0.0292148	0.066835	0.398493	0.8611894	1.179306	1.405886
12378	-415.7934	-428.2769	12.48343	0.736061	0.186488	0.00673459	0.0707164	0.3814171	1.337264	0.8845979	0.2492051
12384	-410.6006	-423.1124	12.51179	0.869151	0.0314689	0.00864138	0.0907386	0.3814171	1.337264	0.7940038	0.176948
12390	-410.2842	-421.7508	11.46661	0.873949	0.0380044	0.020345	0.0677017	0.3671131	1.61135	0.7457287	1.174952
12396	-410.9479	-422.8185	11.87058	0.889911	0.0331918	0.0177686	0.0591285	0.477801	1.44569	0.7457287	0.8383967
12402	-420.5554	-433.3838	12.82835	0.00918944	0.824866	0.0877671	0.0781778	0.3610264	0.5235582	1.295733	0.3560283
12408	-418.9367	-429.6461	10.70943	0.00875215	0.869141	0.0626282	0.0594787	0.06427232	0.9461265	1.5633	1.076245
12414	-413.1459	-423.4578	10.31197	0.803552	0.0495186	0.010864	0.136065	0.3601765	1.757003	0.8533344	2.328892
12420	-414.7125	-425.2575	10.545	0.86395	0.0118701	0.107961	0.0162191	0.7202892	1.1706	1.142791	1.933156
12426	-407.1296	-418.99	11.86041	0.900047	0.012366	0.0706901	0.0168968	0.4728942	1.203874	0.8080322	1.04768
12432	-407.0014	-418.761	11.75961	0.900578	0.00250934	0.0811362	0.0157767	0.4728942	1.260279	1.189041	0.7251577
12438	-410.1042	-422.7612	12.65697	0.881304	0.0238571	0.0793998	0.0154391	0.3963326	1.051883	0.6061914	0.6046163
12444	-414.096	-425.8589	11.76283	0.676772	0.216799	0.0303533	0.0760757	0.377248	1.277766	1.066126	0.917822
12450	-412.5004	-422.2806	9.780124	0.814552	0.0609831	0.0365328	0.0879317	0.4101353	1.128623	1.453177	3.035949
12456	-413.8577	-424.7973	10.93952	0.845907	0.0519645	0.0855827	0.0165456	0.8744372	0.2973573	1.672633	1.488476
12462	-420.8479	-429.8881	9.040181	0.861548	0.0855821	0.0406692	0.0122004	0.5130688	0.9203538	1.628827	4.17875
12468	-413.2975	-424.0101	10.71263	0.875595	0.0714124	0.0413323	0.0116602	0.4384144	1.289909	0.897371	2.276569
12474	-406.4208	-419.0712	12.65036	0.899007	0.0225162	0.0612092	0.0172677	0.3416913	1.032332	0.7058483	0.6235665
12480	-411.4252	-423.3639	11.93863	0.897982	0.0224905	0.0611394	0.0183883	0.6015526	1.335973	0.5605711	0.8386648
12486	-408.6577	-420.5871	11.9294	0.925976	0.0231917	0.0318709	0.0189615	0.458524	1.410155	0.7380022	0.8386648
12492	-416.3654	-428.053	11.68763	0.828321	0.073861	0.0689867	0.0288311	0.455488	1.477924	0.7380022	1.012163
12498	-411.855	-424.0841	12.22912	0.832783	0.0825509	0.0666084	0.0180575	0.4425368	1.104166	0.9130552	0.7281982
12504	-418.5148	-428.6208	10.10601	0.886719	0.0781926	0.025417	0.00967193	0.4425368	0.7674618	1.373487	3.223069
12510	-418.0105	-430.0159	12.00546	0.799514	0.0455899	0.0640551	0.090841	0.6533656	1.203042	0.6634881	0.8138837
12516	-409.797	-421.2358	11.43884	0.913782	0.0266852	0.0309204	0.028612	0.4113117	1.412806	0.6352369	1.450206
12522	-416.7039	-426.5144	9.8105	0.680118	0.190933	0.00842428	0.120524	0.5460314	0.9126334	1.964437	2.031543
12528	-415.0326	-425.1473	10.11464	0.739112	0.207495	0.0105378	0.0428555	0.383896	0.6237128	1.971255	2.206483
12534	-411.2095	-422.3268	11.11736	0.779898	0.0922685	0.0111193	0.116714	0.5112288	0.6269729	1.82863	1.106574
12540	-414.834	-424.5208	9.68677	0.864246	0.0644012	0.0361601	0.0351931	0.4767056	1.11466	1.231808	3.609832
12546	-414.8605	-424.3386	9.47807	0.855058	0.0637165	0.0464066	0.0348189	0.4767056	0.8522286	1.903417	2.848387
12552	-412.031	-422.4917	10.46071	0.871176	0.0418083	0.0116698	0.0753457	0.4767056	0.3460374	1.830258	2.285876
12558	-412.2824	-424.1912	11.90881	0.793357	0.0316954	0.008847	0.1661	0.4676862	0.2150431	1.790533	0.8273491
12564	-418.1443	-426.2717	8.127447	0.9006	0.0392524	0.000635686	0.0595119	0.2224451	1.181704	0.9393423	8.600843
12570	-407.7288	-420.0485	12.31969	0.871254	0.0678697	0.0105539	0.0503221	0.3490876	0.4679126	1.246566	0.9860162
12576	-412.5029	-424.7939	12.291	0.915869	0.0201374	0.0110944	0.052899	0.3632663	1.5834	0.8353164	0.2363226
12582	-410.0732	-422.6225	12.54929	0.932336	0.0201761	0.0111904	0.0362976	0.3409152	1.288892	0.7977043	0.1561997
12588	-406.5201	-418.6091	12.08903	0.898184	0.0555674	0.0108984	0.0353504	0.3239182	1.360499	1.141383	0.4808429
12594	-406.4853	-418.5495	12.06415	0.891139	0.0796169	0.00279167	0.0264519	0.3239182	1.350935	0.7901792	0.8346867
12600	-404.2353	-416.3877	12.15245	0.95013	0.0125029	0.000840978	0.0365266	0.3240738	1.041301	1.100103	0.7700479
12606	-406.7035	-418.874	12.17043	0.89071	0.0574959	0.00162692	0.0501673	0.4599991	0.1999561	1.7115	0.7073743
12612	-403.988	-415.5718	11.58385	0.836835	0.0365907	0.000470394	0.126104	0.3065648	1.270038	1.223287	0.9722492
12618	-404.7094	-417.2245	12.51505	0.884764	0.0386864	0.00047969	0.0760702	0.2840021	0.9758755	0.8859345	0.7062189
12624	-410.7809	-421.2168	10.4359	0.883628	0.0386368	0.00176244	0.0759726	0.4654203	1.058269	1.223722	2.481846
12630	-412.7568	-423.2045	10.44771	0.871755	0.0353794	0.0093819	0.0834841	0.5110497	1.578598	0.6446323	2.393273
12636	-408.5751	-420.5369	11.96175	0.870459	0.0134172	0.00936796	0.106756	0.2529454	1.354698	0.7966547	0.9485028
12642	-404.9715	-416.5467	11.57521	0.879636	0.00301598	0.00946673	0.107881	0.2481569	1.864282	0.4545587	0.9485028
12648	-412.7823	-422.3774	9.5951	0.858964	0.00601357	0.0108926	0.12413	0.3619519	1.299274	0.9154706	4.288012
12654	-406.8009	-418.4092	11.60824	0.869278	0.00557379	0.010096	0.115052	0.3716256	0.8110915	1.164173	1.464664
12660	-409.2006	-420.6067	11.40605	0.89112	0.0103812	0.00191263	0.0965864	0.2724455	1.6293	1.120568	0.9211249
12666	-411.0256	-423.108	12.0824	0.883315	0.0121991	0.00874568	0.0957405	0.3498406	1.780288	0.5776682	0.4981235
12672	-410.1758	-421.9938	11.81806	0.974783	0.00830801	0.00872074	0.00818799	0.270851	1.182816	1.414348	0.6158317
12678	-406.9722	-419.1486	12.17643	0.953611	0.00812756	0.00853133	0.0297299	0.2022047	1.496853	0.8070049	0.5833508
12684	-402.4627	-415.1103	12.64764	0.918725	0.00305791	0.00649776	0.0717193	0.2634176	1.12945	0.6712604	0.5833508
12690	-402.2894	-414.588	12.29852	0.899117	0.00727563	0.00659944	0.0870083	0.3384547	1.347869	0.737439	0.6415335
12696	-406.8385	-419.2502	12.41164	0.824286	0.0119472	0.0208919	0.142875	0.3114642	1.019891	0.7107377	0.8762752
12702	-410.3146	-422.2925	11.97785	0.91513	0.0132639	0.0231944	0.0484122	0.4631602	0.4780835	1.496679	0.9053844
12708	-407.8577	-419.8398	11.98211	0.938004	0.0265467	0.0114824	0.0239665	0.4631602	1.368255	0.8095634	0.7757904
12714	-409.2393	-421.5905	12.3512	0.946785	0.0190614	0.00996234	0.0241908	0.2699462	1.344259	0.8095634	0.5750361
12720	-408.7486	-420.7358	11.98717	0.789485	0.114019	0.0155978	0.0808982	0.4043869	1.343973	0.7229606	0.9033618
12726	-407.2442	-419.2813	12.03718	0.888975	0.0331966	0.0252395	0.0525885	0.4043869	1.310061	0.9062909	0.7529031
12732	-413.95	-425.8274	11.8774	0.813723	0.0303865	0.145284	0.0106064	0.5140333	1.310061	1.061713	0.6620388
12738	-408.7231	-421.0901	12.36705	0.848045	0.0803617	0.0615565	0.0100373	0.4488709	1.183928	0.6081852	0.7091472
12744	-413.0239	-424.3775	11.35358	0.576181	0.314629	0.0364344	0.0727554	0.04463654	1.195924	1.05917	0.156327
12750	-413.2353	-424.758	11.52263	0.966501	0.00551318	0.0166606	0.0113253	0.38468	1.058037	0.6244335	1.808175
12756	-404.7532	-417.3815	12.62827	0.952531	0.00543349	0.0164198	0.025616	0.2635293	1.192024	0.6942238	0.5296249
12762	-405.1819	-417.0387	11.85677	0.9078	0.0147567	0.0156487	0.0617949	0.2635293	2.055553	0.4113937	0.4799521
12768	-406.6334	-418.6071	11.97371	0.914177	0.0251367	0.0157586	0.0449274	0.4125613	1.803238	0.600547	0.5274984
12774	-403.6576	-415.8058	12.1482	0.851764	0.0120019	0.0115807	0.124654	0.3586712	1.743673	0.4152469	0.456274
12780	-407.7457	-420.0463	12.30057	0.846105	0.0185654	0.0115037	0.123826	0.2577627	1.780701	0.5162728	0.2460345
12786	-412.3503	-424.1252	11.77481	0.680239	0.0173117	0.0107269	0.291723	0.2198224	1.537803	0.6554555	1.032868
12792	-408.2287	-420.7929	12.56422	0.935399	0.0238055	0.0147506	0.0260449	0.2470422	1.436365	0.6421529	0.3611437
12798	-408.414	-420.2796	11.86564	0.938273	0.0208063	0.014796	0.0261249	0.2762849	1.261889	0.8527234	1.090913
12804	-407.9187	-419.4656	11.54684	0.858627	0.0378171	0.0240128	0.0795432	0.3905864	1.464339	0.8337984	1.158055
12810	-411.6588	-423.0248	11.36597	0.871467	0.0504776	0.0584865	0.0195686	0.3357354	1.882522	0.5573251	1.108952
12816	-409.8425	-420.9567	11.11421	0.881515	0.0380528	0.0440903	0.0363419	0.3357354	2.401248	0.1577308	0.3871236
12822	-409.2043	-419.7318	10.52756	0.913933	0.0394522	0.00893629	0.0376784	0.3825653	2.216855	0.1751975	1.189974
12828	-409.0684	-418.9967	9.928299	0.894766	0.049535	0.00662949	0.049069	0.3672876	2.721294	0.1091574	0.9507838
12834	-411.4444	-423.3693	11.92496	0.908343	0.0200973	0.0217465	0.0498136	0.3672876	1.949448	0.3512465	0.4256499
12840	-408.5494	-420.4997	11.9503	0.849981	0.0114731	0.0108515	0.127695	0.3711955	1.69007	0.4863595	0.7066758
12846	-405.4585	-417.4535	11.99499	0.826369	0.00760834	0.00719613	0.158827	0.476378	1.319753	1.043325	0.5950502
12852	-409.5479	-421.4555	11.90766	0.810995	0.00242893	0.00706225	0.179514	0.3901651	1.284554	1.097094	0.7304915
12858	-406.4849	-418.5007	12.01577	0.808321	0.00571852	0.00703896	0.178922	0.3901651	1.038595	1.097094	0.8620514
12864	-403.8769	-416.6333	12.75642	0.88098	0.0060768	0.00747997	0.105463	0.3694099	0.9439669	0.7882389	0.5356597
12870	-405.2558	-417.5727	12.31687	0.845214	0.0199568	0.00717629	0.127653	0.3545543	0.8591271	1.066182	0.8032292
12876	-409.276	-421.5594	12.28335	0.845032	0.00914229	0.0181996	0.127626	0.32849	0.9101739	1.091157	0.7770773
12882	-409.4566	-420.206	10.74931	0.848599	0.00918088	0.0140556	0.128164	0.2667883	1.562866	0.4933268	2.29189
12888	-408.1576	-420.2585	12.10096	0.848498	0.00929913	0.014054	0.128149	0.3249489	1.511305	0.7242393	0.6893309
12894	-404.584	-416.6609	12.07689	0.873111	0.0317694	0.00929847	0.0858215	0.3511148	1.272237	0.9828343	0.7221214
12900	-406.405	-418.3457	11.94071	0.924766	0.00543125	0.00192031	0.0678827	0.3306186	1.3426	0.9242566	0.8505092
12906	-408.5653	-420.6467	12.0814	0.856434	0.0126239	0.00446341	0.126478	0.4878103	1.245063	0.9302444	0.6789013
12912	-410.1277	-423.1121	12.98441	0.853044	0.0164787	0.00222629	0.128251	0.398935	0.7747667	0.6731646	0.5258359
12918	-409.9161	-422.0865	12.17043	0.824735	0.0681478	0.00387656	0.10324	0.5693894	0.9897604	1.164182	0.5258359
12924	-411.0488	-421.2778	10.22893	0.880063	0.0514688	0.00989513	0.0585735	0.5421035	0.9876336	2.39402	0.7478235
12930	-409.5476	-421.3972	11.84964	0.89328	0.0058909	0.0482205	0.0526083	0.5421035	0.6697798	1.513229	0.7478235
12936	-415.226	-424.521	9.295095	0.92894	0.00612606	0.0450202	0.0199142	0.6033299	1.232249	2.835171	0.6650371
12942	-411.9178	-422.8804	10.96261	0.910591	0.00360383	0.0215936	0.0642114	0.4769572	0.2719226	2.215324	1.067789
12948	-408.1314	-418.7297	10.59828	0.90397	0.00357762	0.0214366	0.0710162	0.4769572	0.5064215	2.553214	0.6752191
12954	-405.6293	-417.7948	12.16542	0.825011	0.0293586	0.000787606	0.144842	0.2632882	1.428493	0.6708868	0.083583
12960	-404.864	-416.7867	11.92268	0.834384	0.0238142	0.000638867	0.141162	0.2947394	1.657582	0.8329814	0.6601306
12966	-412.9419	-425.6438	12.70188	0.847738	0.023933	0.000649092	0.12768	0.2339312	1.222234	0.5882009	0.4706637
12972	-411.9962	-424.4842	12.48804	0.879088	0.0182362	0.00538806	0.0972878	0.3184736	1.376902	0.7518741	0.1482387
12978	-414.132	-426.2002	12.06821	0.803109	0.0294701	0.00130199	0.166119	0.2846018	0.9547325	0.8262995	1.220217
12984	-412.8353	-424.1126	11.27729	0.778166	0.0285548	0.00796564	0.185313	0.2846018	1.179092	1.216338	1.410163
12990	-411.2171	-423.0375	11.82045	0.775069	0.0284411	0.0119139	0.184576	0.4346752	0.709076	1.375959	1.01458
12996	-421.3456	-432.5035	11.15797	0.857728	0.0368184	0.0541666	0.0512867	0.5233135	1.00724	0.9335188	1.898269
13002	-419.5504	-431.2395	11.68909	0.876605	0.0746041	0.0486376	0.000153614	0.4191202	1.382014	0.3265882	1.150662
13008	-416.3791	-427.896	11.51694	0.822631	0.0700106	0.0526101	0.0547479	0.3183647	2.108911	0.2414951	0.5536285
13014	-413.8277	-425.8672	12.03952	0.822631	0.0700106	0.0526101	0.0547479	0.4126658	1.935282	0.4109482	0.2616507
13020	-410.5736	-422.7811	12.20755	0.829634	0.0959013	0.0503694	0.0240958	0.472085	1.42659	0.9336002	0.3800207
13026	-409.5905	-421.7436	12.15302	0.882555	0.0655147	0.0479586	0.00397213	0.4721691	1.42659	0.9017496	0.4736708
13032	-406.9856	-419.085	12.09936	0.894929	0.0525384	0.048631	0.00390168	0.4121017	1.748432	0.5223184	0.4736708
13038	-411.3391	-422.2553	10.91619	0.90386	0.0530628	0.0226803	0.0203968	0.310541	1.748432	0.6345734	1.759374
13044	-407.5598	-419.7067	12.14688	0.932184	0.0195759	0.0233911	0.0248486	0.310541	1.802927	0.7670728	0.2972932
13050	-412.3229	-425.1326	12.8097	0.862412	0.0275817	0.0216403	0.088366	0.310541	1.121729	0.7926792	0.2972932
13056	-417.6227	-430.0996	12.47686	0.842109	0.0311629	0.0249298	0.101798	0.2446897	1.479266	0.7915611	0.2712629
13062	-417.2436	-429.1587	11.91513	0.834755	0.100303	0.00973122	0.0552116	0.05794738	0.352731	1.282582	0.7292195
13068	-418.1493	-428.9742	10.82491	0.736486	0.160964	0.0139476	0.0886026	0.03817547	0.9359395	1.282582	0.7292195
13074	-412.462	-424.3349	11.8729	0.836583	0.0409176	0.0090985	0.113401	0.29947	2.184981	0.493129	0.2078473
13080	-411.5572	-423.4459	11.8887	0.898058	0.0254545	0.00594185	0.0705459	0.2755247	2.182916	0.4623836	0.2247847
13086	-408.1517	-419.3334	11.18177	0.917788	0.0205279	0.00479182	0.056892	0.2256677	2.396392	0.2855905	0.6896476
13092	-413.25	-424.5441	11.29405	0.836104	0.0671418	0.0330797	0.0636746	0.3650923	0.7895978	1.738817	1.026979
13098	-408.9536	-420.9834	12.02982	0.84213	0.0482379	0.0351101	0.0745223	0.3336924	1.004457	1.211995	0.7956218
13104	-411.2745	-423.6492	12.37471	0.7735	0.0810162	0.0203231	0.125161	0.365758	0.7378876	1.32785	0.5674731
13110	-421.816	-432.5789	10.76291	0.634484	0.13074	0.0327964	0.201979	0.6788255	1.163534	1.897688	0.6599688
13116	-421.2876	-430.3642	9.076604	0.698623	0.219216	0.0408776	0.0412835	0.756315	0.9697854	1.972898	2.673167
13122	-404.9336	-415.9623	11.02867	0.898435	0.00804017	0.00212035	0.091405	0.2648252	2.623101	0.1676578	0.2360956
13128	-406.1583	-417.3637	11.20535	0.899943	0.00637512	0.00212391	0.0915584	0.2359305	2.537228	0.1995974	0.1981429
13134	-408.2987	-419.5791	11.28045	0.89018	0.0171535	0.00210087	0.0905652	0.3054232	2.537228	0.2267987	0.2195092
13140	-404.6238	-415.1664	10.54259	0.910957	0.00943472	0.00180483	0.0778034	0.1923204	2.647291	0.1009723	0.383576
13146	-408.4703	-419.4916	11.02133	0.949336	0.0116971	0.000511597	0.0384555	0.2477917	2.787464	0.3249163	0.5213473
13152	-415.5712	-424.1734	8.602193	0.803208	0.10424	0.0525885	0.0399631	0.6914686	0.81667	1.557712	5.17722
13158	-417.2327	-428.0726	10.83986	0.738378	0.18774	0.0483439	0.0255379	0.9720161	0.4302802	1.468943	1.659868
13164	-415.6627	-426.7074	11.04473	0.759893	0.152162	0.0390906	0.0488542	0.3138199	0.2006995	1.468943	2.573149
13170	-418.8922	-430.0476	11.15542	0.892608	0.00292199	0.00521263	0.0992569	0.2074058	2.83357	0.4929902	0.4019697
13176	-412.055	-422.4403	10.38525	0.892333	0.00292109	0.00551922	0.0992263	0.2035697	3.266351	0.1803101	0.1853087
13182	-412.4355	-423.6602	11.22468	0.895285	0.00200809	0.00541178	0.0972947	0.2331002	2.729175	0.2891507	0.2447617
13188	-416.9578	-427.512	10.5542	0.969712	0.00567156	0.00586167	0.0187544	0.2501716	3.41883	0.3055038	0.2844839
13194	-414.0127	-424.9812	10.96852	0.918526	0.00995713	0.00555226	0.065965	0.2726206	3.094989	0.4299565	0.2844839
13200	-412.459	-424.6372	12.17812	0.845628	0.0200578	0.00143319	0.132881	0.3430502	1.660782	0.8937951	0.2349517
13206	-409.439	-420.7204	11.28133	0.893573	0.021195	0.00867327	0.076559	0.2761406	2.697398	0.7560733	0.2349517
13212	-405.2206	-417.0314	11.81082	0.910912	0.00220211	0.00884157	0.0780445	0.3256967	2.13108	0.6173275	0.4166171
13218	-406.5517	-418.2288	11.6771	0.893587	0.00216023	0.0136815	0.0905711	0.2679376	2.13108	0.235057	0.3615245
13224	-402.4658	-413.893	11.4272	0.943544	0.00549449	0.00873674	0.0422251	0.2874933	2.435817	0.264916	0.3615245
13230	-406.9831	-418.7964	11.81323	0.939103	0.00772944	0.00869562	0.0444716	0.2595672	2.036891	0.3464489	0.5009442
13236	-408.1193	-420.1128	11.99352	0.936867	0.00386466	0.00795664	0.0513117	0.2958806	1.598501	0.8323093	0.6491087
13242	-411.605	-423.8509	12.2459	0.952175	0.0136584	0.00539654	0.0287698	0.2958806	1.062333	1.00422	0.7698537
13248	-414.7345	-426.13	11.39546	0.928234	0.0153892	0.0178787	0.0384976	0.3195539	1.794104	0.7994817	1.05256
13254	-410.8135	-421.9365	11.12295	0.886478	0.0532598	0.0155923	0.0446696	0.3627146	1.340243	1.827185	0.5405465
13260	-418.5746	-426.6157	8.041136	0.745233	0.0969016	0.0104183	0.147447	0.4408736	2.194945	0.158322	5.063699
13266	-416.3094	-427.0737	10.76429	0.869263	0.096833	0.00653166	0.0273725	0.5233197	1.966104	0.3864311	1.467376
13272	-412.0407	-422.4165	10.3758	0.916464	0.0157065	0.0130673	0.0547619	0.5039015	1.25625	0.8170009	2.84595
13278	-417.7502	-426.0845	8.334253	0.749521	0.00406008	0.010687	0.235732	0.28833	1.437334	0.8215793	7.443903
13284	-410.7107	-422.4359	11.72521	0.830746	0.00945723	0.00319267	0.156604	0.2720221	1.184573	1.03517	1.140226
13290	-408.919	-421.3907	12.47176	0.914925	0.0169967	0.00119632	0.0668824	0.3652592	1.016454	0.8440384	0.6995951
13296	-406.1968	-418.4687	12.2719	0.858634	0.0138055	0.00122524	0.126335	0.3033654	1.741372	0.3654975	0.2099119
13302	-404.6495	-416.795	12.14547	0.868511	0.0107687	0.000955725	0.119765	0.2192627	1.915553	0.4756527	0.2079639
13308	-409.4615	-421.4396	11.97815	0.916519	0.0146719	0.00130213	0.0675068	0.2192627	2.056131	0.6102499	0.1990551
13314	-407.9742	-419.8486	11.87444	0.870893	0.0211239	0.00187475	0.106108	0.2192627	2.145968	0.5917862	0.1804827
13320	-409.4193	-421.2675	11.84814	0.946575	0.0229596	0.00230227	0.0281631	0.2201327	2.171561	0.4363387	0.1753391
13326	-409.8686	-421.7493	11.88069	0.871232	0.0216664	0.00211902	0.104983	0.3261714	2.171561	0.4495191	0.2523953
13332	-409.3417	-421.2828	11.94109	0.925531	0.0396897	0.011512	0.0232675	0.2790209	2.129982	0.4495191	0.2346402
13338	-410.0504	-421.8083	11.75792	0.802978	0.0344342	0.00433965	0.158248	0.3097484	2.211072	0.3592897	0.1744988
13344	-406.407	-417.8423	11.4353	0.875391	0.0214252	0.00270017	0.100483	0.2867688	2.269509	0.2421441	0.4907126
13350	-407.5169	-419.1469	11.63005	0.889536	0.0217714	0.00274379	0.0859491	0.2867688	1.885669	0.1955637	0.5583879
13356	-412.6317	-422.0653	9.433559	0.889536	0.0217714	0.00274379	0.0859491	0.254033	1.865126	0.4968748	4.021677
13362	-411.6978	-422.6434	10.94551	0.964968	0.0236176	0.00297647	0.00843759	0.2010359	2.223869	0.2437073	0.998475
13368	-411.1034	-421.7368	10.63338	0.919203	0.0224975	0.0028353	0.055464	0.2018845	1.924365	0.2729887	1.740813
13374	-415.6367	-426.4485	10.81188	0.864841	0.101417	0.0272967	0.00644464	0.4910811	1.556416	1.41166	1.077069
13380	-410.5431	-423.0495	12.50642	0.874807	0.0910626	0.0276112	0.00651891	0.439511	1.421229	0.6548943	0.234479
13386	-413.8634	-425.8828	12.0194	0.755887	0.179092	0.0543027	0.0107189	0.6314953	1.438922	0.5858889	0.6283412
13392	-412.319	-424.7588	12.43975	0.804153	0.134935	0.0347473	0.0261648	0.5135846	1.14885	0.8862371	0.4352058
13398	-412.796	-425.1125	12.31649	0.798822	0.134985	0.0425288	0.0236642	0.3807821	1.190594	1.177943	0.30584
13404	-413.51	-425.5018	11.99187	0.746317	0.161958	0.0696168	0.0221088	0.6313082	1.584735	0.7100644	0.4572853
13410	-415.0754	-427.2624	12.18698	0.739195	0.160412	0.078495	0.0218978	0.6313082	1.529178	0.4420086	0.36734
13416	-418.2114	-430.368	12.15657	0.685161	0.129762	0.111963	0.0731143	0.6105507	1.529178	0.739129	0.3256499
13422	-412.5815	-423.7996	11.21812	0.757027	0.129497	0.0485393	0.0649371	0.4398153	1.674539	0.3757269	1.368233
13428	-416.8166	-428.2319	11.41532	0.854263	0.0325708	0.0213306	0.0918355	0.869813	1.284981	0.4729987	1.135188
13434	-413.3539	-423.8896	10.53565	0.817295	0.031448	0.0167491	0.134508	0.5392105	1.766436	0.6146682	1.985784
13440	-412.6562	-424.7093	12.05314	0.821578	0.0334245	0.0222071	0.12279	0.6354974	1.093436	0.6443165	0.9005997
13446	-410.8472	-421.2348	10.38756	0.873001	0.017961	0.0274003	0.0816376	0.3591958	1.001379	1.53888	2.18595
13452	-408.6587	-419.6364	10.97774	0.873001	0.017961	0.0274003	0.0816376	0.3432268	1.127414	1.188242	1.835684
13458	-409.2236	-421.9096	12.68609	0.908575	0.0182599	0.01034	0.062825	0.3432268	0.7257622	1.218736	0.4127113
13464	-412.4436	-424.7825	12.33894	0.684901	0.243938	0.0651028	0.00605859	0.4114531	1.19881	0.7309071	0.6953393
13470	-413.5637	-423.8889	10.32523	0.818364	0.00959048	0.0776168	0.0944287	0.7856883	0.8700138	2.148222	0.8898493
13476	-410.0017	-422.3306	12.32888	0.81066	0.0189139	0.0768862	0.0935398	0.4568511	1.038149	0.9545599	0.6472773
13482	-409.7517	-421.9428	12.19108	0.813134	0.0159202	0.0771208	0.0938252	0.4167772	0.7724272	0.9883963	1.041131
13488	-413.2619	-425.0682	11.80632	0.835816	0.0348833	0.0328579	0.0964425	0.504803	0.6924712	1.345342	1.016671
13494	-418.296	-430.0051	11.70906	0.68469	0.127265	0.0266415	0.161403	0.504803	0.6638227	1.087857	1.476943
13500	-418.4241	-427.8722	9.448073	0.654396	0.208936	0.0168741	0.119794	0.5513686	1.478459	0.4232701	4.299824
13506	-413.9405	-423.9251	9.984553	0.73823	0.099274	0.008605	0.153891	0.366416	1.526302	0.4801549	3.514415
13512	-414.3715	-423.9371	9.565657	0.119142	0.778487	0.00867199	0.0936993	0.106283	1.262434	1.046692	3.723037
13518	-420.0738	-428.2656	8.191802	0.687982	0.153404	0.0356284	0.122986	0.5208824	1.108685	1.460799	6.252559
13524	-427.3039	-438.9573	11.65339	0.708904	0.22571	0.02218	0.043206	1.090223	0.03020135	1.327553	1.260268
13530	-419.7007	-429.2693	9.568511	0.575402	0.204835	0.0707305	0.149032	0.4189305	1.477347	0.6965381	4.219035
13536	-412.8991	-425.4945	12.59532	0.672898	0.0707214	0.0542015	0.202179	0.3768515	1.249982	0.6965381	0.4430644
13542	-409.961	-422.5906	12.62965	0.831953	0.087438	0.0353163	0.0452924	0.4180796	1.021957	0.6376009	0.6295902
13548	-412.75	-425.0564	12.30646	0.799104	0.114143	0.0461024	0.040651	0.4180796	0.3403521	1.460365	0.8076118
13554	-406.1007	-417.2086	11.10784	0.84306	0.00501586	0.00998646	0.141938	0.3250544	1.917067	0.5812279	1.348584
13560	-410.9881	-422.9362	11.94817	0.787693	0.0203683	0.0114909	0.180447	0.3250544	2.059153	0.3811053	0.2021584
13566	-411.0039	-423.2084	12.20454	0.736912	0.0226757	0.0012693	0.239143	0.2416576	1.707129	0.8008539	0.1809511
13572	-409.5575	-421.5345	11.97698	0.858927	0.0264303	0.00186233	0.11278	0.2993239	1.983273	0.3337871	0.1809511
13578	-405.3045	-416.2036	10.89909	0.961188	0.00121598	0.00122464	0.0363719	0.3116703	2.453171	0.336119	0.9540994
13584	-410.4053	-421.5933	11.18806	0.903893	0.00922454	0.00174248	0.0851402	0.3116703	2.675432	0.2890606	0.159125
13590	-402.2184	-414.5286	12.31022	0.891845	0.00910159	0.0046891	0.0943645	0.2355499	1.683958	0.6991627	0.1950818
13596	-402.9405	-414.8376	11.89713	0.899634	0.0136685	0.00473006	0.0819672	0.2440671	2.148196	0.4791485	0.1838152
13602	-405.3716	-417.5133	12.1417	0.910988	0.0119151	0.00564446	0.0714522	0.3089809	1.401002	0.704061	0.7745768
13608	-411.5361	-423.232	11.69589	0.841204	0.0846243	0.00819313	0.0659788	0.2234351	1.764278	0.6504273	0.8906121
13614	-411.6168	-423.4766	11.85982	0.769336	0.0520067	0.0118177	0.166839	0.3382172	1.49128	0.7278339	0.9296942
13620	-416.0393	-428.4271	12.38776	0.756246	0.0681367	0.0116166	0.164001	0.2970249	1.652242	0.6276408	0.225714
13626	-421.9575	-433.5005	11.54303	0.782705	0.046967	0.00681277	0.163515	0.3171847	1.702577	1.40879	0.1840129
13632	-414.8529	-426.4148	11.5619	0.805182	0.0483158	0.00700841	0.139494	0.4436447	1.034904	1.40879	0.898323
13638	-418.9327	-431.458	12.52536	0.803462	0.103865	0.00699343	0.08568	0.4809527	0.3718365	1.305364	0.7020555
13644	-413.4037	-425.1851	11.7814	0.817387	0.0917211	0.01523	0.0756624	0.4476057	0.707158	1.639609	0.7020555
13650	-411.9875	-424.1133	12.12581	0.762315	0.0855413	0.00678104	0.145363	0.4476057	1.214184	1.272257	0.2108391
13656	-410.6818	-423.2873	12.60551	0.748484	0.0839893	0.00665801	0.160869	0.3332837	1.263656	0.8502126	0.2055275
13662	-416.0272	-428.259	12.23172	0.705068	0.193722	0.00642912	0.0947808	0.3644308	1.290308	1.075789	0.4525676
13668	-419.8376	-431.606	11.76841	0.797319	0.0547374	0.0210119	0.126932	0.4362424	2.064135	0.7912335	0.3110112
13674	-414.9281	-426.767	11.83893	0.744798	0.10943	0.021798	0.123973	0.6194732	0.5546886	1.347386	1.000737
13680	-423.0008	-433.9477	10.94686	0.378316	0.387235	0.139819	0.0946294	0.4987666	0.6443432	1.515138	1.795654
13686	-422.0382	-433.4631	11.42481	0.34437	0.376185	0.063521	0.215924	0.2590051	0.4451137	1.252247	2.09195
13692	-413.7062	-425.3926	11.68637	0.83497	0.0821942	0.0134433	0.0693923	0.4745636	0.6048389	2.017907	0.2807464
13698	-410.8091	-423.5449	12.73581	0.810034	0.0757308	0.0151696	0.0990658	0.4745636	0.4331114	1.394173	0.2807464
13704	-407.5174	-419.052	11.53459	0.765092	0.0715292	0.0143279	0.149051	0.48177	0.8663706	1.22065	1.30225
13710	-405.8034	-418.1627	12.35927	0.719547	0.0825554	0.00233737	0.19556	0.4615623	0.9826959	1.128468	0.1284023
13716	-412.7105	-424.9439	12.23345	0.569969	0.169026	0.00379307	0.257213	0.3095011	1.034661	1.329645	0.1423982
13722	-411.5101	-423.905	12.39494	0.573279	0.0845401	0.00617208	0.336009	0.2508312	1.068788	1.277602	0.2675456
13728	-410.204	-421.4766	11.27257	0.69303	0.0940846	0.00178748	0.211098	0.4379349	1.141564	0.9641868	1.653948
13734	-407.4598	-419.4756	12.01577	0.807672	0.0607542	0.0048396	0.126735	0.4742745	1.187729	0.8095283	0.9068377
13740	-412.1684	-423.695	11.52658	0.910225	0.057422	0.00592686	0.0264259	0.5454632	1.893226	0.5674462	0.7543335
13746	-409.7726	-421.6865	11.91397	0.916488	0.0681458	0.00137124	0.0139954	0.4666755	2.014923	0.5908496	0.2569656
13752	-412.9703	-423.9219	10.95164	0.905088	0.079736	0.00135418	0.0138213	0.7843735	1.958093	0.5336132	1.01163
13758	-414.2039	-425.7663	11.56246	0.882744	0.103257	0.000518582	0.0134801	0.475472	2.286122	0.5631078	0.4016879
13764	-412.2	-423.0899	10.88993	0.833868	0.069006	0.0151739	0.0819517	0.0632999	0.4114782	2.302321	0.2072352
13770	-415.8971	-425.289	9.391879	0.952119	0.0280376	0.0122055	0.00763808	0.5023912	1.988505	0.5804661	3.509745
13776	-409.9509	-420.9421	10.99124	0.923756	0.0272024	0.0236635	0.0253783	0.5164143	2.032869	0.8772269	0.9882581
13782	-405.9083	-418.1387	12.23042	0.905116	0.0266535	0.0433639	0.0248662	0.3749965	1.771301	0.5756999	0.3023541
13788	-408.5393	-420.0712	11.53186	0.832014	0.0506947	0.0446079	0.0726834	0.3749965	2.328608	0.37351	0.4528663
13794	-413.0807	-424.9994	11.91876	0.763938	0.0382738	0.027801	0.169988	0.5267848	1.957715	0.4619439	0.2818621
13800	-410.2165	-421.4547	11.23825	0.799236	0.0420266	0.0297451	0.128992	0.3953884	1.92461	0.4789424	1.157718
13806	-410.921	-423.2388	12.31786	0.809393	0.0298531	0.0301231	0.130631	0.3198193	1.669669	0.53323	0.1612374
13812	-406.3443	-417.4979	11.15364	0.859987	0.0383502	0.0149933	0.0866698	0.3316185	1.452238	0.8089175	1.686718
13818	-409.3367	-421.5677	12.23101	0.830723	0.077435	0.0144831	0.0773584	0.3134103	1.021313	1.272014	0.5308121
13824	-412.1546	-424.0205	11.86587	0.930644	0.0340124	0.00136441	0.0339788	0.4272497	1.136674	1.141277	0.8341927
13830	-409.2557	-421.3696	12.11385	0.711055	0.0361293	0.00396472	0.248851	0.2224169	1.478344	0.6753968	0.751909
13836	-410.3119	-422.527	12.21501	0.827091	0.0312826	0.010478	0.131148	0.2643406	0.6712015	1.148894	1.03937
13842	-408.9968	-420.49	11.4932	0.792144	0.0299608	0.0522888	0.125607	0.5173075	0.2919451	1.771382	1.143635
13848	-407.2258	-418.7557	11.52999	0.876415	0.0323014	0.0173792	0.0739046	0.5173075	0.4100808	1.662076	1.143635
13854	-411.4748	-421.7188	10.24403	0.822435	0.0642421	0.0275509	0.0857723	0.5173075	0.783583	1.662076	2.255715
13860	-408.3879	-420.7002	12.31231	0.850261	0.0440927	0.0650852	0.040561	0.3689972	1.332446	0.761208	0.6079186
13866	-410.6986	-422.8043	12.10571	0.77946	0.0404211	0.0595022	0.120617	0.4389528	1.133353	0.9295482	0.8065027
13872	-413.8613	-426.0032	12.14189	0.84019	0.00992836	0.0848789	0.0650023	0.6259116	1.033523	0.82234	0.7748417
13878	-416.7213	-427.4268	10.70556	0.814775	0.0130551	0.0270183	0.145152	0.5742401	1.221811	0.857064	2.240784
13884	-411.4446	-424.3303	12.88573	0.84915	0.031739	0.0480428	0.0710682	0.4569602	0.1983729	1.112376	0.7608717
13890	-408.497	-421.1427	12.64568	0.86201	0.0290332	0.0439471	0.0650095	0.4542323	0.1221215	1.053079	1.139177
13896	-409.2082	-420.7848	11.57659	0.896631	0.0522692	0.00336126	0.047739	0.4542323	0.1831975	1.30229	1.988372
13902	-409.0804	-420.5914	11.51098	0.845031	0.0296013	0.0124435	0.112924	0.3192331	0.9791699	1.4455	1.052351
13908	-408.8372	-420.6589	11.82166	0.840629	0.00291006	0.0155297	0.140932	0.3028629	1.472406	1.144438	0.6389149
13914	-409.0891	-419.4651	10.376	0.841618	0.00289198	0.0154333	0.140056	0.4134877	0.9123099	1.098476	3.115817
13920	-414.5461	-425.9989	11.45286	0.260149	0.623634	0.0527425	0.0634748	0.08330001	0.6918988	1.348334	1.10169
13926	-417.3406	-429.6047	12.26411	0.167457	0.706345	0.0235333	0.102664	0.1304087	0.9294428	1.348334	0.3315795
13932	-418.9454	-431.7134	12.76803	0.663283	0.116285	0.0959991	0.124434	0.5849737	0.7106996	0.7133746	0.6002436
13938	-415.33	-426.8081	11.47813	0.754521	0.0199121	0.109204	0.116362	0.4387726	0.6444066	0.8992473	2.106157
13944	-412.3763	-424.6301	12.25381	0.885395	0.011615	0.0162043	0.0867857	0.7412165	0.7646886	0.8141143	0.8141893
13950	-411.9949	-424.7106	12.7157	0.892194	0.0255471	0.0163287	0.0659298	0.5488029	0.4632	0.9612719	0.7324959
13956	-408.2125	-420.9924	12.77982	0.909334	0.014599	0.01372	0.0623469	0.3800967	0.6735419	0.719652	0.8066364
13962	-407.6034	-419.9608	12.35738	0.865597	0.0147527	0.0376556	0.0819945	0.5216017	0.2245563	1.188367	1.10809
13968	-409.0964	-420.6282	11.53186	0.815663	0.0322664	0.019592	0.132479	0.4002992	1.271488	0.7946505	1.40794
13974	-406.817	-418.3457	11.52863	0.83659	0.00743698	0.0200946	0.135878	0.4261885	1.058161	1.288435	1.075069
13980	-407.1104	-419.1347	12.02424	0.840359	0.00296556	0.0201852	0.13649	0.3455256	1.214778	0.6286776	1.089329
13986	-412.1133	-424.1306	12.01726	0.841831	0.00391279	0.0205931	0.133663	0.5153648	0.9535841	0.8869386	1.034316
13992	-409.7846	-421.4401	11.65556	0.773797	0.0374724	0.0344546	0.154276	0.4402778	0.6700032	1.245251	1.397179
13998	-413.6633	-424.2854	10.62207	0.718431	0.0244604	0.0319893	0.225119	0.4402778	0.5902693	1.546281	2.326511
14004	-415.2929	-426.5929	11.30003	0.737312	0.025782	0.00586991	0.231036	0.5019047	0.90102	1.216972	1.510095
14010	-410.9887	-422.2162	11.22748	0.786992	0.0508449	0.00401798	0.158145	0.4306844	1.061258	0.7436956	2.054983
14016	-412.9032	-422.0844	9.181194	0.803468	0.0309738	0.0041021	0.161456	0.2099581	1.075517	1.296343	4.853133
14022	-416.0038	-422.5422	6.538442	0.859679	0.0156738	0.00867488	0.115972	0.2099581	1.561119	0.6968099	14.27532
14028	-411.3243	-419.3878	8.063546	0.930316	0.0169617	0.00411365	0.0486086	0.2091727	2.025964	0.3589109	6.77949
14034	-411.1331	-422.3646	11.23151	0.929748	0.0310158	0.0163731	0.0228635	0.3588151	2.687867	0.34345	0.1705855
14040	-410.8433	-420.7363	9.893077	0.912199	0.0475392	0.027431	0.0128313	0.5746221	2.513881	0.155315	1.268261
14046	-411.2132	-419.7955	8.582288	0.909005	0.0473728	0.030836	0.0127864	0.3345732	2.513881	0.1929121	3.699622
14052	-412.4193	-423.687	11.26769	0.836378	0.0582898	0.0895988	0.015733	0.4656457	2.513881	0.3078308	0.381049
14058	-412.343	-424.1139	11.77092	0.78468	0.116499	0.0840605	0.0147605	0.5761375	1.857126	0.6743647	0.4845681
14064	-414.1319	-426.0779	11.94596	0.740271	0.181744	0.06406	0.0139251	0.5981637	1.109905	1.346547	0.367469
14070	-410.5244	-421.222	10.69752	0.85114	0.122196	0.0160135	0.01065	0.4734282	0.1860515	1.980523	1.884454
14076	-412.4093	-425.0255	12.61624	0.849122	0.0601608	0.0810386	0.0096785	0.5149372	0.1839223	1.024303	1.075321
14082	-421.2786	-433.157	11.87835	0.776798	0.031641	0.18457	0.00699125	0.5381284	1.131549	0.813811	1.032311
14088	-409.7587	-422.0497	12.29106	0.960811	0.00750339	0.0305292	0.0011564	0.5381284	1.320243	0.5933597	0.5732469
14094	-417.5453	-428.4273	10.88198	0.740019	0.136565	0.00294677	0.12047	0.8717095	1.171984	1.482356	0.9018688
14100	-413.4391	-425.6903	12.25128	0.360587	0.593583	0.00537699	0.0404532	0.3605315	0.6590576	1.55025	0.4847847
14106	-414.473	-426.6574	12.18441	0.0667403	0.928263	0.000990438	0.00400609	0.1679531	0.6384463	1.715521	0.2711882
14112	-414.3356	-426.5739	12.23828	0.578708	0.241632	0.055304	0.124357	0.1307619	0.9781512	1.330605	0.3326116
14118	-421.0341	-429.6161	8.582044	0.579228	0.241849	0.0189189	0.160005	0.1148745	1.272869	1.334847	5.184828
14124	-424.1769	-435.4823	11.30539	0.593999	0.271016	0.0603487	0.0746368	0.176964	1.126337	1.575204	0.9137046
14130	-416.602	-427.9229	11.32088	0.807572	0.0180994	0.15622	0.0181084	0.6553983	0.2450907	1.480479	1.682603
14136	-416.8193	-426.99	10.17069	0.804	0.035862	0.155529	0.0046095	0.7864659	0.171937	1.843056	2.465118
14142	-422.865	-431.2367	8.371717	0.593073	0.244865	0.105409	0.0566532	0.5922361	0.3746518	1.352525	8.077537
14148	-419.9344	-432.3397	12.40526	0.625704	0.147308	0.111208	0.11578	0.7138026	0.3528458	1.423991	0.1386269
14154	-414.0845	-425.4962	11.41172	0.85164	0.0294012	0.0326429	0.0863163	0.5568727	0.6760877	1.826689	0.7267548
14160	-408.2144	-420.0854	11.87099	0.852587	0.0425762	0.0272595	0.0775776	0.548304	0.1768297	1.350839	1.444191
14166	-410.588	-422.6769	12.08892	0.875621	0.0586525	0.0279959	0.0377304	0.4388105	0.1406058	1.622443	0.9826228
14172	-409.9837	-421.4853	11.50164	0.848517	0.0840968	0.0156144	0.0517714	0.4388105	0.568191	1.622443	1.145231
14178	-420.1723	-431.7807	11.60848	0.816178	0.0808917	0.0150193	0.0879107	0.4388105	0.8621396	1.866119	0.4072884
14184	-418.0743	-429.0238	10.94947	0.792278	0.052122	0.0145795	0.14102	0.5280193	0.7455842	2.295402	0.1410689
14190	-411.4421	-422.7514	11.30928	0.819935	0.0472613	0.00493373	0.127869	0.3946239	1.120073	1.732329	0.6790625
14196	-414.9657	-425.9827	11.01707	0.723506	0.109513	0.0102877	0.156693	0.4638028	0.65498	1.732329	1.383031
14202	-415.9537	-426.9666	11.01292	0.736208	0.128709	0.00832248	0.126761	0.4638028	1.088558	1.417232	1.383031
14208	-412.4909	-424.7453	12.25441	0.779273	0.0757511	0.00489817	0.140078	0.4638028	1.015566	1.324761	0.2678355
14214	-413.9077	-425.4735	11.56578	0.715097	0.167383	0.0825104	0.0350095	0.6682382	1.035324	0.8907311	1.249932
14220	-411.2627	-423.8633	12.60063	0.815872	0.0201626	0.0793823	0.0845828	0.3397619	1.035876	0.6367474	0.701602
14226	-413.2896	-425.4129	12.12325	0.818823	0.021403	0.0842658	0.0755085	0.6831623	1.04471	0.796959	0.7428579
14232	-415.5946	-427.3643	11.76974	0.783103	0.126904	0.0399441	0.0500494	0.4585135	1.660733	0.4263519	0.8230286
14238	-418.0052	-429.0988	11.09366	0.287512	0.534779	0.0336085	0.1441	0.2558023	1.684465	0.2907343	1.529319
14244	-413.9881	-426.183	12.19486	0.844293	0.0409222	0.0154997	0.0992847	0.3997575	1.316959	0.3918863	0.7811559
14250	-415.5053	-427.406	11.90071	0.346215	0.548436	0.0306091	0.0747404	0.118431	1.663904	0.2734637	0.4905841
14256	-417.7145	-427.4654	9.750889	0.142609	0.757778	0.0722105	0.0274032	0.09342221	1.579935	0.4947205	3.29206
14262	-410.1784	-422.3335	12.15516	0.795265	0.132649	0.0196497	0.0524372	0.5836147	1.194525	1.147121	0.3018103
14268	-414.0485	-426.2302	12.18175	0.681172	0.26296	0.0152445	0.0406232	0.6703252	1.325757	0.5304161	0.1144067
14274	-416.1612	-428.4869	12.32563	0.652955	0.213976	0.0295307	0.103538	0.5195096	0.8515268	1.344603	0.3072179
14280	-413.4611	-426.1671	12.70604	0.0198871	0.745967	0.0789778	0.155168	0.1174543	1.070848	0.7083475	0.1915963
14286	-416.6732	-428.8037	12.13045	0.0172672	0.766099	0.0495963	0.167037	0.1743947	1.575236	0.4394712	0.6437556
14292	-417.615	-429.92	12.30494	0.808053	0.109649	0.0222984	0.0600003	0.4680575	1.512719	0.5537825	0.1416636
14298	-411.0067	-423.5976	12.59088	0.885178	0.0748385	0.00644931	0.0335344	0.3524732	1.345688	0.6973899	0.1787043
14304	-413.7211	-424.3992	10.67804	0.782956	0.141464	0.0121909	0.0633887	0.3761095	1.106688	0.9763363	2.56785
14310	-421.36	-433.2761	11.91608	0.700654	0.1524	0.0587049	0.0882407	0.08810051	1.514228	0.7796036	0.4664126
14316	-422.9588	-434.1346	11.17583	0.634344	0.318357	0.0142044	0.0330948	0.1280403	0.8949443	1.276672	1.588297
14322	-417.0568	-426.5202	9.463409	0.815169	0.0762935	0.0246988	0.0838389	0.8885016	2.150801	0.2565675	2.209719
14328	-416.9438	-427.4039	10.46	0.839636	0.0798687	0.0372061	0.0432888	0.8885016	2.446017	0.1537533	0.4391139
14334	-408.6201	-420.3957	11.77559	0.0885684	0.561324	0.061365	0.288742	0.07420506	1.731708	0.4190293	0.198515
14340	-410.1036	-421.1252	11.02168	0.0244464	0.224707	0.0427944	0.708052	0.04506613	1.752309	0.346924	0.1248382
14346	-410.3302	-421.4077	11.0775	0.0734638	0.451152	0.0320634	0.44332	0.0612767	1.885022	0.2303149	0.1290319
14352	-413.7646	-424.4989	10.73425	0.086375	0.685512	0.0544939	0.173619	0.1516382	2.109416	0.1752402	1.057169
14358	-415.3818	-426.32	10.93819	0.341878	0.478848	0.0755445	0.10373	0.04947519	1.94843	0.273105	0.4102272
14364	-412.385	-423.7828	11.39783	0.392141	0.473726	0.0735847	0.0605483	0.0518388	1.594057	0.5100462	0.5153411
14370	-416.3559	-428.1104	11.75453	0.240584	0.639375	0.0351772	0.0848646	0.08370229	1.363518	0.5824874	0.8270566
14376	-415.9733	-425.1642	9.190845	0.13747	0.620745	0.108035	0.13375	0.04983947	1.539012	0.4459688	3.293489
14382	-415.2738	-427.0487	11.77491	0.143836	0.654733	0.090004	0.111427	0.103057	1.9103	0.569918	0.4249136
14388	-411.1341	-420.9246	9.790521	0.112963	0.728842	0.0706853	0.0875102	0.03776149	1.979921	0.2655211	1.158539
14394	-416.2221	-424.7328	8.510676	0.54209	0.309088	0.0173294	0.131492	0.05399063	2.131941	0.280234	3.37468
14400	-416.1737	-423.5946	7.420873	0.931942	0.0505278	0.00785155	0.00967915	0.02500369	2.179509	0.2364477	3.175684
14406	-413.7781	-424.4312	10.65309	0.916828	0.0497084	0.00724402	0.0262191	0.04617413	1.946752	0.2914614	0.09845657
14412	-418.6668	-429.7677	11.1009	0.307771	0.611577	0.0174593	0.0631925	0.06941343	1.946752	0.3682167	0.7114622
14418	-406.9028	-417.6743	10.77151	0.600927	0.244367	0.0265828	0.128124	0.03272045	1.761436	0.4821686	0.3529677
14424	-409.0647	-419.2878	10.22308	0.65229	0.237345	0.025819	0.0845457	0.03337901	1.761436	0.4618998	0.9275325
14430	-409.4539	-420.8253	11.37139	0.716208	0.234392	0.018985	0.0304153	0.06449033	1.761436	0.3629134	0.5599221
14436	-417.3722	-426.3422	8.969999	0.692608	0.176983	0.0175406	0.112868	0.04904614	2.328068	0.1823253	1.850077
14442	-421.9294	-430.7041	8.774689	0.345242	0.267248	0.0301311	0.357379	0.04904614	2.418101	0.115669	1.58315
14448	-417.1294	-424.5351	7.405752	0.603378	0.157307	0.0063984	0.232917	0.02193602	2.712801	0.1136607	1.435647
14454	-418.7713	-427.5591	8.787787	0.577861	0.217181	0.0411288	0.16383	0.04106663	2.735449	0.08771651	0.7696054
14460	-411.4163	-422.4044	10.98808	0.49201	0.388306	0.103195	0.0164886	0.06007327	0.1689056	2.232034	0.1165656
14466	-409.7188	-420.2553	10.53657	0.806552	0.147871	0.0392977	0.00627903	0.05050861	0.4478046	2.354921	0.226737
14472	-413.7173	-420.208	6.490691	0.570644	0.298544	0.0329777	0.0978345	0.1209863	2.986503	0.05647268	4.726327
14478	-408.0363	-417.3397	9.303384	0.361175	0.55938	0.0131048	0.0663404	0.06961205	2.696918	0.09623997	0.9539837
14484	-408.9324	-418.9394	10.00696	0.303969	0.489086	0.0772962	0.129648	0.06077724	2.696918	0.1307282	0.3571258
14490	-417.2252	-427.5943	10.36907	0.319809	0.351311	0.156418	0.172462	0.0943498	2.145718	0.1190705	0.8585804
14496	-421.4743	-429.8	8.325732	0.44079	0.330872	0.134188	0.0941501	0.11982	2.620701	0.08239687	2.588204
14502	-419.4248	-427.3893	7.964469	0.265397	0.401083	0.0314917	0.302028	0.08992781	2.378308	0.08239687	3.278588
14508	-418.1759	-426.6425	8.466575	0.140731	0.499888	0.0421755	0.317205	0.09053008	2.609455	0.109869	2.473411
14514	-418.1961	-423.1667	4.970551	0.105025	0.825024	0.0226201	0.047331	0.05121745	2.582892	0.1198789	10.11241
14520	-416.9694	-426.1775	9.208113	0.182095	0.429419	0.0277858	0.3607	0.08990928	2.582892	0.1098449	1.520256
14526	-417.4634	-427.0915	9.62807	0.482139	0.369977	0.025107	0.122777	0.04969302	2.582892	0.132385	0.648365
14532	-410.6616	-421.997	11.33534	0.510421	0.430254	0.0100719	0.0492532	0.06862346	1.860951	0.270749	0.4469687
14538	-412.8189	-424.931	12.11208	0.648921	0.326121	0.00367246	0.0212848	0.1886528	1.779837	0.3014084	0.366503
14544	-414.1416	-422.218	8.076401	0.738171	0.233769	0.00250849	0.0255513	0.305508	2.130053	0.1886946	5.65529
14550	-414.1304	-422.2685	8.138181	0.837595	0.133217	0.00652217	0.0226654	0.3267284	2.130053	0.224135	5.72672
14556	-415.2505	-426.6072	11.35671	0.383167	0.510952	0.029568	0.0763127	0.08886484	2.054138	0.2378047	0.3783663
14562	-417.8879	-429.189	11.30103	0.452499	0.346592	0.00658869	0.19432	0.2070025	2.259665	0.1965545	0.5099629
14568	-420.4037	-427.5332	7.12952	0.284004	0.630393	0.0154272	0.0701757	0.1145742	2.259665	0.1608878	7.016127
14574	-418.2282	-425.7553	7.527103	0.534765	0.391512	0.0132862	0.0604367	0.1843341	2.455611	0.1369153	5.618314
14580	-414.1734	-424.8053	10.63193	0.642498	0.264215	0.0414538	0.0518336	0.04395283	1.649754	0.8846396	0.8137287
14586	-411.9342	-422.5787	10.64448	0.353499	0.544407	0.0432871	0.0588078	0.03527632	1.56336	0.5150764	0.7914221
14592	-412.342	-424.2685	11.92653	0.124835	0.741374	0.0528014	0.0809892	0.06613565	1.155107	0.9709411	0.1591812
14598	-416.9324	-427.3246	10.39218	0.272657	0.551008	0.0736474	0.102687	0.1148497	1.000826	0.9630086	2.950184
14604	-409.5959	-421.4985	11.90258	0.882736	0.0434364	0.00404262	0.0697846	0.2878063	1.983571	0.2671882	0.3328543
14610	-413.6959	-425.1753	11.4793	0.479772	0.424426	0.041045	0.0547574	0.07322926	1.220301	1.334969	0.4715375
14616	-414.7157	-426.8688	12.15304	0.0819219	0.642881	0.12439	0.150807	0.07686732	0.4634363	1.541097	0.2535821
14622	-406.864	-418.5913	11.7273	0.863497	0.0238027	0.00982844	0.102872	0.2822851	2.246267	0.3202315	0.3139052
14628	-409.2084	-420.6363	11.4279	0.845416	0.0233043	0.0235685	0.107711	0.3622485	2.290232	0.2870646	0.5157873
14634	-406.0117	-418.3073	12.29557	0.874603	0.00564315	0.00832443	0.11143	0.3461119	1.525591	0.3975975	0.5285481
14640	-407.1033	-419.4797	12.37647	0.830766	0.00879351	0.0317548	0.128686	0.3100381	1.570954	0.6008394	0.4264448
14646	-406.241	-418.7036	12.46265	0.880849	0.00547792	0.0336691	0.0800036	0.3192961	1.570954	0.5569577	0.3216992
14652	-415.261	-426.3139	11.05289	0.34191	0.384082	0.105758	0.168249	0.02684833	1.130789	0.6998241	0.1970313
14658	-414.2373	-426.1541	11.91679	0.103012	0.639266	0.0373743	0.220348	0.06629874	1.421149	0.507692	0.1487278
14664	-409.2433	-420.4668	11.22352	0.0878153	0.633563	0.0326898	0.245932	0.03612602	1.421149	0.6072454	0.1715191
14670	-412.1255	-422.1683	10.04279	0.841877	0.0347419	0.00751922	0.115862	0.2942989	1.570566	0.6191672	3.362137
14676	-412.9525	-421.1557	8.203221	0.894876	0.0369291	0.0021022	0.0660922	0.3309498	1.570566	0.5028324	7.826101
14682	-412.952	-425.048	12.09606	0.780709	0.0322177	0.00236289	0.18471	0.3243813	1.570566	0.5509952	0.7073224
14688	-415.8458	-425.2437	9.397854	0.849809	0.0505869	0.00377976	0.0958243	0.4136106	1.570566	0.3766268	4.443886
14694	-408.7316	-421.1227	12.39108	0.877527	0.0497215	0.00852735	0.0642237	0.3911701	1.02417	0.9532897	0.6580247
14700	-410.3822	-422.2634	11.88118	0.856269	0.0796335	0.0209771	0.0431208	0.3307745	1.230514	1.077132	0.8686957
14706	-409.9242	-422.6295	12.7053	0.864442	0.0566288	0.0285548	0.050374	0.3554761	0.9124234	1.077549	0.1852766
14712	-407.5068	-419.9798	12.473	0.866637	0.0567726	0.0260888	0.0505019	0.3967444	1.035603	0.7227687	0.7394935
14718	-409.4338	-421.9809	12.54708	0.811109	0.0653294	0.030021	0.0935403	0.3618679	0.7748805	1.129955	0.5942062
14724	-416.2268	-427.998	11.7712	0.299079	0.201489	0.0497036	0.449728	0.04494263	0.6684301	1.075819	0.1236537
14730	-416.5347	-427.0612	10.52655	0.0325868	0.623613	0.0356008	0.308199	0.03362156	0.7453224	1.735208	0.1424751
14736	-412.1111	-423.0443	10.9332	0.0512621	0.700089	0.0560034	0.192645	0.03516747	0.7259392	1.44581	0.121704
14742	-417.3943	-428.5387	11.14434	0.770375	0.142878	0.0155619	0.0711854	0.07984094	1.529691	1.44581	0.4268173
14748	-413.4776	-424.5557	11.07811	0.79339	0.0447584	0.00623742	0.155614	0.05527445	0.6321747	1.446005	1.020025
14754	-413.509	-425.7111	12.20215	0.868154	0.0661954	0.0150353	0.0506157	0.4627819	0.3837498	1.304665	1.021364
14760	-411.6363	-423.8216	12.18525	0.898384	0.02364	0.0599001	0.0180761	0.4627819	0.3961123	1.417429	0.8849754
14766	-412.0644	-423.8264	11.76202	0.76535	0.0201394	0.0350482	0.179462	0.5452544	0.1628436	1.833188	0.8849754
14772	-418.5349	-430.4458	11.91098	0.780098	0.0115796	0.0254018	0.18292	0.5393981	0.1718999	1.561881	1.115533
14778	-413.7885	-424.1125	10.32407	0.765684	0.0224053	0.0249325	0.186978	0.6732429	0.152905	2.486438	1.200771
14784	-414.1361	-426.6596	12.52342	0.705443	0.0707005	0.0113586	0.212498	0.2281375	1.276877	0.9670958	0.279158
14790	-419.475	-428.5788	9.103867	0.822708	0.0202685	0.0267893	0.130234	0.70273	0.143189	3.378553	0.9170621
14796	-416.3579	-427.3514	10.99355	0.78432	0.0235643	0.0311454	0.160971	0.6785102	0.3645217	2.33209	0.5706507
14802	-412.2537	-423.7079	11.45419	0.785954	0.0411986	0.0246092	0.148238	0.5793825	0.04082583	1.862984	1.242521
14808	-410.3077	-421.2267	10.91904	0.846631	0.0235547	0.0184824	0.111332	0.5793825	0.5411521	1.862984	1.280124
14814	-410.8448	-421.4177	10.5729	0.836997	0.0612092	0.00509089	0.0967034	0.4547146	0.4189662	1.862984	1.993859
14820	-413.7369	-425.5628	11.82592	0.248737	0.64481	0.0750972	0.0313551	0.07387656	0.6465255	1.600786	0.1904713
14826	-415.2979	-427.3684	12.07051	0.708972	0.21252	0.0672345	0.011273	0.09485889	0.4552638	1.600786	0.5029798
14832	-411.9948	-422.649	10.65423	0.81392	0.0469509	0.0045452	0.134584	0.4956673	0.7371981	1.619981	1.872195
14838	-406.6047	-418.9308	12.32613	0.848916	0.0333814	0.00340656	0.114296	0.3183968	0.8937111	1.055888	0.793312
14844	-406.8813	-419.2123	12.33098	0.916733	0.00483593	0.00350206	0.0749286	0.2442851	1.303838	0.8327674	0.616989
14850	-408.3665	-420.3964	12.02995	0.870552	0.0408202	0.00230391	0.086324	0.334584	1.20786	1.143714	0.67677
14856	-403.9329	-416.3338	12.40095	0.894333	0.013435	0.00355024	0.0886821	0.356337	0.743181	1.212544	0.67677
14862	-405.0472	-417.2435	12.19623	0.886019	0.0188287	0.0157765	0.0793754	0.4781224	0.4452144	1.526153	0.67677
14868	-411.0854	-423.5321	12.4467	0.781748	0.0269741	0.00613773	0.185141	0.4781224	0.2948347	1.349851	0.7996754
14874	-408.1588	-419.9935	11.83463	0.784144	0.0239918	0.00615654	0.185708	0.4781224	0.6863328	1.519247	0.7996754
14880	-413.7564	-425.2007	11.44435	0.79697	0.00802718	0.00625725	0.188746	0.499206	0.2313138	1.96812	0.9802713
14886	-405.2506	-417.4807	12.23006	0.826801	0.00832765	0.0128627	0.152008	0.4091129	0.5190494	1.50838	0.6577936
14892	-403.6021	-416.1079	12.50571	0.829096	0.00835075	0.0101237	0.15243	0.4499075	0.5558349	1.232971	0.6577936
14898	-403.9881	-416.7892	12.80106	0.925065	0.0101773	0.0156766	0.0490809	0.331966	0.7685716	0.9034669	0.5957779
14904	-411.5372	-423.4625	11.92536	0.853705	0.00939217	0.05358	0.0833226	0.5178896	1.200362	1.141339	0.6345473
14910	-407.1002	-419.7122	12.61206	0.840664	0.0092487	0.0680371	0.0820498	0.3949086	1.100111	0.7116132	0.5541372
14916	-405.5461	-418.1793	12.63324	0.869061	0.0231794	0.035732	0.0720272	0.4385042	0.6188259	1.098167	0.6331042
14922	-409.7165	-422.0426	12.32606	0.885032	0.0144088	0.0222119	0.0783474	0.4385042	0.848115	1.314778	0.4614251
14928	-408.6992	-419.3972	10.698	0.902269	0.0139437	0.0214948	0.0622927	0.4165837	0.8387234	1.278936	2.387298
14934	-409.0411	-421.0493	12.00817	0.950444	0.0146882	0.0226424	0.0122253	0.3720069	1.000584	1.244625	0.7578651
14940	-413.0467	-423.6305	10.58382	0.952969	0.0147272	0.0227026	0.00960071	0.5634511	0.7342958	1.994703	1.240759
14946	-408.3981	-419.2952	10.89715	0.88741	0.013714	0.0899353	0.00894024	0.5231438	0.3162985	2.354574	0.8285568
14952	-411.5383	-423.2414	11.70313	0.887252	0.00636967	0.0938318	0.0125467	0.5231438	0.4593964	1.392148	1.286594
14958	-413.8708	-425.817	11.94616	0.887764	0.00956387	0.0492084	0.0534637	0.5632531	0.7499844	1.430516	0.6634323
14964	-415.822	-426.6241	10.80211	0.800349	0.0106839	0.0393788	0.149588	0.571545	1.170374	1.463881	1.338165
14970	-408.7479	-421.2891	12.54115	0.822805	0.012601	0.0464447	0.118149	0.3860747	0.7190165	1.257996	0.4911158
14976	-406.0107	-417.9861	11.97538	0.826284	0.0265225	0.0285456	0.118648	0.3860747	0.9527396	1.524528	0.4821042
14982	-412.0669	-423.4132	11.34633	0.832579	0.0267766	0.0544417	0.0862029	0.469622	2.127732	0.5593216	0.7765644
14988	-407.3697	-419.4876	12.11787	0.844511	0.016805	0.0124461	0.126238	0.3134721	1.595917	0.6620524	0.631971
14994	-403.3644	-415.405	12.04054	0.908539	0.0180791	0.0179911	0.0553909	0.3596437	1.233219	1.278253	0.4727689
15000	-406.3429	-418.4132	12.07037	0.905352	0.0180157	0.017928	0.0587041	0.3161982	1.60402	1.02641	0.3716727
15006	-405.0769	-417.4437	12.36678	0.967521	0.0010484	0.00351852	0.0279124	0.2273072	1.513239	0.6234613	0.5012128
15012	-401.8204	-414.2527	12.43229	0.954937	0.00103476	0.0095884	0.0344397	0.292485	1.437416	0.6374506	0.5012128
15018	-405.7363	-417.2746	11.53822	0.974026	0.0017777	0.00978007	0.0144159	0.3102937	1.601635	1.45486	0.4079376
15024	-404.6521	-417.4476	12.79554	0.92253	0.00416166	0.0395603	0.033748	0.3078616	1.175136	0.5710091	0.4111778
15030	-405.0223	-416.7004	11.67813	0.930799	0.00419896	0.0309518	0.0340505	0.395836	2.215806	0.6235385	0.4111778
15036	-408.3183	-421.0307	12.71249	0.930799	0.00419896	0.0309518	0.0340505	0.3429019	1.105027	0.8162504	0.4111778
15042	-408.5603	-420.7133	12.15296	0.922256	0.00623838	0.0334597	0.038046	0.3605916	1.604978	0.8742648	0.4111778
15048	-412.7466	-424.6729	11.92634	0.90319	0.0069201	0.0327679	0.0571222	0.4687724	1.008744	0.9409826	1.067599
15054	-407.165	-420.045	12.88004	0.886509	0.0252614	0.0321627	0.0560672	0.3643826	0.8531361	0.7524388	0.5318175
15060	-410.4945	-423.1261	12.63155	0.887753	0.0238933	0.0322079	0.0561459	0.3643826	0.9197231	0.9765648	0.5262881
15066	-412.9338	-425.4761	12.54229	0.866743	0.0490215	0.0330426	0.0511933	0.3630755	0.7736643	1.147243	0.5805706
15072	-416.5427	-426.4087	9.866042	0.846532	0.00933153	0.00381995	0.140316	0.4683895	1.384624	1.666185	2.007343
15078	-416.2582	-427.1415	10.88333	0.778096	0.00857714	0.00798312	0.205343	0.5513297	1.224944	1.317115	1.419861
15084	-410.5313	-422.9636	12.43237	0.964643	0.0134026	0.0150805	0.00687435	0.4167296	1.064965	1.165306	0.2919109
15090	-410.9822	-422.7952	11.81302	0.915451	0.0127191	0.0651237	0.00670577	0.5188774	1.973587	0.5384809	0.428514
15096	-416.8371	-428.8032	11.96601	0.951543	0.0165011	0.0270825	0.00487376	0.4110222	0.9057048	0.8552868	1.269524
15102	-412.3259	-422.9843	10.65844	0.797046	0.0624549	0.00442917	0.13607	0.3516791	1.995394	0.4065953	1.755637
15108	-414.2073	-425.7701	11.5628	0.796673	0.0561756	0.0111454	0.136006	0.2941715	1.586575	0.4848669	1.241604
15114	-413.2676	-424.7308	11.46318	0.857858	0.0613133	0.0121648	0.0686644	0.2941715	1.946767	0.4155236	0.957399
15120	-417.041	-428.8143	11.77325	0.783491	0.0944306	0.0237435	0.0983353	0.8424189	0.5023217	1.361255	0.8685904
15126	-409.1049	-421.5663	12.46133	0.823593	0.0651987	0.0150197	0.096189	0.450557	0.727526	1.164255	0.6125211
15132	-409.6433	-422.1757	12.53243	0.878642	0.0695567	0.00822208	0.0435793	0.450557	0.4324988	1.08076	0.9143541
15138	-411.0811	-423.0901	12.00893	0.802272	0.0414147	0.0347168	0.121596	0.450557	0.6319234	1.356375	0.9143541
15144	-414.0333	-425.3783	11.34504	0.774229	0.0290632	0.0270553	0.169652	0.450557	0.6980435	1.462523	1.396287
15150	-413.391	-425.3571	11.96611	0.736343	0.0343799	0.00630305	0.222974	0.4129426	0.6574042	1.470958	0.8208508
15156	-422.4354	-432.6893	10.25395	0.746324	0.0468695	0.00313934	0.203667	0.4129426	1.168568	2.445644	0.593336
15162	-418.7432	-429.5948	10.85155	0.399807	0.357945	0.00679456	0.235454	0.3521287	1.537104	0.573897	2.115233
15168	-418.7121	-429.9203	11.20813	0.525956	0.349941	0.0104701	0.113633	0.6737752	1.809526	0.4294931	1.011759
15174	-416.7555	-429.1734	12.41795	0.767687	0.158954	0.00527248	0.0680862	0.4306778	0.8068894	1.361312	0.3378748
15180	-419.8624	-429.7113	9.848904	0.558151	0.254784	0.00398269	0.183082	0.9288849	0.3037666	1.788542	2.649949
15186	-425.2797	-434.038	8.758336	0.177871	0.749505	0.0133057	0.0593177	0.5348571	0.1128576	1.589553	6.926297
15192	-419.0092	-430.147	11.1378	0.749499	0.109167	0.04136	0.0999738	0.6981229	0.3648147	1.703798	1.347393
15198	-419.1634	-429.5349	10.37148	0.687551	0.114607	0.0388799	0.158962	0.514989	1.251717	1.132025	2.374909
15204	-413.4728	-425.3611	11.88832	0.742182	0.0283838	0.0545057	0.174928	0.4118434	0.9292251	0.9146049	1.271562
15210	-407.876	-419.6344	11.75838	0.893205	0.0303013	0.0319388	0.0445553	0.4056411	1.48873	0.7609016	0.9605536
15216	-407.1963	-419.0985	11.90221	0.922	0.0312781	0.0329684	0.0137536	0.3287621	1.715476	0.3153223	0.6692064
15222	-409.1937	-421.0343	11.84058	0.967735	0.00328731	0.0233467	0.00563069	0.3657688	1.779027	0.301607	0.6278284
15228	-406.5811	-418.7719	12.19085	0.946375	0.0146888	0.0127344	0.026202	0.2783578	1.779027	0.3037794	0.2743377
15234	-413.0129	-424.2101	11.19722	0.933586	0.0363623	0.0125623	0.017489	0.2783578	2.326819	0.1927114	0.5440307
15240	-418.3054	-429.5023	11.19693	0.907518	0.0397909	0.0243588	0.0283326	0.3212295	2.326819	0.2103617	0.5775114
15246	-412.9069	-424.2892	11.38225	0.91749	0.0402281	0.0246264	0.017655	0.3628859	2.22747	0.1776715	0.3413781
15252	-418.2244	-428.0916	9.867231	0.728128	0.157702	0.0400963	0.0740731	0.2275175	2.470025	0.1315229	1.485766
15258	-415.033	-425.8186	10.7856	0.678689	0.214893	0.0373738	0.0690436	0.3247617	2.351204	0.106399	0.4904366
15264	-418.0093	-427.6791	9.6698	0.832686	0.0249532	0.0358257	0.106535	0.6137063	0.3775887	2.223141	2.32598
15270	-415.0398	-427.3979	12.35815	0.833921	0.0147759	0.0528001	0.0985027	0.5030668	0.1939186	1.509576	0.7590086
15276	-413.0551	-424.1286	11.07349	0.851897	0.0150944	0.0539382	0.0790707	0.5822945	0.314994	1.94212	1.228404
15282	-421.7608	-431.6274	9.866619	0.542601	0.200605	0.0111888	0.245606	0.7137904	2.219499	0.2077943	1.682353
15288	-413.0831	-423.8106	10.72744	0.759841	0.185171	0.00487098	0.0501166	0.4013664	2.138217	0.1456459	0.9233985
15294	-413.7037	-424.6377	10.934	0.810394	0.0311115	0.00728972	0.151205	0.3652415	2.138217	0.1902165	0.9233985
15300	-407.5532	-418.6934	11.1402	0.896475	0.00321188	0.0356058	0.0647069	0.5274702	0.04217191	1.992876	1.434577
15306	-408.8206	-420.7402	11.91968	0.876634	0.00305621	0.028907	0.0914029	0.5002588	0.02701921	1.473412	1.434577
15312	-410.8188	-421.4675	10.64866	0.837991	0.00655677	0.0269727	0.128479	0.5002588	0.01714333	2.346539	1.434577
15318	-414.2796	-425.8582	11.5786	0.920906	0.000932651	0.00993819	0.0682233	0.5607578	0.009735812	1.779431	1.293661
15324	-410.3436	-422.027	11.68339	0.832087	0.00589074	0.0167137	0.145309	0.5969035	0.001316747	1.779431	1.150614
15330	-409.9633	-421.5722	11.60893	0.785905	0.013398	0.052349	0.148348	0.5969035	0.01703732	1.953631	0.9514764
15336	-406.3617	-418.3006	11.93897	0.937743	0.00267073	0.0104351	0.0491512	0.5428521	0.008859718	1.929172	0.7305754
15342	-409.3448	-421.5607	12.21582	0.843414	0.00240208	0.0164386	0.137746	0.5428521	0.00611549	1.752269	0.7150037
15348	-410.8843	-423.5698	12.68555	0.843414	0.00240208	0.0164386	0.137746	0.4194702	0.005633247	1.439381	0.7903343
15354	-404.9894	-417.7632	12.77379	0.907801	0.00780145	0.0296843	0.0547133	0.4194702	0.004058164	1.374276	0.7877305
15360	-406.7843	-419.2208	12.43646	0.907801	0.00780145	0.0296843	0.0547133	0.4803967	0.004866915	1.584773	0.788803
15366	-410.0979	-422.2829	12.185	0.914161	0.00392648	0.0268162	0.0550966	0.4803967	0.01295886	1.777133	0.7633261
15372	-410.0066	-422.462	12.45538	0.805223	0.00345857	0.0312735	0.160045	0.4803967	0.01598867	1.582399	0.7633261
15378	-413.3807	-424.9145	11.53376	0.792733	0.018916	0.0307884	0.157563	0.557365	0.03239186	2.091104	0.8482545
15384	-412.0836	-422.7335	10.64982	0.8185	0.0345585	0.0317892	0.115152	0.557365	0.04610104	2.432438	1.189037
15390	-411.4181	-421.9215	10.50339	0.869681	0.005922	0.0175527	0.106845	0.7143137	0.3963184	2.196977	1.189037
15396	-414.4469	-424.3004	9.853439	0.818052	0.00557044	0.0122313	0.164146	0.6315341	0.2740266	2.495492	1.629051
15402	-410.3804	-421.7754	11.39496	0.838139	0.00337786	0.0589465	0.0995365	0.5457854	0.2068224	1.922154	1.076012
15408	-411.1495	-422.6304	11.48093	0.884201	0.0208214	0.062186	0.0327913	0.5457854	0.3532965	1.762605	1.076012
15414	-408.307	-419.9098	11.6027	0.894882	0.0372468	0.0246291	0.043242	0.5457854	0.1753593	1.687405	1.246762
15420	-412.6537	-423.0659	10.4122	0.86635	0.0326149	0.0631706	0.0378646	0.5234262	0.449626	2.093184	1.637387
15426	-409.7857	-421.7051	11.91939	0.8825	0.053506	0.00884183	0.0551522	0.5120059	0.4469992	1.75676	0.6019895
15432	-414.7618	-424.2149	9.453075	0.86518	0.0589296	0.0571576	0.0187329	0.4866715	0.710115	1.589199	3.933627
15438	-423.1143	-428.9879	5.873612	0.857969	0.0906668	0.0327874	0.0185768	0.4866715	0.7576913	1.198055	18.97263
15444	-411.7041	-424.1877	12.48357	0.829821	0.0853136	0.00541154	0.0794542	0.5428483	0.4517205	0.9611405	0.9737542
15450	-408.6373	-419.4399	10.8027	0.913487	0.0260116	0.00120726	0.0592945	0.195142	1.267794	0.5807878	2.600306
15456	-411.3707	-423.4575	12.08676	0.913533	0.026013	0.00115665	0.0592975	0.2226518	1.779987	0.6784479	0.4872234
15462	-415.9538	-427.7753	11.82151	0.86623	0.024666	0.00891743	0.100187	0.2821745	1.571654	1.117097	0.5810239
15468	-407.5638	-420.2177	12.65397	0.904304	0.0380167	0.00420471	0.0534748	0.333526	1.253098	0.7946687	0.1985604
15474	-410.1769	-421.994	11.81711	0.799357	0.095844	0.00371675	0.101082	0.3716886	1.379403	1.199198	0.1002084
15480	-410.6622	-421.6306	10.96849	0.910734	0.0356977	0.00889545	0.0446729	0.3220489	1.167625	1.922715	0.08510935
15486	-411.4589	-422.1843	10.72539	0.855531	0.0278246	0.0184031	0.0982415	0.3220489	1.315645	2.039066	0.6688837
15492	-414.2216	-425.9033	11.68174	0.857926	0.0128488	0.0124081	0.116817	0.3747231	0.8074222	1.609825	0.8000998
15498	-410.3949	-421.7535	11.35853	0.754337	0.0476282	0.0109099	0.187125	0.3747231	0.6810239	1.777246	1.008713
15504	-411.1619	-422.3539	11.192	0.321231	0.520041	0.0370467	0.121681	0.04821524	1.142455	1.152941	0.1030067
15510	-406.9856	-418.6768	11.69112	0.871094	0.0130108	0.0058361	0.110059	0.3331611	1.208477	0.8067836	1.345605
15516	-407.6466	-419.359	11.71245	0.8996	0.0188448	0.00666427	0.0748914	0.3123075	1.208884	0.7933358	1.345605
15522	-406.8713	-419.371	12.49968	0.937386	0.0305194	0.00694419	0.0251505	0.27697	1.214009	0.9039821	0.4780457
15528	-406.9664	-419.0969	12.13048	0.941163	0.0175592	0.00686187	0.0344158	0.27697	1.295605	0.9166061	0.7435671
15534	-406.3341	-418.7027	12.36859	0.904488	0.0294287	0.010041	0.056042	0.3439246	0.9880002	1.023281	0.6813487
15540	-408.7779	-421.0196	12.2417	0.828049	0.0269416	0.00919238	0.135817	0.3599585	1.53186	0.7089239	0.5222785
15546	-405.0907	-417.0859	11.99515	0.841603	0.0251299	0.0065831	0.126684	0.2828532	1.598211	0.9300815	0.571826
15552	-403.768	-415.1159	11.34793	0.888792	0.0162178	0.00207324	0.0929166	0.317882	1.156867	1.514529	0.9470183
15558	-404.2621	-416.3041	12.04195	0.847039	0.0328717	0.00340808	0.116682	0.3675156	1.238527	1.20582	0.5466613
15564	-408.735	-420.9634	12.22838	0.782643	0.0467104	0.00484285	0.165803	0.3675156	1.425583	1.03148	0.1824783
15570	-408.4782	-420.3089	11.83064	0.758343	0.0229855	0.00333678	0.215335	0.2792399	1.642879	0.8597129	0.7451541
15576	-410.3054	-422.6499	12.34444	0.906719	0.0464742	0.00368351	0.0431237	0.2870009	1.58744	0.8122126	0.2819739
15582	-414.2836	-425.2887	11.00504	0.262942	0.572881	0.0777907	0.0863857	0.03939912	1.021559	1.130883	0.6862614
15588	-411.1858	-421.348	10.16219	0.454366	0.393564	0.0720543	0.0800156	0.02627316	1.081534	1.1349	0.8523758
15594	-408.8073	-418.5035	9.696232	0.195407	0.424172	0.0504109	0.33001	0.03671946	1.338606	1.892572	0.1092645
15600	-413.1257	-424.8645	11.73883	0.801976	0.0303516	0.06416	0.103512	0.4547458	0.9023239	1.307909	0.9697919
15606	-408.8116	-420.4405	11.62886	0.856029	0.062624	0.0223054	0.0590419	0.4547458	0.6004314	1.702427	0.8587446
15612	-406.7573	-419.0662	12.30883	0.893077	0.0431552	0.0232707	0.040497	0.3522931	0.9445019	1.151537	0.6427928
15618	-405.285	-417.9444	12.65935	0.888512	0.0257745	0.0138985	0.0718151	0.3522931	0.5054613	1.23133	0.638944
15624	-409.0695	-420.3561	11.28656	0.848708	0.018735	0.0130978	0.119459	0.400691	1.404295	1.548344	0.668795
15630	-407.9972	-419.8097	11.81253	0.801024	0.03482	0.0123619	0.151795	0.4874659	1.162899	1.201833	0.7396838
15636	-406.0459	-417.8526	11.80676	0.874309	0.0268076	0.00843366	0.0904493	0.3295599	1.014709	1.247835	0.9632586
15642	-410.3891	-421.5109	11.12178	0.886017	0.019686	0.0314129	0.062884	0.3707514	1.724706	1.163827	1.008302
15648	-417.7203	-428.1508	10.43044	0.837146	0.0186002	0.0327323	0.111521	0.4353534	1.724706	1.446719	1.310543
15654	-411.9813	-423.107	11.12575	0.81572	0.0270852	0.0485283	0.108667	0.445496	1.342253	1.303439	1.160627
15660	-414.0207	-424.9052	10.88445	0.835261	0.0226914	0.0227537	0.119294	0.5898111	0.563251	1.785386	1.406539
15666	-407.0802	-416.7652	9.685075	0.854068	0.0106455	0.0133069	0.12198	0.5329389	0.7310591	2.224058	1.932559
15672	-406.6951	-418.6871	11.99196	0.804862	0.0543067	0.0168321	0.123999	0.3892669	0.8507584	1.395505	0.7248146
15678	-408.5133	-420.1372	11.62393	0.807515	0.0516631	0.0203507	0.120472	0.4083568	1.327874	1.026936	1.02115
15684	-408.5316	-419.9573	11.42579	0.802836	0.0513637	0.0260272	0.119773	0.385743	1.123787	1.136447	1.340824
15690	-404.3423	-416.6248	12.28254	0.863503	0.0552451	0.00896674	0.0722855	0.4503137	0.9493881	1.052356	0.6880731
15696	-404.7096	-416.9715	12.2619	0.849495	0.0520222	0.0195923	0.0788904	0.4503137	0.8200397	1.102645	0.779014
15702	-409.2724	-421.2036	11.9312	0.79409	0.0486293	0.0139027	0.143378	0.3676565	0.8242447	1.214286	1.043456
15708	-412.3286	-422.457	10.12842	0.873235	0.0551638	0.0139333	0.0576682	0.3790993	1.230484	1.214286	2.827806
15714	-408.2494	-420.5535	12.30412	0.898038	0.0569764	0.00483516	0.0401509	0.3546524	1.522333	0.6192385	0.5173279
15720	-409.0066	-420.885	11.87834	0.778357	0.0575719	0.00419078	0.15988	0.3546524	1.670768	0.568959	0.7967715
15726	-405.8061	-418.0277	12.22165	0.809123	0.0522441	0.00287379	0.135759	0.3427566	1.160328	0.8022143	0.8468436
15732	-411.7826	-423.578	11.79542	0.722839	0.0287549	0.00517504	0.243231	0.4300619	1.183399	0.6195665	1.296762
15738	-407.118	-418.8109	11.6929	0.924616	0.0138714	0.00160095	0.0599117	0.2173332	1.412833	0.7738338	1.171863
15744	-409.3247	-419.2857	9.960972	0.883052	0.0262019	0.00205097	0.0886955	0.2173332	1.776954	0.6240455	3.142459
15750	-413.051	-423.0857	10.03463	0.91	0.0183865	0.00117778	0.0704357	0.2469342	1.573038	0.5557882	3.422008
15756	-409.0813	-419.9563	10.87493	0.778169	0.0182621	0.0011293	0.202439	0.2718829	2.268311	0.2782193	1.105585
15762	-412.81	-422.7743	9.964233	0.767242	0.0311425	0.00201893	0.199597	0.1887856	1.878037	0.2349401	2.613187
15768	-414.37	-421.8083	7.438211	0.806119	0.0270066	0.00266397	0.16421	0.2582686	2.035944	0.2349401	8.149707
15774	-411.1832	-421.7244	10.5413	0.787284	0.0296302	0.00292278	0.180163	0.2430047	2.212535	0.242858	1.45962
15780	-411.9725	-422.8781	10.90564	0.923727	0.0116816	0.00128337	0.063308	0.1768693	1.6771	0.6721624	1.803841
15786	-409.8976	-420.9916	11.09399	0.868052	0.0109775	0.00776352	0.113207	0.3306118	1.554896	0.4915155	1.803841
15792	-406.1799	-418.5999	12.41995	0.868965	0.00140711	0.0163024	0.113326	0.3437481	1.372125	0.4703028	0.5800712
15798	-417.1357	-427.3542	10.21853	0.918609	0.00100447	0.00861091	0.0717758	0.2971434	1.857825	0.502125	2.629921
15804	-409.5708	-422.0858	12.51499	0.888378	0.0142306	0.0193685	0.078023	0.3219886	1.544369	0.5054603	0.2409009
15810	-410.6086	-422.3984	11.78985	0.844287	0.0671843	0.027218	0.0613106	0.3219886	1.198596	0.724826	1.317451
15816	-413.028	-424.5099	11.48186	0.823453	0.0902029	0.0265464	0.0597977	0.4377168	1.307067	0.7749399	1.403147
15822	-418.3	-430.6096	12.30966	0.530029	0.307536	0.111259	0.0511762	0.058668	0.4911852	1.058909	0.4748296
15828	-414.9916	-426.2891	11.29746	0.734428	0.202944	0.0201788	0.0424496	0.04711283	0.5310053	0.9305544	1.321868
15834	-417.6894	-426.6578	8.968401	0.289608	0.60383	0.0391947	0.0673669	0.05117795	0.7215649	1.238292	4.267849
15840	-418.1711	-430.0274	11.85629	0.790332	0.0503961	0.0324058	0.126866	0.6137245	0.9477514	1.023272	0.9695678
15846	-409.9034	-421.9062	12.00274	0.861402	0.0267776	0.0160803	0.0957405	0.5191285	0.9477514	0.9747922	0.9695678
15852	-415.3679	-426.3915	11.02362	0.84927	0.0130932	0.0371456	0.100491	0.5414232	0.8986561	1.039015	2.05781
15858	-408.296	-420.4604	12.16443	0.843835	0.0135653	0.0384849	0.104115	0.3998242	0.7506126	1.271868	0.7945138
15864	-409.5917	-421.786	12.19429	0.867699	0.0111435	0.0316144	0.0895434	0.391307	1.32921	0.5689004	0.7945138
15870	-409.9217	-422.0484	12.12675	0.855324	0.0445519	0.0248321	0.0752921	0.2939033	1.675751	0.3060244	0.4968979
15876	-415.3876	-425.4118	10.02422	0.85678	0.0182782	0.0214717	0.103471	0.6212298	2.678763	0.1577835	0.9247887
15882	-411.3546	-421.5099	10.15531	0.953449	0.0162715	0.0246684	0.00561074	0.3861148	2.44305	0.1014738	0.9301032
15888	-411.2965	-420.774	9.477517	0.876546	0.0383937	0.0329541	0.0521059	0.4456666	3.170154	0.06613014	0.4896514
15894	-417.0552	-423.7052	6.649964	0.91174	0.0260196	0.0462337	0.0160067	0.4935422	3.170154	0.04412437	3.63033
15900	-415.3375	-422.8753	7.537782	0.808209	0.113279	0.00703699	0.0714747	0.1306138	3.091271	0.04412437	2.31061
15906	-409.9979	-420.4981	10.5002	0.86224	0.0772325	0.0117971	0.0487308	0.266293	2.800913	0.1038731	0.2629336
15912	-407.4694	-417.6211	10.15172	0.811369	0.0801211	0.0115105	0.0969995	0.3764634	3.010383	0.09717573	0.3333581
15918	-408.7992	-418.6503	9.851073	0.79774	0.162397	0.0113171	0.0285458	0.4581233	3.010383	0.07463086	0.3494879
15924	-407.5897	-417.7116	10.12193	0.871003	0.0649309	0.0165948	0.0474716	0.3318707	3.010383	0.08931593	0.3199795
15930	-407.404	-417.1943	9.790266	0.904522	0.057684	0.0224522	0.0153421	0.4794315	3.010383	0.07831118	0.44754
15936	-410.0036	-419.977	9.973388	0.915984	0.0572709	0.0112085	0.0155365	0.4309416	3.010383	0.09241689	0.44754
15942	-407.9072	-417.9615	10.0543	0.857877	0.0536378	0.0104975	0.077988	0.2662132	3.010383	0.09824567	0.521616
15948	-407.2889	-417.19	9.90111	0.871068	0.0316204	0.0106589	0.0866525	0.289776	3.010383	0.06627451	0.2128795
15954	-407.2253	-419.0858	11.86049	0.896171	0.0254639	0.00858364	0.0697814	0.350714	1.927964	0.2244365	0.2787113
15960	-409.2849	-421.418	12.13317	0.852001	0.0734959	0.00816058	0.0663421	0.350714	1.867585	0.3738719	0.2297567
15966	-407.7866	-419.3776	11.59103	0.947123	0.0275873	0.00125463	0.0240356	0.2961658	2.203905	0.2211764	0.1993518
15972	-402.4615	-414.9254	12.46396	0.941357	0.0143925	0.00124699	0.0430036	0.184542	1.562098	0.5306261	0.1993518
15978	-406.9465	-418.9959	12.04938	0.949835	0.009181	0.00125822	0.0397257	0.1765122	1.67515	0.4413913	0.6293978
15984	-407.261	-417.8464	10.58534	0.949835	0.009181	0.00125822	0.0397257	0.1968123	1.590493	0.8871675	2.171926
15990	-419.8766	-431.6626	11.78604	0.81579	0.0181587	0.0912027	0.0748485	0.7501935	0.8586317	1.274374	0.7115877
15996	-416.0568	-428.8552	12.79833	0.730169	0.164586	0.0356637	0.0695808	0.5666569	0.289667	1.113839	0.6518643
16002	-412.1263	-423.8109	11.6846	0.684131	0.116006	0.021345	0.178518	0.4175788	0.890928	1.499228	0.827004
16008	-405.1612	-417.2121	12.05081	0.876823	0.0851596	0.0037148	0.0343022	0.4175788	0.5045891	1.377676	1.001813
16014	-420.9506	-429.3716	8.420961	0.293392	0.633683	0.0520803	0.0208448	0.1526198	1.801275	0.5231626	6.328654
16020	-419.971	-431.1565	11.18547	0.75535	0.0136751	0.00783973	0.223135	0.3585182	1.191694	1.181137	1.502037
16026	-413.4188	-424.134	10.71514	0.730493	0.111006	0.00758175	0.150919	0.3788692	1.191694	0.8132661	2.597133
16032	-415.4497	-426.3198	10.87004	0.881235	0.0375603	0.00233296	0.0788717	0.3056286	1.191694	0.8510596	2.390083
16038	-417.5337	-426.2631	8.7294	0.683939	0.071439	0.014418	0.230204	0.3983482	1.319667	0.6293267	6.770785
16044	-410.01	-421.623	11.61298	0.853343	0.143515	0.00128936	0.00185218	0.3165496	2.032668	0.2925525	0.6214021
16050	-411.6153	-423.3147	11.69939	0.816168	0.00738941	0.0518511	0.124591	0.4322631	1.199278	0.7651093	1.294665
16056	-408.5503	-420.3535	11.80319	0.951281	0.00619605	0.00507801	0.0374447	0.3234125	1.504263	0.6584834	1.020177
16062	-405.8766	-417.8013	11.92477	0.944816	0.00206284	0.0361114	0.0170098	0.4310743	1.292192	0.9015666	0.8590128
16068	-406.1202	-418.6075	12.48737	0.95073	0.00207575	0.0300784	0.0171163	0.2634366	0.9704933	0.9156527	0.7167814
16074	-408.3111	-420.9221	12.61106	0.944174	0.00325717	0.0355702	0.0169983	0.3932944	0.8592229	0.9856083	0.574345
16080	-417.4737	-428.7974	11.32369	0.876926	0.0722196	0.00617081	0.0446835	0.2969705	2.405975	0.2438064	0.4649005
16086	-412.0459	-423.1536	11.10771	0.848703	0.123668	0.0103409	0.0172888	0.2589361	2.357219	0.233324	0.7081364
16092	-406.4404	-418.8612	12.42088	0.886114	0.00139095	0.0269172	0.0855778	0.358588	1.260561	0.7194211	0.6060876
16098	-408.9084	-421.0502	12.14182	0.886114	0.00139095	0.0269172	0.0855778	0.3556746	1.445433	0.5273754	0.7667117
16104	-411.718	-421.9597	10.24166	0.903411	0.000950434	0.028168	0.067471	0.452908	2.303419	0.2874313	1.651943
16110	-411.6775	-423.5097	11.83221	0.782888	0.0840773	0.0875372	0.0454972	0.4384044	0.9794379	0.8198273	1.33974
16116	-410.4787	-421.6351	11.15646	0.920442	0.030986	0.0355168	0.013055	0.3219513	1.185385	0.8431782	1.996272
16122	-409.7268	-420.9922	11.26542	0.908597	0.0305872	0.0207085	0.0401069	0.4194704	0.9437623	1.128633	1.715289
16128	-409.3127	-421.0368	11.72415	0.876871	0.0359027	0.04852	0.0387065	0.4194704	0.9175478	1.743025	0.434736
16134	-410.099	-421.6721	11.57309	0.85883	0.0117599	0.0449563	0.084454	0.3241388	1.302862	1.54445	0.5501188
16140	-407.6523	-417.9839	10.33156	0.938946	0.000238018	0.00649369	0.054322	0.1867568	2.883992	0.1110449	0.4339541
16146	-406.4389	-416.8975	10.45859	0.980938	0.000248663	0.0167472	0.00206657	0.3020974	2.883992	0.1110449	0.2627307
16152	-409.6236	-420.0125	10.38891	0.981339	0.000193099	0.016754	0.00171402	0.3311146	2.883992	0.1293658	0.5002185
16158	-403.2279	-414.4706	11.24268	0.964767	0.00158642	0.0164711	0.0171753	0.2973354	2.564033	0.2205857	0.2856044
16164	-402.4925	-414.8096	12.31701	0.921224	0.00079525	0.0157277	0.0622526	0.3828591	1.641845	0.5615318	0.3679209
16170	-411.005	-422.24	11.23506	0.801887	0.144207	0.0189916	0.0349146	0.07276382	1.762602	0.3170463	0.7548632
16176	-409.5291	-419.0993	9.570261	0.833664	0.129574	0.0162353	0.020526	0.02178533	1.99869	0.2194005	0.4055762
16182	-407.1402	-418.9612	11.82099	0.973647	0.00366065	0.010164	0.0125282	0.3433148	2.200077	0.4212602	0.3021807
16188	-405.2503	-417.3075	12.05722	0.959605	0.00360785	0.0244401	0.0123475	0.3682456	1.579862	0.4777348	0.711278
16194	-410.79	-421.5417	10.75168	0.734098	0.230935	0.0288635	0.0061035	0.03457883	1.735023	0.6857278	0.1437449
16200	-410.0712	-422.6203	12.54911	0.896583	0.00427623	0.022835	0.0763054	0.4672117	1.051379	0.7514451	0.5746659
16206	-407.0456	-419.4836	12.43799	0.88035	0.00519371	0.0458986	0.0685576	0.4857555	0.7738781	1.146847	0.577139
16212	-413.4369	-423.5715	10.13459	0.0549058	0.819704	0.120955	0.00443581	0.02226598	1.744521	0.7167292	0.2460567
16218	-409.8279	-421.0744	11.24651	0.406276	0.529374	0.0491219	0.0152279	0.05159088	1.184807	0.8510028	0.8831697
16224	-413.0185	-424.0041	10.98558	0.516883	0.430755	0.0399708	0.0123911	0.03541745	1.541201	0.7185625	0.1533587
16230	-414.7526	-425.5582	10.80566	0.819113	0.136383	0.029295	0.0152088	0.03541745	1.820424	0.5703624	0.3711297
16236	-411.7994	-421.684	9.884572	0.700328	0.233846	0.0240772	0.0417487	0.02083728	1.600625	0.5262122	0.0943887
16242	-410.9664	-421.4648	10.49833	0.624595	0.307213	0.0513262	0.0168663	0.03388248	1.600625	1.172721	0.3422982
16248	-410.937	-421.3891	10.45204	0.615529	0.27225	0.0493866	0.0628337	0.03439111	1.254467	1.303634	0.617689
16254	-415.2336	-424.5505	9.316864	0.566318	0.30421	0.042384	0.0870883	0.02741603	0.8846199	2.128598	0.617689
16260	-409.0508	-419.2557	10.20488	0.630893	0.246956	0.0399872	0.0821635	0.02724999	0.783707	1.487296	0.08574033
16266	-416.4533	-425.4672	9.013852	0.438158	0.405842	0.070319	0.0856811	0.03982572	1.233596	2.313831	0.07692145
16272	-411.5386	-423.1213	11.5827	0.924825	0.00103083	0.0111939	0.0629499	0.3082222	1.522575	0.5435806	1.279268
16278	-413.9505	-424.2873	10.33686	0.926836	0.000924135	0.00915315	0.0630868	0.3446338	2.327763	0.168853	1.279268
16284	-413.9921	-425.6549	11.66274	0.939253	0.0143441	0.0063959	0.0400071	0.2246194	2.203642	0.8833802	0.2073013
16290	-415.1069	-426.9311	11.82418	0.947885	0.000421186	0.0156065	0.0360874	0.3446338	1.785107	0.4069449	0.7355795
16296	-411.1139	-422.8939	11.77993	0.858946	0.0141229	0.00349664	0.123435	0.305993	1.730626	0.6112324	0.8490191
16302	-413.2835	-425.0152	11.73166	0.805225	0.0523985	0.0117559	0.13062	0.3202635	1.224531	1.411219	0.09826879
16308	-414.8725	-426.0682	11.19572	0.847595	0.0412022	0.00849363	0.10271	0.4979868	0.7521408	2.177844	0.1567024
16314	-415.7406	-427.8107	12.0701	0.842154	0.0569561	0.000131707	0.100758	0.2892221	1.433373	0.3719571	0.8449647
16320	-417.9754	-428.5582	10.58278	0.759458	0.0103956	0.000624387	0.229522	0.2552734	2.325569	0.2605018	1.325619
16326	-412.5937	-422.4673	9.873658	0.805241	0.0136509	0.000819915	0.180288	0.1740174	2.795461	0.09003243	0.7851386
16332	-415.8742	-428.6162	12.74194	0.781109	0.0815983	0.00714111	0.130152	0.2332238	1.107385	0.6611371	0.1224185
16338	-420.8634	-432.6444	11.781	0.824957	0.0247409	0.0128446	0.137458	0.7959114	0.1770763	1.354136	1.250198
16344	-415.3967	-427.1327	11.73595	0.836104	0.00695849	0.00302669	0.15391	0.651998	0.7191897	1.001827	1.313486
16350	-406.1325	-418.5053	12.37287	0.895747	0.00745486	0.0032426	0.0935551	0.3023145	1.380169	0.65131	0.6046275
16356	-405.8461	-417.3022	11.45608	0.907749	0.0204169	0.00328605	0.0685479	0.2284069	1.331681	0.7043918	1.582001
16362	-413.123	-422.2178	9.09484	0.905351	0.0210772	0.0028068	0.0707647	0.2722648	1.494858	0.7245259	5.412904
16368	-411.9264	-424.3013	12.37497	0.881011	0.0719682	0.00958384	0.0374372	0.3139588	1.6661	0.5195172	0.3228557
16374	-420.146	-430.0526	9.906565	0.585983	0.370307	0.0425529	0.00115629	0.07233787	0.3436878	1.746721	2.67807
16380	-418.1077	-429.4832	11.37556	0.708429	0.0848875	0.00719561	0.199488	0.438342	1.131353	0.6454074	1.83161
16386	-415.88	-427.9616	12.08158	0.831822	0.115909	0.000860224	0.0514086	0.6131849	1.131353	1.229797	0.1966032
16392	-415.1015	-425.6138	10.51224	0.459516	0.446787	0.0915274	0.00217003	0.04897872	1.94192	0.7950424	0.8449359
16398	-412.7821	-424.1123	11.33022	0.714019	0.228441	0.0539021	0.00363808	0.0443897	1.650443	0.4467098	0.2225497
16404	-414.8355	-426.3381	11.50259	0.21829	0.70917	0.0647012	0.00783831	0.07463067	1.965685	0.3277697	0.2668319
16410	-414.2553	-426.7583	12.50304	0.816652	0.0754302	0.0153765	0.0925416	0.3989894	1.452191	0.3810372	0.2037792
16416	-410.5664	-422.6971	12.13068	0.833656	0.0684347	0.0139505	0.0839591	0.3135292	1.869733	0.6522395	0.3279766
16422	-415.5839	-427.6192	12.03526	0.861673	0.0707346	0.0144193	0.0531726	0.3135292	1.869733	0.7177392	0.1546885
16428	-408.2802	-419.9596	11.67936	0.909086	0.0244466	0.0103692	0.0560984	0.3179698	1.932355	0.7236373	0.6938399
16434	-405.9994	-418.4516	12.45225	0.919171	0.0217346	0.00921888	0.0498751	0.2667849	1.244857	0.9770994	0.1488937
16440	-406.7318	-419.1522	12.42045	0.919171	0.0217346	0.00921888	0.0498751	0.357974	1.402766	0.8890144	0.2107604
16446	-406.2136	-418.9087	12.6951	0.799115	0.0403993	0.0171356	0.14335	0.4012421	0.6959608	1.036949	0.5941459
16452	-407.1192	-419.2152	12.09594	0.94268	0.0242429	0.00585044	0.0272262	0.4088258	0.9881535	1.031133	0.8858153
16458	-413.849	-426.8311	12.98212	0.802579	0.0576072	0.0038707	0.135943	0.3599394	0.1105884	1.495575	0.1751433
16464	-409.1739	-422.1776	13.00375	0.752801	0.0721322	0.00484665	0.17022	0.4784932	0.229733	1.129696	0.1087733
16470	-404.4991	-417.048	12.54892	0.754351	0.0722807	0.00279791	0.17057	0.3795776	0.7916498	0.8146913	0.07426915
16476	-415.7064	-428.2403	12.53385	0.674004	0.0786373	0.00304397	0.244314	0.3795776	0.9633237	0.7707308	0.7334804
16482	-409.34	-421.7323	12.39236	0.72725	0.00585122	0.00328444	0.263615	0.3528968	1.371679	0.8395532	0.4426936
16488	-404.3681	-416.9729	12.6048	0.902244	0.00424254	0.00238145	0.0911318	0.2742745	1.341817	0.5981959	0.4426936
16494	-404.9712	-416.9738	12.00263	0.903831	0.00424999	0.000627287	0.091292	0.2742745	1.949351	0.427299	0.4426936
16500	-405.4085	-417.5287	12.12022	0.887829	0.00516647	0.000762556	0.106242	0.2048883	1.634535	0.9478509	0.1697187
16506	-409.1104	-421.5044	12.39395	0.871519	0.013947	0.000181472	0.114353	0.2048883	1.215507	0.767992	0.6727965
16512	-406.0388	-418.1872	12.14839	0.823596	0.0255919	0.00067004	0.150142	0.235464	1.854414	0.3926191	0.1729719
16518	-410.1204	-422.0365	11.91616	0.813154	0.0379465	0.000661544	0.148238	0.2735569	2.024367	0.3459334	0.4010909
16524	-408.7059	-420.3709	11.66505	0.830705	0.0387655	0.000124142	0.130405	0.3463723	1.731293	1.303473	0.2516969
16530	-407.0131	-418.7548	11.7417	0.834355	0.0389358	0.000108147	0.126601	0.3311224	1.175597	1.423073	0.660197
16536	-415.8901	-426.5829	10.69283	0.717596	0.0447872	8.10686e-05	0.237536	0.4254595	1.335081	2.162047	0.4189721
16542	-413.601	-423.0099	9.408925	0.889058	0.0311385	0.000100439	0.0797026	0.35298	1.056421	2.236386	2.057938
16548	-411.9454	-423.5915	11.64612	0.936112	0.0327865	0.000151769	0.0309494	0.35298	1.512846	1.017306	0.8694876
16554	-407.2878	-418.9178	11.62996	0.89751	0.052285	0.000849403	0.0493554	0.2525838	1.8658	0.7126273	0.8292077
16560	-404.2576	-416.5856	12.32794	0.906406	0.0204571	0.000332338	0.0728042	0.3158373	1.570571	0.6106599	0.1340457
16566	-406.811	-418.3203	11.50928	0.915526	0.0388059	0.000416533	0.0452513	0.3158373	1.582946	0.9449116	1.027862
16572	-411.7245	-424.4818	12.75734	0.936818	0.0397084	0.000101459	0.0233719	0.2878218	0.7595769	1.020607	0.1131833
16578	-410.2167	-422.51	12.29326	0.837426	0.0662747	9.0695e-05	0.0962081	0.3035141	1.07718	1.335175	0.2116153
16584	-413.4869	-425.6461	12.15923	0.81059	0.138219	0.00160518	0.0495858	0.4236599	0.6658814	1.401997	0.7058108
16590	-417.4354	-426.2241	8.788764	0.364607	0.366531	0.0522913	0.216571	0.02445642	1.559363	0.7849397	2.121693
16596	-414.4992	-424.657	10.15779	0.379853	0.351598	0.042908	0.225641	0.05702463	1.956457	0.534634	1.51466
16602	-421.5325	-431.7187	10.18615	0.660423	0.223895	0.00141625	0.114266	0.6028328	0.5651393	1.818019	2.207318
16608	-413.535	-423.8681	10.33307	0.898234	0.0550108	0.00034797	0.046407	0.6584065	1.155992	1.220599	2.207318
16614	-408.3988	-419.6415	11.24268	0.752131	0.0671403	0.000424695	0.180304	0.3141097	1.788182	0.5737351	1.350787
16620	-412.5937	-423.1286	10.53494	0.670503	0.207263	0.0412248	0.0810098	0.03977474	2.127261	0.3848928	0.4850849
16626	-420.299	-430.3159	10.01685	0.781415	0.11358	0.0299147	0.0750904	0.050548	2.688659	0.2683414	0.6104922
16632	-410.7035	-423.1836	12.48001	0.770393	0.0525559	0.059534	0.117517	0.4847067	0.9755619	1.050917	0.4382908
16638	-410.7819	-422.4092	11.62731	0.84327	0.03724	0.0421846	0.0773056	0.4847067	1.130643	1.150625	1.010481
16644	-406.9648	-418.9322	11.96738	0.84327	0.03724	0.0421846	0.0773056	0.4847067	1.380055	0.6795426	0.8398577
16650	-410.0226	-420.104	10.08148	0.905106	0.0545271	0.0141729	0.0261939	0.4374863	1.487258	0.6061047	3.268773
16656	-416.051	-425.7261	9.675062	0.962502	0.00269574	0.0317867	0.00301587	0.3784376	1.060388	1.095374	4.217577
16662	-413.2334	-422.2863	9.052882	0.973474	0.0117239	0.0117518	0.00305025	0.3391938	1.295372	0.9146695	5.570439
16668	-415.5527	-424.5393	8.986658	0.840301	0.0405715	0.0808905	0.0382374	0.6471724	1.295372	0.9760488	4.897992
16674	-413.5454	-425.3792	11.83386	0.840301	0.0405715	0.0808905	0.0382374	0.6376347	0.4862364	1.511222	0.8452995
16680	-412.4268	-421.7329	9.306068	0.861244	0.0148514	0.0701789	0.0537252	0.5537249	0.8078051	1.297865	4.690262
16686	-417.3201	-424.991	7.670868	0.721341	0.0887416	0.088006	0.101912	0.853459	0.9161552	1.297865	7.925409
16692	-411.2428	-422.9857	11.74286	0.831794	0.031826	0.0416306	0.0947498	0.5832792	0.080598	1.308767	1.730117
16698	-414.2638	-425.0877	10.82396	0.823564	0.0315111	0.051112	0.0938124	0.8001622	0.3170598	1.359176	2.24778
16704	-410.93	-422.8535	11.92347	0.803526	0.0307444	0.0110006	0.154729	0.5827901	0.6322007	1.281811	0.9586888
16710	-408.2313	-420.5289	12.29762	0.849386	0.0324991	0.0169881	0.101127	0.5192757	0.1356809	1.281811	1.149384
16716	-411.2926	-421.9491	10.65657	0.817139	0.0719014	0.0186493	0.0923102	0.5192757	0.153285	2.423845	1.124901
16722	-409.3565	-419.8783	10.52176	0.822298	0.0723553	0.0124536	0.092893	0.5402392	0.6983287	2.14753	1.124901
16728	-414.7132	-425.6359	10.92272	0.770324	0.0959482	0.0116664	0.122062	0.6353763	0.5108262	2.165238	0.7883573
16734	-409.8544	-419.5597	9.705292	0.830516	0.0615689	0.00941453	0.0985006	0.6353763	0.2208031	2.286878	2.324862
16740	-409.1201	-420.7479	11.62782	0.855681	0.0634344	0.00251681	0.0783675	0.4521221	0.4820875	1.264303	1.607955
16746	-412.1128	-423.2885	11.17571	0.801238	0.101052	0.00235667	0.0953531	0.4850184	0.594324	1.551575	1.535095
16752	-411.0988	-423.1231	12.0243	0.0437926	0.597317	0.0649518	0.293939	0.07109893	0.9152796	1.227213	0.2173485
16758	-416.3048	-428.2743	11.96949	0.124641	0.51345	0.100929	0.260981	0.09386168	0.2519553	1.854643	0.4367201
16764	-412.574	-424.0924	11.5184	0.075149	0.421277	0.132255	0.371319	0.08140238	0.07886294	2.230369	0.1683473
16770	-413.3708	-424.5607	11.18991	0.0230072	0.423717	0.0283154	0.524961	0.07604668	0.3500387	2.230369	0.1683473
16776	-408.4012	-419.6875	11.28633	0.159677	0.310209	0.014075	0.516039	0.04929015	0.9211235	1.471167	0.173963
16782	-411.1233	-422.7665	11.64317	0.0211936	0.521601	0.0236664	0.433539	0.05178584	0.4017777	1.41169	0.09454109
16788	-411.2464	-421.6991	10.45268	0.0367209	0.551139	0.100604	0.311537	0.0493181	1.015998	2.012091	0.1988919
16794	-417.7549	-429.2386	11.48377	0.155167	0.590416	0.107773	0.146643	0.088122	1.333381	1.200556	0.6639669
16800	-415.7669	-426.8671	11.10026	0.169397	0.627426	0.0860675	0.117109	0.03406629	1.259209	0.9556301	0.2998696
16806	-419.4376	-431.1048	11.66725	0.103746	0.749111	0.0380741	0.109069	0.08323404	0.8347297	1.444083	0.6339707
16812	-407.0058	-418.8218	11.81602	0.946149	0.00479122	0.00398626	0.0450734	0.3177007	1.90473	0.3720604	0.6267943
16818	-404.4899	-416.4368	11.94689	0.924364	0.00348263	0.00124616	0.0709075	0.1655297	2.016993	0.3848764	0.324391
16824	-407.0609	-418.2985	11.23764	0.852836	0.00349489	0.00114974	0.142519	0.2109831	1.530591	0.7469162	1.564562
16830	-406.2698	-418.6313	12.36151	0.901432	0.0190061	0.00121525	0.0783464	0.3916833	0.9845003	0.9312477	0.7425676
16836	-405.7487	-417.4644	11.7157	0.843514	0.0180257	0.001292	0.137169	0.3779128	1.156772	0.6819101	1.432315
16842	-410.7695	-421.9674	11.19788	0.860455	0.0810687	0.00243931	0.0560366	0.4398528	0.3838231	1.620841	1.698798
16848	-411.4542	-423.4813	12.02711	0.878858	0.0828026	0.00249148	0.0358479	0.4944862	0.148259	1.453524	1.217999
16854	-408.2673	-419.976	11.70878	0.85994	0.0756328	0.00206909	0.0623584	0.4138273	0.4955258	1.489044	1.217883
16860	-407.6868	-419.3948	11.70794	0.899467	0.0183595	0.0360403	0.046133	0.5058367	0.3778416	1.512662	1.217883
16866	-408.6422	-420.9508	12.30864	0.88916	0.0192271	0.0588332	0.0327801	0.4467526	0.5068324	1.081023	1.066717
16872	-406.9786	-419.2575	12.2789	0.911831	0.0156592	0.0479155	0.024594	0.4239546	0.9168952	1.100663	0.6961226
16878	-413.8386	-423.3092	9.470549	0.88703	0.0272625	0.0566372	0.0290706	0.6291241	0.4748739	2.303154	2.270125
16884	-410.3442	-421.6822	11.33797	0.895744	0.0360995	0.0229139	0.0452423	0.4580674	0.1027187	1.963338	1.272856
16890	-413.531	-425.3822	11.85117	0.117415	0.765359	0.0559628	0.0612626	0.07455741	1.086236	0.9409544	0.6811061
16896	-411.6337	-423.2345	11.60082	0.204455	0.661717	0.0638891	0.0699395	0.05222241	0.673976	1.074942	0.8408231
16902	-417.4602	-429.386	11.92573	0.211287	0.626641	0.0341166	0.127955	0.1012858	0.4068387	1.541707	0.8071654
16908	-411.6108	-423.1065	11.49577	0.304055	0.498236	0.0959721	0.101736	0.04295318	1.029326	1.034891	0.4059923
16914	-409.6596	-421.2754	11.61584	0.832422	0.00966101	0.0128278	0.145089	0.4514322	0.4958926	1.738008	0.927046
16920	-406.3989	-417.858	11.45909	0.839613	0.00974447	0.0129386	0.137704	0.3784793	0.8986364	1.872654	0.5668585
16926	-406.1672	-418.2559	12.08868	0.907167	0.00620076	0.0139796	0.0726523	0.3784793	0.784327	1.419423	0.6752284
16932	-411.4217	-423.2693	11.84757	0.897115	0.009	0.0338929	0.0599924	0.4244983	0.6476908	1.670305	0.6752284
16938	-411.883	-423.0373	11.15429	0.882657	0.00122407	0.0558809	0.060238	0.4483848	0.2617486	2.37499	0.6752284
16944	-411.5439	-423.3976	11.85373	0.864573	0.00119899	0.075224	0.0590039	0.5320132	0.2074355	1.899648	0.6752284
16950	-413.1536	-425.3666	12.21298	0.878313	0.00121804	0.0764194	0.0440494	0.5435398	0.0541057	1.780912	0.6329089
16956	-413.7654	-425.6557	11.89036	0.822575	0.00783316	0.0723872	0.0972045	0.5123623	0.0295551	1.84892	0.9000607
16962	-418.4122	-427.6553	9.243129	0.873396	0.00792822	0.0202915	0.0983842	0.5123623	0.06622005	2.781369	2.255058
16968	-418.0023	-430.3012	12.29895	0.887519	0.00299942	0.0249655	0.0845163	0.4330901	0.01611854	1.439775	1.151372
16974	-412.3048	-424.1583	11.85349	0.857957	0.00492114	0.0279174	0.109204	0.4426074	0.01233001	2.17204	0.5535659
16980	-411.263	-422.8625	11.59949	0.827438	0.00474608	0.0269244	0.140892	0.4645722	0.006681276	2.158043	0.8008835
16986	-410.9575	-422.748	11.79047	0.83804	0.00445449	0.0252702	0.132236	0.4645722	0.005846948	2.033165	0.8008835
16992	-413.7564	-425.4595	11.70304	0.817973	0.00434783	0.040865	0.136814	0.4645722	0.03951628	2.068711	0.8008835
16998	-414.0583	-425.9967	11.93835	0.741557	0.0597161	0.0746939	0.124032	0.4645722	0.08670651	1.884264	0.7942124
17004	-413.5358	-425.5576	12.02187	0.782047	0.122609	0.0787723	0.0165711	0.6028246	0.04364479	1.884264	0.6230655
17010	-412.955	-423.7943	10.83928	0.840261	0.00501071	0.00393913	0.150789	0.2360429	2.013207	1.310981	0.8819558
17016	-410.6084	-422.4322	11.82376	0.737809	0.00627796	0.00567184	0.250241	0.4189647	1.393914	0.9679584	0.8094443
17022	-409.9689	-420.9352	10.96633	0.0755656	0.351446	0.0274949	0.545493	0.03296192	1.537655	0.5756578	0.1612444
17028	-409.202	-420.8949	11.69288	0.273617	0.336309	0.0253175	0.364756	0.0488687	1.337596	0.687822	0.3226765
17034	-409.7028	-421.5851	11.88237	0.122316	0.700255	0.0172234	0.160206	0.05486883	1.337596	0.5998895	0.2818404
17040	-414.1164	-426.051	11.93466	0.590711	0.31985	0.0174361	0.0720026	0.06436196	1.200625	0.8818462	0.1583643
17046	-412.364	-424.1377	11.77368	0.48087	0.395417	0.0463559	0.0773564	0.06436196	1.476383	0.6955488	0.4231834
17052	-410.113	-420.1348	10.02184	0.892583	0.0517342	0.0163101	0.0393724	0.4788444	1.649207	0.715743	2.937372
17058	-407.6118	-419.1419	11.53005	0.908013	0.0526285	0.0085159	0.0308422	0.3808638	1.302811	1.276395	0.8830952
17064	-406.5789	-418.9662	12.38733	0.909424	0.0322228	0.0379218	0.0204311	0.4365168	0.544096	1.216143	0.8116895
17070	-426.2932	-436.0275	9.734331	0.819907	0.0956194	0.0689515	0.0155219	0.8401928	1.015389	0.6948037	3.945024
17076	-426.1656	-436.9525	10.78688	0.475417	0.424282	0.0758328	0.0244688	0.7424398	0.7957909	0.6813965	2.670435
17082	-413.7605	-423.4644	9.70383	0.907469	0.0583173	0.011035	0.0231788	0.492416	1.153354	1.097405	3.765473
17088	-412.0124	-422.6877	10.67532	0.893712	0.0574333	0.0383803	0.0104745	0.44245	1.090141	1.200221	2.161864
17094	-413.7875	-424.7899	11.00234	0.853604	0.0310117	0.108465	0.00691921	0.3995781	1.026297	0.9758605	2.184881
17100	-410.3805	-422.4027	12.02226	0.844812	0.0633371	0.0896091	0.00224211	0.7219551	1.026297	0.9912582	0.6558585
17106	-413.5714	-425.1995	11.62817	0.904301	0.0510292	0.0375501	0.0071192	0.5276162	1.450132	0.6870262	1.059189
17112	-414.6515	-425.8549	11.20341	0.0709272	0.818258	0.011569	0.0992455	0.1446261	0.9831891	0.9774432	1.924569
17118	-418.6115	-430.5458	11.93431	0.336599	0.551834	0.0207097	0.0908581	0.3254878	0.5671473	1.499337	0.9662249
17124	-422.2032	-433.9494	11.7462	0.0841486	0.697209	0.023558	0.195084	0.4228557	0.6676365	1.198664	1.377621
17130	-416.7392	-429.4201	12.68095	0.42833	0.433762	0.0245335	0.113375	0.1820025	0.825599	0.85937	0.6821229
17136	-421.2629	-433.532	12.26917	0.301615	0.549067	0.0231358	0.126181	0.07202114	0.7917608	1.136096	0.276336
17142	-418.7383	-430.8801	12.14178	0.215353	0.456102	0.0304894	0.298055	0.08030104	1.402957	0.3740493	0.3302242
17148	-419.0363	-431.0566	12.02038	0.272959	0.463016	0.0150579	0.248967	0.05829775	0.8625435	1.060535	0.3723825
17154	-414.5609	-426.6839	12.123	0.838703	0.0399782	0.111835	0.00948426	0.5442845	0.9570939	0.9266063	0.862363
17160	-411.9326	-424.0721	12.1395	0.895821	0.0664496	0.0343367	0.00339304	0.5442845	0.9570939	0.7979341	0.9515265
17166	-414.1398	-426.2299	12.09011	0.874952	0.0649016	0.0563017	0.00384414	0.4460598	0.9749849	1.044179	0.8587544
17172	-414.9221	-427.6573	12.7352	0.871888	0.0646743	0.0574303	0.00600715	0.3061807	0.9749849	0.8398886	0.5257266
17178	-416.7035	-428.0495	11.34605	0.88699	0.0657946	0.0400516	0.00716378	0.4109935	0.8176765	1.288965	1.552653
17184	-416.337	-428.083	11.74602	0.721939	0.20904	0.0325988	0.0364225	0.4015205	0.7808749	0.9685186	1.552653
17190	-415.9608	-427.6677	11.70694	0.904413	0.0540758	0.0192482	0.0222631	0.3293929	1.220789	0.6798484	1.409129
17196	-405.0391	-417.7853	12.74626	0.942242	0.0192999	0.0147076	0.0237508	0.2865585	0.9980023	0.7805963	0.5444564
17202	-408.5867	-420.7378	12.15116	0.93708	0.0142067	0.0250923	0.0236207	0.2865585	1.405598	0.8634186	0.66152
17208	-414.7744	-425.9667	11.19233	0.886975	0.0134471	0.00876797	0.09081	0.3140173	1.312138	1.202618	1.360523
17214	-405.1792	-417.7483	12.56911	0.860432	0.0176629	0.00755721	0.114348	0.3838673	1.196638	0.8399378	0.4146905
17220	-408.6494	-419.3222	10.67279	0.874241	0.00549848	0.00407781	0.116183	0.3838673	1.456501	1.299675	1.604719
17226	-406.7136	-418.7099	11.99631	0.871979	0.0255248	0.00347546	0.0990209	0.3343661	0.606885	1.330134	1.078563
17232	-410.9321	-422.5241	11.59207	0.697924	0.0602278	0.00820061	0.233647	0.3722693	0.2647785	2.141644	0.6637524
17238	-407.6431	-418.9971	11.35396	0.931679	0.0347355	0.0109472	0.0226382	0.3722693	1.161808	1.680474	0.6834997
17244	-407.3886	-419.5247	12.13603	0.848515	0.00786835	0.0362125	0.107404	0.3526421	1.095193	1.142433	0.6731444
17250	-408.0861	-420.361	12.2749	0.867926	0.0148236	0.0506541	0.0665965	0.4307154	0.501907	1.358232	0.7985303
17256	-409.6307	-420.9502	11.31947	0.867926	0.0148236	0.0506541	0.0665965	0.5196136	0.5547986	1.94648	0.7985303
17262	-411.5239	-423.3563	11.83237	0.934329	0.00715501	0.0246817	0.0338344	0.394287	0.8077884	1.239932	1.108738
17268	-409.9398	-421.5419	11.60211	0.936062	0.0252204	0.00482088	0.0338971	0.3594769	0.9194703	1.388577	1.069265
17274	-410.5904	-422.0178	11.42741	0.843933	0.0227381	0.0189302	0.114398	0.3958529	1.409142	1.100838	1.069265
17280	-408.7261	-420.9527	12.22664	0.852413	0.0129187	0.0191204	0.115548	0.3887906	0.3736259	1.308151	1.069265
17286	-411.3831	-423.6445	12.26134	0.873132	0.00779236	0.0169065	0.102169	0.5365279	0.2341199	1.262466	1.091189
17292	-411.8933	-423.5171	11.62383	0.923107	0.00823837	0.0169911	0.0516632	0.5365279	0.2803724	1.709727	1.091189
17298	-408.9658	-420.2343	11.26848	0.849508	0.016273	0.0197252	0.114494	0.4535292	0.9236115	1.807225	0.7521927
17304	-407.6832	-419.5772	11.89395	0.852014	0.017167	0.0294421	0.101376	0.4619404	0.5440782	1.628072	0.7521927
17310	-404.9032	-417.1715	12.26827	0.889157	0.0179153	0.047175	0.045753	0.4687664	0.387871	1.20196	1.069419
17316	-402.1993	-414.2677	12.06832	0.865391	0.0174365	0.027154	0.0900183	0.4302638	0.516913	1.426502	0.8991994
17322	-406.1134	-417.5519	11.43847	0.85582	0.00638809	0.0286868	0.109105	0.3744274	1.132939	1.472972	0.8991994
17328	-411.1515	-422.1599	11.00838	0.849147	0.0141353	0.0284631	0.108255	0.3744274	1.278726	1.196493	1.572869
17334	-408.6009	-420.3201	11.71922	0.926152	0.0132568	0.0310443	0.0295466	0.3744274	1.04143	0.8694567	1.412374
17340	-413.0104	-424.8451	11.8347	0.909238	0.00495658	0.00492625	0.080879	0.3744274	1.433366	0.7402336	0.9786489
17346	-405.3773	-417.3569	11.97964	0.912772	0.00497585	0.00105853	0.0811934	0.1717759	1.433366	0.8369431	0.7740644
17352	-409.391	-419.9398	10.54882	0.931455	0.00394693	0.0010802	0.0635176	0.2219212	2.03924	0.4698329	1.906954
17358	-406.4266	-418.1094	11.68288	0.868959	0.00572385	0.000978397	0.124339	0.2569996	1.33775	0.9068525	1.15641
17364	-404.177	-415.6108	11.43381	0.934066	0.00599427	0.00102462	0.0589151	0.2049562	1.528868	0.6393861	1.404359
17370	-403.3425	-415.5659	12.2234	0.942089	0.00767164	0.0059587	0.0442806	0.2441453	1.726749	0.5922468	0.4435274
17376	-405.898	-418.8252	12.92717	0.944725	0.00185836	0.00901222	0.0444044	0.3895765	0.927297	0.6589162	0.4435274
17382	-407.5461	-420.1204	12.57432	0.924027	0.00369886	0.0157198	0.0565538	0.2850873	1.07595	0.6675665	0.7005935
17388	-410.135	-421.8108	11.67577	0.909326	0.00441463	0.0187618	0.0674977	0.433371	0.6425167	1.443986	1.142006
17394	-413.0189	-426.1636	13.14473	0.819995	0.0787836	0.0387949	0.0624269	0.3841265	0.06982611	1.249357	0.5480745
17400	-416.9863	-425.7489	8.762593	0.37586	0.452768	0.100231	0.0711408	0.09621374	1.757956	0.2864819	4.682069
17406	-415.225	-424.929	9.704002	0.190656	0.643819	0.0871911	0.0783334	0.09122144	1.78554	0.3690101	2.920783
17412	-408.7453	-420.8318	12.08653	0.878837	0.0310677	0.0386923	0.0514027	0.5386874	0.3333032	1.362034	1.040445
17418	-415.3432	-425.7806	10.43746	0.91989	0.00666402	0.0315423	0.0419041	0.5562642	0.8708877	1.362034	2.371431
17424	-414.2437	-424.3538	10.1101	0.862451	0.00547573	0.0782848	0.053788	0.6449633	0.5104447	1.699535	2.582387
17430	-410.8108	-421.9391	11.1283	0.899516	0.00147202	0.0418284	0.0571834	0.6922062	0.6674267	1.114795	1.908124
17436	-418.059	-428.0289	9.969957	0.897335	0.001326	0.0644428	0.0368963	0.6922062	1.29327	1.337898	2.274042
17442	-415.6762	-426.524	10.84771	0.730734	0.00351101	0.0525431	0.213212	0.7146483	0.8365667	1.630094	1.242712
17448	-412.5601	-424.2657	11.7056	0.730926	0.00324847	0.052557	0.213268	0.489656	0.8971965	1.436784	0.8149492
17454	-411.2828	-422.5151	11.23227	0.89247	0.0783288	0.0181735	0.011028	0.2722739	1.695239	0.4842824	1.496277
17460	-406.464	-419.151	12.68697	0.850978	0.0297377	0.0170108	0.102274	0.3368432	0.6625748	1.062773	0.6534902
17466	-411.942	-424.0869	12.14487	0.750046	0.0359687	0.0149932	0.198993	0.3979409	1.441631	0.7419512	0.6534902
17472	-408.624	-420.8917	12.26766	0.819093	0.0150425	0.00627034	0.159594	0.317608	0.8497158	1.100583	0.8459414
17478	-413.9814	-426.3604	12.37898	0.905298	0.0337337	0.0116969	0.0492718	0.3405697	0.7836858	1.100583	0.7895929
17484	-409.5919	-421.9649	12.37295	0.879342	0.0327665	0.0113616	0.0765297	0.2931817	1.174019	1.100583	0.1433524
17490	-409.9459	-422.3774	12.43152	0.870667	0.06405	0.0112495	0.0540336	0.6033067	0.5039238	1.426337	0.1646477
17496	-409.0225	-421.4462	12.42375	0.775845	0.13404	0.00615547	0.0839592	0.5404499	0.5442875	1.227746	0.6675041
17502	-414.8132	-425.8086	10.99535	0.740627	0.142124	0.0282256	0.0890231	0.6727462	0.7247039	1.685931	1.169045
17508	-413.2869	-425.1879	11.90104	0.786311	0.105659	0.0299667	0.0780627	0.6158914	0.5982526	1.135587	1.154785
17514	-412.4736	-424.0029	11.52929	0.87929	0.0591022	0.0136344	0.0479733	0.4335969	1.458214	1.355589	0.5996824
17520	-418.806	-429.8581	11.05208	0.884005	0.0594191	0.0133597	0.0432163	0.2872731	1.458214	0.4364389	1.999161
17526	-405.7944	-417.5323	11.73787	0.903986	0.0426083	0.0136617	0.0397443	0.2754633	2.181153	0.4610744	0.4858185
17532	-404.1449	-415.984	11.83913	0.9034	0.0113308	0.00618615	0.079083	0.2314129	1.911809	0.5471611	0.648115
17538	-404.3875	-416.4986	12.11108	0.87814	0.0137071	0.0148646	0.0932885	0.3434414	1.60768	0.4935955	0.6515774
17544	-411.7102	-422.2975	10.58733	0.903247	0.016598	0.0292205	0.0509346	0.3380216	2.084423	0.4608752	1.76548
17550	-406.8515	-418.9405	12.08892	0.968695	0.00992246	0.0141067	0.00727579	0.2336425	1.72898	0.5661095	0.581361
17556	-405.0071	-417.096	12.08889	0.968695	0.00992246	0.0141067	0.00727579	0.368811	1.920873	0.4489588	0.206987
17562	-410.4381	-422.0038	11.56567	0.922421	0.0460031	0.0208315	0.0107443	0.368811	1.89803	0.5668626	0.8693793
17568	-409.2153	-420.9711	11.75577	0.976262	0.0049947	0.00992845	0.00881504	0.3048948	2.182893	0.4077126	0.437128
17574	-407.9837	-419.5015	11.51782	0.972335	0.0023993	0.00975081	0.015515	0.3066249	2.416778	0.7951436	0.2188678
17580	-402.4548	-414.3586	11.90378	0.937955	0.00231447	0.00940605	0.050324	0.2987649	1.532322	0.9668643	0.6826106
17586	-405.2233	-417.0797	11.85635	0.925723	0.019037	0.0200446	0.035195	0.3063317	1.688938	1.019214	0.5254234
17592	-405.8453	-417.7528	11.90749	0.925723	0.019037	0.0200446	0.035195	0.5222765	1.970205	0.5239485	0.2969845
17598	-408.4332	-420.0808	11.64764	0.845142	0.025181	0.0182998	0.111377	0.2772565	2.181573	0.228721	0.2969845
17604	-412.1072	-423.3169	11.20969	0.876948	0.0261286	0.0125374	0.0843865	0.706524	1.399415	0.5954619	1.403269
17610	-415.3272	-426.4745	11.14727	0.635961	0.297875	0.0637216	0.00244257	0.09769692	0.9345551	1.94594	0.4718547
17616	-409.6165	-421.3455	11.72899	0.23423	0.615471	0.129478	0.0208202	0.05293097	1.290146	0.8121399	0.1776545
17622	-416.0427	-428.4637	12.42103	0.745102	0.0553039	0.0388322	0.160762	0.4547833	0.9540947	1.058534	0.5414645
17628	-413.6503	-425.5265	11.87613	0.821324	0.061634	0.0428047	0.074237	0.5014781	0.8424001	1.302167	0.8566448
17634	-418.2831	-430.0385	11.75544	0.754046	0.0565853	0.00936164	0.180007	0.5255075	0.5844841	1.302167	1.214867
17640	-417.8942	-429.4017	11.5075	0.318762	0.625223	0.0552429	0.000771813	0.08757579	1.167625	0.6995862	1.259944
17646	-425.3633	-436.8416	11.47832	0.189134	0.660926	0.147875	0.00206599	0.07178745	0.9294639	0.9713734	1.138816
17652	-420.4124	-429.6273	9.214966	0.323071	0.389296	0.0871004	0.200533	0.0522233	0.898111	0.9756994	4.036745
17658	-426.6951	-434.3433	7.64826	0.0735865	0.478145	0.184433	0.263836	0.05149892	1.050203	1.05031	7.313551
17664	-406.6352	-419.1871	12.55189	0.90071	0.0166249	0.0196614	0.0630036	0.3976096	0.7665026	1.126296	0.5746933
17670	-411.5235	-424.4533	12.92981	0.889531	0.0226481	0.029133	0.0586878	0.3976096	0.727717	0.7128446	0.6036842
17676	-405.7039	-418.2014	12.49745	0.918429	0.0233839	0.027293	0.0308942	0.3778471	1.192072	0.5271025	0.6544659
17682	-408.4278	-421.1943	12.76652	0.828971	0.0795848	0.0211002	0.0703439	0.4035476	0.3182802	1.330181	0.562388
17688	-416.547	-429.1123	12.56532	0.881411	0.0199055	0.0249569	0.0737265	0.4035476	0.1725904	1.594134	0.562388
17694	-409.5135	-421.3804	11.86688	0.856345	0.011347	0.0218064	0.110501	0.5374932	0.930131	1.349854	0.6907779
17700	-411.4613	-423.1029	11.64152	0.882858	0.0176498	0.0340948	0.0653975	0.3839429	1.235894	0.9115943	1.235084
17706	-411.0342	-423.5413	12.50715	0.888878	0.0146966	0.0305821	0.0658435	0.4881114	0.5873216	1.049541	0.7865793
17712	-410.2091	-421.3511	11.14199	0.852876	0.0175025	0.0107231	0.118899	0.412006	0.8855893	1.17233	1.890527
17718	-411.8886	-422.3854	10.49684	0.937883	0.0181	0.0117919	0.0322255	0.548299	0.7167773	1.301322	2.640309
17724	-410.7289	-422.6082	11.87932	0.786171	0.100027	0.00988441	0.103917	0.548299	0.5650098	1.217622	1.187541
17730	-414.9988	-426.9659	11.96706	0.0410484	0.726669	0.0483272	0.183956	0.05610176	0.3175817	1.559697	0.2451857
17736	-413.0086	-424.0347	11.02615	0.0884662	0.466211	0.0288369	0.416486	0.05596279	0.9585347	1.747126	0.1834344
17742	-413.7264	-424.421	10.69465	0.917113	0.0435892	0.0323056	0.00699172	0.4240741	0.4973552	1.845379	1.804273
17748	-410.9248	-421.5167	10.59189	0.905616	0.046256	0.0133832	0.0347448	0.4281742	0.354725	1.938554	1.938909
17754	-412.1578	-422.3413	10.18355	0.868693	0.0334002	0.0272256	0.0706816	0.5276543	0.713065	2.426096	1.023952
17760	-409.2227	-418.9174	9.694704	0.88644	0.0244479	0.0155022	0.0736094	0.4581522	0.4175869	2.489957	1.879241
17766	-406.6021	-418.8133	12.21117	0.87968	0.0318876	0.015384	0.073048	0.4506952	0.8314008	1.265268	0.638424
17772	-407.644	-419.5648	11.92072	0.852424	0.0308996	0.0458922	0.0707847	0.416502	0.9198164	1.265268	0.8599
17778	-406.0086	-418.4179	12.40933	0.861475	0.0206098	0.0463794	0.0715362	0.4659788	0.2989359	1.301843	0.9006759
17784	-410.0116	-421.1466	11.13504	0.842139	0.0261676	0.0453385	0.086355	0.4417912	0.4975109	1.80072	1.340893
17790	-410.0527	-421.2303	11.17753	0.88305	0.0351676	0.0197286	0.0620539	0.4927264	0.6775375	2.069957	0.6665922
17796	-409.4647	-422.1975	12.73289	0.84569	0.0417754	0.0380933	0.0744413	0.4927264	0.6561024	0.8690563	0.6665922
17802	-414.0212	-424.8306	10.80948	0.58185	0.259813	0.0470768	0.111261	0.06042663	0.1962587	2.412186	0.1532559
17808	-419.9044	-430.3437	10.43929	0.324829	0.200351	0.0713881	0.403432	0.06724361	0.6965931	2.311264	0.1145353
17814	-413.0252	-424.544	11.51886	0.750982	0.0761729	0.0282841	0.144561	0.5312135	2.071109	0.2741823	0.4689444
17820	-414.3826	-424.7028	10.32022	0.836131	0.0196683	0.0314911	0.112709	0.5312135	2.162515	0.2711149	1.603065
17826	-415.2744	-425.6507	10.37628	0.840403	0.0322426	0.0131345	0.11422	0.3572215	1.85353	0.3276646	2.236706
17832	-408.3936	-419.633	11.23936	0.910036	0.0335086	0.0136503	0.0428054	0.462375	1.511485	0.407426	1.526015
17838	-413.555	-425.7326	12.17752	0.838468	0.0749971	0.0440281	0.0425067	0.2561615	1.8637	0.4723024	0.3495894
17844	-415.9835	-426.7888	10.8053	0.851236	0.0683734	0.0497783	0.0306122	0.3872828	1.86757	0.2935175	1.578593
17850	-420.0085	-430.9446	10.93617	0.598089	0.258011	0.016367	0.127534	0.4291447	1.754986	0.3296692	1.566341
17856	-412.2357	-423.1076	10.87185	0.892435	0.0751325	0.00476604	0.0276664	0.3870073	1.612334	0.483159	1.964052
17862	-414.9503	-427.0684	12.11804	0.748578	0.0361537	0.0321379	0.18313	0.3073044	1.517818	0.3314461	0.6794833
17868	-415.1417	-426.2604	11.11869	0.752511	0.170656	0.0214976	0.0553353	0.385929	1.514521	0.6048354	1.75014
17874	-408.3317	-419.6901	11.35841	0.950881	0.0367782	0.00463297	0.00770816	0.3029528	1.357358	0.7126682	1.651511
17880	-413.1083	-424.6613	11.55305	0.899616	0.0347954	0.00365663	0.0619324	0.2913904	0.9080996	1.423247	1.124896
17886	-410.2581	-422.7805	12.52231	0.792171	0.0295935	0.00267646	0.175559	0.2913904	1.331193	0.9053892	0.2269684
17892	-414.3407	-426.063	11.72231	0.587047	0.0179889	0.00267713	0.392287	0.412007	1.490499	1.004122	0.08050694
17898	-411.0217	-422.9719	11.95012	0.849786	0.029	0.00192722	0.119287	0.5500548	1.740385	0.8351584	0.2087541
17904	-412.3912	-424.4672	12.07605	0.898011	0.00817019	0.00478979	0.0890293	0.4175603	1.191426	0.631164	1.002183
17910	-408.3779	-420.2411	11.86318	0.92302	0.0109942	0.00822136	0.0577644	0.2194914	1.187421	0.5829067	1.338538
17916	-414.258	-426.7297	12.47174	0.946769	0.0149702	0.0298839	0.00837674	0.3105666	1.187421	1.095753	0.2502515
17922	-415.7809	-428.5504	12.76943	0.923281	0.0100945	0.0571821	0.00944261	0.3156252	1.288521	0.5546167	0.2502515
17928	-411.3001	-423.6096	12.30952	0.940132	0.04414	0.00611275	0.00961496	0.2680141	1.429424	0.3592157	0.6179347
17934	-408.5769	-420.1236	11.54669	0.875285	0.0309707	0.00618603	0.0875587	0.2680141	1.738171	0.3811203	1.07278
17940	-409.0142	-421.5551	12.54092	0.879252	0.0311111	0.0173465	0.0722899	0.3397399	0.6612373	0.7600192	1.056343
17946	-412.3989	-424.4188	12.01987	0.844762	0.0399977	0.0223014	0.0929387	0.3397399	0.9035955	0.7499862	1.359593
17952	-419.0902	-428.1119	9.021683	0.226135	0.667718	0.0371216	0.0690249	0.02254425	0.9709112	1.126536	1.978426
17958	-415.0912	-426.2403	11.14917	0.0660344	0.758113	0.0912391	0.0846135	0.04982632	1.457682	1.074951	0.4696516
17964	-414.076	-423.9665	9.890486	0.153159	0.62844	0.135239	0.0831623	0.03002995	0.8507903	1.233127	1.483545
17970	-417.0423	-427.9093	10.86693	0.20172	0.519639	0.244832	0.0338086	0.03850816	1.203289	1.203988	0.5354968
17976	-415.8368	-426.3191	10.48222	0.668919	0.29545	0.0277558	0.00787466	0.04325962	1.30998	1.260266	0.8830299
17982	-412.4876	-422.7452	10.25758	0.261203	0.587665	0.115741	0.0353902	0.04747499	0.9137076	2.19049	0.2492648
17988	-409.7614	-420.3608	10.5994	0.206497	0.636335	0.125327	0.031841	0.05035396	0.2875856	2.318832	0.1309263
17994	-413.4729	-425.1691	11.69623	0.815032	0.102906	0.0604119	0.0216501	0.3400336	1.00349	0.933458	1.444569
18000	-410.8841	-422.3356	11.45149	0.0212486	0.754024	0.120483	0.104244	0.050283	0.09667019	1.952708	0.1721865
18006	-410.2227	-421.6652	11.44247	0.159253	0.594649	0.131941	0.114157	0.05439354	0.3190108	1.69394	0.1007123
18012	-414.7625	-425.6785	10.91599	0.098687	0.780794	0.107272	0.013247	0.05439354	0.104621	2.193623	0.1007123
18018	-414.1716	-425.6786	11.50695	0.649785	0.245129	0.084753	0.0203331	0.05719643	0.06785942	1.905016	0.5679397
18024	-415.5191	-425.5414	10.02233	0.474806	0.327018	0.151169	0.0470082	0.0230064	1.270292	1.076356	0.6543343
18030	-420.7739	-432.9599	12.18604	0.254203	0.582591	0.0415335	0.121673	0.1068086	0.08777993	1.924053	0.3536533
18036	-415.344	-427.1545	11.81047	0.151299	0.744281	0.0431473	0.0612721	0.100349	0.3992556	1.954273	0.3203266
18042	-421.6871	-433.2832	11.59609	0.251053	0.344598	0.181596	0.222753	0.1162806	0.8915034	1.718862	0.5050249
18048	-418.6678	-430.0241	11.35627	0.221961	0.594132	0.0721206	0.111787	0.08633615	0.9226868	1.600718	0.6732414
18054	-411.7509	-424.0024	12.25157	0.0503646	0.835166	0.099684	0.0147852	0.0858796	0.6045138	1.427223	0.2717785
18060	-412.2259	-423.3525	11.12662	0.584919	0.320457	0.0812049	0.013419	0.0858796	0.6639686	1.465743	1.343843
18066	-420.1115	-430.7981	10.68664	0.536356	0.293851	0.111737	0.0580563	0.0776115	0.8383919	1.517686	1.472419
18072	-419.6891	-429.7273	10.03814	0.447729	0.38778	0.011165	0.153326	0.4773526	0.8178366	1.517686	2.878764
18078	-418.8758	-427.4435	8.567638	0.440209	0.381266	0.0277745	0.15075	0.3700622	0.6145465	1.288621	7.621797
18084	-416.03	-427.0069	10.97686	0.855784	0.0241189	0.0449047	0.0751921	0.3851829	0.7960813	1.338818	1.991312
18090	-412.3977	-424.1175	11.71979	0.885197	0.00667525	0.0378322	0.0702958	0.6002431	0.7221057	1.188591	1.168898
18096	-415.6909	-427.1322	11.44137	0.805155	0.00806423	0.0457043	0.141076	0.5877487	1.351758	0.9685175	1.062681
18102	-409.2991	-421.4969	12.19777	0.921853	0.0133665	0.0326308	0.0321501	0.2983429	1.594375	0.5683026	0.5972711
18108	-414.2922	-425.7476	11.45536	0.864063	0.014064	0.0880454	0.0338279	0.4110579	1.714626	0.6957115	1.074392
18114	-409.3212	-420.7395	11.41833	0.847254	0.0110593	0.00467709	0.137009	0.6055323	0.8237177	1.003751	1.611715
18120	-409.4104	-420.7836	11.37324	0.818207	0.0431038	0.00637649	0.132312	0.2462358	1.244497	0.7518779	1.756648
18126	-407.8936	-419.2988	11.40521	0.820122	0.0432046	0.00405191	0.132622	0.2918584	1.271658	0.6298303	1.756648
18132	-412.8817	-423.7569	10.87528	0.738681	0.139121	0.00293129	0.119266	0.4296938	1.17971	1.423725	1.462157
18138	-411.2222	-423.392	12.16974	0.685805	0.149653	0.0362467	0.128295	0.4296938	0.7854491	1.373968	0.6116349
18144	-415.0751	-426.259	11.18382	0.71081	0.140224	0.0375682	0.111397	0.4049256	0.6094651	1.867609	1.100691
18150	-409.8418	-421.8992	12.05739	0.839907	0.0448727	0.054952	0.0602684	0.412143	1.121051	1.348219	0.4374102
18156	-415.3686	-426.3514	10.98272	0.775509	0.0202468	0.047466	0.156778	0.4054962	1.125535	1.770153	0.9258757
18162	-409.2087	-420.9709	11.76228	0.825671	0.0301039	0.0505362	0.0936889	0.3986577	0.907927	0.7163514	1.626223
18168	-407.8346	-419.8447	12.01006	0.890622	0.0121743	0.020703	0.0765011	0.5301522	0.7969246	0.9846644	1.093303
18174	-411.4469	-423.3011	11.85412	0.739261	0.0038723	0.0321228	0.224744	0.5301522	0.8229571	1.109136	1.093303
18180	-408.8634	-420.0222	11.15879	0.918624	0.0121608	0.0399166	0.0292988	0.3525023	1.347455	0.8429746	1.75986
18186	-407.2427	-419.4608	12.21812	0.898388	0.0339218	0.0390373	0.0286534	0.3993354	1.393849	0.724684	0.6387001
18192	-413.3923	-425.284	11.89166	0.884934	0.0386121	0.0384527	0.0380008	0.3745654	2.044525	0.7112388	0.3152782
18198	-408.7831	-421.0562	12.27313	0.90615	0.0395377	0.014097	0.0402153	0.2811812	1.201298	1.185811	0.4199958
18204	-416.3923	-428.2829	11.89057	0.90615	0.0395377	0.014097	0.0402153	0.3036408	1.201298	1.376659	0.1120344
18210	-412.2062	-423.884	11.67774	0.905263	0.039499	0.010713	0.0445252	0.4380735	1.109747	1.5587	0.5315209
18216	-409.5208	-420.3134	10.79252	0.86483	0.0377348	0.00385337	0.0935818	0.581792	1.147388	1.360277	1.514779
18222	-414.9907	-425.0778	10.08715	0.781413	0.0938829	0.00345374	0.12125	0.361051	1.019037	1.736364	2.195981
18228	-406.7677	-419.1439	12.37618	0.818848	0.0778047	0.00286226	0.100485	0.3710137	1.211634	0.771952	0.6533278
18234	-407.578	-419.9584	12.3804	0.749551	0.0259064	0.00185802	0.222684	0.2339708	1.097947	0.5621659	0.06984115
18240	-407.3373	-419.4823	12.14495	0.718506	0.024817	0.00177989	0.254897	0.3284596	0.8980822	1.321621	0.09518152
18246	-406.6416	-418.981	12.33938	0.738385	0.0302031	0.000958535	0.230453	0.3055244	1.131002	0.9477129	0.09518152
18252	-407.145	-419.0948	11.94975	0.951532	0.0257342	0.000816707	0.0219168	0.2727438	1.693488	1.013271	0.1427127
18258	-404.0996	-416.4061	12.30643	0.863019	0.023397	0.00547645	0.108108	0.3122762	1.59977	0.8371885	0.2474909
18264	-403.962	-415.5497	11.58771	0.9144	0.0237592	0.00242163	0.0594191	0.3080979	1.826699	0.5499606	0.9583404
18270	-408.9551	-421.1707	12.21568	0.923021	0.0165989	0.00918867	0.0511915	0.2442781	1.413313	0.8184211	0.6332385
18276	-405.6334	-417.8602	12.22689	0.900044	0.0215962	0.0117567	0.0666031	0.441606	0.7526016	1.400982	0.544708
18282	-406.3346	-419.0527	12.71811	0.873827	0.0333775	0.0281322	0.0646631	0.3772524	0.1839848	1.400982	0.6711496
18288	-407.6862	-420.5519	12.86567	0.751796	0.0381354	0.0242035	0.185865	0.3861921	0.3595056	1.12717	0.6711496
18294	-404.3143	-417.0385	12.72419	0.856648	0.0231148	0.0255241	0.0947132	0.4378054	0.4297184	1.040758	0.7843748
18300	-407.7858	-420.2306	12.44482	0.822109	0.0286841	0.0316739	0.117533	0.4262039	0.4717043	1.260488	0.7843748
18306	-415.255	-426.4893	11.23435	0.829052	0.0289263	0.0319414	0.110081	0.382297	0.9377412	1.260488	1.612145
18312	-408.8627	-420.74	11.87733	0.865324	0.032292	0.0360737	0.0663108	0.4168354	0.8590665	1.096459	1.159146
18318	-413.969	-425.5457	11.57674	0.849165	0.111317	0.0149921	0.0245265	0.8394235	0.6871229	1.16097	1.12473
18324	-417.1378	-426.5023	9.364543	0.793566	0.0464011	0.0261614	0.133872	0.6999457	0.8225815	1.601941	3.435592
18330	-410.5839	-422.5227	11.93882	0.825669	0.016589	0.0257868	0.131955	0.3520464	1.175864	0.8348048	1.080349
18336	-409.8342	-421.5998	11.76559	0.825669	0.016589	0.0257868	0.131955	0.4730307	1.090594	1.286258	0.7703748
18342	-409.9377	-421.1558	11.21812	0.779261	0.0722495	0.0239512	0.124538	0.4208467	1.374682	0.8972258	1.533263
18348	-415.4598	-424.4841	9.024245	0.692501	0.103209	0.0263867	0.177903	0.3608275	1.105735	0.8765527	6.180504
18354	-410.6379	-422.2291	11.59123	0.878603	0.0431627	0.020584	0.0576498	0.4786076	1.12	0.7480955	1.468442
18360	-408.3166	-420.1016	11.78507	0.855699	0.00927733	0.0288411	0.106183	0.5685605	0.6008421	1.604379	0.7311304
18366	-411.1665	-423.3857	12.21928	0.863775	0.00632722	0.0227126	0.107185	0.3954868	0.5794969	1.413335	0.7398275
18372	-406.384	-418.7181	12.3341	0.943378	0.00691032	0.0248058	0.0249058	0.3954868	0.86936	1.073464	0.7398275
18378	-410.7755	-422.5546	11.77913	0.921574	0.00399137	0.0239749	0.05046	0.3284313	1.408275	1.010247	0.8641918
18384	-411.3432	-423.7737	12.43049	0.921574	0.00399137	0.0239749	0.05046	0.3284313	1.431866	0.475134	0.5216729
18390	-421.4869	-432.7858	11.29887	0.844046	0.0589519	0.0690832	0.0279185	0.4063104	1.806874	0.5925608	1.193021
18396	-413.6223	-425.7413	12.11902	0.883717	0.0207879	0.0448266	0.050669	0.5242941	1.213043	1.101478	0.469952
18402	-414.7296	-423.6088	8.879197	0.944627	0.00989897	0.021346	0.0241281	0.5702718	0.6444925	1.57043	5.190483
18408	-415.4073	-424.2105	8.803189	0.926413	0.0138262	0.0120648	0.0476961	0.5204943	0.2384764	1.957508	5.141733
18414	-407.685	-420.0676	12.38262	0.883527	0.00152927	0.00426013	0.110683	0.3151144	1.567029	0.3319202	0.3515292
18420	-420.0363	-429.9542	9.917837	0.769277	0.0497559	0.0122185	0.168749	0.441439	0.220517	2.325069	2.217151
18426	-412.4275	-423.7482	11.32071	0.869883	0.0399886	0.0213359	0.0687927	0.5757794	0.1953185	1.942382	1.101344
18432	-413.3285	-424.1254	10.79688	0.874237	0.0367109	0.00381782	0.0852344	0.6342173	0.2060149	1.942382	1.601941
18438	-415.3499	-426.7151	11.36527	0.916907	0.0459176	0.0204573	0.016718	0.8984434	0.2657655	1.690692	1.010831
18444	-411.2298	-423.2893	12.05954	0.813938	0.0776567	0.0751449	0.0332604	0.5374337	0.1149408	1.622503	0.9413679
18450	-407.7965	-419.6611	11.86455	0.864153	0.0537738	0.0227419	0.0593312	0.5473391	0.4768929	1.233389	1.278769
18456	-405.7313	-417.8122	12.08092	0.864153	0.0537738	0.0227419	0.0593312	0.4294539	0.5101579	1.475705	0.8318956
18462	-410.4393	-422.9044	12.46508	0.870326	0.0541579	0.0191268	0.0563889	0.3825081	0.8864208	0.8243654	0.8318956
18468	-414.726	-425.6861	10.96015	0.812112	0.117742	0.00500781	0.0651386	0.3781705	1.165657	1.950052	0.6788022
18474	-408.1182	-420.2249	12.10671	0.756319	0.12796	0.00299331	0.112727	0.3781705	1.505385	0.7978477	0.6073009
18480	-408.9013	-420.999	12.09764	0.752433	0.127303	0.00811663	0.112148	0.3679946	1.434837	0.8860958	0.6223204
18486	-410.5324	-422.8123	12.2799	0.741227	0.082852	0.00431493	0.171606	0.387622	0.643354	1.330097	0.7282279
18492	-415.1886	-426.3245	11.13594	0.550074	0.240708	0.0619275	0.147291	0.04708139	1.118324	1.152811	0.6630982
18498	-421.1257	-431.6274	10.50172	0.500354	0.373195	0.0493093	0.0771418	0.02453677	1.019575	0.9589005	0.6550777
18504	-415.3309	-425.6618	10.33087	0.637165	0.219267	0.071314	0.072254	0.02453677	0.9322644	1.037917	0.8250993
18510	-417.3351	-428.6388	11.30368	0.697338	0.159542	0.0961508	0.0469695	0.702946	0.8399085	1.253893	1.289308
18516	-414.0747	-426.0633	11.98856	0.860331	0.0496338	0.0320868	0.057948	0.8286427	0.9272166	1.292116	0.3117384
18522	-414.7414	-426.3966	11.65519	0.740506	0.144009	0.0609598	0.0545243	0.4131046	1.500692	0.5281804	1.148615
18528	-411.9211	-421.8348	9.913692	0.604016	0.10708	0.0207563	0.268148	0.06592288	1.100855	1.503795	1.939613
18534	-422.5964	-434.3812	11.78484	0.473206	0.316353	0.100098	0.110343	0.7113238	0.7905442	1.333205	0.7473875
18540	-417.6538	-428.9983	11.34448	0.745244	0.178216	0.0163559	0.0601844	0.7911024	1.079506	1.396792	0.734754
18546	-418.7978	-428.8551	10.05732	0.33126	0.622871	0.0158182	0.0300501	0.1917861	0.8623964	1.235171	3.608225
18552	-419.6709	-430.0903	10.41945	0.328134	0.482983	0.0284601	0.160422	0.1281004	1.56535	0.3599805	2.460197
18558	-415.5613	-423.742	8.180636	0.0683321	0.708821	0.0193998	0.203447	0.04153842	1.843909	0.2875636	3.963661
18564	-413.3422	-424.1865	10.84431	0.150641	0.760046	0.0392461	0.0500673	0.0492475	1.921064	0.2060777	0.1704022
18570	-410.2339	-421.6228	11.3889	0.131234	0.436991	0.0343411	0.397434	0.05310062	1.766369	0.3657955	0.2202801
18576	-414.1226	-426.3921	12.26954	0.351379	0.428955	0.0179809	0.201684	0.1041483	1.104572	0.5610454	0.7378081
18582	-416.0832	-428.2051	12.12188	0.456401	0.335647	0.0473786	0.160574	0.08213114	0.9389089	1.175302	0.3923812
18588	-419.2271	-431.6054	12.37831	0.159711	0.577198	0.126161	0.136929	0.1171691	0.8970912	0.8327516	0.757193
18594	-423.9111	-432.0719	8.160828	0.0620962	0.615364	0.0360115	0.286529	0.2396896	2.056047	0.1761618	5.552531
18600	-414.2254	-426.3936	12.16819	0.137303	0.489496	0.112252	0.260948	0.1024076	1.074656	1.033554	0.5345262
18606	-411.6895	-423.6551	11.96556	0.150915	0.538021	0.12338	0.187684	0.06419589	1.035478	1.033554	0.383654
18612	-415.838	-426.9232	11.08514	0.323628	0.466783	0.0928156	0.116773	0.2699128	1.15796	0.8384184	2.163196
18618	-414.714	-425.7894	11.07546	0.0519101	0.840504	0.0302605	0.0773253	0.2468391	1.398303	0.8551178	1.840179
18624	-419.6582	-428.5281	8.869826	0.776811	0.0602889	0.161019	0.00188056	0.4798867	1.907072	0.1184883	3.43786
18630	-412.2811	-423.982	11.70083	0.103477	0.759976	0.0932653	0.0432813	0.05313117	1.42833	0.4759427	0.3977365
18636	-413.5082	-425.2601	11.7519	0.548567	0.328138	0.0793475	0.0439472	0.05534605	1.478892	0.5208995	0.3184945
18642	-415.2213	-427.1243	11.90302	0.582954	0.321244	0.0218618	0.0739404	0.9316412	1.464896	0.4312747	0.4056716
18648	-407.4659	-418.8164	11.35043	0.876037	0.049925	0.0356614	0.0383767	0.3271996	1.603816	0.4578981	1.435703
18654	-406.096	-418.5567	12.46073	0.912206	0.0519863	0.014407	0.0214008	0.4203912	1.440813	0.6220756	0.1677888
18660	-403.9012	-416.446	12.54477	0.832501	0.0647571	0.0131482	0.0895934	0.3193594	1.082237	1.003208	0.4520239
18666	-405.9545	-417.808	11.85348	0.876867	0.0494563	0.00525306	0.0684242	0.571924	1.189343	1.28671	0.1276324
18672	-407.2327	-419.6241	12.39144	0.761662	0.147925	0.0186557	0.0717575	0.4340317	1.137388	1.037222	0.4262531
18678	-409.1749	-421.0302	11.85531	0.774189	0.173483	0.0382626	0.0140653	0.3974582	1.907811	0.2783378	0.4262531
18684	-416.0909	-426.4667	10.37582	0.741854	0.0629336	0.0952494	0.099963	0.5114141	1.731825	0.3463204	2.24008
18690	-410.5972	-420.4578	9.860563	0.893311	0.00925929	0.00195905	0.0954702	0.271587	1.910739	0.300274	2.954022
18696	-411.8344	-421.0205	9.186119	0.893701	0.00876828	0.0020188	0.0955118	0.2444273	2.416294	0.1629248	2.686778
18702	-410.2365	-421.1086	10.87203	0.893701	0.00876828	0.0020188	0.0955118	0.1744271	2.343419	0.1463245	0.6218245
18708	-409.2539	-420.4553	11.20139	0.856361	0.0111632	0.00257021	0.129906	0.2313947	1.959225	0.2987392	1.118409
18714	-412.4844	-423.2542	10.76984	0.8088	0.008194	0.001953	0.181053	0.262301	1.549791	0.5190357	2.28124
18720	-409.6225	-421.5637	11.94122	0.913124	0.0158384	0.00220491	0.0688331	0.262301	1.717218	0.4835443	0.7406858
18726	-410.5568	-421.4124	10.8556	0.835605	0.0144938	0.00201772	0.147884	0.2011086	1.59823	0.43991	2.060483
18732	-411.0267	-423.2057	12.17899	0.77726	0.0174417	0.00449608	0.200802	0.3491296	1.688622	0.5972603	0.1297208
18738	-410.7374	-422.7309	11.99353	0.943819	0.019007	0.00817676	0.0289972	0.3566237	1.994367	0.3630106	0.2266282
18744	-408.8547	-420.6635	11.80886	0.922366	0.0222834	0.012162	0.0431884	0.3009271	1.731426	0.4845761	0.8429096
18750	-411.7603	-423.4354	11.67506	0.826072	0.0826003	0.0273324	0.0639954	0.5047585	1.570949	0.6104207	0.9493881
18756	-415.2234	-425.7026	10.47917	0.837888	0.0944846	0.0312649	0.0363621	0.2816539	1.529922	0.7610491	2.584804
18762	-412.2012	-423.6455	11.44427	0.890106	0.100373	0.00824374	0.00127734	0.6181973	1.820588	0.3968946	0.8140295
18768	-411.607	-422.8798	11.27284	0.897486	0.0641033	0.0345117	0.00389881	0.6676509	1.817497	0.6037619	0.9381068
18774	-414.1421	-426.2293	12.08718	0.905285	0.0559705	0.0348116	0.00393269	0.5465003	1.754366	0.6058182	0.2748737
18780	-408.3263	-419.2882	10.96193	0.925612	0.0572272	0.0131402	0.00402099	0.4738852	2.012417	0.2909586	1.152327
18786	-411.7126	-422.73	11.01741	0.817703	0.0523831	0.111699	0.0182148	0.4738852	2.012417	0.2365289	0.9953384
18792	-417.0815	-427.71	10.6285	0.57327	0.357388	0.0262945	0.0430476	0.2831102	2.012417	0.1592542	1.29585
18798	-413.6255	-423.6495	10.024	0.697279	0.256411	0.0175608	0.0287493	0.2460176	2.100211	0.1704004	1.977757
18804	-418.8485	-425.6572	6.80874	0.52794	0.405524	0.0210893	0.0454468	0.08220847	1.912885	0.4516471	9.959159
18810	-413.5979	-424.1619	10.56403	0.328885	0.328751	0.0153725	0.326991	0.0448274	2.049299	0.2652182	0.5547996
18816	-412.1852	-423.2353	11.05016	0.270524	0.348562	0.137231	0.243683	0.04403638	1.873234	0.3646245	0.2070013
18822	-410.1633	-421.5463	11.38298	0.383208	0.475034	0.0457466	0.096012	0.04916714	1.665803	0.3690625	0.3293795
18828	-410.4903	-421.9535	11.46317	0.581101	0.30217	0.0843056	0.0324237	0.04465331	1.50493	0.5648972	0.3249871
18834	-414.5966	-425.835	11.23839	0.655875	0.258631	0.0577427	0.0277518	0.04186553	1.664267	0.4646513	0.3019896
18840	-420.7495	-432.469	11.71951	0.292872	0.393081	0.0039133	0.310134	0.1084573	2.094992	0.4623236	0.2927142
18846	-420.0132	-429.7685	9.755262	0.0615159	0.790284	0.00937538	0.138825	0.04110327	2.059151	0.3156876	1.311336
18852	-419.1255	-429.9719	10.84636	0.72544	0.136298	0.0395166	0.0987453	0.5437079	1.424143	0.5475485	2.046718
18858	-410.0487	-422.1293	12.08056	0.913625	0.0516228	0.00993263	0.02482	0.3380129	1.424143	0.3855504	0.8285405
18864	-416.7905	-428.3063	11.51587	0.632108	0.0630974	0.0121404	0.292654	0.27249	1.904629	0.383032	0.937256
18870	-419.9152	-431.9613	12.04613	0.137654	0.612032	0.00914301	0.241171	0.1852603	1.116346	0.5110432	1.2012
18876	-418.5093	-430.9659	12.45654	0.140565	0.787461	0.0103988	0.061575	0.1672658	1.391902	0.4299906	0.4915509
18882	-423.2364	-433.724	10.48762	0.247278	0.689685	0.00910761	0.0539294	0.3596171	1.333881	0.713468	2.863318
18888	-419.1629	-430.5165	11.35354	0.568458	0.231312	0.044415	0.155815	0.1692258	0.7847036	1.165516	1.799088
18894	-408.088	-419.4196	11.33162	0.614604	0.306867	0.0343158	0.0442126	0.04674623	1.317068	0.5565427	0.720879
18900	-410.4404	-421.5158	11.07536	0.483287	0.45038	0.0231094	0.0432243	0.07080495	1.661955	0.5861481	1.0598
18906	-408.2345	-419.3717	11.13722	0.633958	0.244164	0.048467	0.0734104	0.03453908	1.074901	0.8736198	0.5798783
18912	-407.518	-419.2468	11.72877	0.302383	0.558172	0.0326299	0.106814	0.04644926	1.0934	0.8736198	0.3463762
18918	-410.3609	-421.9568	11.59592	0.604787	0.316216	0.0184855	0.0605124	0.07002226	1.040472	1.452564	0.3077539
18924	-419.5777	-432.4223	12.84456	0.550781	0.386316	0.0303094	0.0325939	0.2221768	1.047141	0.8675686	0.2640353
18930	-411.0727	-421.5244	10.45168	0.19844	0.411897	0.0611024	0.328561	0.02373261	1.565411	0.5508498	0.1794562
18936	-412.6224	-422.6262	10.00384	0.571657	0.229448	0.0712738	0.127621	0.03010733	2.210774	0.2370635	0.2057083
18942	-420.8142	-431.4616	10.64737	0.339856	0.347636	0.107986	0.204522	0.04646703	2.276941	0.3911632	0.4217916
18948	-411.7409	-420.6891	8.948215	0.563918	0.283831	0.0628442	0.0894071	0.03176792	2.615106	0.122968	0.64313
18954	-416.4517	-426.6919	10.24017	0.574148	0.28898	0.0458435	0.091029	0.05430333	2.461719	0.1973404	0.5332826
18960	-420.8491	-432.5429	11.69377	0.101257	0.515618	0.0595927	0.323532	0.04653676	0.3931244	1.510267	0.3630248
18966	-417.7766	-429.1465	11.36986	0.555875	0.0564944	0.00528207	0.382348	0.07737352	1.294511	0.7117283	1.157326
18972	-424.8808	-431.9714	7.090602	0.479311	0.422528	0.020895	0.077266	0.109826	2.092517	0.2140857	8.121501
18978	-417.0186	-428.4889	11.47024	0.389776	0.440387	0.0893055	0.0805318	0.153372	1.824759	0.2252028	0.7671931
18984	-418.0117	-430.164	12.15234	0.798955	0.11135	0.0591541	0.0305413	0.4645971	1.679433	0.5652368	0.4322319
18990	-410.3331	-422.4322	12.09916	0.860459	0.0772857	0.0410577	0.0211981	0.5124625	1.744428	0.354525	0.2324628
18996	-418.9661	-430.8045	11.83843	0.756245	0.109761	0.0583102	0.0756831	0.4354772	1.744428	0.4750402	0.7088779
19002	-415.2769	-426.0851	10.80826	0.785647	0.0435197	0.0768388	0.0939946	0.4354772	1.272726	0.8936284	2.174509
19008	-414.069	-425.9364	11.86738	0.754424	0.138684	0.0235185	0.0833735	0.4354772	0.7944338	1.194862	1.104124
19014	-410.9536	-421.9557	11.00218	0.882794	0.0151541	0.0275203	0.0745312	0.4354772	1.000557	1.450904	1.475426
19020	-406.6429	-418.016	11.37315	0.931423	0.0167122	0.0303497	0.0215152	0.4003841	1.25291	0.922884	1.488267
19026	-407.5745	-419.9645	12.38992	0.900275	0.0255517	0.0406655	0.0335074	0.2976287	1.362478	0.6467812	0.6091089
19032	-408.2791	-420.1597	11.88062	0.824317	0.0569391	0.0440759	0.0746677	0.3627131	1.583734	0.5682431	0.8728018
19038	-416.8429	-427.8237	10.98083	0.724072	0.130099	0.100708	0.0451212	0.5838714	1.910377	0.4241868	1.239256
19044	-417.9199	-426.2867	8.366835	0.81147	0.0773191	0.0352388	0.075972	0.5534754	1.604543	0.6592713	6.534029
19050	-416.5485	-428.5254	11.97687	0.262402	0.630765	0.0310463	0.0757864	0.142735	0.9702842	1.310661	0.6826271
19056	-419.0473	-431.0568	12.00952	0.363005	0.481184	0.0467213	0.10909	0.09648849	0.8770143	1.274963	0.5764976
19062	-416.8907	-426.9321	10.0414	0.734739	0.0742564	0.00759423	0.183411	0.4514011	1.622054	1.018344	2.589453
19068	-412.1375	-422.0773	9.939717	0.851014	0.0730333	0.00622927	0.069723	0.3110325	1.581227	0.7578708	3.379605
19074	-409.1509	-421.3193	12.16832	0.842048	0.0722638	0.0167	0.0689884	0.4991947	1.232008	0.6896647	0.7704371
19080	-411.6649	-421.8386	10.17371	0.808826	0.111387	0.0160411	0.0637465	0.4991947	1.018339	1.63382	2.106736
19086	-406.7906	-419.1786	12.38805	0.873569	0.0508222	0.0135146	0.0620946	0.2920941	1.31051	0.6492696	0.661046
19092	-410.6316	-422.8768	12.24519	0.715483	0.0900192	0.0142481	0.18025	0.346788	0.7824388	1.258167	0.7417378
19098	-405.1988	-416.5482	11.34935	0.806846	0.0310713	0.0118735	0.150209	0.4404847	0.3086976	1.875162	1.19733
19104	-412.8922	-423.2536	10.36134	0.87114	0.00667882	0.0121757	0.110005	0.6641877	0.7490178	1.886417	1.535138
19110	-424.2248	-432.883	8.658256	0.609011	0.165835	0.131688	0.0934653	0.4814088	1.08851	0.6357466	7.426193
19116	-416.5651	-428.7046	12.13952	0.843284	0.0535365	0.0425129	0.060667	0.6394545	0.9661702	1.17324	0.4965352
19122	-415.0975	-426.6282	11.53064	0.788233	0.132012	0.0454639	0.0342911	0.3199533	1.137778	1.102807	1.300874
19128	-409.9234	-420.5788	10.65541	0.881118	0.0205693	0.00766188	0.0906511	0.4787462	0.8877164	1.228887	2.381335
19134	-411.9479	-423.5189	11.57098	0.865074	0.0384027	0.00752237	0.0890006	0.477003	1.241858	0.6392702	1.423262
19140	-407.8685	-419.5528	11.68429	0.887291	0.0364119	0.0317318	0.0445655	0.3527399	1.271707	0.6392702	1.382446
19146	-410.7207	-422.2064	11.48578	0.884456	0.0631345	0.0217967	0.0306123	0.3529946	1.657347	0.7888334	1.086703
19152	-411.3968	-422.9446	11.54776	0.946824	0.0232205	0.00978119	0.0201739	0.5381325	1.973232	0.4179033	0.6594081
19158	-409.9014	-422.1953	12.29382	0.907862	0.0634152	0.00937869	0.0193437	0.4606735	1.65555	0.4908919	0.2516106
19164	-412.2567	-424.7397	12.48299	0.851742	0.0427709	0.00879893	0.0966882	0.241958	1.410804	0.7576616	0.1535899
19170	-406.899	-419.1386	12.23959	0.929036	0.0165229	0.00555779	0.0488832	0.3559679	1.754693	0.6637704	0.2515427
19176	-407.7384	-419.8632	12.12486	0.924415	0.0100499	0.00790155	0.0576333	0.330068	1.436915	0.6830032	0.756786
19182	-412.2327	-423.9698	11.73708	0.885552	0.0137494	0.0176004	0.0830983	0.2167277	1.885304	0.3943185	0.7436441
19188	-411.3131	-423.5195	12.20635	0.868753	0.0110378	0.0534996	0.06671	0.3902054	1.728667	0.5323496	0.3968407
19194	-408.6161	-420.7188	12.10278	0.859953	0.0348792	0.0391331	0.0660343	0.4456262	1.63716	0.5612939	0.5452156
19200	-410.0415	-420.3518	10.31029	0.912627	0.0115791	0.04153	0.034264	0.4879643	1.097031	1.519401	2.041695
19206	-411.0827	-421.745	10.66232	0.843108	0.0613641	0.052343	0.0431851	0.4399976	0.8439373	2.036946	1.104805
19212	-413.307	-424.0158	10.7088	0.81244	0.00972225	0.040281	0.137557	0.4268515	1.043236	1.096476	2.367674
19218	-413.1673	-423.8227	10.65539	0.728683	0.0445331	0.0116624	0.215121	0.5308794	0.5687877	1.736073	1.8323
19224	-408.2666	-419.7674	11.50072	0.778567	0.058008	0.0151912	0.148234	0.4223113	0.8089763	1.209425	1.482138
19230	-408.7014	-420.7243	12.02294	0.85304	0.0809627	0.0129494	0.0530483	0.4255655	0.9969874	1.499233	0.3800649
19236	-411.9119	-423.0114	11.0995	0.840093	0.0154829	0.0267659	0.117658	0.4558595	1.885222	0.8884045	1.078156
19242	-407.7408	-419.7608	12.01998	0.930149	0.0171427	0.0296351	0.0230729	0.3881395	1.749035	0.8177611	0.4269782
19248	-413.0426	-425.6738	12.63126	0.830985	0.0460822	0.0796639	0.0432684	0.5126953	1.116684	0.7071976	0.4057684
19254	-415.5521	-426.2204	10.66838	0.461494	0.239537	0.049239	0.24973	0.04962148	2.053733	0.5659148	0.7171142
19260	-409.0639	-420.1684	11.10451	0.436508	0.369632	0.0347636	0.159096	0.04685118	1.920766	0.5229196	0.3396557
19266	-409.5245	-420.4921	10.96756	0.643488	0.266248	0.0162437	0.0740205	0.03643508	1.704559	0.5229196	0.3736786
19272	-413.2895	-423.5782	10.28871	0.71184	0.278936	0.00678982	0.00243366	0.03643508	1.590365	0.782829	1.043651
19278	-410.8288	-422.7992	11.97037	0.630481	0.30554	0.0199287	0.0440495	0.07477645	1.398792	0.8177371	0.345328
19284	-412.517	-422.4364	9.919433	0.20777	0.565348	0.0706721	0.15621	0.06390148	1.460707	0.5580313	2.66071
19290	-413.5415	-425.386	11.84448	0.198846	0.392096	0.0519657	0.357092	0.06390148	1.486731	0.7120577	0.2579598
19296	-416.2922	-427.9972	11.70501	0.0401634	0.710186	0.062537	0.187114	0.04144197	1.194187	0.550107	0.2579598
19302	-417.9882	-428.433	10.44477	0.0319338	0.536222	0.106351	0.325492	0.02547532	1.625055	0.3004414	0.2735784
19308	-417.5574	-426.23	8.67254	0.533544	0.258375	0.0512447	0.156836	0.0369268	1.240922	0.5124146	4.125428
19314	-419.2765	-428.779	9.502516	0.631333	0.136928	0.0260875	0.205651	0.146225	1.242042	0.6881253	4.854243
19320	-420.2534	-428.2269	7.973519	0.690083	0.215156	0.0251893	0.0695718	0.07643629	1.517239	1.16157	5.876458
19326	-420.3815	-431.5884	11.20696	0.442951	0.345083	0.0447496	0.167216	0.09872997	1.517239	0.699609	1.300498
19332	-410.534	-422.4848	11.95075	0.186412	0.720988	0.0544626	0.0381379	0.07414713	1.110558	0.8996803	0.5948493
19338	-409.5634	-420.8474	11.28406	0.17243	0.757993	0.0542113	0.0153661	0.04291093	1.110558	0.8996803	0.665233
19344	-409.1475	-420.5698	11.42228	0.651476	0.279817	0.0401096	0.0285974	0.05617025	1.524653	1.002171	0.2096803
19350	-416.5649	-424.0774	7.512509	0.87272	0.0219848	0.01492	0.0903751	0.4275269	1.189056	0.7089851	11.15727
19356	-420.8942	-427.7668	6.872587	0.856871	0.0235389	0.030856	0.0887338	0.9419116	1.299366	0.7089851	11.15727
19362	-419.6917	-431.2663	11.57458	0.0740235	0.711268	0.122103	0.0926056	0.09331541	1.961817	0.2518627	0.2564126
19368	-412.8955	-423.6164	10.72087	0.0160707	0.921738	0.0484269	0.0137644	0.0792802	1.794002	0.3914529	1.38782
19374	-411.2334	-422.4059	11.17245	0.634154	0.0376133	0.00269133	0.325541	0.2025788	1.791433	0.6027617	1.417093
19380	-413.3244	-425.0977	11.77333	0.629694	0.281792	0.00450572	0.0840085	0.06586948	1.580005	0.6290908	0.1735202
19386	-416.7952	-427.3207	10.52555	0.405313	0.477246	0.0476933	0.0697482	0.06963122	1.61336	0.857635	1.517281
19392	-417.6285	-427.0743	9.445751	0.346322	0.542732	0.0450555	0.0658906	0.09229844	1.535448	0.6897523	3.816139
19398	-421.903	-431.1921	9.289077	0.367791	0.365671	0.0847357	0.181803	0.07434234	1.535448	0.5807639	3.871696
19404	-417.8381	-428.9926	11.15447	0.662311	0.229837	0.0915425	0.0163089	0.6357816	1.657955	0.5501535	1.274052
19410	-418.4231	-428.7314	10.30834	0.405072	0.436358	0.108416	0.0501545	0.05751618	1.786495	0.3927754	1.5193
19416	-417.0535	-425.6625	8.609024	0.391109	0.446599	0.11096	0.0513316	0.03225582	2.188901	0.3927754	2.235675
19422	-417.1801	-428.426	11.2459	0.650738	0.231565	0.0457924	0.0719043	0.0557913	1.954758	0.3927754	0.3401683
19428	-416.327	-428.0743	11.74734	0.17264	0.440486	0.0748839	0.31199	0.05932031	1.540342	0.4495627	0.3401683
19434	-415.5285	-427.1322	11.6037	0.141281	0.529844	0.0728515	0.256024	0.06803304	1.540342	0.4508252	0.09920849
19440	-415.0077	-427.1638	12.15609	0.0354706	0.76385	0.103368	0.0973111	0.06181432	0.4716225	1.367651	0.2098947
19446	-408.8877	-420.0957	11.20799	0.0291414	0.674861	0.0636285	0.232369	0.03827251	0.8538532	1.34285	0.181716
19452	-410.0557	-420.9747	10.91902	0.0116318	0.683168	0.0648343	0.240366	0.05283186	0.3582668	2.178008	0.181716
19458	-411.0005	-422.6634	11.66286	0.196304	0.416205	0.098465	0.289027	0.07165439	0.5708814	1.744161	0.181716
19464	-409.4609	-421.0679	11.60702	0.317233	0.131965	0.0187129	0.532089	0.04631887	0.1269778	1.767808	0.181716
19470	-408.3004	-419.2442	10.94379	0.562572	0.099403	0.0169968	0.321028	0.05773288	0.2992239	1.994471	0.08261775
19476	-411.3552	-422.4785	11.12334	0.412811	0.363932	0.0622282	0.161028	0.0626622	0.5499929	1.993591	0.1468241
19482	-410.6887	-421.52	10.83134	0.378588	0.278042	0.0680122	0.275357	0.06620204	0.4645428	2.340982	0.2735101
19488	-412.6406	-424.762	12.1214	0.31581	0.350632	0.016964	0.316594	0.1250772	0.7181917	1.4575	0.5489356
19494	-411.2035	-423.2954	12.09189	0.346978	0.411264	0.0264164	0.215342	0.09222773	1.336931	0.9798689	0.234605
19500	-412.4758	-424.6616	12.18584	0.675978	0.144898	0.00245983	0.176665	0.3926887	1.366288	0.7100699	0.7087732
19506	-415.8542	-428.2188	12.36459	0.324964	0.367067	0.0377664	0.270203	0.3982478	1.354929	0.8241239	0.1358006
19512	-412.4013	-424.036	11.63468	0.30554	0.4049	0.035509	0.254052	0.06244431	1.591418	0.7612393	0.1730469
19518	-411.1171	-422.572	11.4549	0.0562108	0.653038	0.0220254	0.268726	0.04589772	1.463409	0.7612393	0.2076093
19524	-414.8768	-427.0589	12.18212	0.0392782	0.465901	0.0141444	0.480676	0.1003402	1.463409	0.4975564	0.4585951
19530	-418.7315	-430.3433	11.61181	0.78814	0.0950353	0.0115237	0.105301	0.4745008	1.158532	1.03874	1.131937
19536	-419.7087	-431.889	12.18033	0.855181	0.0114312	0.012504	0.120883	0.4289935	1.158532	0.6071846	0.9304913
19542	-411.9595	-422.562	10.60254	0.840574	0.0423591	0.00434435	0.112723	0.04723854	1.790945	0.5211487	0.9845743
19548	-412.1703	-423.4093	11.23903	0.0310628	0.536178	0.0549904	0.377769	0.04361478	1.714155	0.5958659	0.2428225
19554	-406.7514	-418.9353	12.18385	0.861143	0.0222832	0.00128361	0.11529	0.2355265	0.4719491	1.810034	0.1522765
19560	-403.6444	-416.0399	12.39558	0.780857	0.0209691	0.000455429	0.197718	0.3795095	1.401477	0.8153299	0.1562298
19566	-409.6934	-421.1917	11.49828	0.79521	0.0519457	0.00149979	0.151345	0.3870323	1.755978	1.114119	0.09634408
19572	-410.6914	-420.9056	10.21415	0.796016	0.0519071	0.00057837	0.151498	0.273239	1.099883	2.131638	1.272851
19578	-404.9111	-416.4777	11.56666	0.861771	0.010418	0.000988578	0.126823	0.308752	1.38781	1.189146	0.911551
19584	-415.1461	-426.6238	11.47776	0.729278	0.037916	0.00686987	0.225936	0.5292384	0.893324	1.506497	0.911551
19590	-408.6665	-420.5108	11.84432	0.85348	0.0431492	0.0187823	0.0845881	0.3499064	0.7464282	0.9324128	1.564596
19596	-411.582	-422.75	11.16806	0.814852	0.0163134	0.0555893	0.113245	0.4555378	1.400616	1.16036	1.223867
19602	-411.1498	-422.6129	11.46315	0.83012	0.00264713	0.0102135	0.15702	0.4555378	0.5837404	1.16036	1.832499
19608	-413.2423	-423.6552	10.41286	0.844514	0.000967256	0.0405709	0.113948	0.4967329	0.8553519	1.550177	2.163246
19614	-409.1219	-420.4786	11.35668	0.878877	0.00100661	0.051905	0.0682118	0.5878885	0.2487333	1.892702	1.072056
19620	-409.8086	-420.1923	10.38364	0.930787	0.00261082	0.0466691	0.0199328	0.5802446	0.6813735	1.434306	2.558582
19626	-416.5994	-426.3289	9.729497	0.779178	0.00624957	0.110111	0.104461	0.7869663	1.003941	1.595019	2.406191
19632	-413.9347	-423.6522	9.717586	0.881394	0.0113586	0.056021	0.0512269	1.020678	1.018658	1.158123	2.889309
19638	-412.5022	-421.8973	9.395069	0.858627	0.0573024	0.0183036	0.0657667	0.6973566	1.018658	1.25353	3.864216
19644	-416.9185	-424.6974	7.778856	0.825988	0.0551241	0.0556214	0.0632667	0.6208014	0.75659	1.340753	8.724072
19650	-411.6823	-422.013	10.33063	0.942216	0.00266642	0.0393239	0.015794	0.6664955	0.7286459	1.273756	2.740643
19656	-414.5103	-425.8052	11.29491	0.930181	0.0194914	0.0388216	0.0115062	0.6443692	0.4695579	1.932858	0.7986546
19662	-412.8282	-423.9582	11.13	0.871798	0.0182681	0.0663913	0.0435426	0.6503433	0.2211993	1.427081	2.055528
19668	-409.8159	-422.158	12.34216	0.801705	0.0952227	0.0828074	0.0202645	0.5834087	0.1161561	1.427081	0.8740806
19674	-410.9234	-423.1351	12.21173	0.778942	0.0976926	0.0804562	0.0429094	0.6104822	0.704535	1.352923	0.4996793
19680	-408.9629	-420.5468	11.58385	0.879501	0.0804743	0.0166673	0.0233571	0.5983726	1.067543	0.8411746	1.320995
19686	-413.3394	-424.0621	10.72279	0.82328	0.061012	0.039551	0.0761568	0.9907905	0.9727768	1.084572	1.68556
19692	-420.9021	-432.688	11.78593	0.730147	0.10465	0.0951315	0.070072	0.6409706	1.868532	0.3681086	0.3882917
19698	-412.2065	-424.0607	11.85417	0.820041	0.0459345	0.0237254	0.1103	0.4060861	1.489555	0.3385068	0.8995298
19704	-410.7579	-422.7663	12.00839	0.878253	0.0925809	0.0045936	0.0245729	0.6897769	1.597331	0.6060077	0.4118351
19710	-408.0828	-421.1335	13.05065	0.859475	0.0906015	0.004827	0.0450964	0.2963664	0.9197333	0.7396305	0.2061527
19716	-410.0511	-422.3897	12.33858	0.68702	0.205467	0.00524373	0.10227	0.4101895	1.495019	0.6387432	0.4572002
19722	-407.8198	-420.0421	12.22229	0.865945	0.0477594	0.00420888	0.0820869	0.3358558	1.448567	0.6209826	0.677615
19728	-411.4519	-422.6069	11.15494	0.929282	0.0210147	0.0135841	0.0361193	0.428702	1.767594	0.3437931	1.318758
19734	-405.8713	-417.9252	12.05396	0.930385	0.040554	0.00460134	0.0244593	0.5603494	1.767594	0.6138773	0.2220158
19740	-412.6768	-424.5979	11.92106	0.871782	0.0782985	0.0143762	0.0355436	0.6947346	1.766033	0.4871451	0.1979027
19746	-411.2967	-422.465	11.16837	0.823334	0.0699461	0.0341144	0.0726056	0.4152303	1.873617	0.5226073	1.268247
19752	-408.151	-419.5608	11.4098	0.847158	0.0703663	0.0343194	0.0481564	0.4152303	1.873617	0.5963243	1.001182
19758	-409.746	-420.8087	11.06276	0.93349	0.0117619	0.0333843	0.0213638	0.4616063	1.845264	0.5317658	1.367645
19764	-406.8029	-417.9255	11.12253	0.833987	0.00955309	0.000861623	0.155598	0.2769598	2.777826	0.3656832	0.4623717
19770	-402.9747	-414.3779	11.40314	0.95151	0.0108993	0.00098304	0.0366076	0.2354447	2.334434	0.2792568	0.1191974
19776	-410.2651	-420.5166	10.25153	0.744709	0.00618575	0.000676567	0.248429	0.3021713	2.334434	0.189023	1.474743
19782	-416.1155	-425.4257	9.310142	0.670918	0.172217	0.0134898	0.143375	0.5320795	1.098826	0.8276855	5.188375
19788	-421.3889	-430.1421	8.753222	0.728151	0.233385	0.0287048	0.00975846	1.296379	0.6588374	2.087793	2.559266
19794	-414.3496	-425.866	11.51644	0.91404	0.0401543	0.00502101	0.0407852	0.2936322	2.27156	0.2107252	0.2505085
19800	-410.9333	-422.4646	11.53131	0.913213	0.040118	0.0018224	0.0448461	0.2686359	2.27156	0.2138829	0.2636993
19806	-412.7476	-423.6843	10.93672	0.602534	0.231976	0.014669	0.150821	0.08221595	1.806619	0.2105322	0.9107993
19812	-408.1677	-418.7637	10.59599	0.664867	0.2533	0.030828	0.0510052	0.03055454	1.806619	0.4629818	0.3864196
19818	-410.1332	-420.9107	10.77754	0.614363	0.303871	0.05275	0.0290164	0.03134228	1.210487	0.7997388	0.7128339
19824	-413.5596	-424.1013	10.54164	0.188642	0.674885	0.0970618	0.0394112	0.02997001	1.218192	1.209503	0.1329851
19830	-411.6571	-423.2134	11.55632	0.273191	0.595414	0.0623762	0.0690186	0.04025607	0.9885558	0.868507	0.1362454
19836	-412.7608	-423.2963	10.53553	0.692409	0.195346	0.0357474	0.0764983	0.03032639	1.294426	0.868507	0.7629097
19842	-417.1579	-428.5871	11.42918	0.665883	0.227215	0.0340456	0.0728565	0.06179448	1.160265	0.8725645	0.9017738
19848	-426.9915	-437.8839	10.89244	0.409645	0.376702	0.0816745	0.131978	0.0780641	1.852549	0.6420506	1.119103
19854	-411.3757	-422.4282	11.05254	0.423555	0.419987	0.0910592	0.0653988	0.03940299	1.697807	0.3573989	0.3453559
19860	-410.4773	-421.7093	11.23198	0.400753	0.458364	0.0993798	0.0415038	0.04179967	1.555481	0.5390509	0.1398001
19866	-407.759	-418.5316	10.77263	0.0360047	0.820651	0.101116	0.0422288	0.04363354	1.251107	1.259916	0.09397857
19872	-405.5521	-415.5112	9.959114	0.0149354	0.684249	0.0843091	0.216506	0.02279749	1.4837	0.8860553	0.09397857
19878	-410.5434	-421.8457	11.30228	0.184088	0.53206	0.0705299	0.213322	0.04926887	1.814606	0.5275753	0.2649333
19884	-407.5716	-418.9989	11.42733	0.109386	0.377133	0.0710157	0.442465	0.04161798	1.253573	0.8929812	0.1957605
19890	-414.1832	-425.9969	11.81371	0.0937933	0.4549	0.0854379	0.365869	0.07546846	1.310496	1.11657	0.2289199
19896	-411.657	-423.1185	11.46142	0.00746621	0.310489	0.023514	0.65853	0.04571735	0.928979	1.291597	0.2807081
19902	-421.7275	-432.747	11.01951	0.570548	0.322688	0.0404785	0.066286	0.6414483	1.612174	0.8044733	1.324406
19908	-413.4142	-424.2985	10.88431	0.777557	0.0595135	0.0458127	0.117117	0.4062326	0.9253268	1.317488	1.954883
19914	-415.5813	-427.0843	11.50297	0.904065	0.028915	0.0532663	0.0137539	0.649932	1.108795	1.576749	0.467286
19920	-410.4095	-422.4404	12.03086	0.0858848	0.575961	0.0243252	0.313829	0.07339275	1.35514	0.7969129	0.2002243
19926	-417.7071	-428.5301	10.82304	0.327372	0.389736	0.0406831	0.242209	0.03026095	1.260741	0.7969129	0.5734452
19932	-419.5266	-429.3153	9.788674	0.88863	0.0695149	0.0115901	0.0302648	0.2660702	2.591817	0.2057361	1.797511
19938	-406.9751	-416.6044	9.629322	0.937661	0.0167949	0.00120612	0.0443375	0.2207583	2.593849	0.09500427	1.327157
19944	-408.3574	-419.25	10.89255	0.881831	0.0318364	0.00228632	0.0840463	0.3134365	2.593849	0.1848018	0.5418244
19950	-408.4373	-419.9948	11.55756	0.849916	0.139862	0.00286215	0.00736025	0.446062	2.020544	0.2355812	0.4903882
19956	-406.5037	-418.2369	11.73325	0.879299	0.11077	0.00231616	0.00761471	0.3294409	2.096978	0.2355812	0.2702916
19962	-410.5614	-422.0908	11.52934	0.832199	0.104836	0.0576581	0.00530683	0.5092007	2.096978	0.2287797	0.3451498
19968	-414.2433	-423.9182	9.674811	0.880105	0.0749064	0.0411972	0.00379177	0.2625966	2.096978	0.1746266	2.496959
19974	-412.5244	-424.0666	11.5422	0.781735	0.0710298	0.00258489	0.14465	0.2755701	1.94679	0.3187278	0.8166925
19980	-415.623	-426.8108	11.18782	0.790179	0.0790075	0.0306156	0.100198	0.4385762	2.516777	0.247891	0.388199
19986	-408.7424	-419.9443	11.20188	0.776684	0.020625	0.01849	0.184201	0.37968	2.346611	0.1871617	0.4422081
19992	-405.0105	-417.5529	12.54241	0.900391	0.0200581	0.00471785	0.0748332	0.3051396	1.15793	0.6791988	0.6402647
19998	-407.5667	-419.7494	12.18267	0.856599	0.031993	0.0251994	0.0862086	0.3018153	1.475039	0.5341009	0.7290194
20004	-411.244	-421.8964	10.65233	0.933783	0.00812481	0.02747	0.0306223	0.5936796	1.467699	0.8728527	1.932901
20010	-408.2389	-419.6868	11.4479	0.945364	0.00822558	0.0278107	0.0185995	0.3678075	1.136214	1.016729	1.461877
20016	-405.9732	-417.3342	11.36107	0.925839	0.00499568	0.0287769	0.0403881	0.3731111	1.173307	1.060808	1.461877
20022	-407.0547	-418.8294	11.77471	0.974008	0.000739245	0.0168354	0.00841743	0.4283564	1.000303	0.9774541	1.237815
20028	-405.7601	-417.1592	11.39908	0.939851	0.000449805	0.0209726	0.0387271	0.2936702	2.204626	0.7375469	0.7036991
20034	-404.1861	-415.767	11.58088	0.960757	0.00125349	0.0145344	0.0234552	0.3227909	2.015477	0.5881974	0.7660902
20040	-405.318	-417.0806	11.76257	0.893273	0.00116545	0.0135135	0.0920479	0.2920376	2.244789	0.6690201	0.3180012
20046	-402.9652	-414.7946	11.8294	0.88335	0.0011525	0.00306633	0.112431	0.2609873	1.652828	0.7355394	0.8281301
20052	-405.6807	-418.3134	12.63266	0.833472	0.0523037	0.00398818	0.110236	0.3126459	1.318674	0.662395	0.1619748
20058	-410.9202	-422.6962	11.77599	0.745002	0.0800906	0.00610695	0.1688	0.3126459	1.915418	0.3487352	0.09886961
20064	-409.6462	-421.666	12.01975	0.769313	0.0625188	0.00566756	0.162501	0.2543485	1.714389	0.6488512	0.09960295
20070	-412.3135	-424.2454	11.93186	0.88036	0.0247292	0.00468512	0.0902253	0.3455672	1.642051	1.141109	0.3075841
20076	-405.7495	-418.1291	12.37963	0.875392	0.0282861	0.00465868	0.0916631	0.2932529	1.692794	0.511459	0.2649195
20082	-405.0398	-417.3147	12.27491	0.875392	0.0282861	0.00465868	0.0916631	0.2887611	1.539857	0.5280678	0.5858736
20088	-412.7258	-423.2015	10.47574	0.761134	0.0245941	0.00405062	0.210221	0.2118489	1.227012	1.204033	2.394556
20094	-411.9429	-422.9588	11.01587	0.0568283	0.703465	0.150574	0.0891324	0.04772786	1.721879	0.3253979	0.5900151
20100	-410.9695	-423.3846	12.41513	0.85992	0.0145314	0.0143078	0.111241	0.468399	0.8942567	1.121231	0.5266988
20106	-407.2686	-419.5854	12.31679	0.862776	0.0112586	0.0143554	0.11161	0.343708	0.8919109	1.002099	0.8423724
20112	-409.8377	-422.148	12.31027	0.724111	0.0113462	0.014467	0.250076	0.3466338	0.9869473	1.006334	0.7520058
20118	-406.4574	-419.0601	12.60271	0.907564	0.00796964	0.00935309	0.0751133	0.3466338	1.058922	0.6953682	0.6460844
20124	-407.7816	-420.3603	12.57876	0.908544	0.00920387	0.00705728	0.0751944	0.4281174	1.097483	0.6791215	0.5786305
20130	-417.8054	-429.2814	11.47604	0.80813	0.0473882	0.0658246	0.0786575	0.7623087	0.7740768	1.54147	0.7474021
20136	-414.691	-427.2315	12.54052	0.770211	0.117129	0.0659097	0.0467494	0.506253	0.2537161	1.348278	0.7251521
20142	-413.1614	-424.6812	11.51978	0.772837	0.117529	0.0627256	0.0469088	0.6020363	0.3786971	1.83774	0.8469536
20148	-414.5204	-425.9542	11.43384	0.851853	0.0766477	0.0409072	0.0305921	0.6020363	0.204607	2.017382	0.8411905
20154	-414.0833	-425.665	11.58172	0.771077	0.0648454	0.0696225	0.0944551	0.721726	0.3747921	1.41909	1.246641
20160	-421.6613	-432.8226	11.1613	0.605078	0.129542	0.0269864	0.238394	1.083931	1.652255	0.4108007	0.7928549
20166	-412.6493	-424.8961	12.24683	0.721232	0.169237	0.0321669	0.077365	0.3553533	1.652255	0.3280903	0.3808553
20172	-406.7891	-418.9433	12.15418	0.819645	0.103794	0.000500546	0.0760613	0.3370626	1.778429	0.3372058	0.3649941
20178	-409.7786	-421.0252	11.24654	0.323365	0.3894	0.00187789	0.285357	0.1007395	1.791799	0.3283367	0.9732899
20184	-413.9228	-425.3879	11.46511	0.848687	0.0600867	0.0325866	0.0586401	0.476435	0.3040926	1.384303	1.81502
20190	-408.4209	-420.4219	12.00104	0.824062	0.0910177	0.00122603	0.0836947	0.3815972	1.762536	0.3854273	0.5527517
20196	-415.5122	-424.9954	9.483248	0.69422	0.0241226	0.0015651	0.280092	0.4140248	1.83809	1.03448	3.175052
20202	-406.2718	-417.8943	11.62256	0.901361	0.0325545	0.00471296	0.0613712	0.2353277	1.34686	0.7460751	1.346015
20208	-405.4895	-417.5012	12.01168	0.834793	0.0333159	0.00519157	0.126699	0.2353277	1.868058	0.5247476	0.1197251
20214	-408.8554	-421.0488	12.19331	0.798684	0.0213165	0.00332172	0.176677	0.2339395	1.858917	0.5835118	0.3093205
20220	-410.7813	-422.7967	12.01536	0.792373	0.0206326	0.00337335	0.183621	0.2205486	1.858917	0.8731565	0.2083649
20226	-414.7893	-427.184	12.39464	0.788711	0.0251582	0.00335776	0.182773	0.3881012	1.517647	0.7414841	0.2083649
20232	-419.1417	-431.282	12.14033	0.88978	0.0461142	0.00774725	0.0563586	0.4192261	0.972488	1.169314	0.08962728
20238	-416.6239	-428.3036	11.67971	0.824548	0.0483541	0.00799445	0.119104	0.7986565	0.9236983	1.27132	0.08962728
20244	-413.5956	-423.8359	10.24029	0.887869	0.0422108	0.00121831	0.068702	0.6530231	0.3212046	1.795539	2.451869
20250	-413.3136	-422.7643	9.450721	0.905201	0.0471445	0.00619442	0.0414597	0.3830804	0.7758678	1.491281	4.262999
20256	-411.6501	-423.5424	11.89229	0.868012	0.0678982	0.0128466	0.0512433	0.4037867	0.3663906	1.271866	1.473592
20262	-413.2891	-425.3108	12.02175	0.857006	0.0670372	0.0253637	0.0505935	0.4336798	0.5734502	1.439472	0.8701115
20268	-413.8501	-426.2652	12.41516	0.65314	0.0568243	0.00435039	0.285685	0.4981742	0.7511759	0.8742503	0.8691021
20274	-417.7076	-430.1734	12.46573	0.434689	0.40998	0.0241256	0.131205	0.30777	1.272842	0.6184186	0.6292336
20280	-414.3377	-426.4093	12.07165	0.745663	0.190013	0.0413848	0.0229387	0.3909001	1.272842	0.537383	0.9746177
20286	-414.439	-426.2852	11.84617	0.85537	0.0944408	0.0275978	0.0225917	1.124259	1.264889	0.6520118	0.4476536
20292	-415.5009	-426.8234	11.32253	0.817761	0.0503362	0.0692669	0.0626355	1.209848	1.326804	0.571343	0.842951
20298	-413.7664	-426.3856	12.6192	0.788148	0.0862766	0.0667585	0.0588172	0.4352117	1.326804	0.571343	0.3143211
20304	-414.4596	-425.7271	11.26752	0.738646	0.114888	0.0913433	0.055123	0.6563424	1.605437	0.4641207	1.188174
20310	-410.4734	-421.5424	11.06906	0.867884	0.00157418	0.0120566	0.118486	0.5625168	0.6831722	1.677114	1.271601
20316	-407.887	-420.5435	12.65645	0.878911	0.00989991	0.0028066	0.108382	0.5557955	0.6075606	0.8707867	0.7228352
20322	-410.7042	-422.3569	11.65271	0.86108	0.0344837	0.0121705	0.092266	0.4170167	1.621156	0.4993692	1.025734
20328	-409.9988	-419.1038	9.104995	0.8139	0.0543852	0.00541249	0.126302	0.3265304	2.165548	0.2126189	3.491245
20334	-407.4008	-419.9088	12.50804	0.75307	0.0900028	0.0173947	0.139533	0.3203967	1.126355	1.088459	0.1908947
20340	-407.1631	-419.0207	11.85762	0.757039	0.0739379	0.0129099	0.156113	0.4788699	0.8223461	1.511867	0.09618215
20346	-417.9979	-425.9004	7.902473	0.753295	0.0750774	0.0131089	0.158519	0.4017331	0.4455352	2.18153	6.318905
20352	-416.184	-423.4682	7.284114	0.897374	0.0461596	0.0156162	0.0408499	0.3099808	0.9423141	1.55513	9.817543
20358	-419.1631	-428.2529	9.089863	0.921957	0.0474241	0.0102073	0.0204116	0.6780115	0.7131306	1.755214	3.795288
20364	-410.9988	-423.9665	12.96774	0.893267	0.0690055	0.0243619	0.0133657	0.4193656	0.8999876	0.6989825	0.3737991
20370	-409.2502	-420.5316	11.28133	0.909618	0.0425291	0.030262	0.0175905	0.3814583	1.284168	0.6664825	1.806654
20376	-413.5746	-424.3542	10.77961	0.90896	0.0424983	0.0302401	0.0183016	0.3075625	1.904289	0.4715521	1.77348
20382	-411.7023	-423.4508	11.74846	0.825587	0.0567447	0.0744216	0.0432466	0.583556	0.7734398	1.564819	0.6390882
20388	-415.0131	-426.8518	11.83866	0.89098	0.0363306	0.0571181	0.015571	0.3665324	1.226581	0.7014032	1.217858
20394	-408.9048	-420.7173	11.81257	0.969972	0.00836676	0.0169173	0.00474419	0.2940658	1.360876	1.13543	0.7659409
20400	-410.7901	-422.9382	12.14818	0.920755	0.0192878	0.0493643	0.0105932	0.3952746	0.6412652	1.13543	1.078801
20406	-407.8974	-419.9904	12.09297	0.881474	0.0288485	0.0738336	0.0158442	0.4484038	0.9038769	1.189361	0.7687007
20412	-410.7862	-422.6245	11.8383	0.922853	0.0318057	0.027065	0.0182764	0.4984222	0.4574627	1.114077	1.540704
20418	-416.8868	-424.3919	7.505133	0.914261	0.0109697	0.0566626	0.0181062	0.4984222	1.169416	1.283001	8.924771
20424	-411.4942	-424.0698	12.57564	0.783668	0.110358	0.026673	0.0793013	0.5078483	0.8536503	0.948327	0.5458899
20430	-417.7803	-428.5416	10.76128	0.832355	0.00461325	0.109818	0.0532145	0.8434143	1.380509	0.6017026	1.785904
20436	-418.075	-429.1826	11.10761	0.743686	0.00670881	0.152459	0.0971461	0.5973502	1.308656	0.5401012	1.785904
20442	-413.8177	-423.2722	9.454575	0.887967	0.0016553	0.0270098	0.0833679	0.4241866	2.030066	0.4025098	3.436678
20448	-411.6882	-423.159	11.47072	0.894693	0.0517563	0.0375773	0.0159735	0.5893624	1.103087	0.4740953	1.605047
20454	-416.03	-426.0581	10.02806	0.744123	0.0319454	0.0192402	0.204691	0.3858892	0.936658	2.28681	1.322371
20460	-413.3334	-424.4192	11.08576	0.776275	0.0333257	0.0200716	0.170327	0.3591168	0.7605927	1.658776	1.404511
20466	-413.9032	-424.632	10.72887	0.763314	0.037642	0.00665677	0.192388	0.2504228	1.560316	1.066357	1.818522
20472	-411.0226	-423.2036	12.181	0.842228	0.0393879	0.0104757	0.107909	0.3593638	1.386048	0.5889622	0.7713203
20478	-415.0673	-427.1803	12.11305	0.817559	0.113255	0.00609846	0.0630867	0.4582699	1.817202	0.4977564	0.1970819
20484	-417.0297	-427.6967	10.66704	0.29832	0.606589	0.0396544	0.0554366	0.1018261	1.839257	0.2785439	1.479658
20490	-405.5211	-417.4189	11.89777	0.896903	0.0155355	0.00185016	0.0857118	0.2323131	2.086912	0.3390675	0.1898526
20496	-405.2765	-417.2334	11.95684	0.905187	0.0161765	0.00142315	0.0772129	0.2370153	2.086912	0.4492322	0.1871944
20502	-414.3943	-426.3465	11.95222	0.95121	0.00832435	0.000732345	0.0397334	0.2370153	2.086912	0.4521589	0.1828203
20508	-421.5492	-434.5181	12.96886	0.933025	0.0104403	0.00210851	0.0544265	0.2370153	1.044225	0.3993435	0.3568958
20514	-416.2219	-426.9125	10.69054	0.775784	0.024513	0.00399926	0.195704	0.2370153	2.185794	0.3915084	1.525413
20520	-412.2322	-423.6086	11.37646	0.833588	0.0263395	0.00189507	0.138177	0.2227931	2.059705	0.2843119	0.8215523
20526	-410.2314	-420.7874	10.55607	0.84799	0.0159865	0.00398477	0.132038	0.2227931	2.083045	0.1738754	1.362104
20532	-411.2656	-422.442	11.17634	0.859793	0.00559025	0.000740619	0.133876	0.1868607	2.293658	0.1520062	0.1547466
20538	-407.2302	-418.4191	11.1889	0.801977	0.00794148	0.000511216	0.18957	0.1868607	2.239918	0.1929935	0.609164
20544	-405.7322	-416.6715	10.93926	0.843692	0.00231162	0.000414166	0.153582	0.1545761	2.058529	0.2963184	1.198152
20550	-411.1585	-421.2995	10.141	0.807205	0.00651866	0.000611391	0.185665	0.2039288	2.565311	0.198229	1.367191
20556	-413.2789	-421.3161	8.037135	0.746429	0.0107283	0.00118922	0.241654	0.2039288	2.357078	0.2285403	5.461683
20562	-412.3065	-419.7247	7.418203	0.941076	0.0130611	0.00056048	0.0453027	0.2060308	2.357078	0.1809077	6.731441
20568	-415.7337	-423.4536	7.719909	0.948233	0.00554139	0.000578061	0.0456473	0.2082826	2.357078	0.1607514	5.720427
20574	-419.2863	-429.8478	10.5615	0.898669	0.0527072	0.00536234	0.0432613	0.4127947	2.417021	0.1092111	0.6011654
20580	-414.629	-424.1866	9.557642	0.83024	0.132707	0.00240348	0.0346496	0.03522646	2.417021	0.1218387	0.3674143
20586	-416.1037	-424.9379	8.834168	0.430115	0.50309	0.0101945	0.0566014	0.02686921	2.417021	0.08401018	0.1635682
20592	-412.5888	-422.4523	9.863525	0.509602	0.416098	0.0279408	0.0463599	0.02994744	2.225597	0.2133221	0.3951411
20598	-413.8304	-424.9623	11.1319	0.428054	0.522582	0.00677137	0.0425929	0.06311684	1.988907	0.2268259	0.3267521
20604	-411.1604	-423.5016	12.34126	0.889296	0.0232277	0.00850553	0.0789703	0.3976119	1.124688	0.8880842	0.6613656
20610	-413.834	-425.7861	11.95206	0.762966	0.0881449	0.0323302	0.116559	0.4543019	1.364515	0.581804	0.06749705
20616	-407.4651	-420.0418	12.57669	0.880885	0.0452821	0.0298325	0.0440007	0.3246236	1.364515	0.7055287	0.36564
20622	-409.6013	-419.504	9.902749	0.888516	0.0820657	0.0106807	0.0187377	0.3447225	2.038437	0.1691743	2.171024
20628	-411.101	-422.8444	11.74339	0.813744	0.16526	0.00978186	0.0112142	0.277627	2.083838	0.2321036	0.3177845
20634	-416.9086	-427.7551	10.84649	0.61175	0.339913	0.0225197	0.0258173	0.6157198	2.14687	0.1912585	0.77145
20640	-411.9052	-423.0898	11.18451	0.855625	0.0581362	0.0163296	0.0699092	0.3260706	0.9990134	1.79421	0.8755179
20646	-410.9641	-422.0212	11.05709	0.765228	0.0593071	0.0166585	0.158806	0.3818657	0.4622038	1.820635	1.495021
20652	-413.4036	-424.4922	11.08856	0.729463	0.0209098	0.0182415	0.231385	0.661725	0.824764	1.62851	1.06419
20658	-411.2658	-422.8227	11.55686	0.768297	0.0347948	0.0143891	0.182519	0.6739969	0.4139934	1.577254	1.06419
20664	-408.9628	-419.5072	10.5444	0.849724	0.0387513	0.0188186	0.0927064	0.4856195	0.8318797	1.411816	2.284543
20670	-417.9706	-429.7497	11.77908	0.782848	0.0527868	0.0705819	0.0937832	0.3512543	1.706367	0.8342975	0.7191053
20676	-414.3179	-426.326	12.00815	0.813795	0.0691598	0.0733721	0.043673	0.7614754	1.271333	0.8295587	0.5340661
20682	-409.4633	-420.3978	10.9345	0.948128	0.0189732	0.0143155	0.0185837	0.4185796	1.651061	0.5198284	1.798558
20688	-416.3118	-428.0376	11.7258	0.878797	0.0367377	0.0170141	0.067451	0.2099442	1.687834	0.4099277	0.9485089
20694	-415.1263	-426.8688	11.74253	0.819149	0.108156	0.0146432	0.0580519	0.6204973	1.535985	0.7060366	0.7584425
20700	-413.5755	-425.3575	11.78208	0.821588	0.0521636	0.00941904	0.116829	0.5678476	1.557183	0.7775134	0.7091452
20706	-414.8492	-424.408	9.55882	0.800993	0.062548	0.0315904	0.104868	0.4743107	1.255691	0.9190085	4.244079
20712	-412.6233	-423.794	11.1707	0.792257	0.0618659	0.0312458	0.114631	0.4681398	1.298016	0.6940239	1.813264
20718	-413.3589	-422.5571	9.198198	0.808487	0.0548608	0.0604902	0.0761615	0.6359983	1.193669	1.133042	4.323255
20724	-418.0794	-429.1155	11.03603	0.777176	0.120981	0.00663373	0.0952095	0.3575191	1.348521	0.733006	2.016128
20730	-413.0788	-424.3648	11.28603	0.750179	0.151515	0.0064033	0.0919022	0.2701489	1.061595	1.018678	1.805013
20736	-411.9123	-424.4498	12.53744	0.286688	0.366463	0.0154873	0.331362	0.1134384	1.006272	0.8996726	0.1499904
20742	-410.5054	-423.2232	12.71782	0.636189	0.193625	0.0167936	0.153392	0.3207336	1.239178	0.7426535	0.2064879
20748	-414.1765	-425.9406	11.7641	0.590618	0.155873	0.0135192	0.239989	0.0985527	1.616145	0.5817565	0.6927451
20754	-415.5029	-425.1977	9.694744	0.685228	0.197188	0.0123625	0.105221	0.06111349	1.217611	0.7489082	3.212986
20760	-412.8669	-423.3211	10.45418	0.536846	0.362928	0.0264739	0.0737521	0.1249143	1.557091	0.4879796	2.473929
20766	-411.555	-422.3723	10.81732	0.80806	0.11505	0.0218362	0.0550547	0.06885581	1.535151	0.6334584	1.426829
20772	-411.8248	-422.7967	10.9719	0.257057	0.511704	0.0971203	0.134119	0.06274971	1.51514	0.6118484	1.189959
20778	-413.517	-424.5776	11.06061	0.0965168	0.614559	0.0320151	0.256909	0.06952158	1.83676	0.7736695	0.7904255
20784	-414.4342	-425.3672	10.933	0.143572	0.716586	0.084099	0.0557426	0.07693876	1.552455	1.199857	0.07222665
20790	-410.7714	-421.7744	11.00298	0.583793	0.235746	0.0853894	0.0950711	0.04675213	1.543799	1.028733	0.5026434
20796	-422.2799	-432.0485	9.768553	0.0601061	0.618228	0.246387	0.0752792	0.05066184	1.472159	1.059384	1.981466
20802	-422.3315	-434.4422	12.11066	0.873071	0.0798709	0.00337466	0.0436836	0.2594392	1.616789	0.5395798	0.6734958
20808	-408.8909	-420.4048	11.51396	0.950778	0.0263677	0.00770334	0.0151512	0.2976186	1.30826	0.7119307	1.528066
20814	-411.1833	-422.3011	11.11775	0.916557	0.0254187	0.0106924	0.0473321	0.3441147	0.8242169	1.41028	1.6979
20820	-411.473	-422.5064	11.03331	0.841552	0.0731571	0.022664	0.0626272	0.482404	1.022009	1.169182	1.776455
20826	-413.7363	-425.3626	11.62636	0.729746	0.0897493	0.013889	0.166615	0.3448195	0.6219928	1.34653	1.431473
20832	-413.9323	-425.9896	12.05731	0.700834	0.108601	0.00137906	0.189185	0.4831475	0.1182078	1.396762	1.309521
20838	-414.2709	-426.3113	12.04041	0.760506	0.143197	0.000343876	0.0959533	0.3847917	0.4874343	1.234112	1.242334
20844	-412.6435	-424.4608	11.81727	0.445234	0.213977	0.0129872	0.327801	0.04587284	1.165471	0.6570299	0.2140385
20850	-414.8433	-425.2923	10.44901	0.387807	0.478226	0.0393141	0.0946524	0.03199324	1.235567	0.8603826	0.9891409
20856	-411.6907	-422.1792	10.48851	0.403927	0.403925	0.0506153	0.141533	0.02743114	1.636459	0.8603826	0.2434046
20862	-416.6993	-426.9455	10.24618	0.262406	0.499825	0.0626325	0.175136	0.02315773	1.510664	0.8603826	0.4097109
20868	-413.2641	-424.2695	11.00547	0.101213	0.716308	0.063997	0.118482	0.0432124	1.373759	1.136477	0.1391209
20874	-420.9752	-432.1587	11.18348	0.534632	0.348151	0.0723704	0.0448467	0.0562854	1.565698	1.134085	0.3925984
20880	-415.7296	-426.4075	10.67787	0.369252	0.529367	0.0297343	0.0716471	0.04448432	1.593574	0.6703145	0.985884
20886	-415.0209	-425.0356	10.01471	0.352765	0.543204	0.0305115	0.0735198	0.02675849	1.393188	1.24966	0.5983605
20892	-417.9847	-428.5496	10.56487	0.373906	0.310763	0.034491	0.28084	0.03914585	0.8138765	1.164698	1.287535
20898	-415.747	-426.7014	10.95438	0.70127	0.122771	0.0448362	0.131122	0.03784728	0.9728731	1.164698	0.6925152
20904	-416.1464	-427.405	11.25866	0.563851	0.392503	0.0360502	0.00759606	0.0736239	1.068108	1.034737	1.180913
20910	-418.688	-431.1355	12.44745	0.223903	0.700904	0.0370397	0.0381533	0.2017292	1.368909	0.8776099	0.3721179
20916	-414.7945	-427.1915	12.39705	0.837954	0.117684	0.0188812	0.0254808	0.281773	1.521394	0.6063758	0.4675363
20922	-418.0846	-430.5405	12.45592	0.867894	0.0912354	0.0163224	0.0245484	0.3778257	1.521394	0.4806381	0.1774242
20928	-413.7788	-425.1483	11.36955	0.864149	0.0759391	0.0394793	0.0204326	0.9807234	1.963962	0.3810433	0.1774242
20934	-421.936	-432.3698	10.43387	0.755215	0.128514	0.076617	0.0396534	2.117635	1.90668	0.3810433	0.1654775
20940	-412.0017	-423.4756	11.47393	0.869471	0.0401985	0.0208521	0.0694785	0.9068715	1.90668	0.3039304	0.2559209
20946	-413.0946	-425.2432	12.14856	0.724852	0.0348296	0.0739465	0.166372	0.4506062	1.333546	0.4695211	0.7904839
20952	-411.6176	-424.0534	12.43574	0.744995	0.0494795	0.0236722	0.181853	0.3300207	1.129152	0.5934906	0.7904839
20958	-418.0296	-429.4544	11.42477	0.765772	0.0488172	0.0213554	0.164056	0.5835498	1.111539	1.08929	1.205253
20964	-410.1536	-422.0622	11.90858	0.825711	0.107748	0.00990333	0.056637	0.3174299	1.320351	0.7718529	1.034192
20970	-417.3276	-429.0564	11.72882	0.755633	0.137916	0.0339556	0.0724948	0.948691	1.010518	1.159902	0.114154
20976	-413.1032	-425.7589	12.6557	0.958305	0.0127565	0.00247595	0.0264625	0.5744154	0.7454492	0.895126	0.114154
20982	-412.7189	-423.6201	10.90117	0.811861	0.0282841	0.00548976	0.154365	0.3496591	0.9928533	1.128289	2.20333
20988	-410.6789	-422.8234	12.14455	0.855357	0.0405051	0.00357631	0.100561	0.3169586	1.720759	0.750905	0.4280148
20994	-404.5151	-416.6273	12.11213	0.894857	0.0164968	0.00374146	0.0849048	0.2686103	1.307904	0.7367436	0.8863674
21000	-405.5993	-416.9192	11.31985	0.894857	0.0164968	0.00374146	0.0849048	0.3466572	1.49364	1.059646	1.177561
21006	-402.5958	-414.6401	12.04438	0.894857	0.0164968	0.00374146	0.0849048	0.2634129	1.408511	0.8837551	0.748293
21012	-405.0422	-417.1524	12.11024	0.869043	0.0217314	0.00363353	0.105592	0.3641081	1.646828	0.9558953	0.2099834
21018	-406.0502	-418.2633	12.2131	0.887198	0.0089684	0.00475714	0.0990762	0.2528279	1.37327	0.796922	0.09179427
21024	-409.857	-421.7335	11.87644	0.945646	0.00819007	0.00823108	0.0379329	0.3916758	2.119315	0.560502	0.2934404
21030	-408.9382	-421.2392	12.30102	0.925006	0.0248639	0.0183098	0.0318206	0.3971716	0.9925404	0.9149064	0.802342
21036	-418.7261	-429.6633	10.93721	0.806439	0.0819019	0.0280571	0.0836019	0.6890216	1.320795	1.631624	0.6964902
21042	-415.4452	-425.5894	10.14418	0.870567	0.00719193	0.031991	0.09025	0.5171428	0.7366637	1.522938	2.763748
21048	-415.6037	-426.5011	10.8974	0.751135	0.00796187	0.0211117	0.219792	0.4686541	1.014132	1.399565	1.624468
21054	-411.4815	-422.4912	11.00969	0.811256	0.00449114	0.0161471	0.168106	0.3828356	1.475644	1.052748	1.519623
21060	-424.0851	-435.9349	11.84978	0.700625	0.0230528	0.00369049	0.272632	0.1969559	1.621629	0.9780631	0.62863
21066	-421.8411	-432.191	10.34981	0.751918	0.0147071	0.00311689	0.230258	0.1953609	1.775119	0.7911659	2.352485
21072	-408.5899	-420.9139	12.32397	0.852172	0.0245321	0.0345793	0.0887169	0.4559242	0.194993	1.481319	0.87065
21078	-409.3397	-421.6344	12.29463	0.836995	0.00643866	0.0313086	0.125257	0.4976059	0.334721	1.481319	0.7265984
21084	-413.7932	-425.5312	11.73807	0.806682	0.042423	0.0301747	0.120721	0.4976059	1.383813	1.074527	0.7265984
21090	-414.6678	-426.3637	11.69594	0.817805	0.0244135	0.0673847	0.0903964	0.5504577	1.209063	0.8858826	1.065701
21096	-415.3351	-425.9533	10.61822	0.823089	0.0245712	0.06782	0.08452	0.5237611	1.584981	0.6241617	2.135843
21102	-413.9612	-424.9838	11.02261	0.219577	0.599662	0.0811013	0.09966	0.07851716	2.210346	0.215528	0.4089812
21108	-415.6899	-427.1317	11.44186	0.337773	0.41092	0.0919935	0.159313	0.07145163	1.838421	0.7419573	0.4671622
21114	-410.2119	-421.2603	11.04848	0.478797	0.38142	0.0561463	0.0836362	0.03434551	1.346082	0.6201783	0.5545653
21120	-414.1203	-425.3648	11.24452	0.359709	0.528745	0.0487124	0.062834	0.05602524	1.452486	1.185383	0.378617
21126	-417.0163	-429.7153	12.69896	0.303522	0.528483	0.0559498	0.112045	0.1284382	1.160032	0.6435398	0.1935917
21132	-415.8079	-425.5658	9.757956	0.893228	0.0222626	0.0432772	0.0412317	0.5579288	0.4179131	1.777884	3.2802
21138	-412.386	-423.6657	11.2797	0.850578	0.00689787	0.0220174	0.120507	0.5297538	0.5283085	1.443205	1.607979
21144	-409.5557	-420.6837	11.12798	0.915412	0.00742365	0.0236956	0.0534684	0.5040613	0.1464069	1.846085	1.607979
21150	-408.5418	-419.2682	10.72646	0.326027	0.546884	0.0596807	0.0674088	0.0255904	1.362616	0.7253309	0.1961915
21156	-414.4626	-424.9632	10.50057	0.0514125	0.734614	0.123425	0.0905483	0.0300961	1.421041	0.8172027	0.08979565
21162	-414.1795	-425.1188	10.93931	0.878287	0.0664288	0.0437096	0.0115747	0.5436237	0.1230964	2.0583	1.440149
21168	-413.7951	-423.9633	10.16822	0.924616	0.0368259	0.0256744	0.0128836	0.4148986	0.3925657	2.0583	2.235626
21174	-419.3437	-428.9001	9.556432	0.716202	0.0302125	0.0421853	0.2114	0.6313585	0.6907936	2.391542	1.684583
21180	-412.8222	-424.1269	11.30475	0.783056	0.0387655	0.0541277	0.12405	0.6121792	0.2242813	2.114682	0.794525
21186	-411.3069	-422.8431	11.53614	0.804278	0.0398161	0.0284938	0.127412	0.5986697	0.550486	1.487622	1.151376
21192	-412.9826	-424.4963	11.5137	0.81343	0.0871144	0.0162293	0.0832266	0.3578918	0.7144176	1.215968	1.63075
21198	-413.9244	-426.2283	12.30394	0.832174	0.0891218	0.038642	0.040062	0.4610844	0.7126632	1.000864	0.9353055
21204	-416.7657	-427.79	11.02434	0.826882	0.130404	0.0308339	0.0118796	0.05985896	0.7720926	1.373419	1.114511
21210	-414.7546	-424.9461	10.19151	0.736189	0.171794	0.0406205	0.0513962	0.02588863	0.9065895	1.258749	0.8305333
21216	-427.1139	-436.773	9.65909	0.155942	0.653597	0.0819278	0.108533	0.07985976	0.8317787	1.637941	2.675605
21222	-409.3893	-419.8843	10.49496	0.287201	0.614078	0.0553437	0.0433771	0.03540449	1.184393	0.8061719	0.05314745
21228	-410.628	-421.6005	10.97253	0.872995	0.0849192	0.0246891	0.0173962	0.03469514	1.224336	1.142217	0.2227461
21234	-411.6908	-422.6518	10.96105	0.665332	0.240603	0.0423061	0.0517595	0.04326743	1.499253	1.043629	0.1327208
21240	-409.8475	-420.5439	10.69647	0.707867	0.224914	0.0426815	0.0245367	0.02699922	1.065285	1.118312	0.1552405
21246	-408.0783	-419.3521	11.27374	0.381061	0.478791	0.117248	0.0229004	0.03438635	0.8476637	1.127259	0.1550995
21252	-410.5018	-422.702	12.20019	0.300501	0.554833	0.135869	0.00879666	0.04980779	0.5564588	0.915122	0.1322602
21258	-412.4493	-424.1387	11.68939	0.162568	0.716739	0.115951	0.00474285	0.06118798	0.959705	1.196071	0.1221087
21264	-414.753	-425.9851	11.23207	0.179984	0.724825	0.0921951	0.00299632	0.04433519	1.213133	0.8520358	0.6951911
21270	-413.3043	-424.6715	11.36716	0.465117	0.431931	0.0968122	0.00613959	0.03171246	1.055107	0.766403	0.2621044
21276	-415.5366	-427.3049	11.7683	0.0848791	0.852212	0.0507951	0.0121136	0.08746203	1.457264	0.9989217	0.4751701
21282	-411.5878	-422.4125	10.82468	0.649102	0.303198	0.0293341	0.0183664	0.04226307	1.689092	0.4795514	0.7335416
21288	-416.4994	-428.4194	11.92003	0.5858	0.342937	0.0423217	0.0289407	0.5479873	1.765378	0.3259096	0.422361
21294	-414.1524	-425.0931	10.94075	0.78624	0.150875	0.0449366	0.0179485	0.4897908	1.752694	0.6226062	1.554747
21300	-409.1297	-421.1831	12.05337	0.881542	0.0551686	0.0503835	0.0129057	0.4958025	1.564014	0.4994263	0.6229753
21306	-411.5921	-423.9587	12.36656	0.889955	0.043639	0.039854	0.0265521	0.2941305	1.686798	0.4122178	0.2731843
21312	-409.6966	-421.3992	11.70259	0.900488	0.0508858	0.0403257	0.00830023	0.4057816	2.196177	0.3505804	0.3569558
21318	-417.7628	-429.181	11.41816	0.934275	0.0365065	0.0275715	0.00164682	0.3163943	2.370056	0.2927751	0.4829354
21324	-410.5233	-423.2839	12.76061	0.9631	0.0153611	0.0202578	0.0012809	0.3163943	1.13736	0.4339511	0.4843897
21330	-408.7819	-420.4652	11.68324	0.889481	0.0438001	0.0187093	0.0480098	0.4417711	2.096519	0.2530341	0.2595662
21336	-406.9623	-417.1675	10.20516	0.869723	0.0535833	0.00912303	0.0675704	0.3568868	2.475848	0.1249354	1.030192
21342	-407.4048	-419.2097	11.80492	0.832536	0.0512922	0.00646764	0.109704	0.3613595	2.138789	0.3476738	0.1866616
21348	-406.6055	-417.5056	10.90005	0.874015	0.0538477	0.00678988	0.0653471	0.2073061	2.422592	0.1127443	0.3370507
21354	-407.1191	-418.8612	11.7421	0.526406	0.387983	0.0691633	0.0164477	0.05641029	0.008397715	1.658523	0.0874797
21360	-412.1581	-423.2976	11.13949	0.213979	0.643447	0.114703	0.0278709	0.0277466	0.007521708	1.658523	0.1693582
21366	-410.7356	-422.2724	11.53683	0.0475249	0.749862	0.16744	0.0351723	0.05236275	0.008111007	1.991863	0.1778901
21372	-412.3009	-423.5971	11.2961	0.230367	0.591902	0.166286	0.011445	0.06429331	0.01202782	2.134772	0.1041113
21378	-411.6813	-423.0801	11.39875	0.340632	0.496898	0.0459931	0.116477	0.04486473	0.1115622	1.820042	0.132986
21384	-409.1188	-421.2433	12.12444	0.778927	0.0333319	0.00263891	0.185102	0.3418959	0.928551	0.9048518	0.05806848
21390	-409.4943	-421.8615	12.36723	0.804172	0.0859351	0.00246501	0.107428	0.3259127	1.065513	0.7990481	0.8103813
21396	-406.6308	-418.5121	11.88135	0.842694	0.0421483	0.00258309	0.112574	0.3259127	1.491588	0.6387691	0.9624363
21402	-407.6849	-419.2987	11.6138	0.889928	0.0290194	0.00272788	0.0783247	0.2439429	1.551052	0.5212385	1.233732
21408	-416.1611	-427.6683	11.50712	0.67396	0.0859572	0.00808014	0.232003	0.2601515	1.73349	0.4632402	1.151454
21414	-406.8777	-417.7108	10.83302	0.836145	0.0260823	0.00171115	0.136062	0.4410006	1.73349	0.3863469	1.759662
21420	-405.225	-415.9473	10.72227	0.836145	0.0260823	0.00171115	0.136062	0.2881042	1.73349	0.4029403	2.054645
21426	-405.3911	-416.657	11.26583	0.905869	0.00617177	0.00100996	0.0869495	0.2772031	1.444312	0.5731878	1.744644
21432	-411.0737	-420.1322	9.058512	0.931323	0.00401274	0.000656652	0.0640079	0.3078039	1.426037	0.4140092	5.796795
21438	-410.1049	-422.1637	12.05878	0.980729	0.00432087	0.00176374	0.0131868	0.3252635	1.696298	0.9451504	0.3641711
21444	-403.9141	-415.35	11.43586	0.910595	0.01777	0.00845083	0.0631837	0.4349095	0.8380261	1.627475	0.93539
21450	-404.639	-416.7605	12.1215	0.878341	0.031037	0.0147602	0.0758622	0.4148161	1.389312	0.9277499	0.5708922
21456	-403.5255	-415.4057	11.88026	0.914429	0.0218303	0.0103818	0.0533587	0.4148161	1.36928	0.7272794	0.9721431
21462	-407.8916	-420.0799	12.18834	0.754364	0.066625	0.0143837	0.164627	0.5195543	0.5803223	1.266955	0.07601577
21468	-408.1356	-420.4832	12.3476	0.890966	0.0364847	0.00220993	0.0703397	0.3268691	0.7523975	1.208549	0.08539344
21474	-408.1103	-420.0943	11.98405	0.84703	0.0589314	0.0109214	0.0831174	0.461841	0.8209574	1.590565	0.1416244
21480	-406.3466	-418.9642	12.61764	0.859784	0.0413314	0.0238813	0.0750033	0.331626	1.108612	0.8803064	0.4613581
21486	-406.5457	-418.4051	11.85934	0.90914	0.0267826	0.015475	0.0486019	0.361944	2.168382	0.4864663	0.2864406
21492	-411.9849	-424.3396	12.35464	0.790947	0.0333218	0.0340173	0.141714	0.4109985	0.8785515	1.239214	0.519779
21498	-410.4377	-422.5141	12.07639	0.790947	0.0333218	0.0340173	0.141714	0.4787416	0.7964547	1.423048	0.5860174
21504	-408.9363	-421.545	12.60868	0.848448	0.0174079	0.0183441	0.1158	0.4787416	0.5844071	1.001102	0.7487719
21510	-410.9787	-422.747	11.76826	0.890087	0.00747271	0.0128218	0.0896184	0.3179815	1.225696	0.9529619	1.119269
21516	-406.5023	-418.1221	11.61979	0.893819	0.00761514	0.0085715	0.0899942	0.3179815	1.098642	1.475728	0.7901844
21522	-404.937	-416.6654	11.72832	0.791675	0.0132914	0.00546222	0.189571	0.3429254	0.9786141	1.473157	0.7901844
21528	-406.4259	-417.7862	11.36035	0.856821	0.0149126	0.00773871	0.120528	0.3364418	1.52189	1.340342	0.7901844
21534	-411.354	-421.8059	10.45195	0.887575	0.0117094	0.00607647	0.0946392	0.3004483	1.230483	1.517327	1.877456
21540	-411.2053	-422.931	11.7257	0.844224	0.0104614	0.017977	0.127338	0.4412117	0.9249442	1.322388	0.9551391
21546	-416.0964	-427.2575	11.16111	0.84779	0.0105056	0.0138288	0.127876	0.4184344	1.532886	0.9445348	1.37063
21552	-409.3957	-419.9806	10.58491	0.851105	0.0066365	0.0138829	0.128376	0.3809509	0.9938645	0.9522413	2.925015
21558	-409.0488	-421.1798	12.131	0.905264	0.0115807	0.0147663	0.0683889	0.2882721	1.911557	0.3849355	0.2682103
21564	-419.3599	-430.8926	11.53267	0.893417	0.0158702	0.0153033	0.0754095	0.2126063	1.80537	0.4920382	1.043956
21570	-409.7682	-421.5077	11.73953	0.891824	0.015842	0.017059	0.0752751	0.3600417	2.163735	0.3868745	0.4276737
21576	-410.9496	-422.7699	11.82033	0.900222	0.0264315	0.0172197	0.056127	0.3600417	2.207383	0.4525973	0.229393
21582	-420.5258	-432.8514	12.32556	0.852335	0.0321025	0.0163037	0.0992586	0.2627984	1.731893	0.6002873	0.2868947
21588	-414.4621	-426.5323	12.07021	0.917588	0.0339995	0.00711998	0.0412924	0.4181383	1.877165	0.6106659	0.3178756
21594	-414.3213	-426.1846	11.8633	0.844196	0.0352264	0.0065505	0.114027	0.2646935	1.446951	0.4247701	0.05918724
21600	-414.297	-426.4534	12.15636	0.703907	0.150466	0.00597287	0.139654	0.5489792	0.5688076	1.486428	0.5801391
21606	-415.6477	-426.3267	10.67895	0.779394	0.0357293	0.0049412	0.179936	0.4753096	0.3850491	1.475814	2.639883
21612	-414.0371	-425.0531	11.01598	0.824393	0.0280591	0.00623923	0.141308	0.5911563	0.9991188	0.8267299	2.128141
21618	-409.377	-421.4939	12.1169	0.826023	0.0261381	0.00625156	0.141588	0.4751923	1.089107	0.7880935	0.9191872
21624	-415.2753	-426.7855	11.51015	0.790074	0.121471	0.00170012	0.0867541	0.2215117	1.905855	0.3556807	0.9191872
21630	-412.1727	-423.7294	11.55668	0.812229	0.0922665	0.00846579	0.0870392	0.386993	1.766705	0.4564909	0.9974515
21636	-413.7639	-425.4875	11.72365	0.718125	0.146202	0.0307765	0.104896	0.4044453	1.766705	0.3881051	0.79579
21642	-415.618	-425.4573	9.839237	0.799622	0.133775	0.00952282	0.0570803	0.3912542	1.721601	0.2154552	2.920348
21648	-417.2172	-426.1415	8.92434	0.842424	0.0792371	0.0182038	0.0601356	0.2228438	1.786225	0.2208303	4.704787
21654	-422.1832	-432.2509	10.06768	0.209522	0.645145	0.0385218	0.106812	0.05842484	2.113764	0.3231025	1.375643
21660	-425.0708	-433.829	8.758176	0.900865	0.055191	0.0256337	0.0183107	0.1961507	1.787471	0.4552051	5.654509
21666	-417.201	-427.5566	10.35563	0.894673	0.0361145	0.0337712	0.0354415	0.285896	1.787471	0.3689128	2.471145
21672	-409.6456	-421.6058	11.96022	0.778294	0.0567613	0.0179907	0.146954	0.4990344	1.720474	0.3689128	0.5185274
21678	-408.721	-420.3393	11.6183	0.860577	0.0338209	0.00427248	0.10133	0.4990344	1.591293	1.106417	0.1037704
21684	-410.321	-421.845	11.52397	0.706966	0.0277839	0.00350986	0.26174	0.2412144	1.428346	0.7953695	1.327761
21690	-408.4696	-420.5852	12.11565	0.899623	0.00973485	0.00117084	0.0894717	0.3667566	1.316351	0.6351609	0.8794501
21696	-416.1841	-428.486	12.30188	0.876637	0.0345892	0.00158836	0.0871856	0.2191607	1.706998	0.5358279	0.3829248
21702	-408.1264	-420.1275	12.00119	0.908972	0.00694025	0.00333953	0.0807483	0.2550684	1.915798	0.4695325	0.492134
21708	-411.8575	-422.4347	10.57719	0.940806	0.00625676	0.00153593	0.0514017	0.2152025	1.501843	0.5018652	2.627705
21714	-412.2294	-424.5381	12.30874	0.926902	0.0388606	0.0196314	0.0146062	0.3674412	0.6092389	1.587375	0.4170877
21720	-418.9334	-429.2038	10.27033	0.360493	0.466055	0.0417949	0.131657	0.04777075	0.614136	1.25089	2.075245
21726	-415.0268	-426.1732	11.14642	0.450259	0.426983	0.0664216	0.0563365	0.06207668	0.7995929	1.821881	0.3978753
21732	-413.466	-425.3877	11.9217	0.3633	0.586136	0.0442303	0.00633383	0.08019722	0.8613656	1.42396	0.3261208
21738	-414.0742	-425.6462	11.57194	0.180251	0.290811	0.0128715	0.516066	0.06123533	0.8613656	1.457044	0.1566679
21744	-415.5443	-425.7782	10.23391	0.622512	0.179166	0.0278802	0.170443	0.02438384	0.9572361	1.030919	0.8913724
21750	-408.8516	-419.758	10.90642	0.569921	0.109834	0.0255248	0.29472	0.04422202	0.6217116	1.537632	0.07701945
21756	-412.976	-422.543	9.566973	0.500446	0.0964451	0.0224133	0.380695	0.04422202	1.285289	2.009352	0.07701945
21762	-411.8403	-421.9412	10.10092	0.019416	0.120398	0.0298011	0.830385	0.02311418	1.285289	1.030498	0.1022097
21768	-414.6139	-423.3568	8.742856	0.144716	0.107262	0.0259152	0.722107	0.02420468	1.283694	2.043177	0.08894131
21774	-414.7277	-425.3042	10.5765	0.450832	0.0839608	0.0034933	0.461714	0.02489221	0.9795892	1.247634	0.2187918
21780	-414.0381	-424.2933	10.25525	0.255299	0.143561	0.0192273	0.581913	0.02768301	1.524786	1.205471	0.2187918
21786	-405.675	-416.0873	10.41233	0.708261	0.191579	0.0179926	0.0821669	0.02478524	0.9816198	1.175589	0.5739736
21792	-408.8851	-418.9549	10.06978	0.563332	0.283224	0.0310218	0.122421	0.04202714	0.7853503	1.906601	0.9036814
21798	-405.7672	-415.8762	10.10894	0.84089	0.102784	0.0118993	0.0444274	0.04136723	0.9566864	1.658583	1.028118
21804	-406.1776	-416.5686	10.39096	0.800012	0.107454	0.0197157	0.072818	0.02141274	1.246741	0.694235	0.5144678
21810	-411.6383	-422.4072	10.76889	0.537331	0.261524	0.0479844	0.153161	0.02272331	0.8328897	1.067776	0.2960324
21816	-414.5269	-424.9512	10.42424	0.237893	0.356867	0.0755141	0.329725	0.02382265	0.7977932	1.374925	0.4357356
21822	-411.6508	-422.6947	11.04387	0.268723	0.403115	0.0775515	0.25061	0.04355319	0.4034515	1.937453	0.2606837
21828	-409.0957	-420.5616	11.4659	0.460875	0.300574	0.0303971	0.208154	0.04355319	0.7398957	1.30763	0.1455302
21834	-411.936	-422.8546	10.91863	0.111103	0.717097	0.0683999	0.1034	0.05119237	0.6100307	1.784607	0.09567274
21840	-406.022	-417.3044	11.28239	0.099447	0.543205	0.09343	0.263918	0.04474951	0.2693208	1.540105	0.0781145
21846	-409.4532	-420.8511	11.39787	0.0315685	0.7158	0.0990252	0.153607	0.05732486	0.3424153	1.540105	0.06987061
21852	-417.5834	-429.499	11.91561	0.10088	0.685723	0.107297	0.106101	0.05671684	0.6441942	1.322749	0.1761316
21858	-417.0719	-428.7299	11.65792	0.063826	0.63677	0.124668	0.174736	0.04281652	0.6515245	1.165146	0.1314275
21864	-416.6778	-426.924	10.24617	0.0581069	0.58983	0.115478	0.236585	0.04281652	1.366044	1.799387	0.3103393
21870	-419.8159	-428.8845	9.068682	0.971345	0.00885902	0.0140685	0.00572781	0.3486823	1.113198	2.877049	1.171533
21876	-419.0599	-427.9395	8.879584	0.970738	0.00314967	0.0140597	0.0120525	0.4185399	0.9845447	2.326587	2.649659
21882	-418.7731	-428.3735	9.600479	0.890051	0.0614958	0.0292619	0.0191912	0.3236152	1.96252	1.644725	1.79296
21888	-413.5206	-425.1951	11.67451	0.946799	0.00717994	0.0311276	0.0148933	0.3719995	0.9912169	1.644725	0.5889907
21894	-409.6203	-420.9156	11.29524	0.830248	0.0231034	0.0272958	0.119353	0.4276839	1.021722	1.644725	0.8763641
21900	-408.1471	-420.1501	12.00295	0.838415	0.0233306	0.0275643	0.110691	0.4276839	0.5865655	1.443035	0.8763641
21906	-408.7313	-420.4917	11.76033	0.895347	0.0250176	0.0118401	0.0677952	0.3359079	0.7810671	1.367611	1.092579
21912	-409.1254	-421.5975	12.47204	0.833613	0.0430009	0.00685744	0.116528	0.3359079	0.9689343	1.059466	0.57042
21918	-409.4627	-421.6755	12.21285	0.872074	0.0273307	0.00559083	0.0950048	0.3001926	1.379421	0.9984477	0.5022986
21924	-409.1918	-420.8463	11.6545	0.898979	0.0262544	0.00368186	0.0710845	0.3001926	1.407106	1.23259	0.7632221
21930	-411.8035	-423.1752	11.37172	0.865755	0.0219472	0.00307783	0.10922	0.3001926	1.261248	1.604203	0.7148761
21936	-417.3837	-427.3095	9.925809	0.871636	0.0156732	0.00272886	0.109962	0.4206186	1.144795	2.324692	1.114929
21942	-410.7187	-421.3086	10.58985	0.85617	0.0153952	0.00313132	0.125303	0.3671069	1.578117	1.616266	1.114929
21948	-415.7445	-426.0924	10.34791	0.805973	0.0186648	0.00223421	0.173128	0.2443387	1.536459	1.891905	1.054764
21954	-405.3846	-417.4621	12.07747	0.877175	0.00782706	0.00389784	0.1111	0.3583999	0.9719096	1.231683	0.743524
21960	-404.46	-416.7192	12.25913	0.96145	0.00454907	0.00364615	0.0303548	0.2667443	1.56841	0.4467899	0.5746685
21966	-407.9691	-419.0552	11.0861	0.882316	0.00818658	0.00334605	0.106151	0.4431329	1.484631	1.158996	1.235739
21972	-409.8378	-420.2419	10.40409	0.880056	0.00816561	0.00589904	0.105879	0.3379953	1.588319	1.256012	1.881925
21978	-410.9389	-422.4093	11.47036	0.895816	0.0119104	0.0133192	0.0789542	0.4594246	1.718718	1.174891	0.5927449
21984	-407.6696	-419.7816	12.11206	0.893181	0.0450623	0.0064301	0.055327	0.3115226	1.371009	0.8154121	0.7579804
21990	-406.2397	-417.6402	11.4005	0.882542	0.0502458	0.00552137	0.0616913	0.3185132	2.554656	0.3046753	0.2329813
21996	-408.1893	-418.1624	9.973087	0.865644	0.0594589	0.0143874	0.0605101	0.3292344	2.89759	0.09768984	0.6788277
22002	-415.075	-425.5164	10.44144	0.865013	0.0568705	0.00192529	0.0761908	0.5430825	2.980865	0.182591	0.3937189
22008	-410.5433	-421.6073	11.06401	0.909459	0.0597926	0.00119164	0.0295572	0.2530298	2.349692	0.1206637	0.2222573
22014	-404.9521	-416.2779	11.32581	0.966186	0.00896543	0.00214725	0.0227017	0.1841771	2.312749	0.1727132	0.2491866
22020	-403.0419	-413.8212	10.77938	0.938731	0.0107069	0.00256434	0.0479976	0.1917302	2.663821	0.1383534	0.1729826
22026	-407.1948	-419.0304	11.83554	0.853823	0.0108724	0.00371366	0.131591	0.2010369	2.082359	0.3101099	0.1746564
22032	-411.3065	-422.7303	11.4238	0.981095	0.0019891	0.00113225	0.0157834	0.1737568	1.850311	0.5255273	1.067792
22038	-402.5509	-414.3281	11.77717	0.907728	0.00276133	0.00104758	0.0884629	0.1995755	1.851263	0.5255273	0.750667
22044	-404.7427	-416.0033	11.26057	0.909318	0.00271376	0.00102953	0.0869389	0.1987415	1.957645	0.4383166	1.148577
22050	-401.0036	-412.3948	11.39116	0.938401	0.00280056	0.000175527	0.0586228	0.1628651	2.02313	0.3824289	0.8784055
22056	-405.5931	-416.0345	10.44138	0.930272	0.00428209	0.000111067	0.0653352	0.1628651	2.47821	0.145051	0.8784055
22062	-411.1436	-422.155	11.01146	0.900481	0.00698872	0.000157031	0.092373	0.2518912	2.47821	0.2488732	0.7166212
22068	-404.7624	-416.2847	11.52238	0.872918	0.00742384	0.000203069	0.119455	0.1799648	1.939625	0.1866241	0.5491042
22074	-407.2596	-418.8845	11.62482	0.842668	0.041961	5.52238e-05	0.115315	0.3319983	1.510505	0.2630138	1.060953
22080	-410.7689	-422.2104	11.44143	0.903144	0.0306385	1.13204e-05	0.066206	0.2892838	1.704363	0.4153135	0.05141697
22086	-405.8705	-417.7859	11.91538	0.872992	0.0169658	3.85873e-05	0.110004	0.2444688	1.738878	0.2488992	0.5602073
22092	-413.4904	-425.1503	11.65991	0.842209	0.052608	0.000214303	0.104969	0.4547191	1.16756	0.3506149	1.404489
22098	-411.598	-422.4355	10.83744	0.966717	0.0186954	0.000276943	0.0143111	0.2059914	1.567935	0.5253294	2.140729
22104	-415.4939	-427.4627	11.96879	0.590911	0.39038	0.00537264	0.0133367	0.09479047	0.9476364	0.7084226	1.062785
22110	-417.0796	-429.2882	12.20862	0.569768	0.176735	0.00555717	0.24794	0.1285112	1.34599	0.6476751	0.6510273
22116	-418.0272	-428.9672	10.94001	0.543583	0.10005	0.00530178	0.351065	0.08137342	1.221685	0.8096562	1.698866
22122	-418.2857	-429.4945	11.20888	0.665218	0.205207	0.00330897	0.126265	0.05399496	1.127897	0.5157859	1.202933
22128	-419.493	-430.0916	10.5986	0.671053	0.152655	0.00400276	0.172289	0.08241632	1.824658	0.2389104	1.315517
22134	-415.3105	-425.5518	10.24135	0.735762	0.0957642	0.00197469	0.166499	0.5616602	0.8990497	1.716233	1.936006
22140	-412.5343	-423.2483	10.71407	0.920301	0.00383774	0.00788856	0.0679722	0.2520504	1.540374	1.436208	1.336346
22146	-401.9696	-413.5341	11.56446	0.920301	0.00383774	0.00788856	0.0679722	0.3487765	1.069632	1.38505	0.9682192
22152	-413.7812	-425.3124	11.53114	0.847858	0.0435131	0.0135467	0.0950819	0.5729159	1.794043	0.506527	0.8253061
22158	-404.9836	-416.8716	11.88807	0.860303	0.0759096	0.00523166	0.0585562	0.3440909	1.929651	0.3750841	0.5201899
22164	-414.106	-426.0189	11.91293	0.190578	0.428746	0.00780721	0.372869	0.1039257	1.825644	0.4240569	0.1749691
22170	-417.5835	-427.803	10.21946	0.769413	0.0436975	0.00079297	0.186097	0.8951221	1.585498	1.201868	1.513555
22176	-413.6236	-425.1519	11.52826	0.839538	0.0212384	0.000160178	0.139063	0.2420352	1.34039	0.7718914	1.440623
22182	-407.903	-419.8266	11.92359	0.833909	0.0278221	0.000137945	0.138131	0.2420352	1.34039	0.8844346	0.9297232
22188	-416.2231	-427.4121	11.18899	0.879307	0.0293367	0.000149839	0.091207	0.3127207	0.9789146	1.296478	1.620149
22194	-411.4452	-422.341	10.89579	0.785889	0.175775	0.000321191	0.0380154	0.526599	0.282583	2.133984	1.205053
22200	-415.4696	-426.0333	10.56372	0.761486	0.0514237	0.000464036	0.186627	0.390739	1.178927	0.6941545	2.971832
22206	-413.7398	-423.7847	10.04489	0.760437	0.0513529	0.00183999	0.18637	0.3473658	1.425122	0.6114215	3.576393
22212	-408.4994	-420.005	11.50557	0.912038	0.0531384	0.00188484	0.0329387	0.4901229	1.10272	0.915529	1.421393
22218	-414.2924	-426.4003	12.10787	0.781058	0.0667162	0.00161416	0.150612	0.5095185	1.341962	0.7339916	0.6889023
22224	-412.8791	-424.727	11.84791	0.77825	0.0865324	0.00160835	0.133609	0.3771218	1.552174	0.689898	0.8767526
22230	-409.0143	-421.3433	12.329	0.908518	0.0419918	0.000555124	0.048935	0.4312551	0.8327537	0.9416859	0.8767526
22236	-408.8585	-420.4462	11.58772	0.93511	0.029976	0.000571373	0.0343428	0.2739103	1.096377	0.9416859	1.488473
22242	-413.2197	-425.4056	12.18592	0.650636	0.281207	0.0011154	0.0670416	0.6242043	0.6832107	1.297274	0.5989027
22248	-413.7965	-426.4082	12.61167	0.82157	0.159844	0.00141007	0.0171762	0.4107696	0.2028166	1.536547	0.5581473
22254	-414.0989	-425.3223	11.22345	0.733071	0.173627	0.00207677	0.0912253	0.4069884	1.066243	1.590679	0.9944724
22260	-410.832	-422.8037	11.97167	0.864621	0.00668132	0.0019378	0.12676	0.4874059	0.6928133	1.393283	0.07793026
22266	-412.9456	-425.649	12.70333	0.78402	0.0316353	0.00917527	0.17517	0.5896139	0.4224187	1.282505	0.1618186
22272	-411.2634	-421.9466	10.68316	0.00554403	0.485549	0.0700524	0.438854	0.0306359	1.454282	0.9338863	0.1503786
22278	-407.8887	-418.2782	10.38945	0.112559	0.457477	0.0587326	0.371232	0.02278237	1.391767	0.7804616	0.1503786
22284	-410.2683	-422.3375	12.06917	0.0866425	0.393217	0.0687005	0.45144	0.07390707	0.9266807	1.127248	0.1482198
22290	-410.7424	-422.2223	11.47995	0.0639662	0.290303	0.0507201	0.59501	0.0682982	0.6453495	1.807411	0.3003307
22296	-410.3799	-421.9124	11.53241	0.154792	0.578283	0.085349	0.181576	0.06602819	0.1193021	2.065523	0.16212
22302	-413.2719	-424.9137	11.64181	0.249271	0.413281	0.109413	0.228035	0.07191482	0.1189563	2.065523	0.1797061
22308	-422.1656	-432.4048	10.23921	0.153708	0.399558	0.138427	0.308308	0.07265629	0.9462597	2.458137	0.3068549
22314	-419.0046	-427.1687	8.164057	0.778619	0.0545086	0.0378604	0.129012	0.740949	2.533709	0.09580299	2.82236
22320	-418.5587	-424.9772	6.418485	0.825337	0.0888008	0.0224788	0.0633829	0.494846	2.460808	0.1808662	9.077124
22326	-422.7907	-427.8744	5.08365	0.860422	0.0251878	0.0200299	0.0943607	0.1794488	2.310093	0.1403833	15.21004
22332	-411.3529	-422.8881	11.53526	0.944534	0.0322311	0.0052973	0.0179379	0.2955766	1.350509	1.081374	1.107136
22338	-413.0727	-425.2207	12.14792	0.818134	0.0725016	0.0455164	0.0638482	0.4255172	1.306077	1.107175	0.4349688
22344	-413.2457	-423.5081	10.26242	0.835078	0.0492818	0.0479604	0.0676793	0.2916303	1.822658	0.3726178	2.559517
22350	-410.7681	-420.3679	9.599782	0.929	0.0207126	0.0366064	0.0136815	0.2916303	2.241901	0.1773185	2.397154
22356	-405.5018	-417.2469	11.7451	0.863876	0.0550008	0.0213923	0.059731	0.411818	2.060844	0.2758584	0.3532125
22362	-410.096	-419.0061	8.910162	0.856009	0.0529713	0.0206029	0.0704164	0.3110907	1.608122	0.6623081	5.639945
22368	-413.9011	-420.6292	6.728078	0.808509	0.0704459	0.0273996	0.0936459	0.3301702	1.608122	0.3665823	13.17008
22374	-415.3229	-424.9905	9.667549	0.818749	0.0470311	0.0277466	0.106473	1.0652	1.873457	0.3004458	2.161667
22380	-414.9096	-425.9443	11.0347	0.725894	0.0275858	0.0513605	0.19516	0.6127054	1.511688	0.4616296	1.606475
22386	-419.5369	-427.8022	8.265337	0.725994	0.0274513	0.0513676	0.195187	0.6127054	1.852504	0.306219	5.818016
22392	-417.4763	-429.3088	11.8325	0.894983	0.0514528	0.00710089	0.0464635	0.574819	1.567216	1.111374	0.2994329
22398	-419.5883	-428.783	9.194602	0.859471	0.0494112	0.046498	0.0446198	0.3805132	1.73994	0.3782559	4.578622
22404	-416.6082	-424.3387	7.730472	0.868281	0.0477245	0.0189224	0.065072	0.604597	2.294133	0.2234315	5.696556
22410	-415.8762	-426.5852	10.70899	0.694733	0.228159	0.0151403	0.0619677	0.2589139	2.455178	0.1407622	0.6897653
22416	-409.9005	-421.0769	11.17638	0.905152	0.0288249	0.00911097	0.0569119	0.3584559	2.451319	0.1752872	0.2976573
22422	-408.2054	-419.5512	11.34588	0.905152	0.0288249	0.00911097	0.0569119	0.2571519	2.059845	0.2224688	0.7397142
22428	-406.3459	-418.0715	11.72556	0.907258	0.026565	0.00913217	0.0570444	0.2082069	2.039259	0.2600746	0.4585496
22434	-411.5492	-422.5473	10.99807	0.897741	0.0421273	0.00622128	0.0539107	0.3950321	2.085934	0.2378116	1.015562
22440	-409.5136	-421.4135	11.89996	0.846572	0.0454133	0.0498986	0.0581158	0.3433876	1.814148	0.1967648	0.2885902
22446	-416.1978	-426.851	10.65324	0.710687	0.0381238	0.0170772	0.234112	0.3433876	2.239136	0.2592906	1.302269
22452	-419.0041	-430.5359	11.53185	0.645337	0.0916621	0.0178802	0.24512	0.2943168	2.250474	0.2936499	0.5004083
22458	-421.2368	-431.3855	10.14875	0.646334	0.0918036	0.0172931	0.244569	0.2942032	1.836919	0.4968907	2.774162
22464	-409.0208	-420.6779	11.65709	0.924729	0.0162329	0.000768099	0.0582697	0.2753737	1.206054	1.234016	0.9615732
22470	-408.4982	-419.843	11.34475	0.908033	0.0162199	0.00219053	0.0735561	0.2617072	2.023761	0.615293	0.9999236
22476	-413.5547	-424.8654	11.31065	0.896917	0.0160213	0.00422311	0.0828384	0.4127301	1.607829	1.213056	0.8479807
22482	-413.6021	-424.7599	11.15781	0.67479	0.0382603	0.0100851	0.276864	0.3572331	1.128534	1.675624	0.9201189
22488	-411.8369	-423.1344	11.29751	0.704172	0.0529222	0.00631722	0.236588	0.2405544	1.397615	1.083452	1.316809
22494	-408.945	-420.953	12.00809	0.846279	0.0580324	0.019049	0.0766398	0.47833	1.044123	1.396535	0.4412015
22500	-406.2603	-418.5128	12.25247	0.845406	0.0455873	0.0119543	0.0970525	0.47833	0.6504378	1.396535	0.5903737
22506	-411.3894	-422.0871	10.69768	0.833877	0.0543956	0.0159984	0.095729	0.313993	1.033793	0.9637883	2.732842
22512	-409.422	-419.9894	10.56743	0.910867	0.0366323	0.0132578	0.0392426	0.5688061	1.370203	0.5504335	2.482074
22518	-411.2167	-422.5699	11.35316	0.867958	0.0327229	0.0144154	0.0849039	0.3788077	0.9803196	0.9297671	1.858186
22524	-408.7331	-421.0561	12.323	0.885783	0.0175234	0.0100457	0.0866476	0.4251479	0.6915332	1.108987	0.8590007
22530	-412.4784	-423.5221	11.0437	0.936127	0.0185193	0.0106166	0.0347368	0.3981604	1.548654	1.329413	1.042638
22536	-410.3716	-419.8501	9.478482	0.882965	0.0113466	0.0100137	0.0956749	0.3665291	1.528275	0.7258217	4.353883
22542	-427.8302	-438.0151	10.18491	0.161254	0.703441	0.0942544	0.0410503	1.75271	0.4390838	1.876196	0.9728762
22548	-423.3564	-436.0003	12.64388	0.0299308	0.832119	0.0298437	0.108107	0.5291367	0.2148953	1.391765	0.5899369
22554	-413.8448	-426.5669	12.72211	0.0322048	0.779279	0.0321111	0.156405	0.1570741	0.4445355	1.440151	0.20841
22560	-420.8603	-432.4132	11.55291	0.11898	0.353809	0.0899057	0.437305	0.07231774	1.283809	0.9530901	0.7396831
22566	-418.6338	-429.1016	10.46774	0.249781	0.59788	0.127669	0.0246699	0.03297217	0.7727769	1.019881	1.345811
22572	-416.6133	-427.63	11.01671	0.814064	0.0124051	0.154739	0.018792	0.549516	1.346045	1.121803	1.394487
22578	-415.7301	-426.9135	11.18347	0.877142	0.00801023	0.0999174	0.0149299	0.589827	1.339101	1.458488	0.76676
22584	-412.5246	-424.5287	12.00409	0.0205983	0.865282	0.0947856	0.0193336	0.1011752	1.72914	0.4299333	0.1822258
22590	-417.5221	-427.9742	10.45201	0.319608	0.493128	0.0994941	0.08777	0.0763263	2.104229	0.3152914	1.236859
22596	-412.9535	-423.1451	10.19165	0.565543	0.300184	0.0808439	0.0534286	0.02400996	1.472098	0.4185332	0.7235109
22602	-419.8031	-430.0212	10.21818	0.884095	0.00304953	0.00862263	0.104233	1.085166	1.156519	0.9028872	2.22064
22608	-416.3096	-425.1243	8.814684	0.879688	0.00178285	0.0148164	0.103713	0.5252848	1.182725	0.9772051	5.893956
22614	-411.6276	-421.9673	10.33965	0.89976	0.00104594	0.0128831	0.0863108	0.6827072	1.330313	0.8161601	2.497286
22620	-415.0928	-426.9673	11.87452	0.16715	0.542184	0.0615476	0.229118	0.0551506	0.8399964	1.095743	0.1393011
22626	-412.6761	-424.4918	11.8157	0.16715	0.542184	0.0615476	0.229118	0.06014734	1.462193	0.6496669	0.3274308
22632	-416.877	-426.4687	9.591759	0.0797556	0.723071	0.161739	0.0354343	0.07211329	1.089925	0.9407157	3.637872
22638	-417.33	-427.6548	10.32486	0.0254763	0.811154	0.0909155	0.072454	0.1359586	0.8587576	1.297452	2.826261
22644	-408.223	-419.6843	11.46132	0.936112	0.00890046	0.0429904	0.011997	0.4980124	2.134581	0.2283178	0.3985734
22650	-407.4679	-419.0675	11.59953	0.944596	0.00898112	0.0439307	0.00249248	0.40993	2.134581	0.2358534	0.3485536
22656	-410.2342	-421.9806	11.74641	0.921304	0.00875967	0.0648576	0.00507848	0.301506	2.134581	0.2732353	0.3485536
22662	-411.9667	-423.1257	11.15901	0.914199	0.0164046	0.0643574	0.00503931	0.3851265	1.985317	0.1779838	0.7983289
22668	-412.1062	-423.8424	11.73624	0.879941	0.02179	0.0619457	0.036323	0.362662	1.683844	0.415567	0.9085383
22674	-414.5903	-425.1808	10.5905	0.743718	0.0347774	0.0265066	0.194998	0.4301505	0.9385009	1.259402	2.415668
22680	-418.3894	-430.5377	12.14827	0.745413	0.0083149	0.026567	0.219705	0.4301505	1.182804	0.7408053	0.8704714
22686	-414.8856	-427.3927	12.50712	0.844637	0.00560733	0.0015933	0.148163	0.4301505	1.00694	0.6613668	0.7390188
22692	-415.3508	-426.42	11.06919	0.84245	0.00223385	0.00753724	0.147779	0.3683679	1.183786	0.6903175	2.22054
22698	-416.5562	-429.4838	12.92767	0.838596	0.00679834	0.00750276	0.147103	0.3683679	0.8219209	0.5350874	0.6035418
22704	-409.0158	-421.1958	12.18001	0.87859	0.0383882	0.00959292	0.0734294	0.3723579	1.056361	0.6959651	1.038947
22710	-422.1276	-432.7942	10.66657	0.22205	0.752672	0.00279423	0.0224832	0.1025027	1.314423	1.852049	0.7331652
22716	-418.2906	-429.4195	11.12888	0.480926	0.427506	0.0257373	0.0658312	0.04181793	1.332496	0.8420055	0.6170263
22722	-414.469	-424.9558	10.48688	0.700855	0.265643	0.0225277	0.0109745	0.02599154	0.909789	1.115569	0.08906755
22728	-409.4601	-419.7903	10.3302	0.678342	0.277927	0.0412399	0.00249096	0.02389089	0.9785705	1.066388	0.08906755
22734	-409.7248	-420.8282	11.10339	0.64423	0.281505	0.070035	0.00423024	0.03114675	1.108682	0.8741237	0.4251005
22740	-409.4048	-420.4444	11.03958	0.581966	0.357135	0.059607	0.00129193	0.03793139	0.6661217	1.406461	0.1010567
22746	-409.159	-420.9863	11.82725	0.604776	0.349253	0.0454949	0.000476969	0.07079037	0.7926094	1.190486	0.6877609
22752	-411.0188	-421.4964	10.47754	0.612207	0.353544	0.0319384	0.00231049	0.03722459	1.375428	1.43468	0.4157736
22758	-414.1647	-425.9355	11.7708	0.581019	0.371428	0.0453643	0.00218823	0.05593142	1.411166	0.3574595	0.3367705
22764	-413.7794	-425.3667	11.58723	0.13404	0.804758	0.0564604	0.00474116	0.04491286	1.353265	0.4803065	0.3849443
22770	-411.7167	-422.5962	10.87948	0.485009	0.386495	0.0831027	0.0453939	0.05560502	1.453207	0.4803065	1.24159
22776	-410.4081	-420.4382	10.03016	0.0878239	0.731175	0.117059	0.0639423	0.02628503	1.922256	0.3704533	0.568587
22782	-414.2578	-424.6157	10.35792	0.173291	0.685488	0.109745	0.031476	0.04058553	1.922256	0.8489758	0.7458339
22788	-413.3348	-423.1285	9.793704	0.202822	0.704314	0.0518268	0.0410377	0.04598488	1.037088	1.155643	2.239526
22794	-413.9474	-424.1317	10.18431	0.837667	0.0562093	0.018262	0.0878615	0.2514602	1.767648	0.2053395	2.380061
22800	-414.9919	-425.8473	10.85539	0.83108	0.0557673	0.0259825	0.0871705	0.3305444	1.767648	0.1884553	1.413402
22806	-413.0634	-421.9657	8.902211	0.924439	0.0182325	0.0100288	0.0473002	0.3630292	2.354024	0.1884553	3.342834
22812	-409.4219	-421.701	12.27917	0.927415	0.0175144	0.00963384	0.0454372	0.3986685	1.295697	0.7476979	0.6603346
22818	-411.334	-421.7708	10.43682	0.92883	0.0437843	0.00964854	0.017737	0.3077468	0.9729067	1.103943	3.026666
22824	-411.0148	-421.5331	10.51821	0.870619	0.0713599	0.0165496	0.0414719	0.3486883	1.175907	0.7858853	3.006548
22830	-415.7732	-426.4579	10.68474	0.754457	0.178851	0.0620248	0.00466681	0.04065487	0.8405056	1.189857	1.154232
22836	-412.3518	-423.2129	10.86104	0.638132	0.316746	0.0438095	0.00131253	0.051601	1.043998	1.477489	0.7161989
22842	-417.8763	-429.375	11.49869	0.336399	0.325029	0.0479242	0.290648	0.04651148	1.014075	0.8368506	0.6992179
22848	-415.2616	-424.2646	9.002977	0.533382	0.228548	0.0336984	0.204372	0.06153559	0.9145261	1.161976	4.397695
22854	-413.4966	-425.2597	11.76307	0.676926	0.161848	0.099305	0.0619212	0.7219693	1.018067	0.7763821	1.096776
22860	-411.9899	-420.9295	8.939635	0.741029	0.177496	0.0214939	0.0599809	0.04764902	1.185354	1.786433	2.132231
22866	-415.1052	-425.3326	10.22742	0.408687	0.307643	0.088538	0.195132	0.0585799	0.5042242	2.110668	1.111778
22872	-416.4923	-427.4677	10.97536	0.850945	0.0274636	0.0392653	0.0823264	0.4044138	0.8568918	1.045591	2.358455
22878	-415.1064	-426.9029	11.79657	0.835662	0.010483	0.073007	0.0808478	0.477792	1.581777	1.017051	0.5586464
22884	-409.3832	-420.8278	11.44461	0.645647	0.295153	0.0527958	0.00640494	0.06417347	0.4738536	1.90799	0.2113647
22890	-411.2213	-422.443	11.2217	0.471809	0.422462	0.0575944	0.0481344	0.0532794	0.7139783	1.293964	0.947092
22896	-416.3329	-425.9178	9.584847	0.581686	0.349683	0.0272019	0.0414295	0.05125259	0.6586669	1.902337	1.864176
22902	-408.9367	-421.3002	12.36355	0.916099	0.0622014	0.00298131	0.0187179	0.3995633	1.478964	0.7505141	0.3869409
22908	-407.1104	-419.0281	11.91767	0.94059	0.0320221	0.00816905	0.0192183	0.3995633	0.8829918	1.317611	0.8505167
22914	-407.9234	-420.117	12.19357	0.946102	0.0434361	0.00200882	0.00845317	0.4050612	1.357988	0.5718159	0.7562338
22920	-409.0314	-421.6118	12.58042	0.858485	0.0688763	0.00302641	0.0696119	0.413296	1.173956	0.7661773	0.4609621
22926	-411.3328	-422.8986	11.56583	0.876829	0.0847316	0.00372309	0.0347168	0.4189362	1.374183	1.068209	0.9805709
22932	-411.4015	-423.0279	11.62642	0.74082	0.202442	0.00549537	0.0512428	0.3080678	1.193698	1.077876	1.17372
22938	-408.8793	-420.522	11.64266	0.752939	0.205753	0.000687284	0.0406206	0.3546015	1.153747	1.077589	1.169709
22944	-408.5543	-420.6702	12.11591	0.752446	0.205619	0.00134147	0.040594	0.3946213	0.7723386	1.093673	1.025809
22950	-418.7856	-429.47	10.68441	0.629317	0.307462	0.0193434	0.0438783	0.3946213	1.377197	0.9285346	2.207398
22956	-415.2672	-426.758	11.49076	0.324315	0.590521	0.0420105	0.043154	0.091512	1.05177	1.345071	0.7845271
22962	-409.2131	-420.6954	11.48232	0.95916	0.0186037	0.00995478	0.0122811	0.4481007	0.895654	1.326613	1.222883
22968	-412.0352	-424.187	12.15178	0.776421	0.0109039	0.0463776	0.166298	0.4275752	0.8470702	1.326613	0.6285968
22974	-415.5155	-427.1349	11.61938	0.770022	0.011216	0.0477049	0.171057	0.4275752	0.7360878	1.563503	0.948087
22980	-413.752	-424.2848	10.53278	0.726273	0.117264	0.0338844	0.122579	0.6464641	0.5854838	1.576797	2.106325
22986	-416.1644	-427.6816	11.51726	0.860519	0.0808667	0.0170688	0.0415452	0.6464641	0.4336171	1.597494	1.086056
22992	-414.4997	-426.0891	11.58934	0.802754	0.0754382	0.013289	0.108519	0.5899032	0.582841	1.062195	1.642956
22998	-413.5034	-424.2261	10.72267	0.879951	0.0411331	0.0197451	0.0591705	0.3345886	1.372325	0.6267861	2.529528
23004	-414.1921	-426.2426	12.05058	0.0679304	0.6864	0.108316	0.137353	0.09688576	1.502179	0.5060798	0.5284151
23010	-410.9654	-423.176	12.21053	0.621863	0.287167	0.021708	0.0692622	0.09113148	1.497976	0.4976302	0.2582024
23016	-412.6856	-425.0669	12.38131	0.402854	0.523867	0.0493968	0.0238818	0.136347	1.399341	0.4582482	0.4909164
23022	-415.4669	-427.7987	12.33176	0.808385	0.00905695	0.0770584	0.1055	0.5047019	0.708997	0.9772451	0.8928219
23028	-414.9181	-426.7296	11.81142	0.808385	0.00905695	0.0770584	0.1055	0.6673617	0.9213359	1.131903	0.8699069
23034	-417.4882	-429.5137	12.02547	0.814557	0.0184154	0.0776468	0.0893812	0.5212819	1.421471	0.6399099	0.7285936
23040	-414.0264	-424.0454	10.01901	0.887182	0.051354	0.00664329	0.0548206	0.3768391	1.350861	0.7031021	3.641918
23046	-414.7455	-425.8249	11.07943	0.900405	0.0554278	0.015057	0.0291103	0.4470873	1.248699	0.8061816	1.923881
23052	-413.7688	-426.131	12.36222	0.719155	0.185281	0.00782855	0.0877356	0.6884496	0.9742833	1.06743	0.2336826
23058	-419.0114	-430.2159	11.20451	0.725017	0.209651	0.00906359	0.0562686	0.2030243	0.8449861	1.806459	0.9975711
23064	-407.567	-419.1805	11.61354	0.915943	0.0140416	0.0126037	0.0574114	0.4947683	0.9467148	1.246392	1.087739
23070	-408.9663	-420.4196	11.45331	0.840984	0.0382552	0.0115722	0.109189	0.3036249	1.407126	0.9075711	1.313734
23076	-409.494	-421.7477	12.25376	0.838278	0.052392	0.0116289	0.0977007	0.273726	1.420778	0.863658	0.5525022
23082	-405.7135	-416.2511	10.53757	0.909001	0.0142273	0.0062242	0.0705475	0.273726	1.722619	0.7677269	2.212658
23088	-406.0781	-417.7992	11.72111	0.912282	0.0291398	0.0118899	0.0466879	0.273726	2.175465	0.5174329	0.5114273
23094	-406.5752	-418.6523	12.07706	0.946527	0.0264334	0.0107856	0.0162538	0.4254131	1.422191	1.020711	0.4839373
23100	-422.1035	-432.3777	10.27417	0.581825	0.1496	0.055198	0.213376	0.701012	0.8801433	1.145469	2.770532
23106	-419.2857	-431.3039	12.01821	0.495754	0.116307	0.0225978	0.365342	0.08026887	0.7870856	1.281679	0.5112283
23112	-415.9944	-428.34	12.34564	0.871	0.0365479	0.020017	0.0724353	0.4623941	1.356421	0.5941503	0.1133718
23118	-424.4267	-436.3439	11.91712	0.928532	0.0177926	0.0213392	0.0323366	0.4250043	1.356421	1.346721	0.2871461
23124	-424.508	-436.1728	11.66481	0.853782	0.0417157	0.0312143	0.0732883	0.4250043	1.401369	0.6810615	1.177615
23130	-422.2975	-432.8827	10.58519	0.578717	0.309752	0.0302093	0.0813223	0.3731078	1.102093	0.7182675	3.064446
23136	-417.2097	-428.7851	11.57538	0.636248	0.0647564	0.0164996	0.282496	0.2496107	0.4994383	1.439304	1.536057
23142	-417.0166	-428.7544	11.73781	0.544174	0.39695	0.00804201	0.050834	0.7055444	0.5263887	1.663342	0.6323801
23148	-419.6088	-430.251	10.64222	0.738817	0.180036	0.0393052	0.0418415	0.601505	0.7754224	1.657694	1.638688
23154	-415.8646	-425.7284	9.863827	0.913009	0.00819879	0.0194212	0.0593714	0.4031929	1.555919	0.767074	3.434714
23160	-416.7653	-428.2241	11.45876	0.815549	0.00732361	0.0378647	0.139262	0.5028532	0.4118964	1.421542	1.599254
23166	-418.7088	-428.8283	10.11957	0.866584	0.000446647	0.028425	0.104544	0.7754508	0.3798182	1.489888	3.016265
23172	-413.2978	-424.9022	11.60447	0.828383	0.00939361	0.0289949	0.133228	0.6141806	0.3532289	1.443835	1.33422
23178	-410.67	-421.6876	11.01762	0.893354	0.0101304	0.0338462	0.0626692	0.5441148	0.5908472	1.573962	1.620046
23184	-414.7719	-425.5464	10.77452	0.797991	0.0808463	0.0302332	0.0909295	0.5474123	0.09044571	1.676505	2.417344
23190	-413.6157	-422.5267	8.910927	0.899608	0.0794111	0.0106941	0.0102867	0.626177	0.4409299	1.97588	4.159187
23196	-415.486	-426.1252	10.63915	0.857985	0.121178	0.0110262	0.00981074	0.4066634	0.6279039	2.067098	1.343131
23202	-411.9891	-423.3536	11.36455	0.915917	0.0535677	0.0218854	0.00862957	0.5143204	0.7242594	1.02858	1.888354
23208	-412.263	-424.5877	12.32464	0.875131	0.095713	0.0209108	0.00824529	0.7184062	0.8577227	0.8172292	0.679411
23214	-413.4701	-424.3128	10.84273	0.841264	0.0920089	0.0162246	0.0505029	0.6183747	0.4593401	1.401588	2.215167
23220	-412.459	-423.1808	10.72181	0.863597	0.0840176	0.0260204	0.0263646	0.3066233	1.351327	0.5205703	2.627223
23226	-414.8713	-426.6832	11.81196	0.92845	0.0313137	0.0210092	0.0192268	0.3600966	0.8439522	1.235445	1.125441
23232	-418.358	-430.3576	11.99962	0.74892	0.0779441	0.0583132	0.114823	0.4601558	1.112204	1.030844	0.8143907
23238	-416.4442	-428.6654	12.2212	0.784906	0.0415744	0.0523055	0.121214	0.4210926	1.116428	0.8238576	0.8143907
23244	-414.3241	-425.5389	11.21475	0.844361	0.0204339	0.0598559	0.0753489	0.4210926	1.263306	1.138924	1.383995
23250	-412.4983	-423.8448	11.34646	0.877277	0.069484	0.029779	0.0234605	0.0447526	1.48922	0.8420933	0.2269482
23256	-409.8864	-420.7156	10.82925	0.505112	0.341495	0.022444	0.130948	0.03661056	1.308616	0.9031142	0.7040254
23262	-410.3099	-422.3228	12.01284	0.326965	0.470841	0.0295847	0.17261	0.06887391	1.039462	1.030671	0.4072091
23268	-411.2232	-421.7218	10.49855	0.153666	0.735307	0.0434757	0.0675509	0.02370381	1.291232	0.8032108	0.4672762
23274	-407.6061	-419.0584	11.4523	0.956663	0.00651132	0.0032361	0.0335894	0.1954477	2.294311	0.2288536	0.3943901
23280	-410.6035	-420.9288	10.32529	0.948484	0.00753026	0.00320844	0.0407774	0.2116576	2.524845	0.2197773	1.280744
23286	-404.643	-416.4696	11.8266	0.939106	0.0173425	0.00317672	0.0403743	0.2116576	1.850292	0.2949878	0.6029115
23292	-410.6084	-422.58	11.97162	0.846426	0.043738	0.0080117	0.101824	0.2695802	2.081049	0.4074613	0.2923499
23298	-409.6457	-421.2698	11.62409	0.894397	0.0152469	0.00430796	0.0860481	0.3390359	1.405146	0.9810347	1.042763
23304	-408.1338	-419.7397	11.60586	0.869754	0.0295205	0.00834095	0.0923849	0.3390359	1.359114	0.9810347	1.108415
23310	-406.7838	-418.4172	11.63348	0.886145	0.0280663	0.00710399	0.0786843	0.3407622	1.823367	0.6049726	0.8842672
23316	-407.1691	-419.5676	12.39851	0.823462	0.0226478	0.0118787	0.142011	0.3641587	1.557577	0.6652133	0.3379179
23322	-405.6488	-417.6456	11.99677	0.86229	0.0373618	0.0222898	0.078058	0.2686726	1.946374	0.448802	0.4598171
23328	-408.0701	-420.0874	12.01736	0.885924	0.0383858	0.0229007	0.0527894	0.3322275	1.676914	0.607615	0.6623157
23334	-406.9367	-419.3317	12.39503	0.778849	0.0286007	0.017063	0.175488	0.3322275	1.648173	0.5524177	0.2854635
23340	-411.8161	-423.5179	11.70178	0.82677	0.0424225	0.00157675	0.129231	0.3968778	0.9759115	1.742533	0.1517277
23346	-412.927	-423.5888	10.66184	0.752864	0.0605215	0.00224944	0.184365	0.597982	0.8884769	2.061499	0.8660525
23352	-414.3621	-426.4014	12.03931	0.706967	0.0715459	0.00353852	0.217949	0.5196803	0.2547138	1.102481	1.532674
23358	-404.6824	-416.7908	12.10841	0.813325	0.0722843	0.00182752	0.112563	0.5075327	0.4971523	1.292374	0.9729966
23364	-411.3352	-421.7822	10.44703	0.877128	0.0414452	0.00225765	0.0791687	0.4168836	0.8388854	1.672693	2.011602
23370	-414.5172	-424.5359	10.01874	0.854398	0.076608	0.0148941	0.0541001	0.553121	0.730344	1.997579	1.921966
23376	-408.5777	-419.927	11.34922	0.830103	0.065246	0.00778834	0.0968626	0.553121	0.2976082	1.7835	1.232676
23382	-410.7836	-421.831	11.04737	0.792944	0.019296	0.0111345	0.176626	0.4546107	0.494847	1.828682	1.383012
23388	-415.5065	-426.5652	11.05874	0.82643	0.044418	0.031672	0.0974796	0.6904596	0.8231876	1.448265	1.322427
23394	-416.6093	-428.3337	11.7245	0.749583	0.0693236	0.0586768	0.122417	0.3862388	0.5541563	1.435827	1.238036
23400	-417.4489	-428.6237	11.17476	0.822583	0.0237496	0.0193283	0.134339	0.3440484	0.9593606	1.453095	1.406321
23406	-412.6079	-423.2162	10.6083	0.836914	0.0164504	0.0356265	0.111009	0.4513539	0.8385714	1.453095	2.155954
23412	-411.9891	-423.3519	11.36285	0.844638	0.0156712	0.0339391	0.105751	0.4513539	0.2800226	1.897312	1.168331
23418	-417.6502	-428.4476	10.7974	0.708667	0.092873	0.176468	0.0219922	0.6992989	0.09832265	2.180475	1.237297
23424	-413.552	-424.6421	11.09012	0.813465	0.0974435	0.0545497	0.0345416	0.8214573	0.1007722	1.899607	1.237297
23430	-415.5667	-425.2617	9.695017	0.810372	0.097073	0.00963753	0.0829176	0.7130155	0.3578546	1.500168	3.924261
23436	-412.7328	-423.895	11.16221	0.786295	0.138836	0.0484023	0.0264668	0.9025504	0.5223553	1.500168	1.221467
23442	-410.2107	-421.3224	11.11165	0.828128	0.0267631	0.0255988	0.11951	0.4549473	1.040296	1.252882	1.571147
23448	-410.9294	-421.6628	10.73341	0.921622	0.00759681	0.0284888	0.0422926	0.7255949	1.226477	1.178711	1.571147
23454	-408.7093	-421.7129	13.00362	0.823223	0.0238777	0.0442033	0.108696	0.3493322	0.8391415	0.721221	0.4517756
23460	-416.6652	-427.5382	10.87298	0.868879	0.019911	7.65224e-05	0.111134	0.2735375	1.678921	0.8251401	1.769036
23466	-411.1288	-421.4243	10.29554	0.716847	0.042951	0.000469885	0.239732	0.4531758	1.928849	0.4526505	2.23332
23472	-413.6966	-424.8342	11.13765	0.695863	0.0670204	0.000453018	0.236663	0.4328283	1.928849	0.4717763	1.224311
23478	-413.1102	-423.2441	10.13386	0.894752	0.0728293	7.76176e-05	0.0323407	0.3444991	1.85038	0.3342325	2.622368
23484	-413.6585	-424.1781	10.51965	0.887753	0.0170096	0.000354357	0.094883	0.2647442	2.037584	0.2239466	1.63936
23490	-412.71	-420.3015	7.591437	0.846203	0.0131774	0.000274521	0.140345	0.2207551	2.42637	0.1983704	6.243789
23496	-411.1337	-419.4244	8.290691	0.829215	0.0129128	0.000456196	0.157416	0.1743691	2.42637	0.1158361	3.707319
23502	-410.1121	-419.9511	9.838998	0.877172	0.0136596	0.000482579	0.108686	0.2371004	2.42637	0.1008898	1.339343
23508	-418.0613	-421.4511	3.389852	0.852713	0.0411628	0.000469123	0.105655	0.2612283	2.42637	0.1818368	26.75506
23514	-424.9938	-435.3216	10.32784	0.697313	0.148579	0.0704706	0.0836381	0.03327705	1.618786	0.6480346	0.9272725
23520	-408.9046	-418.5586	9.653978	0.440479	0.421608	0.0398472	0.0980662	0.02105436	1.776061	0.7458268	0.09665097
23526	-409.3783	-420.8042	11.42595	0.0390564	0.213502	0.00906394	0.738377	0.03751853	0.9097406	1.069721	0.1697528
23532	-410.0087	-422.0179	12.00919	0.843305	0.03819	0.00726943	0.111236	0.3188383	1.693249	0.6422387	0.6487953
23538	-411.4001	-422.8819	11.48185	0.829502	0.0465417	0.0145417	0.109415	0.4526338	1.416822	0.7266722	1.30175
23544	-409.6233	-420.9399	11.31658	0.864458	0.00636147	0.0151545	0.114026	0.4526338	1.046045	1.207804	1.392452
23550	-408.1006	-420.4553	12.35468	0.803332	0.00923034	0.0219888	0.165449	0.4163078	0.8627298	0.9710199	0.8090946
23556	-412.516	-424.4294	11.91336	0.923312	0.0108676	0.0165765	0.0492436	0.3515933	0.8713172	1.178591	1.067717
23562	-411.8257	-424.2505	12.42486	0.822167	0.0131261	0.00223993	0.162467	0.2783602	0.9652011	1.123133	0.5786134
23568	-410.7171	-422.6836	11.96654	0.750828	0.0314792	0.0024224	0.21527	0.2783602	1.343814	1.193278	0.5786134
23574	-407.0938	-419.3605	12.26672	0.821863	0.0344574	0.0120323	0.131648	0.2783602	1.710081	0.7123297	0.3369148
23580	-408.9679	-420.4876	11.51976	0.934072	0.0131743	0.0136751	0.0390782	0.3473088	2.050059	0.8913682	0.5964443
23586	-411.7886	-423.5428	11.75424	0.934072	0.0131743	0.0136751	0.0390782	0.3909392	2.050059	0.8403677	0.3591277
23592	-422.9448	-432.947	10.00221	0.280438	0.363545	0.062086	0.293931	0.1215962	0.640941	1.833659	2.45401
23598	-419.9154	-429.7889	9.873439	0.406398	0.380519	0.0571279	0.155955	0.1215962	0.8099371	1.81804	2.428013
23604	-407.2575	-419.4753	12.21781	0.854252	0.0339009	0.0123382	0.0995085	0.2972026	1.788872	0.6624971	0.3215236
23610	-404.8101	-417.5515	12.74142	0.856682	0.0271171	0.0164096	0.0997915	0.3057255	1.318414	0.5403565	0.2844057
23616	-412.1538	-422.8929	10.73905	0.866916	0.0895655	0.0088356	0.0346824	0.2693477	1.833234	0.4916735	1.935024
23622	-412.2727	-424.0698	11.79714	0.454375	0.476554	0.0282784	0.040792	0.04757617	0.8264212	1.138397	0.2506568
23628	-416.9104	-428.3774	11.46696	0.131714	0.726822	0.0579171	0.0835462	0.04757617	0.9342994	1.152365	0.5352273
23634	-408.5956	-419.4436	10.84804	0.796512	0.0398579	0.00355665	0.160074	0.3874202	1.188565	1.329285	1.66882
23640	-406.2546	-418.5615	12.30693	0.902512	0.0619391	0.00382962	0.0317194	0.4327235	1.162807	0.9064899	0.613328
23646	-406.7952	-418.4657	11.67041	0.874389	0.0112685	0.0123179	0.102025	0.3260746	0.9896585	1.62435	0.6506889
23652	-409.2422	-420.8383	11.5961	0.825031	0.0194843	0.01675	0.138735	0.457129	1.091176	0.9623834	1.320025
23658	-411.6712	-423.2641	11.59289	0.878898	0.012684	0.0106148	0.0978031	0.3968569	1.528801	0.7713371	1.086977
23664	-410.1477	-421.1169	10.96924	0.884267	0.0148122	0.000589787	0.100331	0.4082215	0.8143328	1.345788	1.940456
23670	-408.2332	-421.0636	12.83041	0.922354	0.0116257	0.000702639	0.065318	0.4082215	0.6723733	0.6787892	0.7596635
23676	-410.4682	-423.5033	13.03505	0.841018	0.0106005	0.000640679	0.147741	0.4041169	0.777147	0.6787892	0.464895
23682	-414.587	-426.513	11.92602	0.807303	0.0128394	0.000912487	0.178945	0.3468801	1.363749	0.5726934	1.055691
23688	-414.1162	-425.8237	11.70749	0.826179	0.0360353	0.000852	0.136934	0.2618718	1.839259	0.8053155	0.7201603
23694	-412.2182	-424.1188	11.90061	0.0507795	0.499587	0.0661839	0.38345	0.05692845	0.2738407	1.629358	0.3364052
23700	-411.0704	-421.8722	10.80179	0.0695364	0.46718	0.0885667	0.374717	0.0563414	0.4549234	2.030275	0.09343162
23706	-405.664	-416.6258	10.96177	0.0804394	0.366114	0.0333534	0.520093	0.02969742	0.6546969	1.352621	0.1479618
23712	-406.2138	-416.7542	10.54043	0.123577	0.721607	0.0710508	0.0837656	0.02618996	0.9536986	1.292909	0.1493939
23718	-407.4519	-418.5909	11.13899	0.15173	0.417999	0.0929387	0.337332	0.04520442	1.171771	1.218054	0.1298236
23724	-417.3764	-428.6321	11.25564	0.173224	0.76838	0.0519132	0.00648228	0.07715122	0.8089731	1.068429	1.475701
23730	-407.0324	-417.6187	10.58628	0.0556035	0.487467	0.121905	0.335024	0.04248297	0.5080856	1.735935	0.0683659
23736	-415.5892	-426.5619	10.97269	0.160757	0.301579	0.0756228	0.462041	0.04248297	0.7719836	1.668794	0.1678241
23742	-414.1117	-424.6667	10.55504	0.334933	0.512749	0.078293	0.0740247	0.05790186	0.6156951	1.975968	0.07318821
23748	-415.2855	-426.3162	11.03071	0.27856	0.523665	0.0853761	0.112399	0.07536879	1.10913	1.646022	0.09890673
23754	-409.6635	-420.7106	11.04703	0.0822009	0.575561	0.108098	0.234141	0.04219015	0.5657715	1.766582	0.177781
23760	-411.4521	-422.535	11.08284	0.15253	0.533527	0.0969018	0.217042	0.04406994	0.8820455	1.5716	0.198566
23766	-411.2769	-422.3875	11.11058	0.258198	0.433337	0.0490496	0.259415	0.04406994	0.7847759	1.564548	0.1489755
23772	-408.6169	-419.9818	11.36489	0.354538	0.502991	0.137012	0.00545936	0.03970246	0.5471618	1.157936	0.08157981
23778	-411.7035	-423.1906	11.48715	0.593062	0.266201	0.0842459	0.0564914	0.03970246	0.4578302	1.257401	0.0997569
23784	-412.0614	-424.1139	12.05252	0.0454725	0.610735	0.0945354	0.249257	0.0607546	0.8346691	1.034085	0.1407045
23790	-415.4522	-425.5269	10.07474	0.225839	0.60443	0.0935594	0.0761711	0.02687592	0.9430276	0.8516289	0.04467662
23796	-414.5767	-426.314	11.73729	0.243544	0.580409	0.0970413	0.0790058	0.04496846	1.122531	0.7785771	0.1849016
23802	-420.3188	-431.341	11.02216	0.305502	0.402667	0.0431447	0.248686	0.04984267	1.528866	1.198347	0.377013
23808	-415.6714	-426.3078	10.63637	0.384203	0.300163	0.020475	0.295159	0.02603989	1.308267	0.9209253	0.17816
23814	-413.7931	-424.2355	10.44248	0.163774	0.488109	0.0369221	0.311194	0.02396374	1.538616	0.6857357	0.17816
23820	-409.0352	-420.5624	11.52718	0.281096	0.564483	0.0355732	0.118848	0.0413065	0.7508153	1.215988	0.1578764
23826	-414.5611	-424.7767	10.21564	0.457416	0.318886	0.0465594	0.177138	0.0454851	0.6488433	2.015406	0.8347684
23832	-406.9445	-418.156	11.21151	0.786695	0.179707	0.0269808	0.00661783	0.03611463	0.9462017	1.150183	0.4169045
23838	-408.3592	-419.2587	10.89947	0.596419	0.251831	0.0239999	0.12775	0.02567485	0.8752151	0.9087194	0.5296163
23844	-410.8571	-421.2497	10.39256	0.733612	0.187087	0.0137287	0.0655728	0.02567485	1.570987	0.8561468	0.3746824
23850	-408.7503	-419.9729	11.22263	0.521958	0.28164	0.0192203	0.177182	0.04001085	0.8486725	1.142403	0.09713711
23856	-412.7968	-422.6844	9.887543	0.577987	0.239789	0.0315787	0.150645	0.03221445	1.237193	1.310618	1.080553
23862	-410.3711	-421.7294	11.35835	0.719506	0.205359	0.0270444	0.0480912	0.05208182	0.7718437	1.310618	0.7155904
23868	-412.2733	-424.3411	12.06783	0.110138	0.614717	0.0990363	0.176109	0.04635195	0.7262476	0.851222	0.4041186
23874	-412.88	-424.5274	11.64742	0.130976	0.731025	0.0615454	0.0764533	0.06789231	1.181686	1.036678	0.6130601
23880	-413.9902	-426.0954	12.10513	0.304385	0.372764	0.0107245	0.312126	0.1002119	0.7513589	1.421757	0.4476859
23886	-414.1191	-425.8711	11.752	0.240195	0.320866	0.0352363	0.403703	0.08639925	0.978358	1.159986	0.7759518
23892	-412.5986	-424.8454	12.24684	0.582927	0.290834	0.0503054	0.0759339	0.1019097	0.7319399	1.248389	0.5540502
23898	-412.6113	-424.2904	11.67912	0.201004	0.527457	0.0423107	0.229228	0.05331348	1.341354	0.8708995	0.2299449
23904	-411.3731	-422.046	10.67287	0.427262	0.367258	0.0938875	0.111593	0.0534466	1.507444	0.7319479	1.270178
23910	-415.2003	-426.2663	11.06599	0.0403788	0.669601	0.100333	0.189687	0.06873797	1.476339	0.5524692	1.243292
23916	-419.0052	-427.9605	8.955312	0.0304306	0.739828	0.0867879	0.142954	0.07527147	1.663616	0.406214	4.292327
23922	-413.1998	-424.9204	11.7205	0.0743089	0.71799	0.0751753	0.132526	0.07536442	1.33182	0.5038003	0.8177897
23928	-413.381	-425.3965	12.01547	0.721501	0.181165	0.0453133	0.0520202	0.1183438	1.547453	0.8497872	0.4726299
23934	-411.0342	-423.3373	12.30315	0.391591	0.341456	0.0245936	0.24236	0.104519	1.109247	0.9380351	0.4719876
23940	-421.9185	-432.2077	10.28917	0.854217	0.0415631	0.0280438	0.0761758	0.4673081	0.8893283	0.6884633	3.871661
23946	-425.4507	-437.3294	11.87861	0.828896	0.048192	0.106542	0.0163694	0.779005	0.8257125	0.8603276	1.04719
23952	-416.6202	-426.4355	9.815291	0.368961	0.371873	0.019394	0.239772	0.2345883	1.757606	0.3469019	3.385143
23958	-413.6368	-426.5495	12.91274	0.154031	0.551459	0.0220388	0.272471	0.1395319	0.8551738	0.857632	0.303489
23964	-418.0304	-430.1614	12.13103	0.294943	0.313933	0.0422005	0.348923	0.1882434	0.4881984	1.811346	0.4220656
23970	-421.5987	-433.1156	11.51698	0.158476	0.530488	0.0365408	0.274495	0.161204	0.4348463	2.281268	0.3061653
23976	-419.3264	-430.693	11.36662	0.258773	0.422693	0.0374218	0.281113	0.2633357	1.285496	1.004025	1.457722
23982	-424.9963	-436.8866	11.89029	0.577502	0.131852	0.0457263	0.244919	0.6243248	1.503725	0.7659492	0.6091244
23988	-419.3007	-431.9741	12.67341	0.768424	0.0651901	0.0344573	0.131929	0.3668213	1.250566	0.7676451	0.2481698
23994	-414.7856	-424.1315	9.345869	0.803553	0.167559	0.0139236	0.0149644	0.702859	1.091728	0.9309507	4.517338
24000	-409.1912	-420.097	10.90579	0.89657	0.078683	0.0155353	0.00921135	0.4208171	0.8042259	1.59104	1.613824
24006	-415.3583	-427.8806	12.5223	0.736111	0.171043	0.012755	0.080091	0.4559653	0.8003456	0.9687225	0.677143
24012	-420.8264	-432.1478	11.32138	0.498352	0.316478	0.0572516	0.127918	0.04975696	1.117938	0.8994514	0.7951457
24018	-414.0606	-423.8954	9.834781	0.608894	0.289153	0.0696571	0.0322962	0.04975696	1.052826	0.8862844	2.703854
24024	-417.1686	-429.6295	12.46082	0.682797	0.133345	0.0474715	0.136387	0.3920449	1.536604	0.5832847	0.2392548
24030	-418.8149	-429.0364	10.22144	0.490973	0.393368	0.0466872	0.0689726	0.04049464	1.056069	1.492012	1.015413
24036	-413.3206	-424.4844	11.16384	0.793114	0.139989	0.0247555	0.0421416	0.06406347	0.7127942	1.902248	0.3773191
24042	-415.285	-427.0799	11.79496	0.775605	0.0753475	0.0869807	0.0620671	0.6846076	0.8652391	1.308576	0.7228858
24048	-417.0808	-429.2641	12.18333	0.882767	0.018272	0.0283187	0.0706426	0.4943722	0.3320656	1.261044	1.116187
24054	-425.7295	-437.3832	11.65365	0.353214	0.315209	0.110805	0.220771	0.4943722	1.04304	1.353226	0.8232284
24060	-420.7446	-432.1178	11.37319	0.417697	0.346715	0.12726	0.108328	0.4803612	0.6310405	1.946383	0.7124413
24066	-425.9349	-436.8952	10.96031	0.524922	0.0752983	0.361681	0.0380993	2.554795	0.9148071	0.6619174	0.5453867
24072	-423.2967	-434.8108	11.51411	0.358432	0.0927875	0.445686	0.103095	1.160434	0.6547839	1.072349	0.9946026
24078	-420.5118	-431.0794	10.56764	0.651568	0.254695	0.0591857	0.0345507	1.53156	0.6773333	1.239317	1.418622
24084	-428.5017	-434.2916	5.7899	0.644494	0.168597	0.0603191	0.12659	1.602322	0.8490685	1.239317	12.96281
24090	-414.7774	-426.9551	12.17773	0.74277	0.194306	0.0594651	0.00345889	0.6916009	1.114719	0.5890004	0.7240391
24096	-412.2994	-424.9597	12.66027	0.785885	0.205585	0.00487066	0.00365967	0.2915924	0.9815802	0.981324	0.4725744
24102	-414.2668	-426.9332	12.66647	0.298202	0.648329	0.0107866	0.0426818	0.1987282	0.8863237	0.8845209	0.6350035
24108	-411.6576	-423.7859	12.12832	0.888327	0.0447267	0.0449884	0.0219581	0.3906184	1.043579	0.6916941	1.092352
24114	-411.039	-422.8126	11.77357	0.793867	0.0775763	0.064957	0.0635999	0.5158331	1.049696	0.8843349	1.188529
24120	-412.8479	-425.162	12.31417	0.783846	0.0800687	0.031913	0.104172	0.4414645	0.800475	1.453911	0.2089083
24126	-411.0991	-423.2541	12.15493	0.845492	0.00451263	0.0349109	0.115085	0.4277893	1.106482	1.159776	0.568061
24132	-412.8536	-424.8096	11.95592	0.813181	0.00535608	0.0448686	0.136595	0.3964897	0.7314934	1.160638	1.153827
24138	-406.0259	-418.4813	12.45541	0.826297	0.0252049	0.00969986	0.138798	0.3985016	0.8437896	0.9875333	0.7305312
24144	-408.81	-421.1668	12.35672	0.873445	0.0281112	0.0108183	0.0876258	0.334028	0.9467681	1.03042	0.7305312
24150	-406.968	-419.5414	12.57343	0.859135	0.0444879	0.0101867	0.0861903	0.334028	1.117848	0.620713	0.09593448
24156	-409.226	-421.6795	12.45349	0.844753	0.0224846	0.00727884	0.125484	0.3727872	1.407817	0.3159171	0.3950677
24162	-411.2343	-423.4722	12.23786	0.949186	0.0252643	0.00785313	0.017697	0.2671742	1.052857	0.5840812	1.088427
24168	-405.2242	-417.2353	12.0111	0.949658	0.0252769	0.00735897	0.0177058	0.2894411	2.044027	0.4211131	0.2860383
24174	-414.6811	-425.9936	11.31247	0.942578	0.0250884	0.0129531	0.0193804	0.2484438	2.044027	0.5113118	1.035472
24180	-409.3367	-420.4196	11.08291	0.896795	0.0238698	0.012324	0.067011	0.2610838	2.120088	0.3762461	1.155118
24186	-410.8466	-422.2729	11.42627	0.92772	0.0094349	0.00976239	0.0530826	0.2997118	2.371818	0.356272	0.5497922
24192	-408.6381	-420.9454	12.30732	0.969568	0.00432734	0.0102028	0.0159018	0.2428134	1.686189	0.5718675	0.4009847
24198	-408.4733	-420.8188	12.34547	0.929369	0.00414792	0.00920111	0.0572825	0.2428134	1.152318	0.7712554	0.790335
24204	-409.5339	-421.7909	12.25707	0.868193	0.00387489	0.00859545	0.119337	0.328719	0.9954461	0.9461054	0.8616874
24210	-410.7076	-422.5466	11.83905	0.874882	0.0807196	0.0299834	0.0144152	0.4157838	0.03815783	1.71501	1.233623
24216	-410.4307	-421.9843	11.55357	0.87523	0.0807517	0.0299954	0.0140226	0.5494671	0.03094298	1.828585	1.233623
24222	-414.2255	-425.8565	11.631	0.822998	0.124015	0.0339637	0.0190227	0.6253067	0.0138545	1.726108	1.241859
24228	-416.8667	-429.6761	12.80936	0.87911	0.0483008	0.0553242	0.0172649	0.4578016	0.04563938	1.232674	0.8472171
24234	-412.5814	-425.5404	12.959	0.87911	0.0483008	0.0553242	0.0172649	0.4578016	0.3982273	0.7759407	0.7977448
24240	-409.7865	-421.8561	12.06959	0.854961	0.059322	0.0689259	0.0167907	0.4018692	0.9918616	0.847323	1.084944
24246	-410.8862	-423.5921	12.70592	0.863987	0.0599483	0.0730516	0.00301276	0.5161638	0.3777014	1.008297	0.8106943
24252	-404.4844	-415.9878	11.5034	0.942097	0.00793877	0.00351267	0.0464519	0.2915648	2.540517	0.6283307	0.2717285
24258	-409.0986	-420.4152	11.3166	0.914701	0.0276926	0.00371912	0.0538877	0.287042	2.540517	0.9049139	0.2717285
24264	-409.5739	-420.2395	10.66565	0.932549	0.028233	0.00948582	0.0297325	0.287042	2.557399	1.026511	0.8326667
24270	-410.5798	-422.906	12.32615	0.939963	0.0205063	0.00956125	0.029969	0.4074056	1.146258	0.8340039	0.6902341
24276	-409.009	-421.0692	12.06022	0.851291	0.0147565	0.0228601	0.111092	0.4074056	1.112059	1.088127	0.7449122
24282	-410.9594	-422.1999	11.24047	0.345788	0.33353	0.0330227	0.287659	0.04205089	1.172698	1.187372	0.2558171
24288	-408.7417	-420.6094	11.8677	0.30862	0.573876	0.05475	0.0627541	0.04622722	0.9873955	0.8669325	0.2264957
24294	-413.8743	-425.2912	11.41691	0.567999	0.219246	0.0405977	0.172158	0.04851321	1.140106	1.213737	0.2284603
24300	-413.0782	-424.9979	11.9197	0.0154936	0.814928	0.05985	0.109728	0.07034873	0.7474583	1.394411	0.1653661
24306	-411.9121	-423.7932	11.88114	0.0411452	0.541351	0.117142	0.300362	0.07632195	0.3795942	1.786882	0.2862
24312	-416.3658	-428.5243	12.15842	0.074021	0.638998	0.0805199	0.206461	0.08024079	1.215289	0.7119164	0.1280637
24318	-407.8182	-419.1938	11.37563	0.32379	0.334654	0.0394126	0.302144	0.04033175	0.873369	1.129416	0.1254285
24324	-410.5018	-422.3601	11.85837	0.213036	0.537635	0.0197117	0.229617	0.05051991	0.8733979	1.104126	0.2392723
24330	-408.1508	-419.6753	11.52447	0.275445	0.600871	0.0710899	0.0525944	0.04674711	0.7098271	1.383732	0.3933647
24336	-411.951	-422.8166	10.86565	0.371999	0.525057	0.05453	0.048414	0.07424905	0.1791476	1.959466	1.264736
24342	-417.1382	-428.7235	11.58526	0.528632	0.180328	0.0559368	0.235102	0.06964161	0.861745	1.596908	0.2233359
24348	-412.897	-423.5602	10.66327	0.615782	0.148699	0.045266	0.190253	0.07556186	0.9214806	1.596908	1.260356
24354	-417.0665	-429.0311	11.96461	0.503816	0.189814	0.0635137	0.242857	0.0748956	0.4918534	1.641205	0.2458677
24360	-411.5598	-422.0219	10.46212	0.616561	0.273504	0.0441414	0.0657936	0.07266238	1.061017	1.653565	1.205239
24366	-410.0843	-422.065	11.98074	0.665294	0.260884	0.0296414	0.044181	0.05969925	0.467352	1.001561	0.07125939
24372	-411.1188	-422.3706	11.25185	0.608868	0.231628	0.0203582	0.139145	0.03688945	1.140056	0.9367372	0.1451164
24378	-413.6293	-424.8065	11.17719	0.425085	0.403613	0.0146262	0.156675	0.04115492	1.029414	1.049558	0.09673223
24384	-418.0261	-429.0692	11.04314	0.395753	0.400608	0.0502574	0.153381	0.04097249	0.652568	1.107178	1.085026
24390	-415.9224	-421.9564	6.03398	0.462007	0.308435	0.0586711	0.170886	0.04148356	0.9380104	1.107178	12.44358
24396	-409.7303	-420.1693	10.43902	0.658362	0.162152	0.0254884	0.153998	0.04771918	0.7830393	1.194635	1.72235
24402	-413.3295	-424.6807	11.35119	0.166713	0.391223	0.0348922	0.407172	0.04567951	0.8675434	1.42758	0.2761024
24408	-410.7714	-422.7957	12.02433	0.0835576	0.783187	0.0311633	0.102092	0.07381622	0.6544568	1.465561	0.2761024
24414	-416.6463	-427.6949	11.04861	0.72033	0.196049	0.0161282	0.067493	0.3267552	1.264507	0.591319	2.236032
24420	-411.3057	-422.0121	10.70634	0.00234998	0.798232	0.11217	0.0872482	0.03430511	1.047202	1.490778	0.2688659
24426	-408.7575	-420.4469	11.68934	0.00773944	0.672002	0.0944313	0.225828	0.05436186	1.220597	0.9393066	0.1600689
24432	-409.2705	-419.9682	10.69773	0.00472507	0.70574	0.151663	0.137872	0.03264443	1.334694	0.6169799	0.0762938
24438	-409.0713	-419.9647	10.89349	0.00957904	0.820019	0.103059	0.0673432	0.02502031	0.9693453	0.8094431	0.1314361
24444	-411.5351	-422.8205	11.28537	0.00758675	0.815764	0.107661	0.068988	0.03864697	1.367419	0.8094431	0.3203749
24450	-413.3007	-424.3732	11.07247	0.0215782	0.848768	0.0346232	0.0950309	0.0463189	1.698913	0.8458122	0.1458124
24456	-410.4105	-421.4055	10.99501	0.0277162	0.268428	0.0444717	0.659384	0.0463189	1.028069	1.457842	0.125192
24462	-411.8173	-423.2163	11.39903	0.0241371	0.269417	0.0446354	0.661811	0.04636221	0.6913884	1.481558	0.1577446
24468	-408.0499	-419.6751	11.6252	0.0133347	0.42818	0.0422905	0.516195	0.04347297	0.4386165	1.363915	0.1248669
24474	-410.5533	-422.1546	11.60133	0.0836717	0.290571	0.0645025	0.561255	0.05908164	0.756798	1.535496	0.2054947
24480	-409.8703	-420.8967	11.02642	0.151304	0.52544	0.0830852	0.24017	0.05418315	1.006318	1.440338	0.6938436
24486	-413.3372	-425.3637	12.02649	0.100575	0.52328	0.0827436	0.293401	0.05367251	0.5424811	1.298521	0.2207855
24492	-413.8894	-425.1625	11.27314	0.146453	0.630757	0.0623608	0.160429	0.05251696	1.722845	0.524047	0.5250182
24498	-411.5052	-422.4582	10.95296	0.132311	0.666413	0.0563389	0.144937	0.0416255	1.77184	0.4876939	0.5137775
24504	-418.3396	-426.4834	8.143811	0.857634	0.103534	0.00811403	0.030717	0.3867237	1.072426	0.9345278	8.721941
24510	-415.8199	-423.6934	7.873507	0.811596	0.0983811	0.00843809	0.0815847	0.3867237	0.8566835	0.860153	10.74563
24516	-420.2935	-428.9952	8.7017	0.644657	0.294337	0.0256876	0.0353181	1.255049	1.240766	0.8900669	4.471205
24522	-419.7707	-430.832	11.06129	0.323533	0.58436	0.00431071	0.0877959	1.017109	1.9517	0.1990938	0.3550258
24528	-415.2725	-424.6924	9.419881	0.669499	0.140238	0.00858412	0.181679	0.1652378	2.334066	0.126778	2.109714
24534	-415.2239	-425.4024	10.17852	0.314124	0.338111	0.0310084	0.316757	0.02726097	1.52868	1.240943	0.3046168
24540	-415.2001	-426.82	11.61987	0.415985	0.274305	0.0190346	0.290675	0.1060114	0.7770327	1.433393	0.9121886
24546	-420.2031	-432.3415	12.13845	0.371065	0.352669	0.0169792	0.259287	0.1606991	0.9006373	1.502941	0.3842761
24552	-414.5497	-426.0658	11.51608	0.812571	0.0940159	0.00838322	0.08503	0.4386593	1.200534	0.9759926	1.292351
24558	-415.3537	-425.5566	10.20295	0.825045	0.109616	0.0234135	0.041926	0.796195	1.498591	0.6562611	2.42335
24564	-406.8071	-418.9777	12.17052	0.923837	0.0247002	0.00696972	0.0444933	0.2890183	1.462545	0.7129412	0.6920114
24570	-414.73	-425.6897	10.95968	0.776341	0.0989779	0.0279288	0.0967525	0.3745559	1.463074	0.7428084	1.940454
24576	-412.3172	-423.4911	11.17384	0.856461	0.0675549	0.0099477	0.066036	0.4780981	1.463074	1.30767	0.9521219
24582	-411.0834	-422.1966	11.11319	0.864207	0.0591224	0.0100377	0.0666331	0.4101143	2.060567	1.413467	0.3418778
24588	-414.2465	-426.1438	11.89735	0.738944	0.170563	0.0134074	0.077086	0.4893234	1.911878	0.4061888	0.4167708
24594	-419.4235	-431.6444	12.22091	0.63052	0.126149	0.0392746	0.204056	0.4649995	1.721361	0.4616803	0.2540679
24600	-417.1717	-428.9167	11.74498	0.832168	0.0968034	0.0071888	0.0638396	0.4139519	1.798969	1.132943	0.2431834
24606	-412.7503	-425.0283	12.27808	0.776615	0.150395	0.0505786	0.022412	0.453303	1.099256	0.6357884	0.07353986
24612	-410.667	-422.086	11.41893	0.311526	0.632845	0.0399724	0.0156565	0.04639149	1.253683	0.8139682	0.5615866
24618	-418.825	-428.5358	9.710758	0.262876	0.474661	0.15035	0.112113	0.06030672	1.343803	0.7323348	2.966311
24624	-421.1102	-431.6258	10.51557	0.112172	0.449043	0.12276	0.316025	0.04146674	1.473279	0.4268946	1.221009
24630	-411.1011	-423.1956	12.09441	0.0273049	0.833267	0.0390082	0.10042	0.07637443	1.357019	0.5460247	0.1442186
24636	-413.3598	-424.1267	10.76694	0.36909	0.552544	0.0400705	0.0382957	0.03332575	1.53893	0.3674561	0.5804857
24642	-417.0224	-426.8841	9.861685	0.446248	0.43852	0.068114	0.0471186	0.03620914	1.729806	0.4522627	1.465055
24648	-414.8474	-426.2688	11.42141	0.125918	0.624946	0.0592817	0.189855	0.08293022	1.971391	0.277176	0.424323
24654	-412.2536	-423.1088	10.8552	0.850318	0.0456792	0.0229024	0.0810999	0.5772311	1.836601	0.2102089	1.167338
24660	-413.1766	-425.0271	11.85049	0.794467	0.108362	0.0213981	0.0757731	0.2482374	1.836601	0.2102089	0.4343549
24666	-412.2976	-423.3735	11.07587	0.851514	0.0443371	0.0229347	0.081214	0.454075	2.115362	0.2142604	0.8034716
24672	-412.7757	-425.382	12.6063	0.0195316	0.739392	0.151031	0.0900449	0.1285358	0.9947425	0.9594521	0.3656636
24678	-417.998	-430.1301	12.13207	0.0386796	0.573578	0.133325	0.254417	0.04217556	0.5681417	0.9160836	0.2552712
24684	-412.0359	-423.3463	11.31046	0.0284281	0.606816	0.0979893	0.266767	0.05089232	0.9974312	1.423825	0.1746581
24690	-414.2446	-425.514	11.26942	0.020244	0.524636	0.0635758	0.391545	0.04974683	1.556723	0.7939176	0.5081091
24696	-419.6321	-431.0409	11.40882	0.0248905	0.71316	0.16717	0.094779	0.04670771	1.428316	0.5877748	0.5330014
24702	-411.1934	-422.4593	11.26587	0.859212	0.0880988	0.00652383	0.0461656	0.4411261	2.379192	0.1981516	0.2391372
24708	-414.4862	-424.1633	9.677093	0.92466	0.0423437	0.00702077	0.0259755	0.8194295	2.801934	0.07090186	0.2743685
24714	-414.8925	-424.9193	10.02685	0.835928	0.128424	0.00634704	0.0293009	0.8194295	2.423949	0.07090186	0.1877708
24720	-411.3299	-421.9206	10.59078	0.86336	0.10096	0.013601	0.0220789	0.5607413	2.422585	0.1072224	0.4045914
24726	-418.737	-429.4823	10.7454	0.680154	0.259309	0.00888172	0.0516559	0.2133081	2.422585	0.1432219	0.6888669
24732	-413.366	-422.4593	9.093229	0.734287	0.090938	0.0138809	0.160894	0.3095439	2.422585	0.2034553	3.031424
24738	-416.1211	-427.8306	11.70955	0.725376	0.0943314	0.0133952	0.166898	0.3080594	1.901204	0.2962143	0.6632738
24744	-413.2383	-425.5202	12.28197	0.839257	0.111232	0.0162661	0.0332457	0.5167958	1.438297	0.8542197	0.237351
24750	-412.5311	-424.5253	11.99421	0.285581	0.214299	0.0103744	0.489746	0.06359371	1.205712	0.8712338	0.2128156
24756	-410.249	-422.0019	11.75291	0.608667	0.313488	0.0189838	0.0588612	0.04827638	1.085514	0.9430083	0.2232063
24762	-405.087	-415.7906	10.70357	0.932303	0.0341196	0.00560109	0.0279766	0.0262167	1.235324	0.6464581	0.5820507
24768	-405.778	-416.1632	10.38522	0.904343	0.0784988	0.00541702	0.0117416	0.02229133	1.400688	0.5949546	0.4814613
24774	-410.8317	-421.2413	10.40963	0.672114	0.30069	0.0214106	0.00578541	0.03346523	1.019492	0.9453479	1.243677
24780	-407.8931	-418.8507	10.95763	0.519505	0.439838	0.0321946	0.00846267	0.0287115	0.9234088	1.016925	0.1265657
24786	-408.8489	-419.6629	10.81397	0.451917	0.175631	0.0171499	0.355302	0.03540428	0.9036323	1.50479	0.1651954
24792	-417.2101	-426.7493	9.539209	0.411926	0.409734	0.0593813	0.118959	0.03172302	1.530089	1.729717	0.5690564
24798	-414.2746	-425.6627	11.38811	0.493453	0.403437	0.0294232	0.0736872	0.04475057	0.4447344	1.326886	0.8064338
24804	-412.5628	-421.9772	9.414356	0.709159	0.109046	0.0396651	0.14213	0.02559419	1.233236	1.028927	1.560163
24810	-410.8537	-423.2148	12.36114	0.732021	0.0811773	0.00550226	0.181299	0.286275	0.7267337	1.119117	0.867917
24816	-409.5962	-422.1643	12.56809	0.802715	0.0465055	0.065902	0.0848779	0.4449802	0.529057	1.031534	0.8414672
24822	-409.6012	-420.4142	10.81291	0.619039	0.29237	0.0456849	0.0429057	0.02501637	0.8230562	0.9783749	0.5588829
24828	-414.8961	-425.9239	11.02782	0.721504	0.0621732	0.00254313	0.213779	0.05658839	0.6304294	1.578877	0.9206128
24834	-413.4591	-424.5142	11.0551	0.719279	0.0619814	0.0056195	0.21312	0.07348268	0.8998782	1.550154	0.9206128
24840	-407.8285	-419.5498	11.72125	0.632321	0.327628	0.0227615	0.0172903	0.04144187	0.8835506	0.9728728	0.1997637
24846	-411.8296	-423.0904	11.26076	0.406488	0.472008	0.0462097	0.0752945	0.03841547	1.165787	1.043696	0.3270144
24852	-411.5807	-423.0893	11.50861	0.55024	0.289159	0.0587634	0.101838	0.05181546	1.069257	0.7986117	0.08041518
24858	-410.3232	-421.4888	11.16561	0.276611	0.631559	0.0821566	0.00967248	0.03292123	1.055743	0.9960574	0.1674715
24864	-409.8154	-420.4976	10.68223	0.330635	0.588943	0.0360756	0.0443461	0.02389433	1.364679	0.5678539	0.3171635
24870	-423.8138	-434.1926	10.37882	0.459915	0.303477	0.0380764	0.198532	0.07434767	2.1223	0.2864066	1.230285
24876	-411.9072	-421.3781	9.470887	0.771877	0.119701	0.0169624	0.0914596	0.02414455	2.246846	0.3462089	0.6389476
24882	-407.3564	-417.9251	10.56875	0.744701	0.111264	0.00924704	0.134788	0.0337839	1.877441	0.3462089	0.442834
24888	-408.8008	-419.8134	11.01261	0.74658	0.11131	0.0106069	0.131503	0.0460889	1.879041	0.5521925	0.4705991
24894	-413.3161	-424.2456	10.92952	0.74658	0.11131	0.0106069	0.131503	0.02797436	1.067016	0.9504398	0.4019558
24900	-408.3561	-418.546	10.18988	0.648983	0.166658	0.0116981	0.172661	0.02710723	2.032642	0.6048617	0.3541121
24906	-406.6234	-416.6886	10.06522	0.663628	0.161335	0.0101507	0.164886	0.02210803	1.53788	0.6488906	0.6248012
24912	-406.7453	-416.7497	10.00431	0.769944	0.111019	0.0117769	0.10726	0.03036249	2.041294	0.6722367	0.6896694
24918	-411.4422	-421.8805	10.43827	0.616396	0.0938876	0.0219458	0.26777	0.03036249	1.855522	0.4815231	0.4971223
24924	-412.404	-423.5517	11.14769	0.24246	0.644126	0.0104207	0.102994	0.04002418	1.238421	1.058968	0.4305056
24930	-414.6317	-423.2032	8.571569	0.0683345	0.766711	0.0141397	0.150815	0.03469372	1.694672	0.6719387	3.204431
24936	-415.4777	-423.3354	7.857684	0.058062	0.542149	0.0314058	0.368383	0.05382584	1.493434	0.6105588	6.548
24942	-410.5666	-421.425	10.85839	0.0561976	0.666854	0.0858301	0.191118	0.05214499	1.493434	0.6687546	1.097904
24948	-411.8048	-424.2353	12.43053	0.597145	0.28102	0.0255165	0.0963183	0.0740973	1.062866	0.6687546	0.2646512
24954	-416.144	-427.9291	11.78516	0.61271	0.377954	0.00117122	0.00816478	0.8860916	1.057418	0.7411274	0.8880489
24960	-414.8047	-426.5403	11.73559	0.702652	0.173383	0.0192104	0.104755	0.0621098	0.5740447	0.9468607	1.120621
24966	-414.3396	-426.1907	11.85114	0.318972	0.258633	0.0249497	0.397446	0.0621098	0.9920232	1.025026	0.5269499
24972	-412.5869	-423.7117	11.12479	0.556064	0.239758	0.024405	0.179772	0.05603579	0.4605471	1.675592	0.8509697
24978	-410.2244	-422.1437	11.91931	0.408341	0.413993	0.0582564	0.119409	0.05603579	0.4262242	1.505181	0.3006179
24984	-410.3784	-420.8743	10.49591	0.189556	0.413002	0.0627314	0.334711	0.02290465	1.11523	1.059605	0.3231346
24990	-409.4372	-421.0707	11.63348	0.174513	0.602836	0.044073	0.178578	0.05383688	1.479691	0.7046761	0.179075
24996	-412.4807	-422.044	9.563351	0.214207	0.678399	0.0519479	0.0554458	0.03924285	2.182368	0.332983	1.339815
25002	-412.8376	-422.9956	10.15797	0.582381	0.293354	0.0501825	0.0740834	0.03728412	2.037014	0.2575692	0.7085021
25008	-412.4142	-422.47	10.05581	0.817078	0.13708	0.0122099	0.0336316	0.02906408	2.105571	0.728994	0.4814297
25014	-407.1492	-419.942	12.79282	0.814483	0.0334472	0.0189518	0.133118	0.4679303	0.3209031	1.300866	0.5123077
25020	-413.0798	-424.5815	11.50174	0.784458	0.0830628	0.0182532	0.114226	0.5157893	0.1226314	2.136276	0.7673217
25026	-409.6397	-421.0676	11.42796	0.784999	0.150994	0.0189757	0.0450313	0.535372	0.2035777	1.692671	1.411813
25032	-421.5674	-429.2282	7.660776	0.110723	0.683918	0.0703702	0.134989	0.1222484	0.7100252	1.777387	7.68622
25038	-421.9091	-425.0623	3.153146	0.0613103	0.76284	0.0602583	0.115592	0.04637107	1.575881	0.5560128	30.25569
25044	-410.6381	-422.1713	11.53317	0.834487	0.0389903	0.00817155	0.118351	0.6096204	0.1755328	1.436891	1.637562
25050	-415.2727	-425.4356	10.16291	0.870113	0.0163394	0.00509973	0.108447	0.6016154	0.296748	2.130206	1.971744
25056	-408.3201	-419.6499	11.32987	0.806633	0.0243251	0.00759217	0.16145	0.494053	0.3506794	2.018944	0.90549
25062	-413.7154	-424.315	10.59959	0.793318	0.0191867	0.00857656	0.178918	0.3198386	1.36312	1.33269	1.813278
25068	-409.6653	-421.8161	12.15083	0.862575	0.016566	0.00740507	0.113454	0.4189647	0.7410025	1.001663	1.098807
25074	-411.5216	-424.3437	12.82213	0.872747	0.0153398	0.00685695	0.105057	0.3793306	0.7918465	0.7975585	0.6048558
25080	-412.7735	-425.2564	12.48285	0.853626	0.0176447	0.00788726	0.120842	0.5721162	0.7771327	0.9917782	0.6048558
25086	-410.2625	-422.4815	12.219	0.853626	0.0176447	0.00788726	0.120842	0.3001558	1.353528	0.6811908	0.7621465
25092	-410.8012	-422.8978	12.09655	0.836183	0.0172841	0.00772609	0.138807	0.2379668	1.612853	0.5240548	0.6915546
25098	-408.3207	-420.4145	12.09373	0.892515	0.0377692	0.0115526	0.0581631	0.2998363	1.747614	0.5825483	0.545761
25104	-408.3684	-420.2407	11.87223	0.892515	0.0377692	0.0115526	0.0581631	0.3410038	1.874247	0.5248743	0.6258044
25110	-409.8154	-421.6552	11.83981	0.847647	0.0630051	0.0341083	0.0552392	0.4276428	1.066395	1.509925	0.488191
25116	-408.9814	-421.0804	12.09902	0.803261	0.137784	0.0315861	0.0273685	0.4276428	1.066395	1.263205	0.5435769
25122	-423.0449	-435.2766	12.23171	0.178681	0.393199	0.0880332	0.340086	0.2720117	1.692037	0.2729533	0.2829174
25128	-420.0885	-431.6334	11.54481	0.0903633	0.509311	0.0121931	0.388133	0.151971	2.125991	0.3401201	0.5809566
25134	-416.7914	-429.0163	12.22492	0.587285	0.305438	0.0822697	0.0250073	0.6074348	1.044672	1.201779	0.2807734
25140	-413.8898	-424.8204	10.93053	0.748712	0.17441	0.0657164	0.0111623	0.4271762	0.6409051	1.796935	1.430442
25146	-413.096	-425.3582	12.26217	0.758757	0.17675	0.0219261	0.0425669	0.4062636	0.7753018	1.330313	0.6053145
25152	-416.0409	-427.8435	11.80267	0.646992	0.205134	0.0339333	0.113941	0.6040708	0.763452	1.330313	0.8681392
25158	-419.4991	-427.5453	8.0462	0.780794	0.0614781	0.032458	0.125269	0.5625721	0.8167998	1.225429	8.304086
25164	-415.7987	-428.6733	12.87459	0.661882	0.317717	0.0117422	0.00865807	0.6998993	0.04332805	1.408679	0.2767993
25170	-411.4246	-423.9958	12.57114	0.879487	0.055256	0.00068897	0.0645684	0.7882177	0.03147605	1.57456	0.2237918
25176	-415.6993	-428.4537	12.75438	0.669616	0.265523	0.00331073	0.0615503	0.5959929	0.05601334	1.57456	0.245618
25182	-414.2243	-426.5011	12.27677	0.887231	0.0268289	0.00438667	0.0815532	0.5959929	0.3371485	1.619028	0.1364266
25188	-411.5459	-423.6206	12.07479	0.769873	0.0230496	0.00376874	0.203308	0.5959929	0.5345116	1.146423	0.06022703
25194	-408.9786	-420.7902	11.8116	0.872536	0.0163326	0.00546044	0.105671	0.4336765	0.8301049	1.252998	0.05991262
25200	-407.526	-419.9311	12.40515	0.907004	0.0288921	0.00567614	0.0584281	0.2695742	1.178103	1.169663	0.2173361
25206	-406.8307	-418.8715	12.04074	0.932264	0.0207761	0.00322716	0.0437323	0.2711568	1.098796	1.48022	0.1644092
25212	-410.3164	-422.9421	12.62568	0.840217	0.0671568	0.00570326	0.0869235	0.3546803	1.138049	0.9622251	0.2856782
25218	-410.1159	-420.1984	10.08249	0.842268	0.0143837	0.00571718	0.137631	0.357506	0.9361966	1.282403	3.291843
25224	-412.2341	-423.3537	11.11962	0.864151	0.0469353	0.00634424	0.0825695	0.314228	0.9252321	1.326973	1.723122
25230	-411.2574	-423.2608	12.00343	0.863153	0.046881	0.00633692	0.0836291	0.3059084	0.8046727	1.207095	1.037491
25236	-407.1738	-418.6216	11.44782	0.894019	0.0100988	0.00724233	0.08864	0.3059084	1.802967	0.7433533	1.037491
25242	-406.702	-418.4764	11.77435	0.933767	0.0215556	0.00387372	0.040804	0.2963667	1.307851	0.6787853	1.257641
25248	-406.6194	-418.2831	11.66368	0.82828	0.0915191	0.00978262	0.070418	0.4418607	1.028921	1.243542	1.008533
25254	-409.0373	-420.1878	11.15055	0.801082	0.0885139	0.00946139	0.100943	0.4056877	0.8959088	1.471129	1.425195
25260	-411.3782	-423.9743	12.59611	0.828648	0.0580134	0.00892237	0.104416	0.3173295	0.7418455	1.355552	0.2114367
25266	-411.9142	-424.3359	12.42168	0.933381	0.0509258	0.00133205	0.0143615	0.5492708	0.713976	0.792148	0.06934826
25272	-411.279	-423.9854	12.70635	0.827075	0.107103	0.00209582	0.0637264	0.5410665	1.023933	0.5758343	0.1385289
25278	-413.4649	-426.0735	12.60855	0.651039	0.0804135	0.00157356	0.266974	0.4803096	1.155484	0.5791308	0.4840407
25284	-412.5777	-424.1381	11.56033	0.93943	0.0138902	0.000564563	0.0461157	0.7429185	1.309536	0.6979577	1.035127
25290	-416.6597	-427.9164	11.25667	0.754527	0.170023	0.000437072	0.0750125	0.469572	1.102197	0.6208121	1.999544
25296	-421.5183	-429.0562	7.537924	0.861555	0.0163456	0.000499069	0.121601	0.181134	1.606112	0.4852321	9.944821
25302	-421.3596	-432.51	11.15045	0.0144386	0.735605	0.0624579	0.187498	0.1699038	0.9103996	1.330436	1.651985
25308	-415.5992	-428.1535	12.55433	0.0333321	0.828597	0.0345005	0.10357	0.1459136	1.417724	0.4648208	0.2472569
25314	-412.4798	-423.5196	11.03983	0.336797	0.469219	0.077997	0.115987	0.04841403	1.713877	0.4648208	0.6648312
25320	-417.4455	-425.4259	7.98045	0.276057	0.526917	0.0589304	0.138096	0.03145872	1.775265	0.4274651	3.953333
25326	-412.3039	-422.2638	9.959895	0.566813	0.291082	0.0279827	0.114123	0.02789388	1.676212	0.3876661	0.9742125
25332	-412.2274	-422.0838	9.856382	0.462509	0.237518	0.0228334	0.277139	0.04044656	1.676212	0.3659895	1.666833
25338	-412.5014	-422.6568	10.15536	0.322694	0.502845	0.085655	0.0888055	0.03047525	1.787493	0.8524536	0.6759876
25344	-416.3526	-428.562	12.20942	0.134719	0.625454	0.10654	0.133287	0.1963	1.679919	0.3933769	0.4724854
25350	-413.595	-424.5537	10.95864	0.887293	0.0362	0.0166819	0.0598248	0.3166292	2.482106	0.1562272	0.4750879
25356	-411.0701	-421.4931	10.42298	0.912996	0.0372486	0.0110393	0.0387159	0.3166292	2.839473	0.1028549	0.3051803
25362	-417.5087	-427.9147	10.40591	0.912996	0.0372486	0.0110393	0.0387159	0.2725216	2.990622	0.1195794	0.3051803
25368	-425.7278	-436.6753	10.94755	0.467497	0.219747	0.0285598	0.284197	0.4362812	2.48722	0.1526023	0.3586156
25374	-415.3448	-426.6006	11.25583	0.343181	0.509281	0.110402	0.0371358	0.03980395	1.242319	0.8717103	0.4940983
25380	-412.8284	-424.7529	11.92449	0.396408	0.506365	0.0727549	0.0244726	0.06328297	1.278403	0.7673357	0.4060309
25386	-411.8605	-422.5555	10.69501	0.398156	0.535451	0.0475985	0.0187941	0.05360454	1.901479	0.4729574	0.9289687
25392	-413.1822	-422.7021	9.519896	0.735577	0.238766	0.018311	0.00734527	0.07330597	1.310385	0.9138915	3.436368
25398	-417.2802	-426.0624	8.782241	0.797368	0.189241	0.00477953	0.00861146	0.565577	1.010901	1.266644	5.499434
25404	-412.4405	-424.2626	11.82209	0.812534	0.155411	0.0232798	0.00877525	1.107781	1.175638	0.7374741	0.5306406
25410	-413.4014	-425.9609	12.55953	0.723949	0.189474	0.0207418	0.0658347	0.675502	1.117248	0.5383356	0.1740874
25416	-427.3981	-434.8848	7.486644	0.672619	0.252409	0.0128735	0.062098	1.188604	1.21209	0.5410832	8.557625
25422	-415.7357	-424.1801	8.444397	0.761391	0.04211	0.0118104	0.184689	0.5617914	1.21209	0.9219038	6.861656
25428	-415.9815	-426.6585	10.67699	0.723464	0.0734502	0.0275968	0.175489	0.4223299	1.390389	0.849518	2.263202
25434	-417.7225	-429.2451	11.52255	0.744453	0.175573	0.0659664	0.0140078	0.8304281	1.390389	0.6389841	0.9303384
25440	-421.1992	-433.3861	12.18695	0.232143	0.539502	0.101353	0.127002	0.07503451	1.176612	0.8268731	0.1820687
25446	-415.5399	-426.6032	11.06334	0.267707	0.567444	0.129637	0.0352114	0.05310243	1.462988	0.6373069	0.9576606
25452	-419.2957	-431.5842	12.28856	0.375265	0.572618	0.0412446	0.0108722	0.09002531	1.366337	0.5186593	0.3566255
25458	-423.3711	-434.9766	11.60549	0.172786	0.723088	0.0520827	0.0520434	0.2698462	1.071775	1.283828	1.089499
25464	-416.3802	-427.0281	10.64793	0.475631	0.454498	0.0511185	0.0187527	0.06203431	1.856838	0.2472001	0.9786411
25470	-417.1506	-428.8506	11.70003	0.34249	0.362621	0.0562512	0.238638	0.07336445	1.427307	0.3633278	0.6805602
25476	-416.4952	-427.7661	11.27091	0.429877	0.410027	0.066486	0.0936101	0.1896738	1.860404	0.3708123	1.196841
25482	-407.1482	-419.6797	12.5315	0.900591	0.0163558	0.0421311	0.040922	0.3812318	1.456124	0.451132	0.3301707
25488	-412.2549	-423.5866	11.33173	0.825538	0.023187	0.0597278	0.0915468	0.6543459	1.198263	1.122455	1.09601
25494	-412.5107	-423.2064	10.69571	0.865217	0.0296696	0.0764265	0.0286873	0.6640807	1.307674	1.343414	1.367867
25500	-413.8559	-424.7428	10.88696	0.851159	0.0291876	0.091559	0.0280946	0.6073055	0.425804	1.407088	2.206569
25506	-410.304	-422.0501	11.7461	0.881916	0.0441679	0.0509005	0.023016	0.6944711	1.220495	1.151818	0.5990498
25512	-415.5147	-427.1218	11.60701	0.862315	0.0958904	0.0145848	0.0272102	0.6725556	1.205667	1.151818	0.7666455
25518	-406.8359	-419.2232	12.38737	0.752871	0.0472903	0.00719278	0.192646	0.3371312	1.363689	0.7947798	0.5029633
25524	-403.2959	-415.4593	12.16332	0.858726	0.0270605	0.00397785	0.110236	0.3061884	1.547961	0.7364821	0.5975416
25530	-402.8028	-415.0219	12.21912	0.829978	0.0053444	0.00573541	0.158942	0.3612444	1.372308	0.8739335	0.5809199
25536	-403.6421	-416.0207	12.37861	0.921845	0.00593595	0.00431545	0.0679039	0.338462	1.329122	0.9406972	0.4176598
25542	-401.2026	-412.9486	11.74605	0.910222	0.00713934	0.0071933	0.075445	0.3293245	1.329122	1.223572	0.7463046
25548	-410.2022	-421.189	10.98677	0.882897	0.0027982	0.0429985	0.0713067	0.6999466	1.066499	1.461042	1.111338
25554	-407.3836	-419.72	12.33647	0.846849	0.0253593	0.044372	0.0834192	0.5091162	0.4142081	1.332025	0.783047
25560	-416.1031	-425.6313	9.528248	0.758719	0.0302826	0.0732635	0.137735	0.6551138	0.2526333	2.360213	2.338201
25566	-416.4056	-426.0349	9.629275	0.747267	0.109098	0.0440618	0.0995734	0.5463435	0.2655864	2.360213	2.338201
25572	-409.753	-422.543	12.78999	0.937938	0.0570838	0.00193467	0.00304396	0.3202536	1.000775	0.9592604	0.2285622
25578	-416.1297	-428.0575	11.92772	0.827706	0.13711	0.00245297	0.0327312	0.1648469	1.006611	0.9580529	1.129624
25584	-412.2968	-423.0763	10.7795	0.98179	0.00563888	0.00170904	0.0108625	0.8563672	1.352597	0.6168206	1.774382
25590	-412.3522	-422.9574	10.60523	0.776799	0.0764457	0.0199506	0.126804	0.2546516	1.265329	0.7050772	2.866783
25596	-413.9527	-423.5422	9.589519	0.810756	0.0185344	0.0208228	0.149887	0.3470206	1.433808	0.8275106	4.197683
25602	-417.2261	-426.9407	9.714587	0.918894	0.00638206	0.0370031	0.0377207	0.3539951	1.864453	0.8547338	3.10398
25608	-413.0027	-424.5674	11.56478	0.878119	0.011214	0.0268558	0.0838112	0.3539951	1.452159	0.5499141	1.344964
25614	-414.3469	-425.8298	11.48299	0.822679	0.0176007	0.00259531	0.157125	0.4918396	1.007191	1.15392	1.278422
25620	-407.2478	-418.3164	11.06865	0.829985	0.0168755	0.00248837	0.150651	0.3308304	1.123404	1.502978	1.278422
25626	-413.1285	-424.442	11.31352	0.87353	0.01156	0.0117115	0.103198	0.3240112	1.019391	1.502978	1.133086
25632	-410.2005	-421.9488	11.74825	0.937542	0.0169459	0.00770314	0.0378093	0.3240112	2.135182	0.8570257	0.2593606
25638	-412.4009	-424.6628	12.26184	0.940206	0.0137429	0.00772503	0.0383259	0.3311293	1.681961	0.6796716	0.1682046
25644	-412.5407	-424.598	12.05724	0.903041	0.0186022	0.0104565	0.0679008	0.2400238	1.616957	0.3560474	0.6774002
25650	-416.6825	-426.0421	9.359604	0.869148	0.0254964	0.0215039	0.0838517	0.5779072	1.472422	0.7510315	4.268305
25656	-420.4445	-430.9331	10.48868	0.625949	0.175536	0.0429172	0.155598	0.4112969	0.9040771	0.8240266	3.394526
25662	-418.0813	-430.3059	12.22463	0.171545	0.346774	0.0606217	0.42106	0.1137277	0.5752019	1.60313	0.2082168
25668	-421.8352	-434.1356	12.30043	0.293387	0.279305	0.0501128	0.377196	0.09102768	0.8659066	1.192991	0.3274765
25674	-421.4136	-434.2693	12.85568	0.819542	0.0897186	0.0021208	0.088619	0.3184384	0.675685	1.194235	0.2083435
25680	-420.0332	-431.945	11.91184	0.774456	0.150035	0.00366018	0.0718488	0.5809787	1.022217	1.310913	0.5640794
25686	-415.5622	-426.9807	11.41851	0.806962	0.11436	0.0038138	0.0748645	0.4054805	0.9799268	1.757641	0.6655398
25692	-412.7107	-424.686	11.97529	0.884605	0.0885351	0.00295257	0.0239077	0.4669436	0.3269939	1.250194	1.388474
25698	-411.8432	-423.6416	11.79843	0.822441	0.0823135	0.00902749	0.0862179	0.5978214	0.306248	1.852419	0.6351232
25704	-411.504	-422.4813	10.97726	0.921046	0.0321541	0.0246544	0.0221453	0.536305	0.3752346	1.580882	1.939373
25710	-417.6957	-430.1843	12.48852	0.825066	0.115896	0.0376156	0.0214221	0.4643532	0.2247201	1.580882	0.5504103
25716	-415.464	-426.9684	11.5044	0.906657	0.0284666	0.0413354	0.0235406	0.4643532	0.6723737	1.390946	1.336356
25722	-406.8022	-418.7039	11.90176	0.842881	0.010867	0.00607328	0.140179	0.4460964	0.7642583	1.162073	1.128678
25728	-403.3208	-415.5159	12.19511	0.897813	0.0115753	0.00646909	0.0841425	0.4460964	0.5751464	1.304409	0.8557333
25734	-404.8929	-416.8544	11.96151	0.88789	0.00807616	0.00809951	0.0959347	0.4460964	0.5865279	1.483559	0.848604
25740	-412.6064	-424.4047	11.79821	0.856574	0.0168961	0.016945	0.109585	0.5208159	0.3291178	1.421604	1.286141
25746	-409.0027	-420.8431	11.8403	0.867935	0.0171202	0.00390706	0.111038	0.5208159	0.4868189	1.341549	1.181588
25752	-409.6045	-421.4944	11.88991	0.869511	0.012144	0.005147	0.113198	0.4620197	0.7746046	1.034053	1.261849
25758	-412.1715	-424.0775	11.90599	0.812386	0.0799893	0.00186392	0.105761	0.4620197	0.7247354	1.130508	1.187173
25764	-411.386	-423.2427	11.8567	0.787128	0.102194	0.00180597	0.108872	0.4194518	0.5140675	1.38634	1.178202
25770	-409.8122	-422.0571	12.24492	0.869163	0.0578617	0.001643	0.0713322	0.4194518	0.7445646	0.8792541	1.115707
25776	-412.2581	-422.7928	10.53464	0.828452	0.0569577	0.0090571	0.105533	0.4938361	1.624123	0.5103883	2.277131
25782	-406.2653	-418.4047	12.13936	0.856847	0.0589099	0.00361039	0.0806329	0.289662	1.568165	0.386158	0.6596711
25788	-411.1184	-423.2923	12.1739	0.856847	0.0589099	0.00361039	0.0806329	0.4834785	1.116125	0.3532273	0.07069844
25794	-417.1781	-429.6344	12.4563	0.865293	0.0347838	0.00564597	0.0942768	0.6865804	0.3473353	1.408673	0.1376349
25800	-412.0058	-424.9438	12.93804	0.791005	0.0384505	0.0150611	0.155483	0.5306498	0.3154696	1.174549	0.1376349
25806	-418.0595	-430.5838	12.52432	0.791005	0.0384505	0.0150611	0.155483	0.5306498	0.6998578	1.143181	0.1203833
25812	-418.1954	-427.419	9.223587	0.217305	0.651305	0.0848638	0.0465264	0.04003049	0.834385	0.8276483	3.758421
25818	-415.5139	-425.5159	10.00197	0.0704986	0.754989	0.120579	0.0539332	0.03541609	0.6144554	1.150772	2.064737
25824	-419.3779	-427.5752	8.197343	0.133573	0.672067	0.11632	0.07804	0.07269952	0.6594841	1.604968	5.944414
25830	-414.0423	-424.9328	10.89055	0.49717	0.347722	0.0513297	0.103778	0.07678793	0.937883	1.194859	1.582225
25836	-412.2266	-424.3422	12.11562	0.750604	0.194335	0.0312818	0.023779	0.07283748	0.7288214	1.058675	0.6382589
25842	-413.5861	-424.2411	10.65497	0.455736	0.429493	0.0691348	0.0456364	0.05233878	1.601686	0.8705462	1.056526
25848	-415.299	-426.5563	11.25727	0.475749	0.397986	0.0640632	0.0622018	0.05233878	1.795703	0.8084822	0.2533561
25854	-412.191	-423.2307	11.03968	0.610121	0.260792	0.0134113	0.115675	0.04261536	1.583579	0.6571151	0.6021914
25860	-407.0626	-417.3595	10.29694	0.820822	0.148478	0.0144807	0.016219	0.02612554	1.418784	0.6919546	0.7662135
25866	-412.7787	-421.6706	8.89191	0.578814	0.395517	0.0135914	0.0120775	0.02612554	1.868901	0.7946909	1.718014
25872	-408.9694	-419.6198	10.65045	0.671127	0.286408	0.040376	0.00208934	0.04370588	1.424004	1.484042	0.3143259
25878	-410.7904	-421.6468	10.85636	0.078707	0.715279	0.194724	0.0112898	0.04199124	1.407672	1.188858	0.1334145
25884	-411.855	-422.4555	10.6005	0.0533388	0.735025	0.2001	0.0115364	0.04001967	1.197718	1.580878	0.3636504
25890	-417.4074	-429.3782	11.97079	0.912837	0.000389288	0.0114647	0.0753095	0.9243438	0.7065556	0.8994458	0.8909614
25896	-420.7969	-430.2387	9.44182	0.901407	0.000647745	0.0212064	0.0767387	0.5838425	0.9228259	1.192702	4.35284
25902	-413.6616	-423.8048	10.14321	0.662958	0.269209	0.065042	0.00279113	0.02676078	1.872924	0.5840339	0.562409
25908	-415.5206	-424.4668	8.946118	0.338003	0.628709	0.0291326	0.00415499	0.02652844	1.636446	0.3987369	2.115654
25914	-408.2833	-419.9032	11.61996	0.77623	0.0131215	0.00442652	0.206222	0.2211162	1.838991	0.5682548	0.9194528
25920	-413.2363	-423.7267	10.49045	0.952548	0.00119659	0.0177261	0.0285291	0.2959398	2.240991	0.4858356	1.722219
25926	-422.4127	-433.0858	10.67313	0.847001	0.00137916	0.0296421	0.121978	0.678184	1.756801	0.2761145	1.493906
25932	-415.2927	-426.4836	11.19085	0.936838	0.0258223	0.0028803	0.0344592	0.4320858	2.090665	1.14861	0.557135
25938	-411.3943	-423.6371	12.2428	0.78033	0.0487021	0.00536364	0.165604	0.288193	1.736672	0.7312005	0.2071045
25944	-410.7202	-422.2167	11.49649	0.87953	0.0378607	0.01016	0.0724493	0.3359755	0.8843419	1.423868	1.184489
25950	-412.5679	-424.4837	11.91584	0.888249	0.0134551	0.00360784	0.0946885	0.3641272	1.358458	1.127597	0.6403783
25956	-413.9859	-425.8245	11.83863	0.844074	0.0563299	0.00496949	0.0946261	0.2342537	1.664834	0.7225114	0.8143368
25962	-411.9203	-424.1219	12.20158	0.788501	0.0701246	0.0046423	0.136733	0.4041094	1.488071	0.9841041	0.318196
25968	-415.1632	-425.9662	10.80293	0.7824	0.069582	0.00460638	0.143412	0.3007207	1.221671	1.957358	0.810577
25974	-413.1056	-424.5449	11.43927	0.869758	0.0672837	0.00440207	0.0585565	0.4476919	1.221671	0.9946306	1.324062
25980	-419.0478	-429.3323	10.28452	0.873155	0.0363159	0.0211433	0.0693855	0.4530426	0.639547	1.706983	2.40497
25986	-417.7768	-427.8364	10.05954	0.840916	0.0507736	0.0169822	0.0913278	0.3864164	0.3308325	1.851031	3.009901
25992	-415.3881	-426.9839	11.59579	0.844508	0.0496479	0.0170548	0.088789	0.3246588	1.298163	0.9788194	1.193951
25998	-415.0591	-426.9658	11.90667	0.884962	0.0356069	0.0157522	0.0636785	0.289306	1.194765	1.255413	0.7037232
26004	-408.7687	-419.7019	10.93312	0.927577	0.0188054	0.010633	0.0429843	0.3198504	1.375614	1.195969	1.59116
26010	-410.8346	-422.3136	11.47895	0.902028	0.026194	0.0119049	0.0598728	0.3937681	1.375614	1.011117	1.149888
26016	-407.6098	-420.3669	12.75704	0.90716	0.0197729	0.0274781	0.0455889	0.506165	0.1806335	1.157066	0.8069467
26022	-407.1812	-419.0352	11.85401	0.878422	0.0191465	0.0305671	0.0718645	0.506165	0.4718066	1.354312	1.181593
26028	-407.9837	-420.0219	12.0382	0.896905	0.051467	0.0219169	0.0297108	0.506165	0.2630817	1.760927	0.6635534
26034	-410.2697	-421.5859	11.31615	0.893197	0.0269273	0.0218263	0.058049	0.4957291	1.111272	1.155866	1.340544
26040	-421.4825	-431.781	10.29847	0.579492	0.289164	0.0778625	0.0534809	0.05439376	0.3281155	2.340947	0.7837133
26046	-414.5416	-425.6234	11.08172	0.340868	0.409217	0.121725	0.12819	0.07721657	0.1156022	2.398551	0.1320246
26052	-411.4288	-422.7833	11.35454	0.181599	0.521428	0.155103	0.14187	0.055628	0.3219554	1.827072	0.1148582
26058	-420.5732	-431.3841	10.81081	0.0694618	0.585424	0.23063	0.114485	0.08604152	0.9030411	1.611747	1.214822
26064	-421.5119	-430.6001	9.088209	0.230747	0.564087	0.0631189	0.142047	0.06714276	1.255784	1.69426	2.541636
26070	-413.716	-424.5495	10.83356	0.376546	0.420997	0.0522036	0.150253	0.05725683	1.01441	1.463636	0.898746
26076	-413.6275	-423.1422	9.514681	0.835076	0.126621	0.015701	0.0226014	0.05725683	0.7247584	1.530925	2.80418
26082	-412.0399	-423.7291	11.68921	0.835076	0.126621	0.015701	0.0226014	0.04694512	0.3355794	1.530925	0.151222
26088	-414.9205	-426.0467	11.12617	0.412105	0.348535	0.107182	0.132178	0.06245271	0.5871101	1.722718	0.7737194
26094	-412.0659	-423.3895	11.3236	0.315765	0.492287	0.0883918	0.103556	0.06245271	0.4758342	1.963336	0.1980205
26100	-419.9863	-431.586	11.59967	0.740337	0.193187	0.0259737	0.0405018	0.2667175	2.065946	0.1772751	0.3251396
26106	-419.7263	-429.3559	9.629603	0.582263	0.36578	0.0183623	0.0335948	0.1444476	2.127936	0.2250187	2.582179
26112	-415.2973	-426.1263	10.82899	0.0561955	0.674414	0.192865	0.0765254	0.04563807	0.1674337	1.94587	0.0779235
26118	-414.4308	-425.6872	11.25641	0.0295311	0.631775	0.211543	0.127151	0.04424679	0.1400689	1.94587	0.168129
26124	-415.7869	-427.7478	11.96088	0.824236	0.0752624	0.0218695	0.0786325	0.5169176	1.8009	0.3120032	0.1828469
26130	-411.7241	-423.9054	12.1813	0.884222	0.0364588	0.0183921	0.0609266	0.3130946	1.770926	0.3297776	0.1828469
26136	-415.4544	-427.4899	12.03556	0.866707	0.0953311	0.00798583	0.0299761	0.4558071	1.770926	0.2859592	0.2025632
26142	-411.2583	-422.6796	11.42126	0.27832	0.470451	0.133951	0.117278	0.08085244	0.2594979	2.080245	0.1196661
26148	-410.7291	-422.1667	11.43758	0.178188	0.685111	0.0715442	0.0651569	0.09434742	0.08204358	2.361409	0.3561363
26154	-406.6726	-417.543	10.87043	0.656059	0.191198	0.0367691	0.115974	0.05867684	0.07906978	2.361409	0.5236502
26160	-419.9173	-429.8997	9.982467	0.695461	0.250272	0.0400862	0.0141814	0.3377216	0.1863218	1.556611	4.268559
26166	-410.6718	-423.0993	12.4275	0.818915	0.0424625	0.0285925	0.11003	0.689982	0.2083205	1.12733	0.9461267
26172	-410.396	-420.9994	10.60336	0.824721	0.0802907	0.0175717	0.0774163	0.4728777	0.5007076	1.535069	2.462311
26178	-411.4755	-423.5173	12.04174	0.765592	0.0745343	0.0267282	0.133145	0.3993713	1.084088	1.157099	0.7229419
26184	-416.2555	-426.7549	10.49941	0.813907	0.112925	0.00189964	0.0712677	0.596606	0.3520374	1.750984	2.211366
26190	-413.4775	-425.1846	11.70715	0.500693	0.29752	0.0379383	0.163848	0.07340454	0.8072197	1.46698	0.129223
26196	-408.9116	-420.444	11.53243	0.270423	0.159486	0.0318291	0.538262	0.0432519	0.4194464	0.9574835	0.06011458
26202	-406.2207	-417.0967	10.87609	0.924763	0.0340061	0.00421446	0.0370166	0.2304633	2.463305	0.2386847	0.8365752
26208	-408.2997	-419.9796	11.6799	0.875585	0.0549456	0.00965946	0.0598098	0.3958288	2.296504	0.539364	0.1901411
26214	-407.4629	-420.1634	12.70052	0.866518	0.0653824	0.00890869	0.0591905	0.2781502	1.201786	0.8557289	0.2714481
26220	-411.4667	-423.2459	11.7792	0.931909	0.0374811	0.0107304	0.019879	0.3437525	1.165906	0.8007327	1.293237
26226	-412.0553	-423.8844	11.82913	0.705785	0.0283865	0.0053589	0.26047	0.3032307	0.7800177	1.169423	1.293237
26232	-409.5196	-421.7895	12.26987	0.943882	0.0379627	0.00716673	0.0109889	0.3901243	0.6566282	1.169423	0.9077728
26238	-416.189	-427.7744	11.5854	0.945113	0.0183783	0.0140639	0.0224452	0.8769237	0.1387314	1.20252	1.630522
26244	-417.8063	-429.8141	12.0078	0.675526	0.252192	0.065945	0.00633733	0.8361065	0.1549484	1.344207	1.007196
26250	-413.7753	-424.7723	10.99701	0.870935	0.0487811	0.0630228	0.0172612	0.8426749	0.4968705	1.344207	1.745222
26256	-412.4312	-423.8727	11.44148	0.919461	0.00171228	0.0628877	0.0159393	0.5248341	1.102564	1.147797	1.192701
26262	-413.1127	-424.409	11.29627	0.965843	0.000176405	0.0166506	0.0173302	0.6288682	1.13881	0.7317185	1.624128
26268	-414.7336	-425.9793	11.24568	0.966074	3.23877e-05	0.0166545	0.0172395	0.7171622	1.165613	1.125749	1.146232
26274	-417.0926	-427.7573	10.6647	0.777204	0.0897837	0.043662	0.0893503	1.29302	0.5828324	1.354221	1.495925
26280	-416.156	-428.7024	12.54646	0.375178	0.545866	0.0136554	0.0653004	0.4197362	0.6412005	1.354221	0.1538817
26286	-422.8936	-436.0394	13.14578	0.383402	0.57964	0.016863	0.0200953	0.1513459	0.6927741	0.751893	0.1707663
26292	-413.1758	-422.5131	9.337218	0.906366	5.6998e-05	0.0576408	0.035936	0.7105066	0.9624493	1.38291	3.747432
26298	-412.4965	-424.3075	11.81092	0.939786	0.00026457	0.0362554	0.0236936	0.550247	1.132358	1.099094	0.8204452
26304	-411.993	-423.0124	11.01934	0.889926	0.00140386	0.0657202	0.0429494	0.5078996	1.0483	1.457444	1.314457
26310	-411.836	-423.7309	11.89488	0.882206	0.000433042	0.0567969	0.0605636	0.4897938	1.095215	1.056937	0.8777528
26316	-416.7145	-426.6128	9.898355	0.881492	0.00124236	0.0567509	0.0605146	0.4897938	1.056063	1.420126	2.908274
26322	-416.0819	-427.2838	11.20191	0.898567	0.00247852	0.0103182	0.0886362	0.570255	0.5067883	1.52239	1.551779
26328	-411.6059	-423.3861	11.78018	0.810786	0.0306937	0.0119449	0.146576	0.3924106	1.300821	0.89347	1.033158
26334	-418.7466	-430.4704	11.7238	0.710802	0.0395358	0.0266178	0.223044	0.5921174	1.231787	0.8298519	1.01796
26340	-408.3656	-420.1417	11.77604	0.805482	0.0135451	0.0301634	0.15081	0.3682991	0.8698934	1.368024	0.9641349
26346	-405.506	-417.3711	11.86508	0.886252	0.00376816	0.032241	0.0777384	0.3682991	1.194617	1.419384	0.5034341
26352	-410.1609	-421.4352	11.27432	0.839156	0.00635378	0.0164048	0.138085	0.3682991	2.011966	1.216877	0.527714
26358	-411.3104	-423.6452	12.33487	0.914702	0.0073943	0.020182	0.0577216	0.3682991	0.7606818	1.371299	0.5290546
26364	-409.8537	-421.3742	11.52048	0.861733	0.0124818	0.0154101	0.110375	0.3830984	1.299995	1.240828	0.9353406
26370	-407.183	-419.8087	12.62571	0.884533	0.0148008	0.0225041	0.078162	0.2815558	1.299995	0.736416	0.385732
26376	-414.0944	-425.6834	11.58899	0.854032	0.0662905	0.0217281	0.0579497	0.2815558	1.570984	0.9096728	1.006655
26382	-413.9086	-425.7986	11.88999	0.895079	0.053574	0.00451391	0.0468332	0.3558495	1.284286	1.035271	0.83503
26388	-413.847	-425.4562	11.60917	0.933441	0.0143677	0.00343596	0.0487556	0.5217618	1.195257	1.425733	0.6071061
26394	-417.3242	-428.7805	11.45635	0.838135	0.0228715	0.00915043	0.129843	0.3649609	1.707056	0.9670633	0.905238
26400	-412.0087	-422.6	10.59124	0.0776335	0.767586	0.112628	0.0421521	0.03292388	1.798383	0.2595414	0.1989511
26406	-410.2677	-420.64	10.37222	0.0566025	0.834303	0.0600854	0.0490091	0.0304887	1.993601	0.3076218	0.2327839
26412	-412.4598	-423.3847	10.92489	0.0439487	0.732814	0.0970543	0.126183	0.03407104	1.693674	0.5871458	0.2327839
26418	-410.4496	-422.2446	11.79495	0.00751665	0.852373	0.0896972	0.0504129	0.07839548	1.693674	0.3271663	0.1958088
26424	-413.1678	-424.1607	10.99288	0.00465407	0.53946	0.144308	0.311578	0.03617956	1.693674	0.5108798	0.1857966
26430	-413.7279	-425.8131	12.08519	0.00242535	0.730215	0.195335	0.0720246	0.09327112	1.610156	0.4997589	0.335876
26436	-418.1361	-429.1686	11.03247	0.00783056	0.658196	0.186906	0.147067	0.05017953	1.230364	1.083307	0.07912652
26442	-415.6085	-426.677	11.0685	0.20291	0.301286	0.0646743	0.43113	0.04116075	1.037675	0.9727198	0.07687036
26448	-414.4452	-424.5524	10.10724	0.332236	0.356896	0.0914258	0.219442	0.0235508	1.113217	0.9727198	0.07339238
26454	-412.835	-424.179	11.34401	0.0486111	0.570102	0.0785888	0.302698	0.03872535	0.2721402	1.22083	0.0659807
26460	-410.1487	-420.4621	10.31341	0.0553611	0.757901	0.104477	0.0822608	0.02351787	0.769401	1.105726	0.07360692
26466	-411.3774	-421.4105	10.03316	0.314392	0.509207	0.105347	0.0710533	0.02962632	0.8183029	1.723393	0.09231314
26472	-412.1765	-423.6083	11.43182	0.084463	0.700573	0.117208	0.0977558	0.05685154	0.7841994	1.345412	0.09231314
26478	-416.6646	-427.2942	10.62958	0.287043	0.545557	0.0912738	0.0761255	0.05376772	0.8963429	2.024482	0.3555011
26484	-415.206	-427.0207	11.81468	0.720598	0.23949	0.0198733	0.0200384	0.7047223	0.02520223	1.389309	1.437991
26490	-415.1196	-424.869	9.749369	0.348421	0.542136	0.0468218	0.0626219	0.02649333	1.763383	0.5990526	1.026966
26496	-413.8883	-425.2106	11.32231	0.399154	0.44616	0.0796157	0.0750711	0.04417819	1.645519	0.6009901	0.243785
26502	-420.0975	-432.5755	12.47797	0.033496	0.620815	0.00262732	0.343062	0.1241702	1.308601	0.7209095	0.3494632
26508	-419.3922	-431.4776	12.08545	0.313233	0.420435	0.00933321	0.256999	0.1852502	0.7177108	1.232794	0.9918954
26514	-413.8705	-424.9054	11.03483	0.833343	0.0994833	0.0473294	0.0198443	0.5722748	0.02525728	2.050247	1.422968
26520	-418.2217	-429.0289	10.80717	0.529169	0.38855	0.0331654	0.0491162	0.1023627	0.5677646	1.359341	2.189004
26526	-413.4023	-424.523	11.1207	0.742076	0.176941	0.0408208	0.0401623	0.05226337	0.7076111	1.821366	0.2956388
26532	-425.5529	-436.1711	10.61819	0.386044	0.144996	0.0587174	0.410243	0.05226337	1.050342	1.13698	1.399124
26538	-417.7574	-429.5843	11.82696	0.0900878	0.737099	0.128639	0.0441736	0.0446556	1.075651	0.7538144	0.2509422
26544	-423.0364	-433.152	10.1156	0.418663	0.499525	0.0760513	0.00576081	0.04671556	1.209928	0.8587491	1.994674
26550	-416.7386	-427.2348	10.49617	0.395906	0.466619	0.0823018	0.0551731	0.04533201	0.7794083	1.870814	0.09816085
26556	-412.8496	-422.7149	9.865319	0.0536304	0.444597	0.0784175	0.423355	0.04533201	0.6114669	2.291322	0.07943601
26562	-420.5846	-430.4069	9.822294	0.301208	0.227723	0.0379264	0.433142	0.04533201	0.3210375	2.630102	0.1052338
26568	-413.9499	-423.8392	9.889354	0.379426	0.184845	0.027919	0.40781	0.04782131	0.6989391	2.46984	0.1312978
26574	-416.8119	-426.6611	9.849194	0.428985	0.282847	0.0277934	0.260374	0.04903198	0.7973171	2.531714	0.3283572
26580	-414.556	-425.0863	10.5303	0.176097	0.57211	0.0374056	0.214388	0.06933644	0.7157115	2.400692	0.2329091
26586	-415.5749	-424.6472	9.072239	0.268085	0.417691	0.0677354	0.246488	0.03552974	0.4048628	2.908435	0.1290808
26592	-407.1077	-417.5829	10.47522	0.0396449	0.43661	0.0778626	0.445883	0.03515964	0.8754779	1.587233	0.09980526
26598	-407.9095	-419.0789	11.16947	0.415126	0.484961	0.0490639	0.0508488	0.03068285	0.9368052	1.054984	0.2146696
26604	-413.9167	-424.8404	10.92368	0.363881	0.508742	0.0265484	0.100828	0.04790461	0.736876	1.833429	0.168703
26610	-412.3913	-423.0669	10.67557	0.208525	0.626416	0.0463283	0.118731	0.05974094	0.7162795	2.177631	0.168703
26616	-411.3286	-423.1066	11.77796	0.600496	0.21175	0.0377041	0.15005	0.07358958	0.8262686	1.386542	0.5065933
26622	-412.9553	-424.877	11.92168	0.473974	0.367428	0.0401637	0.118435	0.06457096	0.9131706	1.010354	0.5870265
26628	-408.5657	-419.3619	10.79618	0.608253	0.249481	0.0272709	0.114995	0.03996297	0.9393843	0.9902561	1.135963
26634	-414.9297	-426.4282	11.49843	0.087794	0.783506	0.107565	0.021135	0.07567827	1.459074	0.7580489	0.8163654
26640	-410.9931	-422.1092	11.11611	0.668227	0.217702	0.012724	0.101347	0.03878022	1.131717	1.088136	0.4983148
26646	-411.4612	-423.3172	11.85603	0.358323	0.344315	0.135565	0.161798	0.05799412	0.7676767	1.262864	0.4017015
26652	-408.8193	-420.0277	11.20848	0.324132	0.481399	0.122629	0.0718401	0.05463343	0.9937726	1.505442	0.1392598
26658	-409.9932	-422.0394	12.04618	0.166721	0.320409	0.0816194	0.431251	0.0508315	0.1482425	1.449626	0.1392598
26664	-406.1717	-417.2334	11.06174	0.0215979	0.653852	0.070499	0.254051	0.03013154	0.8365842	1.119632	0.1416423
26670	-408.5214	-420.1537	11.63229	0.282975	0.640857	0.0291843	0.0469831	0.04624807	1.139575	0.7817812	0.130862
26676	-415.4498	-427.4943	12.04446	0.148873	0.710113	0.0529436	0.0880705	0.06152092	1.260442	0.6088945	0.3479417
26682	-412.2824	-423.708	11.42555	0.105572	0.147108	0.0283622	0.718958	0.04876803	0.4953303	1.623754	0.1425858
26688	-412.9934	-424.7563	11.76294	0.139536	0.128497	0.0317259	0.700242	0.06972759	0.4608717	1.568813	0.1064458
26694	-417.9916	-429.6519	11.66024	0.165627	0.614239	0.114496	0.105638	0.09571411	1.30397	0.6972749	1.027814
26700	-410.7845	-421.7961	11.0116	0.746076	0.165227	0.0340535	0.0546439	0.04255406	1.504535	0.6120447	0.7197906
26706	-423.1895	-433.7453	10.55581	0.575899	0.190455	0.0392532	0.194392	0.03124084	1.462432	1.160313	0.2944667
26712	-414.3371	-424.1466	9.809476	0.587417	0.235006	0.0400383	0.137539	0.03722222	1.445208	1.406047	0.06101731
26718	-410.1859	-421.0693	10.88339	0.309463	0.251223	0.0363912	0.402923	0.03722222	1.071634	1.409546	0.196649
26724	-408.6673	-419.2644	10.59702	0.319033	0.265679	0.0435079	0.37178	0.03674995	0.8571276	1.644103	0.1219427
26730	-406.8694	-417.6946	10.82519	0.375599	0.516544	0.0473022	0.060554	0.03583304	0.8710248	1.370055	0.1047255
26736	-408.6795	-419.0362	10.3566	0.211646	0.353126	0.0500573	0.38517	0.04139295	1.682462	0.9783243	0.07111723
26742	-411.0862	-422.18	11.09376	0.128367	0.463412	0.0396059	0.368615	0.04139295	1.518278	0.9783243	0.223298
26748	-413.4188	-424.644	11.22519	0.104085	0.803461	0.00287593	0.0895784	0.06398086	1.951224	0.3922215	0.5284009
26754	-413.467	-424.2759	10.80893	0.623722	0.325935	0.00220673	0.0481362	0.1613265	1.758123	0.437202	1.840638
26760	-416.4053	-427.4763	11.07101	0.572276	0.285157	0.00384517	0.138722	0.4040091	1.793757	0.4855387	1.477502
26766	-415.6692	-427.2234	11.55423	0.590116	0.275337	0.00180024	0.132747	0.4579212	1.598649	0.4385999	1.102426
26772	-418.158	-430.4425	12.2845	0.56772	0.116751	0.00173191	0.313797	0.2166589	1.598149	0.6999225	0.1388234
26778	-413.6375	-425.2548	11.6173	0.88209	0.0590841	0.00104565	0.0577801	0.5099994	1.331584	0.7501574	1.17173
26784	-419.0996	-430.1696	11.06995	0.0532169	0.744528	0.1355	0.0667552	0.06091435	1.048092	0.8140073	1.430955
26790	-415.9799	-427.2767	11.29682	0.557122	0.292429	0.00112049	0.149329	0.1018826	1.16686	0.7673314	1.571638
26796	-417.4056	-428.0185	10.61297	0.475066	0.505157	0.00580951	0.0139669	0.06968438	1.250043	0.9122471	1.795026
26802	-418.7589	-429.8919	11.13301	0.306029	0.426043	0.0330893	0.234839	0.0816862	1.24169	0.8347708	1.427883
26808	-415.2073	-426.5922	11.38494	0.278414	0.581542	0.0517529	0.0882914	0.06373412	0.8039825	1.342262	0.827241
26814	-413.4606	-425.6563	12.19567	0.585854	0.339393	0.0389712	0.0357826	0.09023145	0.9631416	1.070476	0.4918469
26820	-413.3526	-425.0703	11.71771	0.469271	0.349862	0.0617797	0.119087	0.08695887	0.8638152	1.370052	0.6814599
26826	-417.7382	-429.3033	11.5651	0.382968	0.460412	0.0715569	0.0850632	0.08543081	1.044484	0.6911975	1.315533
26832	-416.3058	-428.5619	12.25614	0.0563816	0.694763	0.135962	0.112893	0.06703691	1.075829	0.6962462	0.3718537
26838	-419.9561	-431.7026	11.7465	0.0434202	0.733602	0.145906	0.077072	0.1220539	1.642499	0.3271108	0.7432198
26844	-421.8716	-434.5489	12.67728	0.041941	0.70861	0.140935	0.108515	0.1554827	1.155214	0.5551266	0.1293593
26850	-420.8279	-433.0131	12.18514	0.0610407	0.789041	0.0290863	0.120832	0.08774765	1.482458	0.5556767	0.2188089
26856	-422.4563	-432.2783	9.822034	0.0467057	0.686405	0.0269281	0.239961	0.04332879	1.786652	0.4946577	1.737189
26862	-414.355	-425.4486	11.09358	0.236506	0.451175	0.0315118	0.280807	0.0331271	1.475915	0.4946577	0.19463
26868	-408.6502	-419.8162	11.16603	0.374558	0.253178	0.0330093	0.339255	0.0331271	1.207201	0.8979994	0.2135511
26874	-411.1182	-422.4377	11.31951	0.211574	0.303893	0.0322406	0.452292	0.03955552	1.180481	1.027226	0.2167045
26880	-410.4412	-422.0789	11.63768	0.216971	0.289513	0.0296862	0.463829	0.05047527	1.436611	0.7031811	0.2167045
26886	-414.065	-425.8127	11.74771	0.155225	0.622947	0.0608292	0.160999	0.09100597	1.794444	0.519649	0.1281275
26892	-415.0982	-426.514	11.4158	0.056599	0.748101	0.0541194	0.14118	0.09787234	1.847845	0.3581407	0.7627164
26898	-412.6088	-425.007	12.39814	0.145765	0.700429	0.0511073	0.102699	0.09787234	1.359884	0.523585	0.244307
26904	-420.7159	-431.9446	11.22865	0.172325	0.573522	0.0306909	0.223461	0.05808694	1.44017	0.5274092	0.9440575
26910	-420.9437	-430.814	9.87039	0.670912	0.18816	0.10954	0.0313873	0.8541126	1.40738	0.5235322	3.06048
26916	-412.949	-424.1274	11.17838	0.811761	0.142841	0.0352871	0.010111	0.5185162	1.319778	1.056149	1.357895
26922	-413.4683	-424.4871	11.01884	0.910579	0.0353843	0.0395827	0.0144536	0.5807693	0.7266661	1.44347	1.619341
26928	-414.199	-426.21	12.01104	0.873802	0.0848479	0.0388216	0.00252864	0.3737518	0.918878	0.5530021	1.425569
26934	-417.2119	-427.9172	10.70527	0.0749281	0.592838	0.0829805	0.249253	0.09674879	1.945381	0.3563714	1.379649
26940	-417.0865	-427.7695	10.68301	0.0713166	0.319799	0.056032	0.552852	0.04218507	2.02844	0.2567712	0.3444983
26946	-419.034	-430.0964	11.06237	0.417507	0.383146	0.0814935	0.117854	0.1460628	2.201343	0.2573905	0.8456763
26952	-416.9507	-427.6571	10.7064	0.247725	0.536415	0.0748227	0.141037	0.05688878	0.9542897	0.9371505	1.764711
26958	-412.4799	-424.095	11.61514	0.0843883	0.789423	0.0844926	0.0416956	0.04510029	1.323127	0.7163684	0.2410051
26964	-419.5379	-431.5179	11.97995	0.0717947	0.717986	0.0705889	0.13963	0.1680056	1.354766	0.8831454	0.8057935
26970	-413.0814	-425.4392	12.35781	0.00555941	0.897413	0.0401696	0.0568581	0.1077458	1.067839	1.083595	0.2319245
26976	-424.124	-430.8592	6.735202	0.0110464	0.734178	0.0628943	0.191881	0.1921597	1.251771	0.6557818	14.86743
26982	-416.3029	-425.3543	9.051415	0.631086	0.256187	0.0641801	0.0485465	0.02466219	1.860945	1.315303	0.8649826
26988	-414.4011	-424.0759	9.67478	0.419999	0.457266	0.0690912	0.0536436	0.02738216	1.409651	1.315303	0.8649826
26994	-411.3142	-423.0852	11.77098	0.0155399	0.523709	0.0463953	0.414356	0.06193734	1.336962	0.8555856	0.1533448
27000	-414.4519	-426.1353	11.68335	0.0143318	0.92238	0.0387127	0.0245754	0.05155498	1.385136	0.5915175	0.1533448
27006	-415.9342	-426.9517	11.0175	0.00289754	0.884038	0.0765942	0.0364707	0.05155498	2.045168	0.5340457	0.4334388
27012	-411.5431	-422.691	11.14793	0.00338556	0.841387	0.0894947	0.0657326	0.04739773	1.693313	0.911822	0.2148518
27018	-410.8912	-421.0163	10.12508	0.516607	0.249258	0.0607871	0.173348	0.02226766	1.492347	0.7828222	0.5463889
27024	-415.1535	-425.8664	10.71294	0.529025	0.346833	0.0388732	0.0852689	0.06690721	1.50778	1.449628	0.7111921
27030	-413.7115	-426.0737	12.36223	0.852306	0.0347486	0.00732462	0.105621	0.3603897	1.29881	0.7665211	0.5949573
27036	-413.2378	-425.674	12.43627	0.73852	0.0942073	0.03499	0.132283	0.3603897	1.59516	0.5085012	0.2271426
27042	-413.3705	-423.9926	10.62211	0.878845	0.0350963	0.0233522	0.0627067	0.3874822	1.556438	0.6637801	2.325126
27048	-423.4821	-431.8467	8.364582	0.86942	0.0242608	0.0122942	0.0940254	0.5513116	1.737488	0.3706433	6.188644
27054	-414.2027	-425.3285	11.12582	0.922395	0.0239407	0.011709	0.0419557	0.2497857	1.761431	0.4302755	1.53387
27060	-412.0853	-422.57	10.4847	0.934449	0.0242535	0.0189955	0.0223023	0.2758316	1.756447	0.2938979	2.221095
27066	-411.2266	-421.7803	10.5537	0.865366	0.0224605	0.0175911	0.0945823	0.3368698	2.165053	0.2938979	1.568188
27072	-408.6944	-419.6657	10.97133	0.83842	0.0204098	0.015985	0.125186	0.4303873	1.695019	0.6699222	1.628669
27078	-407.0652	-417.8852	10.82001	0.884017	0.0215198	0.0237388	0.0707249	0.4303873	1.695019	0.6831596	1.806841
27084	-408.1208	-420.4986	12.3778	0.840068	0.101148	0.0129665	0.0458181	0.2753393	1.648153	0.5320825	0.3664553
27090	-408.7588	-420.532	11.77322	0.913409	0.0519486	0.0126092	0.022033	0.3274731	1.097662	1.100753	1.084634
27096	-407.9242	-420.4629	12.5387	0.858571	0.0437219	0.0105433	0.0871642	0.3274731	1.397936	0.6168314	0.4216302
27102	-412.5764	-424.7258	12.14937	0.804568	0.0681542	0.016435	0.110843	0.4848646	1.24318	0.7115741	0.779366
27108	-406.1771	-417.9638	11.78668	0.869911	0.0336805	0.0177698	0.0786385	0.387559	1.346666	0.6245961	1.168339
27114	-410.4487	-421.9416	11.49292	0.828021	0.0544647	0.0169141	0.1006	0.387559	1.054681	1.4931	0.886325
27120	-410.5857	-422.609	12.02332	0.540225	0.346216	0.0714526	0.0421063	0.06159369	1.233382	0.7682094	0.2672266
27126	-406.7749	-417.81	11.03516	0.285177	0.592875	0.0651715	0.056777	0.03990522	1.185886	1.273141	0.1970885
27132	-409.6244	-420.0862	10.4618	0.261541	0.536144	0.127823	0.0744915	0.03513724	1.243689	1.110028	0.07331088
27138	-410.9965	-422.3405	11.34397	0.405791	0.47956	0.0524058	0.0622433	0.05415957	1.136664	1.056403	0.09002551
27144	-408.203	-418.5753	10.37231	0.671661	0.227729	0.0459883	0.0546212	0.03903686	0.9615166	1.373277	1.065202
27150	-414.7637	-425.0702	10.3065	0.854433	0.100962	0.0203886	0.0242159	0.04452372	0.7991528	1.353912	1.527415
27156	-412.9391	-422.9942	10.05509	0.630371	0.246908	0.0498614	0.0728594	0.03291225	1.444501	1.353912	0.693423
27162	-413.1028	-423.6735	10.57067	0.449313	0.445604	0.00596395	0.0991197	0.03828995	1.706032	0.5715425	0.07657143
27168	-411.916	-422.4883	10.57227	0.344505	0.487914	0.0433031	0.124279	0.03828995	1.296182	0.9774032	0.06620021
27174	-410.9506	-421.3565	10.40589	0.840879	0.111072	0.00517054	0.042879	0.03535087	1.321827	1.336318	0.5963792
27180	-411.3298	-421.2722	9.942439	0.778362	0.157132	0.0225943	0.0419116	0.02752134	1.407206	1.421213	0.4901243
27186	-408.9651	-419.7803	10.81516	0.269488	0.513982	0.0656438	0.150887	0.03284599	1.150412	1.275615	0.2414403
27192	-411.8995	-422.8837	10.98424	0.199084	0.557716	0.066	0.1772	0.03526335	1.418466	0.9641462	0.2141316
27198	-412.352	-423.6412	11.2892	0.693367	0.222323	0.0339107	0.0503991	0.0546145	0.5843248	1.4927	0.7875952
27204	-412.6578	-423.34	10.68216	0.404654	0.405572	0.0674196	0.122354	0.03286254	1.047398	1.414477	0.3816522
27210	-408.5508	-419.4598	10.90907	0.761477	0.137056	0.0128184	0.0886492	0.04748248	1.317913	0.8415048	0.995721
27216	-410.7562	-422.3523	11.59608	0.696729	0.170342	0.0227497	0.110179	0.05609675	0.6452162	1.049662	0.9775109
27222	-411.7403	-422.3052	10.56488	0.317174	0.599756	0.011511	0.0715595	0.06612745	1.285554	0.7245549	1.933597
27228	-406.4274	-416.8726	10.44517	0.817243	0.0689798	0.00721316	0.106564	0.03191504	1.169345	1.248561	0.6642531
27234	-418.0318	-428.0947	10.0629	0.844193	0.0543982	0.00642904	0.0949796	0.06368753	1.669688	1.452055	1.140795
27240	-409.8821	-419.446	9.563882	0.70825	0.146461	0.0173094	0.12798	0.03248674	1.835304	0.9793078	1.194232
27246	-411.7476	-421.3123	9.564656	0.699395	0.14463	0.0295962	0.126379	0.02468202	1.042218	1.49276	0.9415237
27252	-408.6054	-417.441	8.83564	0.687827	0.115301	0.0373562	0.159516	0.02468202	1.752714	1.833257	0.503155
27258	-407.8412	-418.1992	10.35795	0.758111	0.0865509	0.0280415	0.127297	0.02199071	1.202123	0.8365759	0.5407504
27264	-408.4394	-419.1355	10.6961	0.642083	0.262106	0.0352665	0.0605447	0.03245179	1.400149	1.11266	0.1794512
27270	-411.2186	-421.5344	10.31576	0.526556	0.446859	0.021461	0.0051242	0.02875076	1.274685	1.126502	0.09455146
27276	-409.951	-420.0322	10.08121	0.302877	0.636631	0.0528506	0.00764091	0.03413247	1.30064	1.178531	0.05935243
27282	-406.1133	-416.4307	10.31737	0.137615	0.650459	0.147655	0.0642714	0.03373781	0.84439	1.239248	0.05258361
27288	-405.4605	-416.2376	10.77703	0.206923	0.634263	0.0881085	0.0707057	0.03373781	0.7602847	1.239248	0.07661784
27294	-409.2888	-419.8768	10.588	0.1759	0.618302	0.141451	0.0643468	0.03373781	1.157226	1.035392	0.07487001
27300	-408.4501	-419.1015	10.65131	0.124177	0.6534	0.176998	0.0454258	0.04372909	0.7950205	1.74042	0.1022742
27306	-408.4102	-418.9498	10.53956	0.228593	0.58676	0.103231	0.0814155	0.03382245	0.5513718	1.7839	0.1120379
27312	-409.0192	-419.4049	10.38569	0.195436	0.549584	0.0927857	0.162195	0.02696543	0.7529912	1.524237	0.1189316
27318	-408.2458	-419.1285	10.88274	0.200496	0.62639	0.0944373	0.0786769	0.04950835	1.017117	1.589146	0.1189316
27324	-406.3599	-417.3265	10.96667	0.150251	0.584921	0.117339	0.147489	0.02950305	0.8509898	1.057527	0.1124679
27330	-411.1571	-421.4801	10.32297	0.836261	0.0437707	0.00270493	0.117263	0.3595662	0.8373243	2.193615	1.288785
27336	-422.1052	-430.2539	8.148699	0.833179	0.0436094	0.00638049	0.116831	0.3152988	0.969277	3.15406	1.897724
27342	-418.0536	-430.0808	12.0272	0.801766	0.0288961	0.0171006	0.152237	0.4152324	0.9339163	1.157646	0.8665559
27348	-417.2818	-427.8172	10.53541	0.796927	0.0704443	0.0133935	0.119235	0.6815004	0.7760848	1.79179	1.440764
27354	-410.8029	-422.4844	11.6814	0.489301	0.35484	0.0477826	0.108076	0.0598607	0.2588652	1.786672	0.4203139
27360	-414.8025	-425.6722	10.86971	0.349013	0.407947	0.0407793	0.202261	0.07361793	0.1203871	2.403278	0.6330359
27366	-410.1021	-421.758	11.65582	0.392692	0.459001	0.0411676	0.107139	0.07361793	0.2612646	1.988941	0.1976501
27372	-409.2656	-420.5276	11.26202	0.115005	0.367168	0.132137	0.38569	0.04803689	0.3242911	1.746575	0.1077205
27378	-410.5098	-421.086	10.57628	0.335544	0.33077	0.119038	0.214648	0.04166578	0.6886302	1.99266	0.1778305
27384	-414.592	-424.5021	9.910151	0.198116	0.597066	0.0702841	0.134534	0.04412053	1.622125	0.9248585	1.573213
27390	-405.8102	-418.2588	12.4486	0.899531	0.0183455	0.0270068	0.0551164	0.3323197	1.145482	1.019755	0.4612542
27396	-405.6361	-418.1927	12.55658	0.90432	0.0184432	0.00693519	0.0703016	0.3323197	0.6712988	0.9634946	0.867409
27402	-406.6064	-418.6275	12.02103	0.873078	0.0133596	0.0039205	0.109642	0.4295727	0.9782532	1.163205	0.8115189
27408	-420.472	-429.4174	8.945327	0.758505	0.0028152	0.00340602	0.235273	0.5131057	0.8398522	1.384907	5.291585
27414	-409.3309	-421.0392	11.70829	0.87247	0.00314748	0.00709353	0.117289	0.431313	0.7846279	1.32735	1.117393
27420	-408.9584	-420.7545	11.7961	0.862306	0.0125016	0.00926928	0.115923	0.577046	0.7537027	1.293967	0.955716
27426	-414.0306	-425.2809	11.25035	0.862996	0.0125116	0.00362976	0.120863	0.5830442	0.5411331	1.295855	1.79021
27432	-403.9978	-416.2617	12.26387	0.888586	0.0122571	0.00368841	0.0954685	0.3876743	0.6995472	1.168348	0.8750052
27438	-418.3841	-430.0977	11.71353	0.91314	0.032588	0.00379033	0.0504815	0.7117277	1.288188	0.7940029	0.8750052
27444	-411.7399	-423.4181	11.67818	0.802419	0.0447873	0.0044464	0.148347	0.4421298	1.242801	1.127599	0.914886
27450	-408.3274	-420.8178	12.49043	0.802419	0.0447873	0.0044464	0.148347	0.2664606	1.398906	0.7794025	0.3985786
27456	-405.3642	-417.2348	11.87058	0.894975	0.0298097	0.00495927	0.0702563	0.2974	1.842487	1.042783	0.2159393
27462	-405.3667	-417.8841	12.51741	0.79519	0.0264861	0.0015199	0.176804	0.3212358	1.469966	0.7149997	0.2637616
27468	-407.9841	-419.2101	11.22595	0.848687	0.0194956	0.0016774	0.13014	0.3446604	1.357381	1.014466	1.484247
27474	-407.4172	-419.4211	12.00383	0.957771	0.00317165	0.001893	0.0371647	0.1980274	1.735634	0.7847148	0.5320156
27480	-412.0141	-421.4584	9.444245	0.242829	0.691706	0.0441318	0.0213334	0.05513715	2.133533	0.2791866	1.962237
27486	-418.3389	-426.6524	8.313556	0.434327	0.405298	0.108113	0.0522621	0.06217076	2.133533	0.3471132	4.193701
27492	-412.0135	-423.5283	11.51482	0.889218	0.0187415	0.00042726	0.0916136	0.3908438	1.665242	0.8170414	0.9986612
27498	-410.4475	-421.7936	11.3461	0.908641	0.0151779	0.00198814	0.0741935	0.3099198	1.665242	0.647581	1.345251
27504	-412.6231	-423.0388	10.41574	0.830744	0.0138767	0.0018177	0.153562	0.2338229	1.362563	1.038707	2.568321
27510	-409.4096	-421.81	12.40034	0.841052	0.026015	0.00184025	0.131092	0.2867136	1.362563	0.7570575	0.54228
27516	-412.8576	-423.6975	10.83988	0.863258	0.0196005	0.00226019	0.114882	0.4540073	1.362563	1.740479	0.8332787
27522	-407.3991	-419.8073	12.40818	0.920047	0.0208899	0.00341236	0.0556505	0.2913937	1.060811	1.060884	0.5636407
27528	-410.8911	-422.9005	12.00942	0.910874	0.0292216	0.0121015	0.0478028	0.2913937	1.13723	1.151443	0.7752314
27534	-415.2035	-427.912	12.70848	0.925059	0.0188966	0.00749701	0.0485472	0.2913937	1.347738	0.5907605	0.2771706
27540	-407.0264	-419.2816	12.25519	0.933423	0.0190674	0.0184521	0.0290571	0.3029163	1.563383	0.6312577	0.549954
27546	-410.9359	-422.8405	11.90468	0.862686	0.0784525	0.045606	0.0132556	0.3621678	1.973039	0.3047991	0.3670914
27552	-407.2147	-419.743	12.5283	0.955635	0.00639868	0.0202257	0.0177407	0.3144547	1.068238	0.6963662	0.7251509
27558	-411.2258	-422.2081	10.98228	0.879268	0.0185469	0.0582968	0.0438882	0.7219187	0.8704468	0.8901631	2.088777
27564	-416.7045	-427.0031	10.29863	0.781947	0.020472	0.149137	0.0484436	1.580927	1.289934	0.824965	1.459913
27570	-410.1291	-420.9873	10.85819	0.933562	0.0132579	0.0218079	0.0313727	0.5935271	1.227381	0.5960089	2.21329
27576	-415.9013	-427.4635	11.56224	0.750434	0.0375345	0.123212	0.0888195	0.412985	1.304556	0.7409635	1.366583
27582	-410.5254	-422.5914	12.06604	0.883543	0.0122283	0.0275827	0.0766457	0.3681171	1.731159	0.4053579	0.54043
27588	-408.9149	-419.7478	10.83293	0.865077	0.0272591	0.0205208	0.0871435	0.2963432	2.024812	0.3076964	1.452457
27594	-414.6404	-427.3132	12.67282	0.402545	0.565116	0.0267892	0.00554945	0.07957938	0.5393695	1.078669	0.2346462
27600	-413.1915	-424.3002	11.10871	0.860368	0.0315749	0.0181666	0.0898904	0.4400259	1.60908	0.4110409	1.591617
27606	-412.8465	-424.8317	11.98523	0.791258	0.0497545	0.024916	0.134071	0.4132898	1.774661	0.906775	0.2056355
27612	-410.9338	-423.0095	12.07574	0.809181	0.0252785	0.0234955	0.142045	0.4332659	1.391727	0.5996919	0.8048076
27618	-413.1912	-424.7403	11.54913	0.802599	0.0451997	0.0175827	0.134619	0.523687	1.515432	0.5996919	1.117068
27624	-411.3833	-423.9726	12.5893	0.778565	0.137607	0.0115044	0.0723233	0.2709038	1.302495	0.5180015	0.5167252
27630	-410.371	-421.6753	11.3043	0.820796	0.125067	0.00742957	0.0467066	0.6510591	1.587127	0.7691004	1.066033
27636	-417.8148	-429.1032	11.28838	0.820796	0.125067	0.00742957	0.0467066	0.4455233	1.575434	0.7691004	1.316424
27642	-413.7904	-425.2152	11.42476	0.792469	0.117372	0.00717316	0.0829851	1.049733	1.146324	0.8647075	0.9012122
27648	-411.0296	-422.8336	11.80399	0.792395	0.0503846	0.0476251	0.109595	0.4904359	1.16018	1.105813	0.8514108
27654	-411.1912	-422.616	11.4248	0.833615	0.0179448	0.0331435	0.115296	0.4669094	0.943397	1.441444	1.061728
27660	-414.588	-426.0873	11.49935	0.761665	0.0311918	0.00673415	0.200409	0.408155	1.276859	0.8665006	1.36681
27666	-413.7634	-424.3534	10.59005	0.803559	0.0260397	0.0227263	0.147675	0.4824034	1.01107	1.82084	1.300888
27672	-410.4451	-422.7674	12.32232	0.836828	0.0271178	0.0203754	0.115679	0.4824034	0.2973426	1.599704	0.5987219
27678	-413.5386	-426.7398	13.20118	0.813269	0.0591952	0.0193985	0.108137	0.4294661	0.128403	1.018788	0.6467657
27684	-414.958	-427.9009	12.94287	0.851212	0.0619569	0.0203035	0.0665273	0.4294661	0.1798736	1.317576	0.5184884
27690	-417.9503	-429.7803	11.82995	0.679014	0.246596	0.0467305	0.0276599	0.7560058	0.3915608	1.818043	0.1587358
27696	-421.6286	-432.2999	10.67134	0.683228	0.24192	0.0470205	0.0278315	1.338301	0.5856848	1.726855	0.9096579
27702	-416.1054	-426.8804	10.77496	0.849648	0.0349078	0.0300682	0.0853756	0.6054991	0.6889309	1.693603	1.519078
27708	-418.6113	-429.4499	10.83861	0.849648	0.0349078	0.0300682	0.0853756	0.6284109	0.4969144	1.949409	1.221638
27714	-413.8944	-425.782	11.88763	0.880146	0.0361608	0.026398	0.0572952	0.4393342	0.5780067	1.262765	1.221638
27720	-409.3153	-420.8633	11.54801	0.86576	0.0355698	0.0423113	0.0563587	0.4393342	0.9353809	1.509889	0.8832584
27726	-413.4506	-423.9327	10.48211	0.848674	0.0407864	0.0459149	0.0646243	0.5152671	0.7024771	1.533612	2.286437
27732	-414.7353	-425.6927	10.95741	0.853086	0.00963728	0.067391	0.069886	0.5167492	0.2329853	2.141083	1.191364
27738	-409.6383	-420.5402	10.90188	0.855918	0.00996013	0.0676148	0.0665069	0.5488703	0.3046276	2.141083	1.140069
27744	-411.8542	-424.4148	12.56065	0.855918	0.00996013	0.0676148	0.0665069	0.5478216	0.15132	1.420534	0.6757799
27750	-409.8483	-421.7178	11.86948	0.858259	0.0179272	0.0241113	0.0997023	0.5956412	0.05779211	1.472451	1.347834
27756	-411.2214	-423.0286	11.80716	0.758081	0.067573	0.0263834	0.147962	0.5956412	0.07512417	1.472451	1.398064
27762	-410.7029	-421.0863	10.38335	0.876198	0.0271757	0.0371204	0.0595056	0.6909034	0.09280678	1.997948	2.091935
27768	-413.4149	-425.24	11.8251	0.755433	0.0216781	0.029611	0.193278	0.6909034	0.03270652	1.457359	1.335342
27774	-414.364	-424.6603	10.29621	0.760077	0.0659671	0.0382316	0.135724	0.6848711	0.005925167	1.457359	3.611582
27780	-416.9864	-428.5761	11.58971	0.783066	0.0550126	0.0220928	0.139829	0.5787262	0.01099383	1.164889	2.259497
27786	-409.6913	-422.3648	12.67348	0.859027	0.0420781	0.0306125	0.0682824	0.4684941	0.02984292	1.164889	1.065225
27792	-411.1822	-423.4651	12.28289	0.831338	0.0549513	0.0251628	0.0885479	0.4684941	0.008078529	1.164889	1.513903
27798	-405.8267	-418.6386	12.8119	0.839689	0.056938	0.0116234	0.0917492	0.5561193	0.0129426	1.270318	0.7392833
27804	-407.8229	-419.9964	12.17345	0.947853	0.0345867	0.0135544	0.00400632	0.2734549	1.807785	0.3114357	0.2329533
27810	-405.821	-418.0194	12.19836	0.840034	0.00376055	0.00568497	0.150521	0.5846752	0.01551941	1.724537	0.7189759
27816	-411.1784	-422.1494	10.97107	0.798243	0.00354336	0.00684395	0.19137	0.5846752	0.003008102	1.955357	1.676327
27822	-410.998	-422.7178	11.7198	0.810809	0.000335157	0.00643165	0.182424	0.562666	0.01631392	1.428993	1.676327
27828	-411.0288	-422.8722	11.84337	0.835996	0.00030986	0.00826922	0.155425	0.562666	0.03561848	1.540936	1.338064
27834	-411.154	-423.4858	12.33185	0.813007	0.000193991	0.0356485	0.151151	0.6051012	0.02102749	1.440563	0.9376444
27840	-416.6554	-427.7525	11.09713	0.81277	0.000261112	0.0358619	0.151107	0.6051012	0.02255694	2.341254	0.857263
27846	-419.7679	-430.758	10.99004	0.775562	0.000249159	0.0254557	0.198733	0.6164967	0.1176528	2.341254	0.857263
27852	-411.569	-421.2981	9.729163	0.841022	0.000168499	0.0244126	0.134397	0.686581	0.1094015	2.928854	1.099691
27858	-410.7666	-421.7709	11.00429	0.84066	0.000598342	0.0244021	0.13434	0.5049027	0.1008453	1.989229	1.556681
27864	-410.2808	-421.8841	11.60325	0.776354	0.000355004	0.0225354	0.200756	0.4923889	0.02912638	2.147904	0.7649872
27870	-411.63	-423.5597	11.92965	0.854037	0.00036473	0.0418516	0.103747	0.464957	0.03438392	1.982417	0.7137303
27876	-412.6918	-423.531	10.83921	0.854137	7.21633e-05	0.0277587	0.118032	0.5689628	0.07358691	2.035103	1.625636
27882	-412.994	-423.6052	10.61125	0.88247	6.68615e-05	0.0223651	0.0950976	0.6940165	0.155087	2.220244	1.317051
27888	-416.7562	-428.9017	12.1455	0.845584	6.40668e-05	0.0632292	0.0911227	0.6940165	0.7278588	1.382501	0.411419
27894	-412.2768	-424.82	12.54317	0.831111	2.1142e-05	0.0793051	0.089563	0.4344725	0.8388017	0.9730422	0.6360068
27900	-411.8931	-422.1789	10.28585	0.91374	0.0188388	0.0173099	0.0501108	0.6147056	1.272639	0.8047715	2.795323
27906	-413.6224	-426.2043	12.58186	0.763068	0.111676	0.0321588	0.0930971	0.3930179	1.08505	0.7811045	0.5551185
27912	-421.3129	-430.8584	9.545558	0.857245	0.0338526	0.0424175	0.0664854	0.6071799	1.325387	0.6993084	4.190757
27918	-418.7053	-429.3771	10.67173	0.971521	0.0103559	0.0104495	0.00767335	0.6074475	1.325387	0.6082864	2.312345
27924	-413.3456	-424.4537	11.10811	0.846575	0.0454167	0.0817138	0.0262944	0.7262227	1.019035	1.584866	0.8447573
27930	-409.4824	-419.803	10.32061	0.906683	0.0194169	0.00676486	0.0671349	0.5774422	0.7961082	1.524635	2.309459
27936	-415.3691	-426.2143	10.84521	0.775001	0.166359	0.00536804	0.0532728	0.3995666	0.8574223	0.9269369	2.738818
27942	-412.9275	-425.1562	12.22871	0.72663	0.150131	0.0406614	0.0825781	0.4891246	1.300049	0.8996773	0.5102774
27948	-412.4399	-424.0741	11.63416	0.907176	0.0484349	0.0121164	0.0322722	0.584255	1.3873	0.7269853	1.033825
27954	-413.2886	-424.5558	11.26717	0.818418	0.100706	0.0109309	0.0699447	0.4516424	1.592839	0.9604872	1.142699
27960	-408.8686	-420.1802	11.31158	0.808786	0.0995213	0.0109582	0.0807343	0.4506516	1.341199	0.8879851	1.441936
27966	-411.6998	-423.3093	11.60954	0.85676	0.103645	0.00250121	0.0370938	0.3727961	1.484493	0.8879851	1.040593
27972	-413.2931	-425.1702	11.87708	0.694723	0.220891	0.00533064	0.0790552	0.3997148	0.9121032	1.155739	1.051982
27978	-413.1069	-423.5957	10.48877	0.852923	0.109942	0.0113584	0.0257762	0.597312	1.447756	0.5860211	2.426771
27984	-409.0191	-420.1785	11.15934	0.933636	0.0496079	0.00512513	0.0116307	0.4329677	0.6343638	1.508838	1.633967
27990	-411.4023	-422.9602	11.55791	0.724516	0.0991211	0.00316195	0.173201	0.3570957	0.6774172	1.492523	1.228195
27996	-415.7556	-424.5325	8.776937	0.723262	0.10068	0.00315648	0.172901	0.3780371	0.7535523	2.316772	3.283976
28002	-413.1746	-422.9063	9.731666	0.789618	0.0815608	0.00354635	0.125275	0.3223181	0.7253984	2.316772	1.927902
28008	-410.7891	-422.2385	11.44942	0.849017	0.0413726	0.0030175	0.106593	0.3289974	0.9406186	1.516954	1.052269
28014	-414.2747	-423.7509	9.476264	0.927213	0.0147747	0.00310178	0.0549108	0.3605865	1.682392	0.5005893	4.210876
28020	-409.6337	-421.0323	11.3986	0.836743	0.0148616	0.00312003	0.145276	0.2761112	1.047851	1.592091	0.9174315
28026	-412.8182	-424.3816	11.56338	0.78553	0.013952	0.00435261	0.196165	0.4039467	1.099468	1.296398	1.007903
28032	-414.5741	-426.0495	11.47543	0.781062	0.0218972	0.00199141	0.195049	0.2800485	1.022498	1.296398	1.259434
28038	-411.4409	-422.3724	10.9315	0.774148	0.0303964	0.00213324	0.193323	0.3587589	1.004933	1.911156	0.9292109
28044	-413.3651	-423.8864	10.5213	0.807788	0.0280382	0.00281177	0.161362	0.4282283	0.8975413	1.465642	2.201657
28050	-412.7145	-423.2177	10.50315	0.852427	0.0176143	0.00235531	0.127603	0.2724128	1.89675	1.238649	1.447925
28056	-415.7042	-426.5997	10.89547	0.733755	0.0228966	0.000492047	0.242857	0.5431788	0.78746	1.881549	1.057054
28062	-412.3367	-423.1135	10.77677	0.843203	0.038915	0.000565442	0.117317	0.5431788	0.5855175	1.919538	1.337288
28068	-413.8578	-424.5754	10.71761	0.854481	0.0405945	0.000589846	0.104335	0.3352905	0.7370864	1.302197	2.560243
28074	-412.4871	-423.9418	11.45469	0.853371	0.0405418	0.00188762	0.104199	0.3352905	1.120864	1.475317	0.9188841
28080	-413.2789	-425.2394	11.96056	0.800528	0.065713	0.0312498	0.102509	0.3352905	1.327297	1.38432	0.3064371
28086	-417.5087	-428.5198	11.01113	0.821972	0.0674733	0.0320869	0.0784678	0.325855	1.165918	1.463061	1.356207
28092	-408.5316	-420.8127	12.28115	0.869626	0.0694848	0.0330435	0.0278461	0.3693853	0.931571	1.380146	0.3916343
28098	-410.7202	-423.2311	12.51089	0.902385	0.0344316	0.0342882	0.0288951	0.3506696	1.093251	1.026823	0.4298432
28104	-413.563	-425.0385	11.47556	0.846765	0.045039	0.0159026	0.0922934	0.3351392	0.9726545	1.306197	1.272397
28110	-414.0156	-424.4771	10.46152	0.861938	0.0108262	0.00459884	0.122637	0.5767789	0.8997996	1.936758	1.272397
28116	-408.3472	-419.4381	11.09085	0.894917	0.0335412	0.0147147	0.0568272	0.4206294	0.728031	1.936758	0.9583236
28122	-410.8862	-422.0957	11.20947	0.807069	0.0377188	0.0132702	0.141942	0.4206294	0.9269251	1.594092	1.133701
28128	-413.7393	-425.4475	11.70817	0.910274	0.0227946	0.00668662	0.0602446	0.5986596	1.187081	1.508552	0.2695602
28134	-408.7365	-421.0966	12.36012	0.905859	0.0275346	0.00665419	0.0599523	0.3784685	1.39203	0.9601829	0.2694771
28140	-407.8363	-419.8426	12.00636	0.881644	0.0291284	0.0054517	0.0837764	0.3121927	1.425458	0.6705522	0.8971756
28146	-407.5522	-419.9874	12.43523	0.880679	0.0200041	0.0156326	0.0836847	0.3121927	1.516155	0.6136288	0.4156802
28152	-407.0974	-419.2002	12.10277	0.927292	0.0570263	0.00501149	0.0106699	0.4081978	1.541779	0.9937875	0.3674655
28158	-407.4825	-419.2413	11.75883	0.825716	0.050276	0.00440848	0.1196	0.4081978	1.047998	1.548986	0.1147369
28164	-408.7429	-420.2294	11.48655	0.83311	0.0320233	0.00310946	0.131757	0.2890858	1.129227	1.824443	0.146845
28170	-406.0633	-418.0837	12.02044	0.895203	0.03441	0.0126985	0.0576887	0.3631841	0.855328	1.531877	0.5419247
28176	-414.9712	-424.6814	9.710209	0.759158	0.0581781	0.0202641	0.1624	0.5386711	1.475559	1.642296	2.045112
28182	-416.8128	-426.6997	9.886944	0.754057	0.0857453	0.0177718	0.142426	0.5908009	1.217623	1.661756	2.045112
28188	-408.7711	-420.1719	11.40075	0.848754	0.0527303	0.010929	0.0875868	0.457544	0.7165689	1.62249	1.078082
28194	-414.6393	-426.9336	12.29422	0.848754	0.0527303	0.010929	0.0875868	0.5502082	0.9775068	1.247846	0.2180661
28200	-417.4146	-429.1143	11.69976	0.713195	0.266483	0.00910283	0.0112194	0.4923779	0.151917	1.042057	2.219012
28206	-420.5963	-431.7625	11.16624	0.840759	0.145399	0.00772031	0.00612154	0.7859526	0.268627	1.231267	2.078598
28212	-421.1997	-431.8941	10.69447	0.681143	0.0973539	0.18691	0.034593	0.7339224	0.3785458	1.2678	2.618845
28218	-419.6241	-429.1765	9.552335	0.772046	0.0594287	0.148054	0.0204712	1.233242	1.159737	0.977823	2.906645
28224	-411.9101	-424.5183	12.60826	0.852596	0.0164036	0.067154	0.0638462	0.518318	1.019348	0.9377568	0.3154484
28230	-410.9023	-422.6633	11.76101	0.817367	0.0157449	0.0294098	0.137478	0.363635	1.016698	1.250188	0.9812877
28236	-411.6151	-422.7727	11.15764	0.869771	0.0209144	0.0312953	0.0780194	0.3978005	1.283975	1.074633	1.529347
28242	-409.8251	-421.4076	11.58248	0.775425	0.0226551	0.026511	0.175409	0.3378239	1.491076	0.8641751	1.107464
28248	-409.8806	-421.7074	11.82676	0.882497	0.0231172	0.0537215	0.0406639	0.3457559	1.514325	0.6300353	0.9854686
28254	-413.5537	-424.5657	11.01197	0.898922	0.0689806	0.0256844	0.00641257	0.3002918	1.402228	0.7811053	1.97772
28260	-412.5958	-422.3859	9.790105	0.638483	0.279075	0.0125148	0.0699275	0.2034948	1.854158	0.3086461	3.162938
28266	-413.8657	-425.8167	11.95093	0.363118	0.50069	0.00747607	0.128716	0.2238215	1.771994	0.3689951	0.6367439
28272	-420.7939	-432.0965	11.30264	0.218568	0.585489	0.186942	0.00900183	0.07825045	0.3361111	2.218787	0.2711037
28278	-425.273	-435.8758	10.60284	0.461279	0.401361	0.131569	0.00579105	0.1217016	0.3228039	2.521498	0.853335
28284	-415.4427	-423.1466	7.703873	0.25087	0.633331	0.0650044	0.050795	0.06519663	1.556225	0.6564518	7.334422
28290	-414.0284	-424.0415	10.01314	0.27834	0.472599	0.198183	0.0508775	0.02705458	1.718412	0.3859601	0.8323125
28296	-416.9146	-425.6252	8.71054	0.376013	0.568318	0.0409809	0.014688	0.02465787	2.067961	0.5426215	1.728925
28302	-410.6793	-420.1876	9.508297	0.250303	0.71264	0.02728	0.00977744	0.02465787	2.067961	0.1861767	0.5205154
28308	-415.206	-426.1474	10.94135	0.612135	0.356968	0.013084	0.0178132	0.0498819	1.869427	0.2859891	0.5213802
28314	-423.9685	-432.4729	8.504362	0.613715	0.366466	0.00839289	0.0114265	0.03928477	1.747386	0.3467226	3.51944
28320	-426.2706	-437.6684	11.39789	0.127263	0.680745	0.0799366	0.112055	0.2984655	0.5198816	1.290461	1.952037
28326	-423.1768	-434.6692	11.49239	0.0447641	0.751095	0.166013	0.0381281	0.1346495	0.2688767	1.40551	1.798661
28332	-422.7044	-431.2759	8.571485	0.0455916	0.654444	0.156942	0.143022	0.1526148	0.2787027	2.157808	5.116916
28338	-421.021	-432.0157	10.99477	0.0121533	0.902807	0.0444929	0.0405465	0.395339	0.2855673	1.701193	1.990132
28344	-420.4805	-432.363	11.88251	0.0210922	0.831321	0.0772179	0.0703689	0.7631076	0.065759	1.854412	0.615021
28350	-410.7681	-422.0514	11.28327	0.853135	0.0866803	0.0128023	0.0473828	0.04696531	0.6835646	1.128773	0.961942
28356	-410.7877	-421.7889	11.0012	0.858752	0.104203	0.0117847	0.0252598	0.04678957	1.274521	0.7997734	0.961942
28362	-410.8291	-421.8152	10.98603	0.864607	0.0519384	0.0187599	0.0646945	0.04808614	0.8316562	1.16157	1.103934
28368	-412.5042	-423.9305	11.42631	0.864607	0.0519384	0.0187599	0.0646945	0.06190803	0.934582	1.006528	1.005799
28374	-412.1348	-423.6373	11.50244	0.857413	0.0674713	0.00981666	0.0652988	0.06190803	0.7322724	1.172807	0.9526141
28380	-414.6651	-425.1107	10.44559	0.825505	0.0841797	0.00728231	0.0830335	0.03938718	0.8772982	1.172807	1.347763
28386	-414.3124	-425.2753	10.96292	0.891817	0.0350453	0.00609967	0.0670378	0.03938718	1.264412	1.238442	0.3500192
28392	-419.229	-428.6673	9.4383	0.728567	0.0830189	0.0296083	0.158806	0.03938718	1.056441	1.616139	1.651471
28398	-415.267	-425.4736	10.2066	0.46882	0.360443	0.0568158	0.113921	0.02510504	1.443381	0.9755308	0.5537321
28404	-410.0966	-421.0416	10.94492	0.385524	0.50782	0.0578717	0.0487847	0.02836132	1.395286	0.5951472	0.2573752
28410	-413.6533	-424.7393	11.08595	0.31919	0.502587	0.0967036	0.0815193	0.05114385	0.8801672	1.495085	0.1009439
28416	-411.0161	-422.4224	11.40638	0.296013	0.466093	0.0558925	0.182001	0.05114385	0.9181172	1.44833	0.2840237
28422	-410.8685	-421.8399	10.97137	0.589879	0.376827	0.0315344	0.00175998	0.0548315	1.251421	1.002248	1.019612
28428	-404.9432	-416.3576	11.41442	0.677251	0.293537	0.0245644	0.0046471	0.0377282	1.155999	0.8756079	0.3122884
28434	-408.3594	-420.2273	11.86795	0.265944	0.594884	0.0433104	0.0958613	0.04505271	1.009909	0.7998052	0.2294703
28440	-413.3345	-425.1342	11.79975	0.346633	0.512092	0.0564509	0.0848245	0.07998458	0.7215323	1.417966	0.617093
28446	-406.6666	-418.7374	12.07075	0.564124	0.347471	0.0348331	0.0535717	0.07028722	1.150635	0.9428693	0.3190485
28452	-411.2765	-422.7198	11.44334	0.565967	0.227622	0.0124224	0.193989	0.04536085	1.291047	0.9565451	0.3190485
28458	-410.3511	-422.056	11.70484	0.522777	0.327561	0.0101927	0.139469	0.07585952	1.071817	0.8231562	0.9475076
28464	-412.2848	-424.7251	12.44028	0.510249	0.319711	0.00747134	0.162569	0.1345669	1.023703	0.8066614	0.6640696
28470	-415.1113	-427.0515	11.94018	0.229644	0.552544	0.0270411	0.190772	0.08852604	1.420464	0.8550057	0.4817272
28476	-416.0652	-427.2467	11.1815	0.120282	0.510491	0.0170508	0.352177	0.0457202	1.492852	0.9677435	0.4018591
28482	-414.2014	-425.4244	11.22303	0.924119	0.035556	0.0220211	0.0183042	0.255668	1.613555	0.4113884	1.585157
28488	-416.1622	-426.5183	10.35614	0.940148	0.0339154	0.00451889	0.0214179	0.225663	1.613555	0.4527752	2.79953
28494	-416.1802	-428.7198	12.5396	0.481558	0.339852	0.0509881	0.127602	0.1161484	0.2943042	1.534432	0.1552184
28500	-417.6026	-430.0377	12.43512	0.140411	0.757223	0.00379404	0.0985725	0.1280764	0.7316169	1.34519	0.1736612
28506	-411.6844	-422.9536	11.26916	0.572762	0.146168	0.0217065	0.259363	0.04662834	0.9545613	1.424943	0.3302186
28512	-413.0999	-423.1625	10.06258	0.361797	0.419583	0.0802272	0.138392	0.03213897	1.272451	1.220528	0.9749036
28518	-410.302	-421.379	11.07706	0.758328	0.158886	0.0303801	0.0524059	0.04432171	1.332432	0.7330768	0.8117468
28524	-413.7085	-424.8031	11.09459	0.651711	0.232512	0.0848767	0.0309003	0.04839938	1.294438	0.4732134	1.017618
28530	-412.2421	-422.3095	10.06741	0.307527	0.424888	0.061367	0.206218	0.02568964	1.578468	0.4687247	0.8610275
28536	-407.4933	-416.7014	9.208094	0.563071	0.232218	0.0246222	0.180089	0.02176973	1.83289	0.4308415	1.175587
28542	-411.9267	-420.0577	8.130929	0.784986	0.142536	0.0269431	0.0455347	0.02336712	1.682172	0.5524311	2.987342
28548	-411.9394	-421.7169	9.777555	0.806619	0.146464	0.0318037	0.0151131	0.02336712	1.682172	0.5236896	0.8873855
28554	-406.4355	-416.9803	10.54477	0.714833	0.232947	0.0281826	0.024037	0.03491013	1.987296	0.3592371	0.4120157
28560	-411.496	-421.9104	10.41441	0.750065	0.212838	0.0200212	0.0170761	0.04439725	1.661357	0.9629208	0.9563469
28566	-416.923	-425.7163	8.793279	0.780109	0.186564	0.0175497	0.0157774	0.04453608	1.365785	0.7859551	3.891311
28572	-422.4887	-430.1735	7.684802	0.0911891	0.698778	0.150938	0.0590942	0.03297554	1.031051	1.683604	3.891311
28578	-414.8253	-426.2147	11.38944	0.37171	0.494144	0.100647	0.0334989	0.08101252	0.4277053	1.947246	0.5916977
28584	-422.6507	-431.9461	9.295373	0.650361	0.189261	0.134743	0.0256354	0.2988285	1.640693	0.3601314	4.659547
28590	-416.056	-428.0652	12.00922	0.0963021	0.74741	0.0253219	0.130966	0.1008663	1.19	1.060206	0.540217
28596	-415.6946	-427.6121	11.91752	0.0760984	0.731778	0.0983874	0.0937359	0.06910281	0.7622491	1.228266	0.5675791
28602	-418.3084	-430.0997	11.79129	0.592012	0.233565	0.119171	0.0552522	0.4313496	0.9130955	0.9245767	1.36687
28608	-414.8937	-426.6665	11.77284	0.895825	0.0090732	0.0649761	0.0301253	0.4403806	0.7561064	1.079895	1.380078
28614	-420.208	-430.5857	10.3777	0.844938	0.0100413	0.0719088	0.0731123	0.7672248	0.6452123	1.49509	2.214198
28620	-406.8386	-418.1595	11.32085	0.909079	0.00477856	0.00786925	0.0782732	0.2560445	1.254272	0.6041579	1.908666
28626	-420.4908	-428.7566	8.26576	0.704529	0.193579	0.00832117	0.0935711	0.2473716	1.351413	0.6131955	8.345318
28632	-415.5263	-425.9272	10.40094	0.566704	0.319336	0.0462689	0.0676914	0.0280697	1.02449	0.834329	1.068615
28638	-416.0727	-425.128	9.055337	0.328176	0.447767	0.108424	0.115633	0.0280697	1.021585	1.211326	2.230414
28644	-412.9681	-424.0198	11.05172	0.864102	0.00507464	0.00531597	0.125507	0.5263895	0.7437219	1.431288	1.645915
28650	-410.2304	-422.3235	12.0931	0.889601	0.00378078	0.00396059	0.102658	0.4663146	0.8298488	1.396347	0.5825394
28656	-409.858	-422.075	12.21698	0.921477	0.0038737	0.0107876	0.0638618	0.4557785	0.8957012	1.268339	0.5634853
28662	-412.2836	-424.1285	11.84493	0.922349	0.00387737	0.0122384	0.0615354	0.4125318	0.8574973	1.12875	1.161423
28668	-411.7066	-423.6528	11.94622	0.808602	0.00192413	0.0171369	0.172337	0.3905058	1.14666	1.006096	0.9170803
28674	-409.1243	-421.2809	12.15664	0.938257	0.00223265	0.0198847	0.0396254	0.3443758	1.02651	1.006096	0.8627147
28680	-417.0734	-429.1732	12.09983	0.950063	0.00226074	0.0129911	0.0346851	0.3842721	1.124521	1.031268	0.7706721
28686	-412.9159	-425.112	12.19616	0.881399	0.0104292	0.0599302	0.0482411	0.4200049	1.16572	0.8844015	0.7445017
28692	-415.2945	-425.6856	10.39111	0.770152	0.112231	0.0188527	0.0987636	0.5452216	2.265568	0.2757732	1.393867
28698	-411.1681	-421.3621	10.19399	0.672558	0.267528	0.00949983	0.0504145	0.2902876	2.313836	0.1531347	1.411034
28704	-411.7127	-423.8013	12.08865	0.772716	0.0619544	0.0159715	0.149358	0.4415734	1.213611	1.120067	0.559542
28710	-411.8944	-423.6722	11.77778	0.929257	0.015878	0.016587	0.0382782	0.2374122	1.465024	1.104698	0.7396809
28716	-411.806	-422.0946	10.28863	0.908473	0.00315812	0.016216	0.0721533	0.3918823	1.363342	1.081446	2.586498
28722	-406.5841	-418.9062	12.32208	0.95806	0.00181439	0.0210879	0.0190381	0.3918823	0.8157949	1.323733	0.5280311
28728	-405.784	-417.7838	11.99979	0.905172	0.0074873	0.00940908	0.077932	0.5335281	0.8613745	1.349683	0.6342193
28734	-416.2474	-424.3419	8.094456	0.711322	0.188554	0.0277261	0.0723986	0.04744769	2.199435	0.1640165	3.190279
28740	-411.1054	-422.6936	11.58829	0.571102	0.342253	0.0245405	0.0621047	0.06351017	1.633365	0.5861239	0.4898211
28746	-413.1684	-424.9094	11.74108	0.483635	0.422527	0.0409403	0.052898	0.05241422	1.44972	0.488995	0.2511604
28752	-410.9302	-422.4185	11.4883	0.64458	0.299713	0.0309496	0.0247571	0.0399884	1.190732	0.488995	0.1248496
28758	-419.2813	-430.2517	10.97036	0.325877	0.575336	0.0213723	0.0774149	0.06432828	1.920417	0.508258	0.8312917
28764	-413.3687	-423.6622	10.2935	0.185342	0.394927	0.0241113	0.39562	0.02693337	1.941435	0.373207	0.2502551
28770	-410.137	-420.7813	10.64434	0.621908	0.308732	0.0482303	0.0211291	0.03497738	1.73752	0.373207	0.5785934
28776	-408.5968	-417.906	9.309221	0.621908	0.308732	0.0482303	0.0211291	0.02108792	1.582139	1.005308	0.9626534
28782	-410.0148	-422.1037	12.08886	0.807018	0.0381161	0.00933805	0.145528	0.2987401	1.140552	0.9148135	0.9271692
28788	-408.4767	-420.8143	12.33752	0.869887	0.0169565	0.00682307	0.106333	0.3026436	1.140552	0.5151692	0.9024544
28794	-406.4627	-418.8893	12.42666	0.903018	0.0204743	0.00473463	0.0717734	0.3026436	1.140552	0.6742502	0.7696185
28800	-402.8636	-414.8136	11.94999	0.919924	0.0117411	0.00336816	0.0649666	0.3587509	1.256053	0.5736731	1.132976
28806	-407.923	-419.2579	11.33489	0.828645	0.0632339	0.00731362	0.100807	0.428985	0.7072838	1.797044	0.9325013
28812	-410.6877	-422.8457	12.15795	0.905624	0.02634	0.0071926	0.0608431	0.2668493	1.510445	0.9962721	0.1451936
28818	-408.8207	-421.5686	12.74794	0.941978	0.0315181	0.01202	0.0144839	0.4440416	1.065557	0.7347416	0.1635661
28824	-407.9262	-420.6199	12.6938	0.760029	0.036444	0.00379548	0.199731	0.4406043	1.057412	0.8260333	0.1635661
28830	-409.5787	-420.3573	10.77862	0.743076	0.0380179	0.0105496	0.208357	0.3056568	1.192834	0.9149552	2.441486
28836	-410.2296	-422.8869	12.65727	0.849967	0.0563461	0.0156354	0.0780513	0.3437861	0.8905341	0.6646901	0.7708306
28842	-416.6885	-426.9214	10.23292	0.764079	0.0503445	7.08512e-05	0.185506	0.366682	1.122436	1.330582	2.625589
28848	-410.188	-420.9346	10.74652	0.829734	0.0363386	2.94121e-05	0.133898	0.2398015	1.776393	0.4968179	2.001514
28854	-410.4573	-422.8393	12.38198	0.867994	0.0557868	0.000121043	0.0760983	0.3110572	1.188945	1.022074	0.4947138
28860	-406.0195	-418.3097	12.29024	0.833961	0.0672915	0.000206148	0.0985411	0.3627393	1.238831	0.9430137	0.1090587
28866	-405.1087	-417.716	12.60731	0.86042	0.0694264	5.93725e-05	0.0700944	0.3265782	1.177096	0.8810226	0.3994719
28872	-406.5134	-418.6729	12.15951	0.815478	0.0658001	0.000256518	0.118465	0.292675	1.098811	1.049597	0.7742188
28878	-406.7445	-418.2112	11.46668	0.927634	0.0274003	0.000512446	0.0444536	0.4311352	1.376773	0.930486	1.209788
28884	-412.7765	-425.1017	12.32513	0.834762	0.15544	0.00529596	0.00450272	0.3885968	1.624305	0.472143	0.3811827
28890	-412.4943	-424.5549	12.06059	0.806614	0.186443	0.00259167	0.00435089	0.6283371	1.624305	0.6049726	0.3956081
28896	-406.8402	-418.7654	11.92519	0.880936	0.109597	0.00355471	0.0059128	0.2910155	1.435103	0.6403451	0.9908292
28902	-412.5603	-423.4274	10.86711	0.867483	0.107923	0.0175285	0.00706599	0.4099844	1.435103	0.5514031	2.178779
28908	-408.2441	-420.7055	12.46149	0.846356	0.129288	0.017359	0.00699768	0.4581693	1.435103	0.6814409	0.2711666
28914	-417.4964	-428.0004	10.50395	0.0116839	0.808329	2.65286e-05	0.179961	0.05631565	1.72185	0.7809227	1.247542
28920	-411.5557	-423.6076	12.05182	0.00638801	0.812087	0.000727476	0.180798	0.08954005	1.571119	0.3630551	0.3298007
28926	-412.3749	-424.7881	12.41315	0.0095446	0.944992	0.00818289	0.0372809	0.1616855	1.571119	0.5269118	0.3284176
28932	-410.906	-422.4187	11.51277	0.0858788	0.538806	0.0102814	0.365034	0.05085632	1.388546	0.5972875	0.5660431
28938	-418.1206	-428.1086	9.987989	0.0731802	0.883292	0.00810045	0.0354276	0.05230255	1.239288	1.054146	2.055832
28944	-418.0938	-430.8522	12.75837	0.2306	0.552578	0.14247	0.074351	0.1119819	0.525405	1.215027	0.2000161
28950	-411.5542	-421.6764	10.12227	0.922306	0.0128501	0.0456152	0.0192283	0.500867	1.767059	0.2931865	2.485433
28956	-411.6425	-423.9019	12.25943	0.902018	0.00987351	0.061564	0.0265445	0.5833598	0.974791	0.7537807	0.8091156
28962	-409.1753	-420.2009	11.02565	0.33995	0.533673	0.109533	0.0168442	0.04885493	0.9011967	1.533792	0.1122589
28968	-410.3333	-421.697	11.36366	0.0820308	0.798655	0.104118	0.0151963	0.05295275	0.8075852	1.571951	0.3400538
28974	-411.4095	-422.6306	11.22105	0.0677718	0.807175	0.112498	0.0125548	0.04090279	0.8591324	1.410859	0.3225681
28980	-417.5602	-427.3294	9.769183	0.22877	0.65003	0.0936699	0.0275301	0.05496508	0.9127351	2.552834	0.1540923
28986	-407.5104	-418.2422	10.73182	0.581923	0.352376	0.0507777	0.0149238	0.04761161	0.5299519	1.981866	0.5581717
28992	-410.1581	-420.4015	10.24343	0.0814959	0.714637	0.176174	0.0276929	0.06341629	0.6729577	2.38359	0.1056481
28998	-410.9286	-422.5822	11.65363	0.00303187	0.382083	0.0824315	0.532454	0.06341629	0.2049872	1.905644	0.1660481
29004	-410.5307	-423.3306	12.79996	0.854684	0.0563982	0.0471084	0.0418094	0.4563531	0.6144796	1.08249	0.4752217
29010	-411.1773	-422.1487	10.97148	0.00171225	0.783831	0.17827	0.0361862	0.02971456	1.03348	1.077636	0.1826488
29016	-414.0258	-425.323	11.29717	0.0112871	0.810705	0.0903177	0.0876902	0.04242221	0.8297214	1.169393	0.6423536
29022	-411.0712	-423.0034	11.9322	0.0171927	0.706509	0.144418	0.13188	0.05309288	0.9053581	1.0489	0.2110894
29028	-405.9895	-417.956	11.96647	0.0275069	0.660306	0.124496	0.187692	0.05345252	0.2696064	1.449818	0.1344705
29034	-407.5605	-419.3909	11.83034	0.163173	0.598665	0.0679914	0.170171	0.05170119	0.1962821	1.449818	0.09918317
29040	-409.1301	-420.8015	11.67133	0.138814	0.563544	0.0759111	0.221731	0.06361208	0.3348295	1.82645	0.1852011
29046	-412.7401	-423.8806	11.14047	0.731936	0.143605	0.0317421	0.0927165	0.05484043	0.3713859	2.0691	0.3015718
29052	-414.0115	-425.2944	11.28286	0.6591	0.256514	0.0388666	0.0455199	0.07976182	0.7170298	1.938818	0.4047843
29058	-414.2283	-424.804	10.57563	0.530076	0.215472	0.0373768	0.217075	0.06397222	0.8093076	1.938818	0.8102839
29064	-414.0688	-424.7508	10.68204	0.425888	0.289567	0.0743284	0.210217	0.08724411	0.3497572	2.346427	0.8118543
29070	-411.9696	-422.4437	10.47417	0.460332	0.312986	0.0566116	0.170071	0.08199994	0.1611188	2.844638	0.1796227
29076	-406.509	-417.4923	10.98322	0.432337	0.343692	0.0531688	0.170802	0.05328259	0.5282292	1.881969	0.107868
29082	-413.0767	-425.1577	12.08101	0.817556	0.043651	0.0184543	0.120339	0.5427223	1.04767	0.7530411	0.9529037
29088	-412.9551	-424.4273	11.47219	0.894631	0.0463584	0.0158682	0.0431422	0.3871914	1.04767	1.329844	1.125566
29094	-410.4193	-421.7315	11.31216	0.590357	0.066973	0.024686	0.317984	0.06854495	0.6363695	1.875568	0.1518575
29100	-407.869	-418.8315	10.96248	0.730079	0.168196	0.0250065	0.0767176	0.04450858	0.6478324	1.719505	0.1239524
29106	-409.5861	-420.9967	11.41067	0.755325	0.118576	0.0176292	0.10847	0.08209649	0.5103144	2.040778	0.1869018
29112	-411.6479	-422.0635	10.41565	0.124032	0.747872	0.0774216	0.0506743	0.05223327	0.7839243	2.040778	0.6366884
29118	-408.0933	-419.6064	11.51306	0.149923	0.643143	0.0708295	0.136105	0.05223327	0.7471186	1.362171	0.1185898
29124	-411.8913	-422.196	10.30469	0.268578	0.503211	0.0829351	0.145276	0.02831114	1.390651	1.059096	0.1026935
29130	-413.816	-424.7924	10.97632	0.346237	0.455168	0.0254197	0.173175	0.05583762	1.615826	0.8544342	0.8108117
29136	-420.1717	-430.5563	10.3846	0.635101	0.25489	0.0128141	0.0971948	0.05908998	2.055396	0.7607772	1.091324
29142	-422.1223	-431.6478	9.525452	0.0479079	0.6394	0.10272	0.209972	0.23341	1.726961	0.4279545	4.087707
29148	-416.928	-428.3084	11.38044	0.172367	0.707598	0.108087	0.0119484	0.05177381	1.277538	0.7355152	0.7514997
29154	-412.7707	-423.4283	10.65753	0.0391803	0.192493	0.0251464	0.74318	0.02764884	0.7993183	0.939215	0.06862789
29160	-411.339	-422.1953	10.85629	0.131278	0.644971	0.0518482	0.171903	0.04186433	0.8998393	1.599865	0.1399378
29166	-416.3384	-426.2625	9.92411	0.054253	0.353535	0.0182089	0.574004	0.02834716	1.156496	1.528204	0.0960259
29172	-416.7372	-427.0599	10.32269	0.510084	0.326227	0.0320034	0.131686	0.06714854	1.143343	0.7418137	2.476948
29178	-410.1559	-421.2783	11.12246	0.558232	0.357021	0.0350243	0.0497228	0.0518548	1.041097	0.77135	1.223003
29184	-415.1503	-426.664	11.5137	0.375687	0.376899	0.0673172	0.180097	0.06952568	1.278715	0.9280224	0.7697055
29190	-417.3479	-427.7921	10.44418	0.615514	0.308246	0.0506238	0.0256161	0.06035115	1.164147	0.6433317	2.19633
29196	-415.9841	-427.0535	11.0694	0.55993	0.296772	0.099186	0.0441122	0.07433903	0.6767732	1.445148	1.29064
29202	-413.3427	-423.7844	10.44176	0.456118	0.308074	0.10566	0.130149	0.02913985	1.338455	1.139345	0.4926988
29208	-412.8231	-423.6344	10.81124	0.507748	0.237463	0.074354	0.180435	0.06581335	1.039065	1.110952	1.502317
29214	-412.4508	-424.4817	12.03093	0.219212	0.361297	0.0391747	0.380316	0.0448286	0.8290878	0.8121407	0.2228585
29220	-418.0714	-430.681	12.60957	0.316525	0.392051	0.0049335	0.28649	0.1743854	1.401159	0.6143476	0.255772
29226	-412.101	-424.2183	12.11725	0.267192	0.644028	0.0202727	0.0685071	0.0789718	1.134904	1.00004	0.3461507
29232	-415.6717	-425.4644	9.792786	0.682894	0.206763	0.0675751	0.0427675	0.03328435	1.408172	1.131362	1.273694
29238	-413.4755	-423.9825	10.50703	0.394294	0.468062	0.125005	0.0126393	0.04010751	1.106076	1.730973	0.3317716
29244	-417.0002	-427.2818	10.28162	0.247412	0.602124	0.136648	0.0138166	0.06207525	1.157809	1.684726	1.089821
29250	-413.6643	-425.7293	12.06502	0.2023	0.735117	0.0536025	0.00898064	0.09747218	0.650137	1.268168	0.08399314
29256	-409.585	-421.5226	11.9376	0.225742	0.621197	0.136142	0.0169197	0.05516719	0.3902724	1.301814	0.1054702
29262	-408.8153	-420.4625	11.64721	0.224667	0.618238	0.119109	0.0379863	0.05403181	0.4982575	1.588635	0.1682788
29268	-414.2779	-426.1467	11.86876	0.150385	0.651721	0.0551778	0.142716	0.06550255	0.612066	1.353817	0.5618429
29274	-416.2813	-428.1564	11.87513	0.251294	0.56271	0.0769811	0.109014	0.06137438	0.5904858	1.224061	0.09507093
29280	-412.0391	-421.195	9.15584	0.557279	0.375177	0.0546646	0.0128795	0.03392992	1.020709	1.950857	1.228788
29286	-415.4073	-424.9165	9.509277	0.561462	0.366879	0.0534555	0.0182038	0.06022455	1.161803	2.394373	0.7651284
29292	-415.9787	-425.3825	9.403735	0.583286	0.325805	0.0406668	0.0502423	0.06642346	1.547616	2.042985	1.122133
29298	-411.6306	-422.4227	10.79209	0.631411	0.256991	0.0567279	0.0548695	0.05505213	0.3045323	1.68881	1.312594
29304	-416.4482	-427.5018	11.05358	0.843964	0.022436	0.0137537	0.119846	0.7770922	0.8485496	1.156932	1.604848
29310	-418.4964	-425.4293	6.932907	0.751544	0.130716	0.0189147	0.0988261	0.514705	1.713592	0.3269302	11.0009
29316	-419.8007	-429.1826	9.381933	0.63769	0.186359	0.0735574	0.102393	0.7008884	1.713592	0.3827819	3.615102
29322	-413.925	-424.3694	10.44444	0.696974	0.0698892	0.00585985	0.227277	0.7283761	0.4183777	1.989509	1.566417
29328	-415.7117	-424.6567	8.945015	0.82104	0.0417354	0.00150287	0.135722	0.7283761	0.7726646	1.230272	5.370975
29334	-411.3127	-422.2726	10.95992	0.86067	0.0431596	0.00444805	0.0917223	0.5756633	0.9192734	1.217891	1.807719
29340	-416.2637	-425.9333	9.669636	0.898601	0.0561017	0.00903617	0.0362614	0.6943951	2.107851	0.2118516	2.12365
29346	-412.6533	-423.3604	10.70716	0.829136	0.112441	0.0181106	0.0403121	0.3070711	1.817345	0.3055522	1.846536
29352	-413.7243	-424.3166	10.59231	0.777842	0.0842219	0.0316947	0.106241	0.2947239	1.83379	0.2470592	1.85706
29358	-418.9052	-429.7137	10.80846	0.562986	0.296663	0.0329043	0.107446	0.6445353	1.928909	0.3936263	1.322151
29364	-413.4654	-424.2859	10.82048	0.847014	0.0476626	0.0117021	0.0936218	0.7942564	1.928909	0.3604306	1.117508
29370	-409.8287	-420.3297	10.50104	0.843495	0.0512468	0.0125821	0.0926766	0.5160984	1.970126	0.321487	1.720365
29376	-412.3873	-422.9946	10.60733	0.7605	0.0784227	0.0192542	0.141823	0.2983939	1.635442	0.3958153	2.342133
29382	-414.8469	-426.6727	11.82575	0.534704	0.198665	0.0719708	0.19466	0.3766166	1.471252	0.6154969	1.012916
29388	-416.7787	-428.0316	11.25282	0.62361	0.126191	0.0596037	0.190595	0.6961832	0.7246118	1.330201	1.377335
29394	-408.84	-419.2126	10.37262	0.885531	0.0485412	0.0151201	0.0508075	0.3443695	1.832815	0.4807121	2.395621
29400	-419.0342	-429.2094	10.17525	0.807321	0.0296651	0.0469499	0.116064	0.428413	1.460943	0.7979875	2.981369
29406	-415.0585	-426.8527	11.79415	0.897087	0.0173248	0.0487576	0.0368303	0.4675596	1.196985	0.8157237	1.121831
29412	-413.8341	-426.6011	12.76698	0.901814	0.0233745	0.0474489	0.0273626	0.4705356	1.01513	0.6997586	0.4192884
29418	-413.1092	-424.8008	11.69165	0.887655	0.0267453	0.0542915	0.0313085	0.4705356	1.517429	0.5983769	1.023855
29424	-410.794	-422.5146	11.72066	0.876585	0.0264118	0.0536144	0.0433884	0.4698683	1.106531	1.089078	1.023855
29430	-412.4161	-423.4372	11.0211	0.881746	0.0309981	0.00269745	0.0845584	0.2562967	2.511608	0.1951488	0.5465782
29436	-413.1657	-424.5572	11.39153	0.893892	0.0650067	0.0010577	0.0400433	0.2910249	2.279484	0.2070396	0.4338921
29442	-405.1895	-416.6435	11.45405	0.903846	0.0657306	0.00106947	0.0293541	0.2910249	2.12559	0.1749812	0.4196911
29448	-410.044	-421.1416	11.09756	0.711074	0.107078	0.00174222	0.180106	0.3314411	2.073503	0.3022956	1.086719
29454	-412.858	-423.5587	10.70064	0.706015	0.106316	0.00884475	0.178824	0.3984786	2.073503	0.5516606	1.583622
29460	-411.3104	-422.9692	11.65889	0.873626	0.0399384	0.00493848	0.0814969	0.2966268	1.679176	0.8522402	0.8750268
29466	-409.8458	-421.684	11.83819	0.83362	0.0211481	0.00261502	0.142617	0.5200835	1.038288	1.045743	0.06516099
29472	-406.956	-419.267	12.31104	0.763258	0.0222507	0.00116688	0.213325	0.3033931	1.457778	0.5334086	0.1014788
29478	-412.8095	-424.488	11.67849	0.814094	0.0384717	0.00201687	0.145417	0.2109516	1.249518	0.7264686	1.39554
29484	-411.9602	-423.1476	11.18741	0.709313	0.0335201	0.00159692	0.25557	0.3405371	1.730502	0.7264686	1.382149
29490	-411.1582	-423.0043	11.84613	0.727304	0.0283677	0.00135146	0.242976	0.4591208	1.179676	1.326172	0.5756385
29496	-411.947	-423.2148	11.26774	0.855817	0.0385623	0.000911664	0.104709	0.358737	1.378097	1.209263	1.169263
29502	-408.0391	-420.2716	12.23256	0.852262	0.0384021	0.00273622	0.1066	0.3082552	1.085679	0.7554162	0.9609135
29508	-409.2107	-420.8431	11.63246	0.797475	0.0359334	0.00512612	0.161466	0.4420966	1.043863	1.269691	0.9930984
29514	-420.1518	-431.607	11.45523	0.868259	0.0214582	0.0515336	0.0587489	0.3635806	2.178047	0.757903	0.6247808
29520	-409.0447	-421.0401	11.99548	0.906059	0.0223923	0.0102426	0.0613065	0.4115463	1.667165	0.5030643	0.6548825
29526	-408.815	-421.1916	12.37652	0.908697	0.0224575	0.00736048	0.061485	0.2303331	1.370785	0.4865522	0.6548825
29532	-404.1767	-415.6639	11.48721	0.967083	0.0100694	0.00244268	0.0204046	0.2578481	2.429397	0.2700244	0.214449
29538	-411.4563	-422.6455	11.18918	0.948907	0.0136896	0.00332088	0.0340825	0.2578481	2.517701	0.3180022	0.6121085
29544	-410.1734	-421.4164	11.24302	0.81119	0.0331962	0.0067383	0.148875	0.2849774	2.517701	0.2152347	0.354242
29550	-411.25	-422.5157	11.26569	0.901519	0.0236847	0.00480761	0.0699889	0.2849774	2.496211	0.2152347	0.3525489
29556	-414.6867	-426.0589	11.37218	0.876112	0.0223855	0.0133248	0.088178	0.3107501	2.122597	0.1485302	0.3783017
29562	-410.3284	-422.4456	12.11725	0.883572	0.0284244	0.0105386	0.0774652	0.3921676	1.230997	0.9110837	0.757545
29568	-409.4416	-421.9017	12.46017	0.897298	0.0125431	0.0107023	0.0794568	0.3957944	1.138664	0.8722105	0.5492033
29574	-412.5881	-423.4097	10.82164	0.811786	0.0081231	0.00425401	0.175837	0.329284	1.595551	0.994558	1.717931
29580	-405.8667	-418.2523	12.38562	0.802006	0.0237834	0.00420276	0.170008	0.3928051	1.175592	0.7881763	0.6511619
29586	-409.2304	-421.8573	12.62687	0.829591	0.0231321	0.00434732	0.142929	0.341844	1.354481	0.5176486	0.3856122
29592	-408.4936	-419.6689	11.17534	0.952428	0.00379596	0.00897897	0.0347969	0.3272772	1.493044	0.8137186	1.609746
29598	-405.8923	-417.9952	12.10285	0.967923	0.00677479	0.00912505	0.0161767	0.290877	1.716772	0.7770544	0.4701256
29604	-405.3132	-417.1508	11.83758	0.961639	0.00573585	0.00772568	0.0248994	0.3569945	1.28213	1.345655	0.5451869
29610	-406.4281	-418.6439	12.21585	0.928955	0.00699299	0.00286029	0.0611921	0.3411245	1.145249	1.153174	0.5451869
29616	-404.8535	-416.577	11.7235	0.929011	0.00584735	0.00394531	0.0611958	0.3411245	1.715149	1.109372	0.5170592
29622	-407.4849	-419.7035	12.21862	0.898371	0.021464	0.00381519	0.07635	0.2727185	1.231511	1.11448	0.5310059
29628	-406.1355	-418.5406	12.4051	0.918115	0.0175975	0.00181464	0.0624732	0.2352614	1.479448	0.6668953	0.4789455
29634	-407.8977	-419.3825	11.48483	0.783364	0.0132535	0.00470903	0.198674	0.2352614	1.479448	1.101158	1.013413
29640	-407.9482	-420.3301	12.38186	0.783746	0.0212825	0.00471133	0.19026	0.4006883	1.328584	0.7253826	0.543004
29646	-414.1597	-426.2594	12.09972	0.910474	0.00883822	0.00167626	0.0790116	0.4006883	1.691792	0.8706599	0.1929576
29652	-411.6058	-423.8436	12.23777	0.859026	0.0288061	0.00233025	0.109838	0.3262872	1.487434	0.6550279	0.1024181
29658	-413.203	-425.2841	12.08111	0.919223	0.0311999	0.00468112	0.0448959	0.3262872	1.82448	0.7695902	0.1774166
29664	-423.3277	-435.0815	11.75381	0.945733	0.0200157	0.00375789	0.0304933	0.3258624	1.462698	1.125923	0.08780198
29670	-415.255	-427.4862	12.23116	0.882798	0.040867	0.00767264	0.0686627	0.2540125	1.438082	0.6984677	0.09409433
29676	-415.5549	-427.5774	12.02246	0.844045	0.0506642	0.00389549	0.101395	0.2488949	1.753121	0.7678681	0.5286285
29682	-414.8155	-427.2339	12.41834	0.867272	0.0245397	0.00400269	0.104186	0.3335683	1.616755	0.4539359	0.207081
29688	-417.8724	-429.9652	12.09286	0.817368	0.0484737	0.0218186	0.11234	0.37412	1.616755	0.7451278	0.5523612
29694	-418.8556	-430.4853	11.62965	0.758944	0.104081	0.0237171	0.113258	0.3984644	1.72488	0.5857479	0.9480535
29700	-411.1715	-422.7574	11.58591	0.851212	0.0125206	0.0111704	0.125097	0.351481	1.423761	0.9394545	1.094917
29706	-416.9651	-427.4496	10.48453	0.958152	0.0204151	0.0125737	0.00885917	0.294476	1.290099	1.649639	1.544191
29712	-415.757	-428.1699	12.41291	0.919141	0.047266	0.0221244	0.0114691	0.3568366	1.481968	0.8170409	0.2502779
29718	-414.636	-426.7045	12.06855	0.859995	0.0516863	0.0207007	0.0676182	0.3568366	1.05149	1.11255	0.8072185
29724	-414.4604	-425.3881	10.92764	0.930836	0.0171156	0.0180784	0.0339698	0.3568366	0.9640124	1.793759	1.149211
29730	-416.3795	-428.0373	11.65781	0.703542	0.0419876	0.0759491	0.178522	0.5768846	1.010915	1.288875	0.8460298
29736	-416.6348	-427.0353	10.40049	0.785626	0.0556982	0.002268	0.156408	0.3829256	1.21629	1.45378	2.005174
29742	-418.9619	-428.1282	9.166313	0.867191	0.0614808	0.00250346	0.0688244	0.345166	1.136947	0.9988588	5.473655
29748	-418.8214	-430.0456	11.22425	0.678893	0.146411	0.00333369	0.171362	0.5632667	0.3916607	1.397619	1.877139
29754	-413.2329	-422.4382	9.20531	0.449783	0.317819	0.0924319	0.139966	0.03833985	1.22327	0.9299502	2.846046
29760	-423.8537	-436.0342	12.18052	0.794508	0.142139	0.035882	0.0274711	0.8229446	0.187075	0.9483388	1.269171
29766	-421.7835	-434.7745	12.991	0.43915	0.440652	0.0680781	0.0521203	0.5635425	0.5584335	0.8560248	0.4501009
29772	-419.5882	-430.2148	10.6266	0.412025	0.36771	0.0396906	0.180575	0.0330762	1.78457	0.3565095	0.4564927
29778	-415.088	-426.7568	11.66878	0.0840298	0.560302	0.0726237	0.283045	0.06559646	1.708996	0.4883673	0.173679
29784	-415.9229	-428.1563	12.23343	0.218439	0.690158	0.0479006	0.0435026	0.1205107	1.600978	0.5317211	0.173679
29790	-412.1792	-424.5672	12.38804	0.166718	0.577606	0.0812137	0.174462	0.08875233	1.09952	0.733616	0.1422702
29796	-419.9806	-432.1781	12.19749	0.289931	0.483294	0.0283109	0.198463	0.6957398	1.286152	0.5765564	0.5414213
29802	-411.6618	-424.0946	12.43281	0.460794	0.409197	0.0161499	0.113859	0.1168524	0.8506168	1.134733	0.4640883
29808	-414.2207	-425.8053	11.58456	0.469411	0.363594	0.0400571	0.126938	0.1427993	0.8535976	1.216004	1.307912
29814	-416.184	-426.3759	10.19186	0.239951	0.491154	0.0565623	0.212333	0.1048119	0.6247224	1.216004	3.378924
29820	-411.4966	-423.4952	11.99857	0.508747	0.410843	0.0226611	0.0577495	0.08846734	1.084652	1.265814	0.2622891
29826	-413.5615	-426.0601	12.4986	0.468606	0.177864	0.00470043	0.34883	0.09496403	0.4813745	1.390681	0.248531
29832	-416.9962	-427.61	10.61386	0.314874	0.366357	0.024303	0.294466	0.06371099	1.144647	0.9291653	1.798537
29838	-419.1443	-430.5246	11.38028	0.320017	0.453865	0.0469561	0.179163	0.1152238	1.431622	1.115749	0.9312117
29844	-418.0137	-430.338	12.32425	0.391744	0.49923	0.021887	0.0871387	0.06365578	0.3760533	1.215224	0.1306367
29850	-425.1832	-434.2577	9.074501	0.797283	0.0163364	0.177677	0.00870333	0.6720019	0.9211192	0.7479325	5.996565
29856	-419.3206	-428.8605	9.53993	0.797283	0.0163364	0.177677	0.00870333	1.573082	0.8327974	0.9362702	3.034847
29862	-415.0821	-427.5591	12.47708	0.714191	0.0396954	0.230275	0.0158382	0.6612495	1.124068	0.7413499	0.3697353
29868	-421.8902	-433.2232	11.33299	0.570744	0.071877	0.282165	0.0752132	1.044696	0.9879689	0.825067	1.192579
29874	-419.6599	-428.4429	8.783066	0.628845	0.189483	0.112594	0.0690779	0.4094015	1.294119	0.712551	6.547065
29880	-410.0066	-421.9889	11.98231	0.736667	0.0781642	0.0385302	0.146638	0.424026	1.472856	0.5045243	0.8413788
29886	-411.9466	-422.3277	10.3811	0.889888	0.0227809	0.018172	0.0691591	0.2989966	1.913305	0.5439823	2.298535
29892	-410.0268	-421.3855	11.35873	0.908245	0.0232509	0.0185469	0.0499572	0.3561795	1.43926	0.6526439	1.554201
29898	-415.7204	-426.4112	10.69074	0.843847	0.0255886	0.0204117	0.110153	0.284961	1.071013	0.6171722	3.109829
29904	-423.671	-434.7333	11.06227	0.0979226	0.765655	0.0378999	0.0985222	0.2507444	0.7672199	1.048911	2.477873
29910	-413.6807	-425.3696	11.68889	0.771716	0.139292	0.0633359	0.0256561	0.6476816	1.632856	0.4456402	0.7477231
29916	-415.501	-426.2894	10.78838	0.652684	0.152386	0.0583178	0.136612	0.630469	1.56659	0.5477819	1.817713
29922	-419.534	-428.765	9.230973	0.820816	0.0892977	0.00983182	0.0800541	0.9061781	1.038863	0.7639369	4.717732
29928	-418.5717	-428.8031	10.23139	0.755152	0.0161139	0.00904528	0.219689	0.2973365	1.260614	0.6063455	3.590225
29934	-419.0768	-430.6976	11.62083	0.549745	0.25091	0.0289399	0.170404	0.6491404	1.830609	0.2501868	0.1441255
29940	-419.0057	-429.4571	10.4514	0.761888	0.0598833	0.0147396	0.163489	0.3166967	1.60587	0.5443374	2.639533
29946	-411.4976	-422.9001	11.40251	0.919184	0.0198666	0.00504051	0.0559085	0.2530802	1.574863	0.4602483	1.438363
29952	-408.5565	-420.2803	11.72381	0.894321	0.0049241	0.0349759	0.0657794	0.549608	0.8899311	0.9991246	1.260637
29958	-408.3602	-420.5546	12.19448	0.915787	0.00282508	0.0282529	0.0531354	0.4371164	0.6167452	1.230336	0.9110644
29964	-411.5112	-422.4656	10.9544	0.878955	0.00406066	0.0406096	0.0763748	0.4371164	0.2367086	1.227355	2.996325
29970	-408.5582	-419.9849	11.42669	0.855653	0.00669603	0.0117092	0.125942	0.3746836	1.191167	0.8771974	1.569593
29976	-408.9582	-420.9325	11.97427	0.857543	0.0604731	0.0177824	0.0642013	0.4731608	1.076836	0.9526247	0.9362719
29982	-409.4557	-421.6409	12.18523	0.866035	0.0945218	0.0179585	0.0214848	0.4442803	1.076836	0.847061	0.8488325
29988	-414.773	-425.235	10.46199	0.740654	0.107198	0.011429	0.140719	0.4442803	1.182377	0.6650651	3.083851
29994	-424.2337	-434.4505	10.21681	0.773152	0.111902	0.0203182	0.0946279	1.864301	1.209346	0.6962181	1.483816
30000	-417.2034	-427.1455	9.942083	0.734413	0.129803	0.0441601	0.091624	0.358229	1.417936	0.8952773	3.422448
30006	-414.2457	-426.9946	12.74895	0.764724	0.134994	0.0456492	0.0546321	0.3825877	1.234044	0.6273788	0.2174994
30012	-410.1775	-421.8963	11.71875	0.776921	0.142054	0.0516358	0.0293888	0.549881	1.301759	0.8984016	0.9396741
30018	-410.0749	-420.7847	10.70977	0.865878	0.0511109	0.0502572	0.0327538	0.549881	1.259969	1.281611	1.6345
30024	-412.9581	-424.1772	11.2191	0.816335	0.0311044	0.121681	0.0308797	0.6882899	0.3762065	1.55829	1.482455
30030	-410.5899	-422.9026	12.31271	0.801229	0.047556	0.0910404	0.0601748	0.566492	0.5927809	1.35519	0.5527877
30036	-411.4789	-422.5833	11.10437	0.875377	0.0589924	0.0473624	0.018268	0.566492	0.8123383	1.285211	1.672616
30042	-411.4374	-423.3291	11.89174	0.848764	0.0124895	0.0288798	0.109867	0.5115572	1.273801	0.9842678	0.7599115
30048	-412.8836	-425.6243	12.74066	0.750518	0.0954855	0.0268706	0.127126	0.2607351	1.273801	0.6863746	0.2107776
30054	-408.8224	-421.601	12.77867	0.880641	0.0510573	0.0154846	0.0528171	0.2783748	1.161704	0.7438901	0.3614209
30060	-409.6507	-421.5857	11.93503	0.865942	0.0616442	0.00864495	0.063769	0.4252442	1.159047	0.9490141	0.9413895
30066	-410.8036	-422.6549	11.85131	0.775467	0.0552035	0.00774171	0.161588	0.329221	1.328824	0.7522353	1.09084
30072	-408.1014	-420.4718	12.3704	0.787982	0.0367683	0.0110542	0.164196	0.2436776	1.328824	0.7240927	0.629372
30078	-413.2165	-424.2441	11.02757	0.868301	0.0311798	0.012181	0.0883377	0.7118183	1.857163	0.8817423	0.920016
30084	-414.6431	-425.6653	11.02216	0.803758	0.0643204	0.100005	0.0319165	0.6412834	1.024814	0.8383224	2.001005
30090	-414.8001	-425.8513	11.05119	0.824416	0.06073	0.0694046	0.0454494	0.5075303	0.9931906	1.495785	1.284877
30096	-411.8621	-423.7348	11.87268	0.870812	0.0403215	0.0733105	0.0155556	0.5288611	1.686428	0.8973689	0.4398361
30102	-410.7015	-422.4106	11.70917	0.766911	0.19006	0.0293292	0.0136996	0.415254	1.033546	0.9103476	1.354585
30108	-411.5042	-423.9946	12.49045	0.768199	0.123409	0.0383508	0.070041	0.486874	1.077284	0.6842952	0.6264394
30114	-411.9706	-423.6566	11.68599	0.896475	0.0443321	0.0288413	0.0303514	0.9293761	1.763182	0.427779	0.2740584
30120	-412.6245	-423.8008	11.17634	0.849714	0.031017	0.0905009	0.0287683	0.6771888	2.268425	0.2277822	0.3511277
30126	-414.7742	-425.7668	10.99262	0.882512	0.00675105	0.0921276	0.0186098	0.5661094	2.268425	0.14532	0.3732524
30132	-415.6628	-425.8727	10.2099	0.797906	0.00259745	0.182671	0.0168257	0.7115088	2.261242	0.1302049	0.9241333
30138	-420.0431	-431.3091	11.26597	0.768972	0.00104257	0.203335	0.0266507	0.6911646	2.060799	0.2150228	0.4379121
30144	-412.4147	-423.7877	11.37292	0.82209	0.000420328	0.0591555	0.118335	0.4196742	1.767623	0.4904911	1.160041
30150	-410.1353	-419.7589	9.623634	0.893731	0.00956685	0.0223288	0.0743732	0.3805792	2.010752	0.325233	3.134041
30156	-408.9446	-420.3344	11.3898	0.869637	0.0740847	0.00266001	0.0536183	0.3805792	1.936145	0.3587096	0.9547908
30162	-415.3268	-426.4203	11.09347	0.627718	0.224564	0.00806299	0.139655	0.1854811	2.169042	0.3096387	0.9974898
30168	-410.4451	-421.294	10.84891	0.772123	0.183723	0.00596855	0.0381861	0.0457112	2.088705	0.3960486	0.3854227
30174	-407.5333	-418.3439	10.8106	0.869848	0.0161831	0.00263251	0.111336	0.02916812	1.408447	0.7208986	0.4316021
30180	-410.0391	-421.2014	11.16232	0.418356	0.0897884	0.0113611	0.480495	0.05258319	1.355217	1.306202	0.193392
30186	-414.2945	-425.6799	11.38532	0.277506	0.270123	0.0355252	0.416846	0.04343421	1.080444	1.08391	0.4307343
30192	-411.8725	-423.3111	11.43856	0.594439	0.336727	0.0547566	0.0140779	0.06887392	0.608339	1.844928	0.1780834
30198	-411.9323	-422.4267	10.49441	0.642184	0.232971	0.0746777	0.0501675	0.03977951	0.5686824	2.013506	0.4817237
30204	-408.4104	-419.0926	10.68219	0.884099	0.0835144	0.0133667	0.0190202	0.04383495	0.6895379	1.294019	1.289187
30210	-410.3115	-421.2516	10.94005	0.545131	0.298283	0.0455383	0.111048	0.04282505	0.7046276	1.364896	0.8879865
30216	-409.0015	-419.6241	10.62257	0.0842219	0.457021	0.0612744	0.397483	0.03387818	0.737963	1.546887	0.1010629
30222	-411.5126	-423.0846	11.57204	0.0372149	0.515181	0.143677	0.303927	0.05308611	0.4737155	1.467651	0.1010629
30228	-415.548	-427.2042	11.65615	0.0115099	0.724306	0.0556703	0.208513	0.04260709	0.5631291	1.203634	0.1214498
30234	-415.7158	-427.5624	11.84657	0.025007	0.618382	0.0692679	0.287343	0.05764519	0.9351864	0.9269765	0.1048356
30240	-416.7628	-427.4416	10.67881	0.893603	0.00605803	0.0289589	0.0713804	0.6293665	1.179682	1.298268	1.643839
30246	-412.8366	-423.538	10.70145	0.917805	0.00818495	0.0561911	0.0178194	0.6293665	0.6384781	1.728783	1.576708
30252	-413.755	-424.6213	10.86628	0.0190168	0.513968	0.0518254	0.41519	0.05725291	1.467577	1.202718	0.08493699
30258	-412.6114	-422.983	10.37167	0.0259892	0.546875	0.127273	0.299863	0.05146773	1.230894	1.513541	0.06602113
30264	-408.7945	-419.093	10.29852	0.766221	0.0168209	0.00104351	0.215915	0.1953264	1.531672	0.4524802	2.996746
30270	-413.6669	-423.5198	9.852857	0.524315	0.0212055	0.000853521	0.453626	0.2116042	1.616012	0.4218776	3.643874
30276	-415.7919	-423.7404	7.948492	0.716036	0.0507211	0.00476609	0.228476	0.2651298	1.646502	0.6976253	8.284344
30282	-410.5462	-422.1112	11.56503	0.715558	0.0361039	0.00507456	0.243264	0.3287343	1.491252	0.5984899	1.305884
30288	-409.8056	-419.3387	9.533146	0.892865	0.0137144	0.00101419	0.0924062	0.2495741	1.673883	0.3041069	3.994196
30294	-410.6604	-420.2186	9.5582	0.805884	0.0175212	0.0012957	0.175299	0.2257251	2.299398	0.2307973	2.614348
30300	-416.8942	-427.6035	10.70933	0.148053	0.724757	0.109679	0.0175107	0.09475839	1.260078	1.066854	1.785669
30306	-417.0266	-425.4111	8.384552	0.0671126	0.812018	0.0798925	0.0409767	0.06003505	1.224394	1.013987	5.404813
30312	-416.2647	-427.443	11.17824	0.0776216	0.602829	0.121067	0.198482	0.04104778	1.006437	1.090243	0.6305772
30318	-427.3772	-437.3983	10.02111	0.281215	0.368443	0.0225208	0.327822	0.2762636	1.99559	0.5430484	2.728438
30324	-415.0807	-425.5213	10.44062	0.838211	0.0393753	0.00739135	0.115022	0.2458513	2.000596	0.3100918	1.980835
30330	-413.336	-424.156	10.82003	0.741589	0.0201599	0.00599956	0.232252	0.2690063	1.994856	0.2930476	1.488638
30336	-409.4193	-420.8291	11.40986	0.950726	0.024175	0.00599371	0.0191055	0.3316787	1.496015	0.5417475	1.488638
30342	-414.9448	-423.4222	8.477401	0.673675	0.0443444	0.00911051	0.27287	0.2396275	2.291476	0.173326	4.272699
30348	-411.7682	-422.2163	10.44808	0.758283	0.032847	0.0067484	0.202122	0.2396275	2.279236	0.176597	1.281149
30354	-412.6471	-423.9244	11.27731	0.724257	0.0725044	0.0101865	0.193052	0.2729701	2.095172	0.2586881	0.844017
30360	-412.5029	-421.9303	9.427357	0.905627	0.0233133	0.0163701	0.0546893	0.2914825	1.926768	0.1865113	3.230802
30366	-415.2439	-424.6507	9.406793	0.809256	0.028688	0.0324608	0.129595	0.5460915	1.699154	0.4247648	3.947
30372	-412.95	-424.3204	11.37044	0.842121	0.0411691	0.0735537	0.0431559	0.3914485	0.8266441	1.566071	1.136336
30378	-412.1681	-423.7547	11.58659	0.905342	0.0335038	0.05807	0.00308456	0.4833866	0.8443663	1.545682	0.8468696
30384	-418.9064	-431.7093	12.80295	0.77445	0.160683	0.0609331	0.00393454	0.4804735	0.4626512	0.9257417	0.7471186
30390	-408.5772	-421.0494	12.47223	0.882825	0.0451505	0.0330483	0.0389762	0.35379	0.9753378	1.197683	0.3911689
30396	-412.9157	-425.4983	12.58267	0.809735	0.0613084	0.0396379	0.0893184	0.3747266	1.0155	0.9185274	0.5263891
30402	-409.8568	-421.3937	11.53687	0.781533	0.0971519	0.0382574	0.0830578	0.3747266	0.6224969	1.604273	1.134998
30408	-413.0786	-425.1697	12.09111	0.794698	0.0987884	0.0389018	0.0676121	0.6566967	1.078297	1.24236	0.281532
30414	-417.4757	-429.5869	12.1112	0.836476	0.0622236	0.0246523	0.0766481	0.6032997	1.438548	0.766996	0.4777211
30420	-416.3312	-426.9935	10.6623	0.775229	0.130888	0.0228472	0.0710359	0.4501754	1.047722	0.8021383	2.822612
30426	-410.7935	-422.1797	11.38621	0.804434	0.137802	0.0208819	0.0368821	0.4352479	0.8122807	1.400193	1.329347
30432	-410.777	-421.1989	10.42188	0.787349	0.144796	0.0223133	0.0455423	0.5437319	0.930869	1.632248	1.837724
30438	-410.202	-422.221	12.01897	0.817259	0.124235	0.0168524	0.0416534	0.4648542	0.7217738	1.166742	1.028701
30444	-411.1602	-420.7472	9.58702	0.863303	0.0569225	0.0539499	0.025825	0.5212567	0.843516	1.176995	4.38831
30450	-419.8568	-431.7309	11.87408	0.701601	0.152509	0.0491484	0.0967413	0.3861584	1.596367	0.3609627	0.8118688
30456	-421.6666	-430.0105	8.343947	0.806004	0.0977339	0.0594011	0.0368614	0.9713804	1.927756	0.2101106	4.180818
30462	-411.5887	-421.6839	10.09516	0.808693	0.086492	0.0103104	0.0945044	0.3135822	2.254783	0.233479	1.906454
30468	-412.1105	-421.9113	9.800834	0.808795	0.0702189	0.00548214	0.115504	0.3270161	1.950628	0.3224248	2.993726
30474	-412.1331	-424.0228	11.88972	0.912111	0.0615931	0.0155894	0.0107067	0.3889497	1.950628	0.4122553	0.4843573
30480	-411.7657	-422.9204	11.15473	0.867508	0.000786461	0.0369775	0.0947277	0.3330497	1.094381	1.295238	1.512529
30486	-416.9493	-428.7312	11.78192	0.875966	0.00396873	0.0244138	0.0956512	0.4537587	0.9340085	0.9747195	1.279168
30492	-415.5345	-428.5687	13.0342	0.725972	0.103103	0.134201	0.0367237	0.4537587	0.2779048	1.044697	0.6167932
30498	-414.7813	-427.1252	12.34393	0.922351	0.0367538	0.0390799	0.00181541	0.5421721	0.9000705	1.104394	0.5367834
30504	-410.7079	-422.0155	11.30757	0.824908	0.0820091	0.0794641	0.0136187	0.5441962	1.707608	0.5642833	1.157004
30510	-410.5569	-422.0617	11.50482	0.733405	0.214692	0.0176492	0.0342532	0.5209191	1.043164	0.8284214	1.541
30516	-415.3665	-427.4555	12.08899	0.478419	0.463504	0.0197486	0.0383276	0.6273801	1.351338	0.5113306	0.661761
30522	-414.4122	-426.9455	12.53325	0.684832	0.26768	0.00681959	0.0406686	0.4834384	0.2649446	1.653423	0.3153084
30528	-409.819	-421.3628	11.54375	0.814235	0.0104698	0.0157728	0.159523	0.6125688	0.1922174	1.807917	1.03882
30534	-414.5601	-424.6115	10.05139	0.839216	0.0197684	0.0123832	0.128633	0.6125688	0.3920771	1.640713	3.054772
30540	-408.4396	-420.7046	12.26501	0.808168	0.0560331	0.0119251	0.123874	0.4263785	0.08890908	1.640713	0.8471902
30546	-412.4249	-424.1005	11.67568	0.720677	0.136237	0.0125311	0.130555	0.5193685	0.09022935	1.657662	1.334784
30552	-418.3651	-428.6706	10.30552	0.810513	0.0166925	0.00969186	0.163102	0.4816939	0.0796804	1.89148	2.780535
30558	-413.2428	-423.9314	10.68864	0.779436	0.0486311	0.00932025	0.162612	0.4586745	0.679456	1.480401	2.205938
30564	-415.2601	-425.8494	10.58924	0.736399	0.157435	0.10352	0.00264616	0.7897954	0.03029007	2.260709	1.298241
30570	-415.3038	-425.1804	9.876658	0.723232	0.146858	0.12731	0.00259885	0.9776624	0.02171712	1.91243	2.687534
30576	-414.1701	-424.7581	10.58794	0.838731	0.0724013	0.0703377	0.0185302	0.897005	0.2296496	2.297786	0.9192375
30582	-412.3853	-424.8173	12.43196	0.725471	0.235312	0.0139952	0.0252214	0.4415796	0.6242066	1.473001	0.3588278
30588	-414.1716	-425.6716	11.50007	0.523641	0.401906	0.018693	0.0557597	0.4415796	0.7878882	1.213801	1.481133
30594	-413.2796	-425.0206	11.741	0.881753	0.0267747	0.0102641	0.0812084	0.507399	1.714535	0.708109	0.7005028
30600	-409.1307	-421.341	12.21026	0.890539	0.0578103	0.0106226	0.0410283	0.2984704	1.714535	0.4449271	0.468598
30606	-414.1764	-425.8437	11.66736	0.832823	0.112815	0.00993413	0.0444284	0.783845	1.48362	0.3833921	0.7485294
30612	-415.9686	-427.9135	11.9449	0.611226	0.0870166	0.0281727	0.273585	0.4478068	1.849777	0.384853	0.1364429
30618	-410.7254	-422.6112	11.88577	0.862188	0.0373293	0.0182999	0.0821827	0.3514939	1.849777	0.3878008	0.6024397
30624	-415.0093	-426.8973	11.88802	0.907799	0.0393041	0.0165489	0.036348	0.2217893	1.882358	0.3878008	0.6024397
30630	-414.5196	-424.6385	10.11888	0.745169	0.0474274	0.0111143	0.196289	0.389708	1.762369	0.2476565	2.534807
30636	-409.9631	-421.5752	11.61205	0.914999	0.0233542	0.00972459	0.0519218	0.3194441	1.502779	0.5008908	1.266604
30642	-418.7103	-430.3884	11.67811	0.780642	0.0623819	0.0182866	0.138689	0.7467193	1.206971	1.085683	0.6930753
30648	-409.9641	-422.3244	12.36033	0.846133	0.039262	0.0198207	0.094784	0.3662738	1.658808	0.5809637	0.249055
30654	-413.4744	-425.4572	11.98278	0.794132	0.140378	0.00492323	0.0605672	0.5739994	0.3715866	1.858131	0.3996595
30660	-411.5903	-423.0806	11.49027	0.833287	0.112401	0.00449893	0.0498131	0.5117914	0.519656	1.497251	1.315708
30666	-425.2665	-434.4147	9.148157	0.695139	0.241521	0.0217856	0.0415547	0.9259772	0.7702455	1.686167	3.284657
30672	-418.2635	-427.5779	9.314412	0.86259	0.0335587	0.0499697	0.053882	0.6954832	1.389942	0.7927127	4.215013
30678	-412.9246	-423.0454	10.12079	0.845503	0.0377317	0.0561833	0.0605822	0.4363813	1.004977	1.597001	2.356916
30684	-410.3001	-422.5502	12.25018	0.890298	0.0397308	0.00617933	0.0637919	0.4109251	1.191122	1.05722	0.5169173
30690	-407.8972	-420.3423	12.44504	0.892558	0.0343991	0.0053501	0.0676932	0.2566401	1.291518	0.8334354	0.5184991
30696	-414.7655	-426.6967	11.93123	0.849517	0.107027	0.00599224	0.0374645	0.6033977	1.645864	0.6539358	0.1223273
30702	-416.7372	-426.4904	9.753123	0.925716	0.0332795	0.00186327	0.0391414	1.726532	1.242006	0.5045459	2.254986
30708	-407.4315	-419.5772	12.14567	0.824629	0.0633455	0.0016598	0.110366	0.4162014	1.417607	0.7426976	0.6601913
30714	-410.5467	-421.4997	10.95306	0.867365	0.0133257	0.00322385	0.116086	0.4355172	1.619785	0.5990257	1.774553
30720	-415.4001	-424.0295	8.629348	0.856376	0.0408235	0.00381571	0.0989847	0.273092	1.3632	1.600459	4.577943
30726	-416.3462	-426.5353	10.18905	0.694479	0.0849683	0.0160382	0.204515	0.337825	0.9321146	1.691572	2.286897
30732	-414.6795	-426.0594	11.37991	0.789968	0.0816474	0.0152954	0.113089	0.5631207	0.4243814	1.683553	1.205405
30738	-418.4152	-427.5773	9.162169	0.789968	0.0816474	0.0152954	0.113089	0.621063	0.4573379	1.599132	4.757369
30744	-414.2872	-426.5698	12.28252	0.625971	0.240751	0.0385303	0.0947473	0.621063	0.05583567	1.794217	0.1359486
30750	-419.9964	-429.7457	9.749333	0.487385	0.350383	0.0874435	0.0747888	0.04830016	2.167313	0.4352414	1.517183
30756	-420.5637	-431.1404	10.57661	0.483047	0.320021	0.0251571	0.171775	0.06683676	2.314715	0.521068	0.8659627
30762	-413.1978	-425.8048	12.60695	0.707122	0.215392	0.0186189	0.0588666	0.5893387	0.04802901	1.672627	0.1915609
30768	-412.7485	-425.069	12.32043	0.838737	0.13316	0.0115106	0.0165921	0.4882932	0.04606581	1.959382	0.2286328
30774	-412.0023	-424.8338	12.83148	0.710069	0.27024	0.0053421	0.0143489	0.512366	0.2175948	1.440871	0.1920355
30780	-409.3307	-421.4924	12.16164	0.670083	0.13842	0.00504127	0.186455	0.5031733	0.7232995	1.048699	0.9763697
30786	-414.8204	-424.6674	9.847067	0.721249	0.226791	0.00527682	0.0466831	0.5594753	1.808995	0.5270759	2.945583
30792	-415.0555	-426.2787	11.22325	0.653084	0.250236	0.00381826	0.0928625	0.5160182	1.855086	0.2569179	0.9474005
30798	-409.032	-420.9297	11.89771	0.821554	0.0568259	0.00480323	0.116817	0.5389089	1.402685	0.4110155	0.8657378
30804	-410.5522	-422.3367	11.78447	0.846001	0.0585169	0.0129393	0.0825424	0.6524967	1.959252	0.4368817	0.2618239
30810	-412.1034	-423.7937	11.69027	0.8787	0.0182861	0.0693579	0.0336555	0.5629865	1.887036	0.6851083	0.5429474
30816	-407.184	-418.8344	11.65043	0.878542	0.0184636	0.0693454	0.0336494	0.5054808	1.887036	0.3999382	0.6675179
30822	-413.6091	-423.6567	10.04766	0.841077	0.0430025	0.0663882	0.049532	0.5156073	1.933868	0.4177869	2.482417
30828	-409.4163	-419.5615	10.14518	0.824674	0.0219931	0.00805624	0.145277	0.3299425	0.9771887	1.019697	3.677009
30834	-405.2357	-417.2347	11.99902	0.804061	0.0357449	0.00361123	0.156582	0.3434045	1.975416	0.4690497	0.3911747
30840	-407.1596	-418.0932	10.93361	0.880746	0.0218726	0.00735298	0.0900286	0.2893701	1.975416	0.4408729	1.503867
30846	-407.4975	-418.683	11.18554	0.887804	0.0235121	0.00604147	0.0826428	0.3659079	1.838787	0.3387564	1.259549
30852	-404.9723	-416.412	11.4397	0.870807	0.0230619	0.00592581	0.100205	0.3989652	1.599247	0.6973151	1.220941
30858	-402.9533	-414.9752	12.02185	0.897358	0.0237651	0.00610649	0.0727699	0.2717195	1.493481	0.4861008	0.8762438
30864	-404.4511	-416.2599	11.80884	0.945177	0.0250315	0.00245972	0.0273317	0.2717195	2.223402	0.5035485	0.361655
30870	-409.9827	-421.1626	11.17989	0.891676	0.0260551	0.00714674	0.0751218	0.3714059	2.079411	0.6239454	1.051711
30876	-414.092	-424.8083	10.71625	0.840457	0.0820006	0.00673622	0.0708067	0.5316327	1.429618	0.7906036	2.071367
30882	-419.6075	-430.0976	10.49001	0.0824634	0.643291	0.210415	0.0638314	0.05571355	2.674316	0.3283909	0.2018322
30888	-416.8908	-426.1365	9.245768	0.104426	0.74585	0.0325025	0.117222	0.04602719	2.362984	0.2661685	1.630654
30894	-417.8508	-428.1619	10.3111	0.23203	0.555541	0.0895371	0.122891	0.05838353	2.217102	0.2733266	0.9409835
30900	-413.6369	-426.1214	12.48451	0.881823	0.0378742	0.0600802	0.0202225	0.3159446	0.9214043	1.031437	0.6425661
30906	-414.7205	-426.3212	11.60069	0.744234	0.183355	0.0541757	0.018235	0.5168994	0.912439	1.031437	1.371719
30912	-416.8043	-428.7468	11.94251	0.691644	0.218607	0.0728024	0.0169465	0.4979145	1.348607	1.053056	0.5876719
30918	-417.0976	-428.6855	11.58781	0.726059	0.179726	0.0764249	0.0177897	0.8069804	1.775322	0.7284323	0.4747564
30924	-420.5088	-430.9234	10.41466	0.713893	0.0603576	0.211686	0.0140633	0.9692296	1.457127	0.3850854	1.950531
30930	-415.018	-426.0132	10.99516	0.572723	0.226813	0.0597955	0.140669	0.05063073	1.677192	0.7495531	0.7048885
30936	-411.3268	-421.9383	10.61152	0.819044	0.118776	0.0201435	0.0420371	0.04199472	0.8892166	1.32382	1.057046
30942	-408.1843	-418.7011	10.51678	0.634411	0.292782	0.0496537	0.0231535	0.02528366	1.367973	0.7728245	0.5041274
30948	-412.3904	-422.0435	9.653111	0.331575	0.458105	0.0794281	0.130892	0.02528366	1.159394	0.6825665	1.676697
30954	-409.5779	-420.4485	10.8706	0.68261	0.237349	0.0411525	0.0388893	0.03037053	1.570636	0.5335834	0.3174718
30960	-413.6443	-423.9111	10.26675	0.363442	0.449406	0.0433217	0.143831	0.02700972	1.938206	0.3533814	0.3174718
30966	-417.0832	-426.1579	9.074722	0.45427	0.26686	0.0257247	0.253145	0.02700972	1.73534	0.926391	1.590629
30972	-417.4472	-426.0571	8.609961	0.880795	0.0696184	0.0272384	0.0223483	0.2902414	1.86551	0.2613779	5.451515
30978	-421.9718	-429.1836	7.211858	0.929314	0.0181116	0.0288797	0.023695	1.092423	1.872708	0.2824654	7.212974
30984	-419.3441	-429.5158	10.17167	0.802492	0.0138466	0.0446929	0.138969	0.458978	2.426816	0.1140228	0.9565741
30990	-423.4244	-434.5361	11.11168	0.92013	0.020442	0.00834215	0.0510863	0.2691252	1.795228	1.125617	1.044048
30996	-415.4277	-425.2023	9.774605	0.903619	0.0200752	0.00323539	0.0730706	0.3519318	1.534549	0.8649272	3.571903
31002	-405.1464	-417.3968	12.25046	0.880455	0.00941294	0.0243077	0.0858245	0.3484681	1.194902	1.005023	0.6120326
31008	-405.468	-417.7109	12.24286	0.905106	0.0240425	0.0258284	0.0450234	0.3636757	1.344901	0.8878212	0.5712124
31014	-408.5862	-419.7651	11.17885	0.921809	0.010982	0.0103286	0.0568806	0.4978317	1.276838	1.01418	1.478524
31020	-405.2052	-417.3343	12.12903	0.876043	0.0223164	0.00981584	0.0918249	0.4154797	1.082066	0.9690934	0.8176166
31026	-407.0067	-418.1435	11.13678	0.851525	0.0144762	0.00111291	0.132886	0.3382322	1.576142	0.8780937	1.487654
31032	-408.5676	-420.5008	11.93316	0.915078	0.00252213	0.00720401	0.0751962	0.3719824	1.47826	1.141659	0.4864758
31038	-406.5926	-418.0404	11.44785	0.877331	0.0403724	0.00690685	0.0753896	0.2783587	1.411748	0.6258964	1.54263
31044	-406.2086	-418.2186	12.01002	0.855123	0.0376421	0.013314	0.0939205	0.3993409	0.7725757	1.016978	1.214614
31050	-407.5922	-419.5147	11.92246	0.927002	0.0110717	0.0103491	0.0515774	0.3254504	2.099303	0.5389314	0.3409168
31056	-411.5638	-423.6165	12.05271	0.927002	0.0110717	0.0103491	0.0515774	0.3380904	1.606018	0.6436024	0.6788075
31062	-409.3697	-421.5159	12.14613	0.775192	0.0291561	0.000719458	0.194933	0.3433934	1.640545	0.9341025	0.2023181
31068	-401.3882	-413.7143	12.32603	0.775192	0.0291561	0.000719458	0.194933	0.2931196	1.176322	0.9148656	0.0946878
31074	-400.8007	-413.0548	12.25414	0.885798	0.02821	0.00130386	0.0846884	0.2931196	1.545389	0.8129485	0.1368144
31080	-403.4507	-415.9525	12.50175	0.914453	0.0291226	0.00134604	0.0550787	0.2976865	1.061656	0.8361415	0.09407479
31086	-404.3573	-415.1352	10.77785	0.871167	0.0113358	0.0026706	0.114827	0.3092481	1.467044	0.7529426	2.230309
31092	-407.3787	-419.8159	12.43716	0.89372	0.00935136	0.00220309	0.0947254	0.364856	1.295514	0.6077521	0.6050093
31098	-409.3285	-421.8345	12.50599	0.855273	0.00875145	0.000826937	0.135149	0.4102585	1.069533	0.856105	0.5729768
31104	-408.808	-420.7008	11.89281	0.941695	0.00808842	0.0247934	0.0254236	0.3950394	1.069533	1.273801	0.7511211
31110	-410.2671	-421.809	11.54183	0.883833	0.0564324	0.0115409	0.0481936	0.3950394	1.209847	1.26324	0.9670994
31116	-418.2236	-429.963	11.73939	0.883833	0.0564324	0.0115409	0.0481936	0.4076523	0.8428287	1.587865	0.7149383
31122	-408.9217	-420.3851	11.46341	0.93962	0.017249	0.00803892	0.0350924	0.3702157	1.229428	1.464461	0.7961396
31128	-408.9452	-420.6738	11.72865	0.805492	0.0472588	0.00559886	0.141651	0.3840753	1.158279	1.172123	0.9483435
31134	-411.1679	-423.1929	12.02502	0.763945	0.0573533	0.00679477	0.171907	0.3840753	1.138742	1.236725	0.6113087
31140	-416.4133	-428.832	12.4187	0.834267	0.0777265	0.0115336	0.0764729	0.4436468	0.8331641	1.348234	0.2145784
31146	-417.6505	-429.9651	12.31458	0.678464	0.106137	0.0157494	0.19965	0.4263243	1.605758	0.375467	0.1948464
31152	-421.8127	-434.0004	12.18771	0.738042	0.0449475	0.0297603	0.18725	0.3398915	1.628317	0.2889367	0.1460551
31158	-419.8769	-430.0801	10.20321	0.646632	0.262134	0.036559	0.0546748	0.469079	1.896831	0.2889367	2.216019
31164	-414.2941	-424.2256	9.931477	0.862776	0.0615234	0.0203375	0.0553631	0.5596554	1.896831	0.3913485	2.62791
31170	-419.2068	-431.5	12.29322	0.681732	0.257308	0.0156499	0.0453101	0.4452324	0.4567858	1.726628	0.2560783
31176	-421.5583	-434.667	13.10874	0.599641	0.32046	0.0234674	0.0564309	0.4416221	0.05781712	1.378949	0.1689224
31182	-417.446	-429.4579	12.0119	0.756622	0.117752	0.0536278	0.0719981	0.4245508	1.426918	0.4014655	0.8351383
31188	-416.7569	-427.5656	10.80867	0.80558	0.0849802	0.058263	0.0511771	0.8390568	1.387468	0.4025079	1.71927
31194	-412.2372	-425.0013	12.76403	0.853635	0.0873082	0.0117207	0.047336	0.352194	0.6955285	1.115062	0.4822883
31200	-423.7764	-433.3395	9.563025	0.65222	0.22606	0.0872156	0.034504	0.8051857	1.583571	0.554406	3.369877
31206	-424.1391	-435.5751	11.43597	0.646259	0.274373	0.0451795	0.0341886	0.8408863	1.755294	0.6287992	0.6578631
31212	-426.6671	-434.9782	8.31115	0.719302	0.126547	0.0858255	0.0683248	0.41122	2.227869	0.2779374	5.174256
31218	-426.2055	-431.5343	5.328788	0.866102	0.0505201	0.0579231	0.0254544	0.5696547	1.822223	0.465888	18.46815
31224	-420.6273	-432.6416	12.01431	0.551755	0.388576	0.0499489	0.00971966	0.8179582	1.541809	0.4225687	0.2942142
31230	-418.4796	-428.9802	10.50053	0.776981	0.150057	0.0170505	0.0559115	1.22397	1.497206	0.3936005	1.495229
31236	-417.6522	-429.8972	12.24499	0.619444	0.231378	0.0629667	0.0862116	0.4827428	1.148753	0.5351377	0.8451763
31242	-415.0527	-427.3038	12.2511	0.751719	0.184867	0.0136411	0.0497734	0.5656713	0.4613311	1.128082	0.9992308
31248	-418.4656	-427.4365	8.970976	0.754088	0.156896	0.0109774	0.0780382	0.7099703	1.179283	0.70222	5.572679
31254	-416.1521	-427.4467	11.29456	0.686425	0.08267	0.00451356	0.226391	0.256238	1.216525	0.7917193	1.856091
31260	-425.6954	-434.854	9.158624	0.878151	0.0870224	0.0101476	0.0246787	0.5898042	1.351183	0.6730926	5.05199
31266	-419.5589	-431.4258	11.86689	0.907394	0.0117323	0.01295	0.0679239	0.5898042	1.078241	0.4483164	1.18282
31272	-420.4356	-432.6062	12.17054	0.868443	0.02976	0.0158494	0.0859478	0.3756547	1.719205	0.5365271	0.4595855
31278	-418.432	-430.8705	12.43846	0.739082	0.0792813	0.0503048	0.131332	0.4235932	1.514337	0.5902718	0.2033152
31284	-421.7635	-434.5282	12.76464	0.187159	0.797588	0.00231124	0.0129411	0.1987767	1.166866	0.7772325	0.3129227
31290	-415.5454	-428.0811	12.53574	0.411956	0.506708	0.0313537	0.0499827	0.5167193	0.9375412	1.105309	0.2270376
31296	-411.2048	-423.568	12.36322	0.912064	0.0768778	0.00116112	0.00989736	0.5787031	1.193511	0.6126986	0.1092733
31302	-416.3255	-429.0948	12.76927	0.768045	0.139521	0.00311093	0.0893231	0.1824295	0.7813279	1.140026	0.1816669
31308	-411.3838	-423.9812	12.59738	0.620268	0.201007	0.0128298	0.165895	0.1162947	1.018301	0.9351234	0.2194917
31314	-415.7942	-427.7483	11.95403	0.143502	0.338823	0.02488	0.492795	0.05375367	1.088419	0.6222165	0.1318078
31320	-409.7443	-421.2288	11.48448	0.148889	0.637115	0.0946133	0.119383	0.04147684	0.9863394	0.9245417	0.1196434
31326	-417.5969	-428.3931	10.79626	0.151531	0.467093	0.0868615	0.294514	0.03820875	0.9533512	1.579626	0.1826588
31332	-407.2495	-418.1844	10.93486	0.945349	0.0231939	0.00240733	0.0290495	0.2239111	2.581879	0.3542721	0.8214872
31338	-410.391	-422.2122	11.82119	0.902727	0.0660613	0.00238861	0.0288236	0.264283	1.859319	0.6254596	0.6945766
31344	-408.9161	-419.9319	11.01577	0.92611	0.0365284	0.00779138	0.0295702	0.4302171	1.285428	0.7940162	1.991762
31350	-412.8988	-425.1481	12.24932	0.919163	0.0571822	0.0173657	0.00628917	0.3731425	0.9904054	1.030152	0.7654304
31356	-413.5699	-425.9977	12.4278	0.930513	0.0578883	0.002584	0.00901477	0.3033848	0.6130224	1.040081	0.9908487
31362	-411.8053	-423.8049	11.99956	0.902658	0.093903	0.00250665	0.000931899	0.3847313	1.209116	1.152564	0.6609157
31368	-410.3984	-422.6078	12.20939	0.956479	0.034813	0.00664843	0.00205908	0.3901696	1.608445	0.8290404	0.1788647
31374	-413.4967	-424.9091	11.41244	0.0202922	0.714242	0.0196011	0.245865	0.03454386	1.218038	0.6060729	0.2794905
31380	-410.1872	-420.5924	10.40522	0.0433667	0.494662	0.0418896	0.420082	0.02229844	1.473443	0.6650376	0.1871224
31386	-413.0004	-424.3132	11.31285	0.0964333	0.31614	0.073341	0.514086	0.03102494	0.9166356	0.8054957	0.1375771
31392	-409.201	-421.366	12.16507	0.0135557	0.340282	0.0633415	0.58282	0.06416712	1.094406	0.6972765	0.1551139
31398	-411.8078	-423.9501	12.14236	0.0122956	0.308651	0.0305825	0.648471	0.09478132	1.379805	0.8003588	0.1551139
31404	-412.8032	-424.7397	11.9365	0.32473	0.224343	0.0369496	0.413978	0.08943406	0.7573681	1.572926	0.2662124
31410	-413.1445	-424.2043	11.05981	0.708929	0.182674	0.0290963	0.0793009	0.06294776	1.239202	1.636156	0.2662124
31416	-409.3359	-420.3587	11.02283	0.715765	0.184435	0.0197339	0.0800656	0.03910266	0.7296567	1.455174	0.5603601
31422	-408.8167	-419.5564	10.73963	0.866713	0.0698469	0.0113261	0.0521142	0.03903103	0.4115577	1.525086	1.048606
31428	-412.4574	-422.5686	10.11119	0.743554	0.116608	0.0211328	0.118705	0.07512898	0.4337167	2.478633	0.9620016
31434	-413.0408	-424.8051	11.7643	0.683585	0.134405	0.0283116	0.153698	0.05744287	0.7020752	1.442441	0.2593043
31440	-415.0349	-424.9452	9.910258	0.848967	0.04402	0.0046979	0.102315	0.293055	1.61508	0.7227153	3.427019
31446	-419.8199	-428.0136	8.193727	0.848967	0.04402	0.0046979	0.102315	0.311042	1.708855	0.5569679	7.443672
31452	-410.0303	-422.3357	12.30543	0.867563	0.10579	0.00394899	0.0226979	0.3174347	1.446475	0.7030708	0.5728174
31458	-406.6274	-418.5201	11.89273	0.907893	0.0473777	0.00646722	0.038262	0.2946993	0.8660413	1.112761	1.204608
31464	-412.8196	-425.4784	12.65881	0.902766	0.0471102	0.00738717	0.042737	0.2959895	0.7512928	0.8089345	0.8390246
31470	-413.7	-424.9985	11.2985	0.914864	0.054105	0.0145684	0.0164625	0.2887324	1.161624	0.8531596	1.851035
31476	-413.0307	-424.0414	11.01072	0.906755	0.0618628	0.0115446	0.0198379	0.3524806	0.8716493	1.227618	2.059393
31482	-409.0529	-421.5591	12.50621	0.827596	0.0810972	0.0130066	0.0782998	0.3524806	0.8558814	1.232705	0.1429073
31488	-412.8174	-425.3662	12.54876	0.795874	0.0779886	0.012508	0.11363	0.4102392	1.081117	0.9790517	0.4018261
31494	-412.5145	-424.8237	12.30923	0.833241	0.0604931	0.010515	0.095751	0.496009	1.351152	0.5936245	0.1116161
31500	-410.526	-421.3787	10.85274	0.865153	0.0648501	0.00692614	0.0630706	0.4627163	1.615033	0.465296	1.894942
31506	-411.5337	-423.1561	11.62233	0.796866	0.0954082	0.0106594	0.0970667	0.243077	0.9860276	1.019133	1.490882
31512	-415.4557	-425.9207	10.46491	0.660617	0.160579	0.00604835	0.172755	0.4498361	1.223032	0.9754248	2.619837
31518	-418.5341	-430.0222	11.48807	0.664281	0.325527	6.23151e-05	0.01013	0.5724472	1.124623	0.9299999	1.30842
31524	-413.149	-424.5644	11.4154	0.941438	0.0441169	8.83148e-05	0.0143565	0.1912574	1.215031	0.6225948	1.794488
31530	-412.3008	-424.5251	12.22434	0.848803	0.0709387	0.000116534	0.0801418	0.4529467	1.0366	1.154862	0.551534
31536	-415.0869	-426.73	11.64307	0.760838	0.063587	6.26773e-05	0.175513	0.6529227	0.6359426	1.1875	1.284909
31542	-410.5902	-422.0388	11.44858	0.721585	0.0740231	7.29642e-05	0.204318	0.4382404	1.133948	0.6580186	1.729419
31548	-412.8169	-423.7411	10.92426	0.753854	0.065424	0.000138674	0.180583	0.2881734	1.404067	1.089913	1.729419
31554	-412.1025	-422.4903	10.3878	0.65227	0.22573	6.68013e-05	0.121933	0.3407338	1.139381	0.9522703	3.059454
31560	-405.9427	-417.2277	11.28496	0.864823	0.0336676	0.000176269	0.101334	0.2739065	1.438486	0.4550493	1.735891
31566	-408.6154	-420.0392	11.42385	0.819482	0.0319025	0.000484137	0.148131	0.2809221	1.983908	0.306872	0.879912
31572	-411.5165	-423.0526	11.5361	0.64313	0.103127	0.0018301	0.251913	0.2884981	1.820749	0.4713583	1.026835
31578	-415.7951	-427.7434	11.94832	0.748617	0.147437	0.00233764	0.101608	0.2987849	1.593553	0.864152	0.6706623
31584	-415.464	-426.4787	11.0147	0.849677	0.0521896	0.0794841	0.0186497	0.6280043	1.260867	0.9022861	1.658937
31590	-415.3711	-427.2912	11.92005	0.678125	0.277985	0.00473968	0.0391495	0.5078296	1.789549	0.4677507	0.5205094
31596	-412.3847	-422.3937	10.00891	0.898563	0.0445041	0.0321531	0.0247799	0.5686089	1.586425	0.3579874	2.949855
31602	-413.8631	-423.8205	9.95743	0.950558	0.0185153	0.0223636	0.00856344	0.2576576	1.565098	0.4396028	3.574051
31608	-409.0726	-419.911	10.83847	0.900097	0.0495535	0.0211764	0.0291736	0.4020773	1.594278	0.4384906	2.005583
31614	-413.0381	-423.1962	10.15817	0.936699	0.0373005	0.00786624	0.018134	0.5679252	1.564294	0.5345503	2.821537
31620	-419.2651	-430.2274	10.96235	0.747971	0.133396	0.0537814	0.0648516	0.4522414	1.564294	0.630484	1.798413
31626	-415.3608	-426.7317	11.37097	0.69072	0.264985	0.0240745	0.0202204	0.7331912	1.883191	0.2409483	0.530232
31632	-412.1668	-424.0305	11.86378	0.842233	0.131862	0.0160807	0.0098241	0.4883311	1.883191	0.2668225	0.2065013
31638	-418.8601	-429.7471	10.88703	0.764193	0.194589	0.0274335	0.0137843	0.5451889	2.332071	0.2054209	0.6683068
31644	-413.8092	-421.7075	7.898297	0.938225	0.0312563	0.0119624	0.0185561	0.4201859	2.018301	0.1915161	6.218447
31650	-420.0502	-427.0351	6.984976	0.685282	0.208594	0.0798329	0.0262914	0.7326139	2.018301	0.1319716	7.179222
31656	-421.5018	-431.539	10.0372	0.836082	0.0224145	0.109803	0.0317009	0.8093283	1.721797	0.246213	2.094749
31662	-415.3757	-425.8768	10.50113	0.853962	0.0211635	0.096899	0.0279755	1.237536	1.664367	0.3626301	1.270798
31668	-417.396	-426.7867	9.390753	0.701714	0.0454968	0.208311	0.0444786	0.601002	1.999433	0.3436476	3.22001
31674	-412.4544	-423.2105	10.75607	0.876259	0.0373102	0.076251	0.0101796	0.6305132	1.257895	0.6008374	2.257199
31680	-412.9856	-425.5053	12.51969	0.836815	0.0495723	0.0728186	0.0407941	0.3627466	0.4748059	1.228048	0.796772
31686	-412.8581	-425.1826	12.32443	0.817145	0.0762805	0.0711069	0.0354679	0.4106001	1.574128	0.7331674	0.3041386
31692	-413.568	-425.491	11.923	0.689721	0.237337	0.0430048	0.0299371	0.4988506	1.731353	0.3561304	0.5350682
31698	-416.6564	-428.8626	12.20626	0.540584	0.327117	0.0407533	0.0915466	0.4471541	1.731353	0.4250008	0.2094578
31704	-419.859	-431.4408	11.58178	0.687387	0.191173	0.0637491	0.0576902	0.9798556	1.599749	0.302965	0.1401757
31710	-415.5567	-425.9079	10.35125	0.78058	0.0463247	0.0367573	0.136338	0.3371959	0.6648616	1.213797	3.468635
31716	-414.0291	-424.4091	10.38005	0.818374	0.0181585	0.0144082	0.14906	0.6893079	0.5533226	2.077143	1.380833
31722	-411.3065	-423.374	12.06747	0.785888	0.0100786	0.0179837	0.18605	0.353633	0.7267016	1.30252	0.9093917
31728	-408.9123	-420.8209	11.90864	0.782763	0.0140152	0.0179122	0.18531	0.353633	0.6680011	1.558743	0.7981409
31734	-406.4917	-418.0593	11.56756	0.885516	0.00738601	0.00943973	0.0976584	0.331531	1.527083	0.6133441	1.256757
31740	-407.6771	-419.6656	11.98855	0.904524	0.0453452	0.00964236	0.0404886	0.4166914	1.86192	0.467468	0.46544
31746	-410.6105	-422.3523	11.74178	0.891495	0.044692	0.0110694	0.0527437	0.3583019	1.857259	0.4776432	0.7541483
31752	-412.2422	-422.4117	10.16948	0.679191	0.0903627	0.00333406	0.227113	0.3479519	1.784998	0.580175	2.758764
31758	-407.7073	-416.9763	9.268962	0.880883	0.0441618	0.00108444	0.0738705	0.2842346	1.784998	0.351048	4.400207
31764	-411.5464	-423.4519	11.90551	0.890153	0.033892	0.00130742	0.0746479	0.5426063	1.671812	0.3461268	0.55867
31770	-409.0384	-421.2234	12.185	0.909278	0.0160816	0.0017198	0.0729207	0.2189438	1.614422	0.4059125	0.5825294
31776	-412.2047	-424.2095	12.0048	0.620779	0.29059	0.00946385	0.0791668	0.6910278	1.438709	0.5856494	0.5825294
31782	-409.7041	-421.2082	11.50405	0.751764	0.0612137	0.00881078	0.178212	0.3097946	1.418561	0.57248	1.475908
31788	-408.9301	-420.4184	11.48829	0.771412	0.147532	0.00876344	0.0722928	0.3582949	1.258542	0.8332268	1.475908
31794	-410.4433	-422.4358	11.99258	0.257068	0.576868	0.0375588	0.128506	0.04854775	0.8923624	0.7180008	0.1342691
31800	-414.0824	-426.0147	11.93229	0.79917	0.157872	0.00582841	0.03713	0.2647808	1.094389	0.9300499	1.127266
31806	-416.3462	-427.5024	11.15615	0.854129	0.0582665	0.00345107	0.0841539	0.56968	0.464562	1.858639	1.127266
31812	-415.6617	-426.8294	11.16767	0.794991	0.011741	0.00238902	0.190879	0.7474698	0.7643199	1.503005	1.127266
31818	-411.0507	-423.3015	12.2508	0.914931	0.0108207	0.00732477	0.0669238	0.4646888	0.9594466	0.9298977	0.810649
31824	-414.3078	-426.4083	12.10046	0.858952	0.0108842	0.0144194	0.115745	0.3241812	1.167594	0.9298977	0.8638368
31830	-411.3583	-421.8197	10.46139	0.858952	0.0108842	0.0144194	0.115745	0.3094621	1.9172	0.2719214	1.970566
31836	-413.5424	-421.3429	7.800526	0.889123	0.0389196	0.0342585	0.0376992	0.3022271	1.980094	0.3014463	7.514308
31842	-423.2508	-432.7611	9.510263	0.73087	0.163361	0.0281609	0.0776079	0.9688909	1.974609	0.2720751	2.31648
31848	-419.1713	-431.1092	11.93786	0.507671	0.197939	0.0341217	0.260268	0.3877865	1.955975	0.3039448	0.3079013
31854	-414.222	-424.6418	10.41978	0.961382	0.0104964	0.0008003	0.0273213	0.4396104	2.05259	0.289634	1.760574
31860	-411.431	-423.0311	11.60007	0.503796	0.335337	0.024363	0.136504	0.09345892	2.047746	0.3649556	0.3425104
31866	-416.9064	-427.888	10.98162	0.6076	0.229063	0.0214502	0.141886	0.148709	2.37202	0.1547497	0.4747521
31872	-413.9147	-422.8533	8.938539	0.673635	0.112656	0.0135539	0.200156	0.03927374	2.307792	0.1476841	1.404591
31878	-416.3363	-426.7047	10.36833	0.373837	0.489492	0.0255931	0.111078	0.1414352	2.307792	0.1881908	1.251263
31884	-418.195	-429.8013	11.60624	0.922093	0.0469735	0.0181575	0.0127761	0.3227111	1.746614	1.166163	0.5496585
31890	-420.2751	-431.5987	11.32356	0.917037	0.0467159	0.0263066	0.00994011	0.3227111	1.896013	1.417602	0.3606367
31896	-412.0934	-423.9926	11.89916	0.917517	0.047164	0.00331277	0.0320059	0.3227111	1.896013	0.9059169	0.3606367
31902	-416.7598	-427.3786	10.61884	0.363958	0.573579	0.0393164	0.0231464	0.07312409	1.385761	0.423945	1.939871
31908	-413.911	-425.2922	11.38118	0.315155	0.499119	0.0329258	0.1528	0.0614815	1.268966	1.297548	0.3922512
31914	-424.6781	-436.8756	12.19751	0.366535	0.476457	0.0295379	0.12747	0.08488914	0.5271426	1.10691	0.8248735
31920	-416.2781	-426.473	10.19484	0.972306	0.00494014	0.0066266	0.0161272	0.3146525	1.181191	1.961891	1.472473
31926	-410.3353	-421.3062	10.97094	0.961273	0.0151538	0.00762938	0.0159442	0.2760871	1.743695	0.5599811	1.743267
31932	-402.8267	-414.8449	12.01822	0.962756	0.0151772	0.00368568	0.0183808	0.2760871	2.039933	0.5299041	0.1998475
31938	-402.5554	-413.767	11.21159	0.924934	0.0148192	0.00159191	0.0586545	0.2663915	2.075374	0.3466042	1.044581
31944	-404.1739	-416.0686	11.89471	0.811612	0.023675	0.00139687	0.163316	0.273698	1.664966	0.8649236	0.09572706
31950	-408.8032	-420.5464	11.74317	0.866531	0.0227198	0.00363285	0.107117	0.3911221	1.732769	0.6131115	0.07649034
31956	-406.6429	-418.6183	11.97541	0.969336	0.0159393	0.00259439	0.0121304	0.2704247	1.985489	0.4433922	0.439091
31962	-409.2914	-421.3768	12.08543	0.823256	0.0194598	0.00350127	0.153783	0.2714081	1.944834	0.3730522	0.2990261
31968	-404.8872	-416.5199	11.63265	0.870901	0.0287098	0.00272172	0.0976671	0.2355335	1.524108	0.6553567	1.199222
31974	-408.5683	-419.9132	11.34496	0.920078	0.0177736	0.00168496	0.0604635	0.2583075	1.834834	0.4989715	1.2188
31980	-400.821	-413.1005	12.2795	0.928103	0.0179286	0.00552191	0.0484463	0.2452314	1.503168	0.3730653	0.5871184
31986	-407.2715	-419.0649	11.79342	0.926999	0.0104565	0.00585103	0.0566939	0.3612756	1.165565	1.074121	1.002027
31992	-408.6701	-420.9093	12.23915	0.936182	0.0105601	0.0174113	0.0358466	0.3743945	1.498745	0.6125558	0.5915182
31998	-411.2321	-422.8876	11.65545	0.819986	0.12831	0.0152503	0.0364541	0.4020602	1.641534	0.5652577	1.007586
32004	-415.5742	-426.3765	10.80231	0.79919	0.178818	0.0173164	0.00467576	0.3541555	1.844341	0.368744	1.735058
32010	-421.7774	-429.6122	7.834793	0.851502	0.0681905	0.0362156	0.0440922	0.770873	1.50195	0.4873922	7.856372
32016	-417.665	-426.1644	8.499346	0.819794	0.0963758	0.0378039	0.0460259	0.4772496	1.872733	0.4364908	5.762569
32022	-417.0028	-427.3625	10.35965	0.8147	0.0433609	0.0306884	0.111251	0.4445024	1.780552	0.4364908	2.359797
32028	-425.8006	-436.2117	10.41105	0.608209	0.350419	0.0079933	0.0333789	0.2708285	2.046956	0.4364908	2.075406
32034	-413.5854	-426.2405	12.65504	0.734966	0.221661	0.0341095	0.00926374	0.472536	0.7039865	1.0918	0.5055219
32040	-418.9225	-430.3262	11.40369	0.899384	0.0403091	0.0543146	0.00599247	0.6910955	1.400099	0.4296409	1.213741
32046	-415.7984	-426.897	11.09856	0.716193	0.261301	0.0198293	0.00267596	0.3832876	1.48208	0.8047898	1.676683
32052	-416.3719	-427.3406	10.9687	0.722604	0.187917	0.0300234	0.0594553	0.103445	0.8988493	1.134404	1.897259
32058	-415.3959	-425.592	10.19611	0.696609	0.181157	0.0312666	0.0909675	0.06180227	0.9858051	1.298866	1.981595
32064	-417.3575	-428.2204	10.86298	0.833528	0.0994018	0.0171561	0.0499143	0.1267677	0.6356464	1.425072	2.071747
32070	-412.9107	-424.9167	12.00601	0.771774	0.126482	0.0146837	0.0870602	0.4248925	1.06962	1.057177	0.8540866
32076	-409.3967	-421.9842	12.5875	0.888573	0.0691621	0.0259733	0.0162921	0.4195764	0.984718	1.057177	0.1737907
32082	-412.1162	-424.4257	12.30947	0.693399	0.233603	0.0448589	0.0281382	0.431296	1.26331	1.0598	0.3442909
32088	-417.3859	-427.019	9.63307	0.941762	0.033153	0.0154154	0.00966945	0.431296	1.23592	1.263633	3.493269
32094	-412.4949	-423.952	11.45705	0.73329	0.229034	0.0120029	0.0256731	1.097384	1.23592	0.675126	0.8654103
32100	-412.0146	-423.5156	11.501	0.639793	0.284941	0.0310566	0.0442091	0.3316845	1.121401	0.8465653	1.630446
32106	-415.3751	-427.0061	11.63105	0.693794	0.106423	0.102464	0.0973187	0.903063	1.121401	1.208203	0.5324416
32112	-414.3253	-425.4805	11.15516	0.720255	0.110482	0.0650304	0.104233	0.4659715	0.7708086	1.220162	1.885921
32118	-414.0624	-426.2478	12.18536	0.443353	0.503707	0.0203393	0.0326005	0.09358596	0.5217917	1.513896	0.426432
32124	-413.7039	-425.9624	12.25852	0.836983	0.0286927	0.0608554	0.0734692	0.4194301	1.353418	0.7119156	0.6296767
32130	-411.2994	-423.4087	12.10933	0.205774	0.535152	0.0937043	0.16537	0.08178866	0.5852139	1.451441	0.1514497
32136	-410.6793	-422.1885	11.50916	0.0856193	0.484727	0.0662545	0.363399	0.05483327	0.8973131	1.399858	0.1647264
32142	-408.3727	-420.0721	11.69943	0.291831	0.197031	0.026931	0.484208	0.04913134	1.075058	0.9769138	0.168878
32148	-409.9489	-421.8436	11.89462	0.411694	0.391038	0.0534487	0.143819	0.06539292	1.22342	0.8928227	0.4262829
32154	-408.0074	-420.4079	12.40055	0.79866	0.0158124	0.00398885	0.181539	0.358981	1.532887	0.7219203	0.329457
32160	-406.1719	-418.333	12.16113	0.859412	0.0134323	0.00456525	0.12259	0.3647352	1.588778	0.6138922	0.5865268
32166	-402.2452	-414.8446	12.5994	0.940463	0.0146991	0.010248	0.0345894	0.3647352	1.203506	0.7144513	0.4861116
32172	-404.4108	-416.5576	12.14682	0.8902	0.00417717	0.00970034	0.0959222	0.3087989	1.38639	0.9443914	0.606751
32178	-405.9798	-417.9595	11.97975	0.939949	0.00115058	0.00540939	0.0534909	0.3087989	1.38639	0.7193263	0.9363206
32184	-407.2965	-418.9237	11.62721	0.982294	0.00328631	0.00565308	0.00876646	0.2373296	1.38639	0.7193263	1.316458
32190	-409.5274	-420.0307	10.50332	0.871515	0.00548219	0.00547576	0.117527	0.2410532	1.637186	0.4819057	2.545027
32196	-410.6774	-423.045	12.36753	0.847859	0.0520037	0.00679714	0.0933403	0.2854163	1.353209	0.4412499	0.6704229
32202	-408.7785	-421.3491	12.57065	0.891871	0.0342277	0.00285565	0.0710461	0.2495685	1.353209	0.5502597	0.1311691
32208	-408.177	-420.2231	12.04612	0.879893	0.0438548	0.0061605	0.0700919	0.2495685	1.40969	0.7354089	0.8540645
32214	-406.412	-418.6164	12.20445	0.87694	0.0367636	0.00613982	0.0801568	0.3280715	1.4007	0.9244886	0.5455292
32220	-410.5227	-421.493	10.97032	0.901153	0.00669328	0.00630935	0.0858444	0.3280715	2.404204	0.6730514	0.9435524
32226	-403.6213	-414.5577	10.93637	0.843405	0.00790662	0.00292634	0.145762	0.2224721	2.366562	0.1942176	0.756955
32232	-407.3318	-418.1228	10.791	0.842536	0.00892869	0.00292333	0.145612	0.2296421	2.488151	0.174	0.7160364
32238	-404.3893	-415.6602	11.27084	0.932731	0.00820616	0.00323627	0.055827	0.1769643	2.488151	0.2416522	0.1630979
32244	-409.1972	-420.7576	11.56041	0.908843	0.0333323	0.00319116	0.0546337	0.2526274	2.406028	0.3006161	0.2852472
32250	-409.7503	-421.4471	11.69682	0.972224	0.0129905	0.00335081	0.0114343	0.1855875	1.548293	0.5679502	1.106606
32256	-407.0764	-419.1013	12.02491	0.965762	0.0129041	0.00332854	0.0180052	0.3913951	1.767483	0.898266	0.2162065
32262	-406.5596	-418.9623	12.40265	0.874772	0.0621646	0.0378613	0.0252018	0.3294827	1.624857	0.4996258	0.3326044
32268	-408.7657	-421.5264	12.76074	0.847152	0.0602019	0.0328482	0.0597976	0.3294827	1.257206	0.6208173	0.3031916
32274	-411.2556	-423.6723	12.41668	0.771079	0.101862	0.0555796	0.0714789	0.3946978	1.257206	0.6208173	0.6339489
32280	-410.7502	-423.0692	12.31903	0.768715	0.100547	0.0689399	0.0617984	0.3993953	1.395997	0.6208173	0.5911395
32286	-412.8958	-424.1099	11.21411	0.880947	0.0368088	0.0386668	0.0435772	0.7986386	2.099227	0.3595657	0.5642351
32292	-414.6053	-426.5025	11.89718	0.750105	0.0755824	0.0110256	0.163287	0.1061667	0.2110477	1.526632	1.078132
32298	-412.7162	-423.8954	11.17921	0.813878	0.0848323	0.00916087	0.0921287	0.08427733	0.134582	1.387851	2.030943
32304	-409.4836	-420.231	10.74742	0.515724	0.2762	0.0338235	0.174252	0.04000751	0.8257708	1.248206	1.012846
32310	-405.8058	-417.3988	11.59293	0.379616	0.460619	0.0274432	0.132322	0.04720575	0.6847099	1.342432	0.1514398
32316	-412.0877	-422.6418	10.55417	0.555071	0.26737	0.114419	0.0631394	0.04720575	0.9288858	1.220786	1.364819
32322	-412.2567	-424.3616	12.10491	0.0652919	0.801219	0.0814583	0.0520309	0.07938025	1.138446	0.9894443	0.378634
32328	-416.0236	-428.6196	12.59596	0.40144	0.509453	0.051795	0.0373117	0.1446126	0.6248462	1.108552	0.6527901
32334	-413.2566	-424.4598	11.20315	0.782768	0.160591	0.026932	0.0297097	0.03103906	1.254298	0.6471294	0.2316698
32340	-409.317	-420.7	11.38299	0.440932	0.132584	0.0144379	0.412046	0.0550913	1.136441	1.354421	0.2052152
32346	-409.8437	-421.0794	11.23575	0.493961	0.300319	0.0440813	0.161639	0.04901952	1.104466	0.9822437	0.7989193
32352	-416.6617	-426.391	9.729285	0.900847	0.0142459	0.00614397	0.0787632	0.8303146	0.8237165	0.9473188	3.968765
32358	-415.9768	-427.6341	11.65728	0.759198	0.0101839	0.147218	0.0833998	0.7074799	0.9631091	0.883591	1.191662
32364	-418.0276	-429.6885	11.6609	0.840582	0.0247106	0.0839499	0.050757	0.5675966	1.305693	0.8321337	1.030806
32370	-413.2588	-424.2687	11.00989	0.915864	0.0161531	0.0383381	0.0296451	0.6385381	0.9182624	1.610943	1.098983
32376	-413.4254	-422.9384	9.513056	0.920568	0.0132694	0.0418103	0.0243527	0.7504855	1.185413	0.9056325	3.922604
32382	-410.638	-421.3584	10.72037	0.586255	0.108987	0.0180633	0.286695	0.02486265	1.310239	0.7744492	0.2484641
32388	-407.2111	-417.6624	10.4513	0.628184	0.171127	0.0283623	0.172327	0.0219913	0.7107783	0.8338155	0.06853317
32394	-408.1031	-419.5078	11.40462	0.646456	0.0924131	0.0104394	0.250692	0.05536821	1.181628	1.081261	0.1052869
32400	-411.3257	-422.4222	11.09646	0.403649	0.107104	0.0195589	0.469688	0.06103361	1.059916	1.099506	0.05753965
32406	-409.2076	-419.5337	10.32604	0.446464	0.141676	0.0216335	0.390227	0.05047889	0.9981139	1.868214	0.0873415
32412	-407.3063	-417.8796	10.57335	0.658841	0.268557	0.0319244	0.0406771	0.03350161	1.03111	1.284899	0.6999172
32418	-408.6238	-419.2555	10.6317	0.656592	0.270828	0.0597617	0.0128187	0.04403361	0.9794425	1.672975	0.5606327
32424	-412.4681	-423.2184	10.75029	0.678307	0.279785	0.0286652	0.0132426	0.05671413	0.9478492	1.723521	0.6917185
32430	-413.6675	-424.4953	10.82776	0.430032	0.488961	0.0385499	0.0424573	0.03920626	1.361745	1.15299	0.4995878
32436	-409.2851	-419.8071	10.52207	0.565842	0.276092	0.0238647	0.134202	0.02225825	1.361745	0.7079716	0.2479497
32442	-406.91	-417.8979	10.98789	0.27548	0.476776	0.0412114	0.206533	0.03388471	1.252102	0.7387257	0.6242122
32448	-410.6576	-421.2419	10.5843	0.256911	0.46518	0.0317053	0.246203	0.04917952	1.079519	1.436292	0.9462929
32454	-408.8776	-420.103	11.2254	0.188567	0.6707	0.0762271	0.0645055	0.04776739	1.081958	1.403044	0.2402106
32460	-410.3243	-420.8547	10.5304	0.19901	0.707844	0.0804486	0.012697	0.02290263	1.296178	0.8562403	0.2402106
32466	-409.0006	-419.3464	10.34576	0.535669	0.400005	0.0555579	0.00876856	0.04647184	1.390932	1.191925	1.108796
32472	-409.8773	-421.763	11.88564	0.634085	0.269693	0.079394	0.0168285	0.07829139	1.442667	0.8316147	0.4319385
32478	-411.9241	-422.0549	10.13082	0.612371	0.276353	0.0705617	0.040714	0.06081541	2.14195	0.2793681	1.257669
32484	-410.612	-420.9483	10.33633	0.375491	0.345311	0.0431334	0.236065	0.03787909	2.14195	0.2099671	0.2014202
32490	-409.2549	-419.908	10.65309	0.145018	0.463793	0.060435	0.330754	0.05455725	2.14195	0.1808089	0.1662204
32496	-411.9059	-421.2919	9.386042	0.12294	0.635351	0.0674102	0.174298	0.0209902	2.12821	0.2858966	0.5314544
32502	-411.8972	-423.2771	11.37986	0.874391	0.10468	0.00233085	0.0185981	0.3320452	1.05352	1.489368	1.043807
32508	-408.6235	-420.5161	11.8926	0.869014	0.0973249	0.00374878	0.0299121	0.4720599	1.011626	1.096817	0.9367684
32514	-418.938	-425.5184	6.580486	0.719768	0.222744	0.0253272	0.0321609	0.3305806	0.9868705	0.7944276	16.61709
32520	-412.8756	-421.0857	8.210168	0.892686	0.0951173	0.0053733	0.0068231	0.5082267	1.36006	0.6055876	7.927263
32526	-413.2472	-424.8309	11.5837	0.787879	0.174492	0.0109895	0.0266398	0.2164796	1.296528	0.7821201	1.41058
32532	-415.9049	-425.7783	9.873372	0.755567	0.099364	0.1191	0.025969	0.702842	1.24876	0.7540273	3.443231
32538	-424.4507	-432.8514	8.400713	0.739722	0.131079	0.1059	0.0233001	1.293494	1.404234	0.8177126	4.827446
32544	-420.3641	-432.2558	11.89167	0.169179	0.437122	0.021712	0.371987	0.07754329	1.463723	0.8984499	0.2061937
32550	-412.6715	-424.4448	11.77327	0.850651	0.0341868	0.10345	0.0117128	0.7996182	1.35091	0.5524607	0.7840762
32556	-413.8521	-426.4882	12.63617	0.570426	0.273527	0.0693709	0.0866754	0.4722767	1.10547	0.5943386	0.1240729
32562	-413.7457	-426.2247	12.47898	0.529985	0.392075	0.0184883	0.0594525	0.4954088	1.003249	0.6647139	0.7088207
32568	-413.141	-422.9916	9.8506	0.213117	0.555483	0.0474925	0.183908	0.07373807	1.173223	0.8868917	3.146215
32574	-416.5308	-428.9002	12.36934	0.472976	0.220229	0.0700893	0.236706	0.06874959	1.057331	0.6317178	0.3111636
32580	-411.3376	-423.1801	11.84251	0.269065	0.683619	0.012722	0.0345936	0.07530173	0.8271104	1.015561	0.8750468
32586	-411.1834	-423.896	12.71261	0.126014	0.77653	0.069032	0.0284232	0.09881936	0.3432637	1.339498	0.2031434
32592	-408.5632	-419.6317	11.06851	0.0766303	0.742514	0.108886	0.0719692	0.05356791	0.621486	1.938375	0.2789142
32598	-418.921	-429.2318	10.31083	0.307509	0.541375	0.117215	0.0339013	0.0337391	1.49769	0.9156337	0.8966991
32604	-421.0794	-431.6289	10.54955	0.700722	0.0805411	0.211429	0.00730808	0.7627201	1.106442	0.87729	2.319733
32610	-415.7465	-426.8473	11.10082	0.715561	0.116107	0.0842925	0.0840391	0.7627201	1.169355	1.317569	1.009929
32616	-413.449	-423.7925	10.34342	0.804021	0.125411	0.0420278	0.0285399	0.546942	0.5970626	1.770186	2.121281
32622	-408.6206	-419.7912	11.17061	0.889689	0.032158	0.0321301	0.0460229	0.546942	0.7314722	1.512442	1.37302
32628	-409.436	-421.7215	12.28554	0.819374	0.0206584	0.00994736	0.15002	0.5644293	0.03080375	1.328407	1.163162
32634	-407.4692	-419.2351	11.7659	0.823535	0.0245806	0.0297414	0.122143	0.5897892	0.04517997	1.711968	1.127046
32640	-408.2844	-419.342	11.0576	0.884425	0.0258303	0.0873056	0.00243892	0.7467456	0.1294914	1.833184	1.435529
32646	-410.2715	-421.6026	11.33114	0.926544	0.0183262	0.0469314	0.00819856	0.7094413	0.0560745	1.6279	1.588073
32652	-410.6649	-422.6856	12.02078	0.898228	0.0107634	0.0453588	0.0456502	0.621821	1.248875	0.7146668	0.7606784
32658	-412.616	-424.5743	11.95826	0.767266	0.110645	0.0371366	0.0849527	0.7141711	1.031243	1.037958	0.6746716
32664	-421.0646	-432.4172	11.35257	0.707781	0.151514	0.0614523	0.0792533	0.8604197	0.889521	1.272076	0.9917248
32670	-409.4029	-421.3228	11.91985	0.789927	0.0522835	0.0539108	0.103878	0.4584505	0.6261259	1.327433	1.037304
32676	-413.7054	-426.1998	12.4944	0.796214	0.0942155	0.00486586	0.104705	0.2822748	0.3126092	1.341154	0.886365
32682	-411.9058	-425.2092	13.30341	0.822759	0.0825225	0.000715634	0.0940033	0.2875012	0.5250287	0.935127	0.2293239
32688	-410.127	-421.8454	11.71839	0.882012	0.0542409	0.00195996	0.061787	0.4088456	1.323995	1.124281	0.829722
32694	-412.5313	-424.2314	11.70008	0.711707	0.0437676	0.00158152	0.242944	0.3680475	0.6239977	1.254305	1.455801
32700	-413.1798	-423.6423	10.46251	0.798973	0.0491342	0.00170099	0.150191	0.6286148	0.6239977	1.511604	2.300784
32706	-421.5015	-433.0993	11.5978	0.859519	0.0229751	0.00144401	0.116062	0.3782108	0.8698315	1.574929	0.8641323
32712	-414.346	-426.3788	12.03281	0.78414	0.0177649	0.00111983	0.196975	0.4388645	1.017901	1.023507	0.8998542
32718	-410.3847	-422.7108	12.32611	0.918078	0.0119457	0.000746495	0.0692296	0.3549624	0.6958141	1.115623	0.8998542
32724	-410.271	-422.4422	12.17124	0.900189	0.011713	0.000731949	0.0873656	0.4057936	1.151937	0.861168	0.811944
32730	-411.7416	-424.3847	12.64307	0.752528	0.0286457	0.00516124	0.213665	0.225691	1.175726	0.638639	0.5547019
32736	-406.9123	-419.623	12.71072	0.858671	0.0112023	0.00282929	0.127297	0.2739302	1.293986	0.5214192	0.1600946
32742	-408.7978	-420.119	11.32127	0.84139	0.0173365	0.00201624	0.139258	0.2109716	1.579336	0.3897705	1.484581
32748	-408.0511	-418.4963	10.4452	0.885057	0.0182363	0.00212088	0.0945857	0.2194837	1.74281	0.2720699	2.243629
32754	-413.018	-423.4969	10.4789	0.876229	0.0381527	0.0217707	0.0638472	0.4797173	0.4996486	1.883722	1.939628
32760	-414.0125	-424.5209	10.50836	0.875566	0.0381238	0.0143975	0.0719122	0.4831527	1.073368	1.309902	2.179934
32766	-415.3663	-425.8667	10.50039	0.831328	0.0859014	0.0224473	0.0603232	0.4831527	1.12795	1.041762	2.55973
32772	-417.2751	-428.0442	10.76909	0.807101	0.083398	0.016948	0.0925526	0.4867586	0.7599851	0.8758248	2.963685
32778	-413.7177	-424.3989	10.68111	0.886985	0.00988288	0.0181468	0.0849857	0.4237109	0.7599851	1.031121	2.963685
32784	-412.0714	-423.0228	10.95134	0.890246	0.00624213	0.0182135	0.0852982	0.5844906	1.62069	0.4169747	1.596367
32790	-418.5331	-428.4038	9.870747	0.594827	0.250957	0.0241578	0.130058	0.02096379	1.638689	0.5711943	0.6502221
32796	-411.7298	-423.1644	11.43456	0.667652	0.281682	0.0271155	0.0235501	0.0594491	1.054395	1.302689	0.5205731
32802	-411.3679	-422.7566	11.38868	0.65026	0.226521	0.0700009	0.0532183	0.0472042	1.466752	0.8963369	0.2782933
32808	-407.4644	-417.3178	9.853438	0.578391	0.265575	0.0622642	0.0937698	0.02409743	1.59662	0.6728056	0.9016294
32814	-413.3403	-424.1278	10.78748	0.33287	0.24996	0.0586034	0.358566	0.02857941	1.489949	0.6728056	0.3541363
32820	-410.0627	-422.592	12.52924	0.843333	0.0314859	0.00527312	0.119908	0.2495632	1.463843	0.6328462	0.3765873
32826	-404.8138	-416.4493	11.63553	0.868294	0.00377979	0.00446982	0.123457	0.3516479	1.627563	1.11462	0.6729589
32832	-416.1244	-424.9956	8.871181	0.821892	0.117949	0.0254391	0.0347206	0.4116559	0.1547892	1.903629	5.624708
32838	-413.625	-425.2313	11.60627	0.841366	0.100817	0.0181629	0.0396538	0.4732713	0.1565727	1.479568	1.67265
32844	-412.5049	-424.6956	12.19078	0.844389	0.0130239	0.0136156	0.128971	0.286142	1.189212	1.266264	0.4173298
32850	-410.923	-423.4389	12.51597	0.935796	0.0144338	0.0150895	0.0346809	0.286142	0.9879003	0.7856522	0.769452
32856	-404.9431	-416.6921	11.74897	0.948773	0.0147109	0.00116905	0.0353467	0.2677403	1.642321	1.318459	0.1964012
32862	-406.579	-417.9796	11.40059	0.843004	0.0205929	0.00252701	0.133877	0.3235335	1.194279	1.051561	1.44201
32868	-405.3846	-417.5848	12.20021	0.819948	0.0236772	0.00364291	0.152732	0.2633132	1.109605	0.9622589	0.8160411
32874	-404.1934	-416.0905	11.8971	0.824542	0.0155898	0.00305941	0.156808	0.2518953	1.581579	0.9117775	0.7011671
32880	-408.2951	-420.3484	12.05335	0.879036	0.012523	0.00245757	0.105983	0.3331478	1.581579	0.650599	0.7011671
32886	-410.2589	-421.2659	11.00697	0.74972	0.0275594	0.00540836	0.217312	0.2857437	2.172348	0.6884928	1.15309
32892	-410.2893	-422.3108	12.02146	0.74972	0.0275594	0.00540836	0.217312	0.2915988	1.763832	0.6328438	0.5857894
32898	-406.7013	-418.1212	11.41991	0.791121	0.016507	0.00368733	0.188685	0.2992345	1.93685	0.3693133	0.982862
32904	-408.7055	-420.7154	12.00998	0.789603	0.0164753	0.0055985	0.188323	0.2144479	1.93685	0.6689983	0.1575387
32910	-409.2568	-421.4414	12.18455	0.834107	0.01259	0.00427823	0.149024	0.2577319	1.349071	1.198372	0.3283387
32916	-403.5363	-415.3533	11.81703	0.868897	0.0131454	0.00258741	0.11537	0.2784562	1.479462	1.177705	0.608999
32922	-410.1663	-421.1116	10.94536	0.784175	0.0070973	0.00683338	0.201894	0.2783997	1.564688	1.121437	1.474794
32928	-405.7564	-417.6207	11.86428	0.876292	0.00915515	0.0102705	0.104282	0.2809904	2.082398	0.4167671	0.4423475
32934	-410.8047	-421.7283	10.92355	0.723226	0.0210771	0.0156164	0.24008	0.2627872	2.40749	0.1400461	0.5265522
32940	-409.6726	-419.6801	10.00743	0.822281	0.0138853	0.00567181	0.158162	0.2121638	2.40749	0.1004901	1.16498
32946	-407.3902	-418.3022	10.91198	0.810388	0.0163427	0.00599847	0.167271	0.2121638	2.40749	0.197784	0.7469937
32952	-407.1857	-417.937	10.75131	0.942271	0.0190024	0.00697466	0.0317521	0.2286034	2.463339	0.2285433	0.9347471
32958	-413.2801	-422.1486	8.868507	0.908832	0.0338246	0.000824558	0.0565193	0.3502525	2.463339	0.1319945	2.817729
32964	-411.8448	-423.2489	11.4041	0.872889	0.0324869	0.000949472	0.0936748	0.2050719	1.985845	0.4528497	0.9823434
32970	-411.0598	-420.6234	9.563578	0.946217	0.035216	0.000775741	0.0177917	0.2511756	1.921908	0.3325405	3.522732
32976	-406.3327	-415.7554	9.422756	0.926445	0.0259049	0.000493392	0.0471568	0.2511756	1.921908	0.374262	3.855508
32982	-407.8829	-419.3509	11.46792	0.704998	0.0834361	0.00219065	0.209375	0.3073898	1.837609	0.5002535	1.072734
32988	-411.8428	-422.1656	10.32275	0.96306	0.0271848	0.00198928	0.00776548	0.257395	2.005649	0.4766921	2.268783
32994	-418.4953	-426.727	8.231722	0.907234	0.0509836	0.00187935	0.0399025	1.381349	1.475493	0.6415251	5.121665
33000	-409.0596	-420.1315	11.0719	0.768072	0.0431631	0.00159107	0.187174	0.1808203	1.871729	0.3497012	1.371508
33006	-411.4805	-421.9318	10.45131	0.852682	0.029547	0.00108916	0.116682	0.23993	1.4382	0.7166139	2.823805
33012	-411.4314	-423.1574	11.72606	0.395725	0.438854	0.000828602	0.164593	0.08123151	1.486433	0.6361943	0.6961253
33018	-418.8735	-428.4844	9.610826	0.363156	0.558271	0.000784081	0.077788	0.1069507	1.995443	0.4746695	2.972822
33024	-414.9567	-426.4672	11.51051	0.696409	0.0788337	0.0093901	0.215367	0.04929678	1.344058	0.7832173	0.4764285
33030	-413.7876	-425.5473	11.7597	0.565677	0.239926	0.0285783	0.165818	0.06244436	1.318722	0.5751266	0.6156164
33036	-416.3569	-426.3083	9.951368	0.518265	0.0953557	0.0145361	0.371843	0.04330206	1.367155	0.5751266	2.100775
33042	-416.838	-427.9664	11.12837	0.937467	0.0303534	0.0255283	0.00665101	0.5114773	1.525552	0.5496233	1.601239
33048	-419.2786	-429.7	10.42145	0.774893	0.167687	0.0433234	0.0140958	0.5616009	2.066095	0.5317836	1.744807
33054	-414.6509	-425.9946	11.34365	0.780488	0.0744568	0.11186	0.0331948	1.013219	1.869698	0.3534749	0.4383963
33060	-420.7364	-431.284	10.54767	0.848985	0.00200081	0.0864169	0.0625972	0.4891668	1.501465	0.3132022	2.306182
33066	-422.4937	-433.8605	11.3668	0.773513	0.0077869	0.172056	0.0466441	1.063068	1.015059	0.7198951	1.18728
33072	-418.2981	-429.8721	11.57399	0.422385	0.361075	0.0425958	0.173944	0.2165041	1.433724	0.6846182	1.337295
33078	-412.3415	-424.949	12.60756	0.38611	0.4375	0.0173844	0.159006	0.1416009	1.19591	0.6598003	0.4438587
33084	-415.6515	-426.3727	10.72122	0.111084	0.652891	0.0232618	0.212763	0.05949003	1.701761	0.6712989	1.172243
33090	-416.4437	-427.9178	11.47408	0.419471	0.303875	0.0316832	0.244971	0.2434081	1.678978	0.4694264	1.245182
33096	-413.3426	-421.3365	7.993886	0.872336	0.0440717	0.00451187	0.0790806	0.3104354	1.597976	0.6635693	8.304523
33102	-409.7338	-419.7983	10.06456	0.861322	0.0362997	0.00374814	0.0986299	0.252615	1.767034	0.5164826	3.040429
33108	-421.8033	-431.6824	9.879101	0.584268	0.316532	0.013192	0.0860076	0.8567044	1.678198	0.5828878	2.587803
33114	-408.3172	-419.3845	11.06729	0.869238	0.0684677	0.0136834	0.0486108	0.5468873	1.707526	0.4568212	1.419545
33120	-414.2061	-424.5924	10.38628	0.788559	0.0638061	0.0506062	0.097029	0.9722047	1.719584	0.4476107	1.682245
33126	-413.3404	-424.0852	10.74475	0.778588	0.0226777	0.0680968	0.130637	0.9722047	1.415923	0.564988	1.613663
33132	-411.3405	-423.3187	11.97818	0.867584	0.0252698	0.0472209	0.0599253	0.779114	1.391978	0.7596046	0.4765788
33138	-418.7972	-425.6144	6.817212	0.810994	0.0360692	0.0674015	0.0855352	0.6881465	1.571902	0.5681543	11.60079
33144	-409.286	-418.3828	9.096754	0.889359	0.0115058	0.0128367	0.086299	0.2706654	1.571902	0.450101	5.398728
33150	-419.4526	-429.2827	9.830084	0.835741	0.117601	0.0387373	0.0079201	0.5226118	1.449885	0.5179296	3.67977
33156	-412.2547	-423.8363	11.58164	0.912776	0.0328765	0.0423078	0.0120401	0.4732168	1.483238	0.4659795	1.184915
33162	-411.3561	-423.6124	12.25634	0.93748	0.0407863	0.00327007	0.018464	0.3323424	1.393376	0.683166	0.6723061
33168	-407.4343	-418.6219	11.18759	0.909545	0.0395709	0.020601	0.0302832	0.3285501	1.371709	0.550845	1.914301
33174	-414.7395	-424.8543	10.11483	0.662116	0.16718	0.0241443	0.14656	0.4811762	1.464585	1.098918	2.544451
33180	-415.0139	-426.9925	11.97862	0.689438	0.147305	0.0386637	0.124594	0.6021753	0.9010937	0.8757486	1.045564
33186	-410.72	-422.8088	12.08877	0.800103	0.119948	0.0271966	0.0527523	0.7287323	0.8100087	1.320894	0.147517
33192	-411.0806	-422.3589	11.2783	0.849778	0.127395	0.014527	0.00830047	0.3724853	0.9333696	1.070093	1.841056
33198	-417.1469	-423.454	6.307037	0.897994	0.0579554	0.0149325	0.0291183	0.4321641	0.9491309	0.8470555	17.68781
33204	-423.4705	-427.1948	3.724283	0.782014	0.0610148	0.0770002	0.0799706	0.3750672	1.442719	0.5082318	35.31913
33210	-409.2946	-418.9422	9.647671	0.848895	0.0377492	0.0556055	0.0577506	0.3750672	1.742869	0.3734111	3.655597
33216	-414.9684	-426.5498	11.58137	0.837296	0.0508972	0.0548457	0.0569615	0.3353526	1.774705	0.6590278	0.964337
33222	-415.1304	-424.261	9.130578	0.83237	0.0536062	0.00893795	0.105086	0.3693922	2.000525	0.5332614	4.250032
33228	-412.2012	-421.2416	9.040381	0.881937	0.0438315	0.0145635	0.0596676	0.3905327	2.051653	0.3041834	4.084562
33234	-414.6449	-423.8086	9.163702	0.773933	0.0187716	0.00553114	0.201764	0.3674964	1.788416	0.7063197	4.493755
33240	-417.2592	-428.3806	11.12139	0.279771	0.242085	0.0454238	0.43272	0.05369295	1.768349	0.3239561	0.1102308
33246	-410.8462	-421.5834	10.73718	0.423891	0.366792	0.118972	0.0903453	0.03470034	1.123322	0.7813414	0.0636583
33252	-413.3338	-423.516	10.18216	0.933927	0.0487861	0.00296595	0.0143208	0.3049555	1.932486	0.347203	2.476707
33258	-414.6436	-424.1887	9.545163	0.860352	0.108916	0.00627828	0.0244536	0.4656221	1.763088	0.4112269	3.700204
33264	-415.6322	-425.356	9.723806	0.657908	0.245761	0.0141664	0.0821648	0.4657013	1.763088	0.2581832	3.092018
33270	-411.5382	-421.0254	9.487242	0.88294	0.0985403	0.00290379	0.015616	0.3277809	1.764352	0.4249706	4.04017
33276	-416.8761	-426.1172	9.241073	0.885375	0.0748173	0.00624154	0.0335658	0.6141783	1.27265	0.5697689	5.076391
33282	-416.4735	-427.0159	10.54235	0.902639	0.0707585	0.00955783	0.0170442	0.2496109	0.8574333	1.087443	3.098722
33288	-412.2271	-423.6751	11.44799	0.778974	0.134286	0.0274114	0.0593287	0.4511872	0.8714198	0.9793569	1.736959
33294	-415.8813	-427.614	11.73275	0.791601	0.116895	0.0736794	0.0178245	0.6318526	1.97157	0.3387626	0.278229
33300	-416.1523	-427.9113	11.75899	0.603427	0.180576	0.0561648	0.159833	0.5926957	1.895625	0.2746012	0.2082016
33306	-417.2692	-429.964	12.69474	0.495771	0.275109	0.0555446	0.173576	0.1528225	1.071309	0.7192	0.1317998
33312	-413.8261	-424.3909	10.56482	0.861079	0.00858706	0.0562304	0.0741036	0.6689107	0.4305916	1.739088	1.935651
33318	-408.5868	-420.1735	11.58664	0.862843	0.00959087	0.053311	0.0742554	0.6689107	0.1572763	1.662989	1.182074
33324	-415.3905	-426.1966	10.80604	0.770438	0.00844926	0.0476018	0.173511	0.6689107	0.2712458	1.797122	1.725521
33330	-412.6869	-423.4915	10.80459	0.798529	0.0080666	0.0277516	0.165653	0.7360044	0.4343026	1.842186	1.375153
33336	-407.7013	-418.5464	10.84508	0.850984	0.00552942	0.0295746	0.113912	0.403737	0.8753355	1.718372	1.412251
33342	-406.7363	-417.9322	11.19588	0.875227	0.0103835	0.0440829	0.0703062	0.5039172	0.8753355	1.486292	1.273372
33348	-409.1709	-420.3538	11.1829	0.934251	0.0247663	0.0115551	0.0294273	0.3885005	0.1241117	1.724788	1.918464
33354	-408.1658	-419.0884	10.92256	0.842253	0.0502349	0.0152446	0.0922679	0.3885005	0.7311703	1.472284	1.918464
33360	-407.0309	-419.3442	12.31323	0.776557	0.0891112	0.0195159	0.114816	0.5015207	0.784103	1.236567	0.1105785
33366	-407.4215	-420.0869	12.66539	0.853628	0.0583744	0.0127844	0.0752131	0.4778826	0.9647228	0.9923001	0.2274477
33372	-418.668	-429.4161	10.7481	0.825363	0.072716	0.00660784	0.0953129	0.4810517	1.957248	0.4946414	1.581379
33378	-408.6579	-420.4445	11.78662	0.865087	0.055567	0.00514423	0.0742015	0.2437313	1.528744	0.523632	1.0761
33384	-418.3972	-428.9259	10.52874	0.876207	0.0319515	0.00595436	0.085887	0.1734748	1.528744	0.5198738	2.596269
33390	-413.3291	-425.7955	12.46637	0.899863	0.0356132	0.00595028	0.0585735	0.266591	1.528744	0.5325979	0.4068973
33396	-412.8829	-424.6884	11.80542	0.752042	0.0254345	0.00300219	0.219521	0.3292185	2.120018	0.2923419	0.2146016
33402	-409.9019	-421.0657	11.16387	0.815093	0.0393213	0.000735983	0.14485	0.1432162	2.155111	0.1384155	0.4107268
33408	-411.2134	-422.6524	11.43901	0.863947	0.0466901	0.0009365	0.0884259	0.2152069	2.34796	0.2239817	0.1840094
33414	-406.5589	-417.6497	11.09078	0.88454	0.0239678	0.000958821	0.0905336	0.2152069	1.949109	0.3549814	1.303922
33420	-415.3219	-427.2672	11.94531	0.458495	0.53323	0.00714736	0.00112715	0.1055224	1.068199	0.6970778	1.043626
33426	-422.7407	-434.8015	12.06083	0.551196	0.357277	0.0790584	0.0124677	0.4826498	1.386662	0.3787205	0.7625015
33432	-415.4364	-426.792	11.35557	0.585115	0.379263	0.0257767	0.00984565	0.3172691	1.711331	0.4571326	1.315837
33438	-415.6553	-428.2389	12.58357	0.562478	0.395368	0.0323383	0.00981559	0.7649565	0.5539883	1.143377	0.1828468
33444	-406.8657	-418.7921	11.92644	0.750268	0.0993508	0.00425745	0.146124	0.3801394	1.852166	0.4538537	0.5650105
33450	-407.058	-419.0251	11.9671	0.750655	0.0988859	0.00425965	0.146199	0.3730882	2.031271	0.4040225	0.2203819
33456	-410.0916	-421.0345	10.94291	0.739153	0.112694	0.00419438	0.143959	0.3308082	1.666378	0.4669928	1.851342
33462	-407.1384	-418.64	11.50159	0.813762	0.0804606	0.00299466	0.102782	0.294	1.666378	0.4669928	1.219849
33468	-412.8956	-424.3159	11.42026	0.857899	0.0604911	0.00433732	0.0772727	0.338467	1.666378	0.4669928	1.282522
33474	-417.8102	-427.4013	9.591101	0.770546	0.0911558	0.0985934	0.0397053	0.3762049	1.744665	0.2976524	3.615501
33480	-421.1101	-429.6705	8.560395	0.840756	0.0472958	0.0229577	0.0889909	2.294612	1.992137	0.3663476	2.216293
33486	-409.8694	-419.8651	9.995701	0.947228	0.0162108	0.0060592	0.0305019	0.3718406	1.78687	0.3115552	2.871673
33492	-407.7044	-417.9053	10.20093	0.889125	0.0152164	0.00568753	0.0899709	0.2953234	1.723588	0.5104043	2.871673
33498	-407.8648	-418.0829	10.21819	0.895775	0.0115565	0.00202513	0.0906437	0.2670725	1.656771	0.6897939	2.871673
33504	-415.7359	-424.1437	8.407748	0.915007	0.0187105	0.000946066	0.0653362	0.2670725	1.213594	0.5889946	8.354414
33510	-406.3295	-418.8357	12.50621	0.901709	0.0300472	0.000873475	0.0673705	0.2352427	1.27231	0.5000315	0.626826
33516	-416.9419	-428.3582	11.41632	0.565758	0.207616	0.0135457	0.21308	0.2116454	1.288887	0.7407288	1.645203
33522	-418.6964	-427.8753	9.178897	0.757315	0.0416463	0.0188494	0.182189	0.2816267	1.45877	0.7576713	5.239819
33528	-414.2286	-425.8497	11.62113	0.901522	0.00900133	0.00838938	0.0810874	0.5378746	1.162419	0.7906344	1.287928
33534	-414.9708	-426.318	11.34719	0.716196	0.0433652	0.00666477	0.233775	0.2923041	0.9199052	1.113519	1.771728
33540	-410.8144	-423.0219	12.2075	0.822472	0.042395	0.00443872	0.130694	0.2923041	1.082073	1.17493	0.6143922
33546	-412.519	-423.4719	10.95291	0.824114	0.0424797	0.00245078	0.130955	0.4164491	1.795613	1.380032	0.8112556
33552	-409.9054	-421.8303	11.92486	0.89281	0.0227736	0.00265507	0.0817618	0.4293777	1.142603	1.328424	0.1131064
33558	-414.4726	-426.6446	12.17203	0.840149	0.0282641	0.000859836	0.130727	0.2388363	1.159747	1.328424	0.1622034
33564	-412.254	-424.3827	12.1287	0.909546	0.0317756	0.0006745	0.0580043	0.2704946	1.485854	1.119885	0.1865838
33570	-413.4148	-424.7111	11.29622	0.80724	0.0282015	0.000598632	0.16396	0.2704946	0.8941138	1.393196	1.469053
33576	-410.6181	-422.1753	11.55718	0.804777	0.0281154	0.00364742	0.16346	0.2610495	1.278596	0.9676325	1.292912
33582	-412.0758	-423.419	11.34315	0.804777	0.0281154	0.00364742	0.16346	0.2759165	1.836864	1.101315	0.07898184
33588	-409.5354	-421.6236	12.08813	0.818315	0.0656775	0.00310086	0.112906	0.386802	1.01934	1.450234	0.1610451
33594	-404.4177	-416.9361	12.5184	0.89627	0.0231694	0.00215337	0.078407	0.2945144	1.231687	0.8148109	0.5108091
33600	-409.3741	-420.9162	11.54213	0.833465	0.0215458	0.000355944	0.144633	0.2945144	1.096134	0.9434498	1.532417
33606	-408.3573	-419.9475	11.59016	0.82112	0.0357329	0.000656201	0.142491	0.3199573	0.8608105	1.269664	1.327894
33612	-409.6726	-422.1917	12.51913	0.82112	0.0357329	0.000656201	0.142491	0.3012139	0.7843982	1.093823	0.6835472
33618	-412.0044	-424.6414	12.63702	0.879643	0.0382796	0.00070297	0.0813746	0.3483227	0.9988179	1.093823	0.2292049
33624	-402.6289	-414.9778	12.34885	0.924694	0.0195303	0.00139122	0.0543842	0.290958	1.644452	0.4824379	0.4030954
33630	-410.2492	-420.5667	10.31758	0.945426	0.00960315	0.00142241	0.0435488	0.4297504	2.134034	0.4454915	1.950969
33636	-412.1807	-423.4803	11.2996	0.836735	0.0351861	0.0150376	0.113041	0.2634942	1.157724	0.7637235	1.950969
33642	-412.7687	-424.6799	11.91117	0.748743	0.0314859	0.0134563	0.206314	0.3404771	1.874604	0.3702243	0.5505108
33648	-413.7215	-425.9134	12.19188	0.943374	0.0326001	0.0169541	0.00707156	0.3038673	1.874604	0.4655495	0.244725
33654	-413.5684	-425.4424	11.87396	0.945588	0.0229117	0.0259658	0.00553491	0.3135621	1.880195	0.9598147	0.3548982
33660	-407.1801	-419.6149	12.4348	0.940305	0.0227837	0.0258207	0.0110904	0.3229058	1.575515	0.6729116	0.2605368
33666	-408.7224	-421.3653	12.64288	0.955621	0.0231548	0.00995287	0.011271	0.2697601	1.054662	1.045541	0.3345582
33672	-412.6902	-423.2481	10.5579	0.514932	0.286776	0.0822042	0.116088	0.0445842	1.550409	0.6034521	1.185282
33678	-415.1417	-426.5569	11.41523	0.312454	0.58938	0.0894464	0.00871917	0.05496747	1.698132	0.4558907	0.4544754
33684	-418.5676	-428.3892	9.821595	0.324793	0.535445	0.081261	0.0585009	0.05825626	1.412022	0.4868648	2.751106
33690	-414.3374	-424.1026	9.76515	0.424045	0.477254	0.046558	0.0521432	0.03034499	1.504042	0.7149457	1.459832
33696	-412.0558	-422.8129	10.75714	0.163402	0.680671	0.0308769	0.125051	0.0323831	1.534681	0.4844132	0.5940051
33702	-412.6676	-424.5076	11.84003	0.0491172	0.875424	0.0153901	0.0600688	0.0604414	1.380866	0.7928991	0.2525709
33708	-411.9511	-423.2259	11.27477	0.0316025	0.928162	0.0294131	0.0108223	0.06119129	2.063752	0.4147068	0.2768307
33714	-411.8723	-422.7159	10.84358	0.101604	0.691901	0.108698	0.097797	0.04635823	2.009104	0.2673305	0.1863489
33720	-414.538	-425.8035	11.26551	0.855907	0.0207383	0.0169777	0.106377	0.3041326	1.163753	0.7626807	1.972724
33726	-407.6844	-418.7128	11.02841	0.860463	0.0162607	0.00176969	0.121507	0.2220462	1.481131	0.6333436	1.972724
33732	-404.8558	-416.6156	11.75981	0.860463	0.0162607	0.00176969	0.121507	0.3662165	1.738363	0.4301075	0.8355408
33738	-406.2746	-417.9411	11.66659	0.887598	0.00729505	0.000996408	0.104111	0.2960263	1.335336	1.285973	0.7604068
33744	-405.1424	-416.9573	11.81493	0.849563	0.00973543	0.00182717	0.138874	0.2063507	1.729851	0.6688167	0.7918855
33750	-402.4262	-414.4167	11.99044	0.861155	0.00898526	0.00168638	0.128173	0.2582477	1.807606	0.6688167	0.5649114
33756	-408.8	-418.9996	10.19962	0.868689	0.000315737	0.00170113	0.129295	0.1780492	2.155469	0.7518178	2.041236
33762	-407.2029	-419.2905	12.08756	0.89843	0.00171903	0.0170405	0.0828108	0.3460674	1.191659	1.148459	0.6255937
33768	-406.359	-418.2554	11.89638	0.942009	0.00180241	0.0311517	0.0250369	0.4327452	1.313074	1.148459	0.6255937
33774	-409.1625	-420.5373	11.37475	0.895636	0.00322447	0.0563487	0.0447905	0.4038385	1.489572	1.434611	0.6452244
33780	-410.4546	-421.5343	11.07976	0.810263	0.000553061	0.0434205	0.145763	0.4539378	2.243916	0.4840734	0.9420908
33786	-409.7549	-421.9316	12.17676	0.94901	0.000430621	0.0338078	0.016752	0.3774781	1.6334	0.6526068	0.5024956
33792	-410.1019	-421.937	11.83507	0.937312	0.000274685	0.0459149	0.0164983	0.3774781	1.592014	0.5037201	0.9064626
33798	-417.8492	-429.7863	11.9371	0.872202	0.000255604	0.0596884	0.0678543	0.8370879	1.580767	0.45417	0.3449395
33804	-410.6326	-421.9162	11.28358	0.931474	0.000231103	0.0177775	0.0505174	0.4150772	1.446792	0.8296003	1.445884
33810	-415.0283	-424.9457	9.917381	0.21856	0.38435	0.063056	0.334034	0.02702064	1.800384	1.174197	0.3862449
33816	-409.7349	-419.3171	9.582206	0.813857	0.127247	0.0329775	0.025918	0.02254492	1.926683	0.9831695	0.5044238
33822	-408.9386	-419.7664	10.8278	0.448516	0.401869	0.105466	0.0441493	0.03458782	1.239199	1.16009	0.144772
33828	-409.8419	-420.7011	10.85923	0.249275	0.599935	0.116989	0.0338009	0.05136442	1.375507	1.003087	0.06775988
33834	-406.0219	-416.3806	10.35869	0.127741	0.745932	0.0879728	0.0383539	0.02737148	1.021798	0.9892424	0.06775988
33840	-410.7217	-422.0168	11.29516	0.124025	0.704141	0.13715	0.0346846	0.03525605	1.106744	0.9092733	0.1668458
33846	-413.5468	-423.4734	9.926645	0.0710865	0.797857	0.125692	0.00536442	0.02294268	1.81445	0.5657547	0.1085456
33852	-408.7707	-418.5561	9.785411	0.0690842	0.775384	0.150319	0.00521332	0.02294268	1.661223	0.641821	0.07552828
33858	-411.6589	-421.9281	10.26914	0.187902	0.626534	0.164531	0.0210328	0.02294268	1.579442	0.7927265	0.1870812
33864	-412.0995	-422.7521	10.65267	0.930187	0.000694857	0.0488053	0.0203132	0.486863	0.8926991	1.221476	2.379276
33870	-416.3391	-426.3942	10.05519	0.930187	0.000694857	0.0488053	0.0203132	0.6624901	1.059491	1.421909	2.379276
33876	-412.8875	-423.4939	10.60641	0.876149	0.00139569	0.0816542	0.0408013	0.6624901	0.5172829	2.037825	1.268177
33882	-411.9325	-423.9036	11.97109	0.910485	0.00629577	0.0709415	0.0122774	0.48258	1.009045	1.361803	0.5547187
33888	-415.2108	-426.7153	11.50447	0.913279	0.00324719	0.0711591	0.012315	0.6703315	1.069181	1.348787	0.7716911
33894	-417.4593	-428.6737	11.21437	0.915107	0.00383944	0.0655194	0.0155345	0.6495626	1.533552	0.9829872	1.028225
33900	-409.7325	-421.5253	11.79274	0.906968	0.00380529	0.07383	0.0153964	0.3940138	1.533552	0.3787271	0.9578292
33906	-409.6371	-422.2933	12.65616	0.887273	0.00372266	0.0615988	0.0474051	0.3940138	1.135483	0.618255	0.522249
33912	-417.0424	-428.2434	11.201	0.824447	0.00633368	0.102724	0.0664954	0.5730296	1.369251	0.6094934	1.606282
33918	-410.193	-422.1476	11.95456	0.945243	0.00726167	0.0305734	0.0169218	0.5730296	1.674475	0.2763717	0.3803605
33924	-411.238	-421.9859	10.74792	0.960447	0.00706973	0.0192362	0.0132466	0.3674072	1.959747	0.3049661	1.573896
33930	-412.3963	-424.0247	11.62842	0.94886	0.00499622	0.0200226	0.026121	0.5416695	1.67634	0.2853591	0.7502755
33936	-407.9137	-420.1548	12.24105	0.944999	0.00321651	0.0237454	0.0280393	0.282291	1.67634	0.3441726	0.4233232
33942	-407.4783	-418.9195	11.44117	0.942236	0.00320711	0.0236759	0.0308811	0.3326335	2.458162	0.293872	0.3437678
33948	-417.8066	-428.7045	10.89787	0.903257	0.0400307	0.0271086	0.0296036	0.79513	2.458162	0.2269787	0.231229
33954	-418.9492	-429.9698	11.02057	0.781469	0.142229	0.0234535	0.0528485	0.3435714	2.770756	0.2306452	0.1981421
33960	-414.9727	-425.8407	10.86798	0.909133	0.0340892	0.0196456	0.0371319	0.5942232	2.595523	0.2025177	0.3537583
33966	-410.2027	-422.4097	12.20702	0.897131	0.0316308	0.0607856	0.0104524	0.5065344	1.591255	0.4846195	0.4319301
33972	-417.4968	-429.0743	11.5775	0.737791	0.139358	0.0769636	0.0458882	0.3541402	0.7568482	1.146536	1.602552
33978	-417.5715	-429.908	12.33644	0.657896	0.231954	0.0692301	0.040919	0.4088083	1.231946	0.7095261	0.6809193
33984	-410.7925	-423.0362	12.24369	0.936229	0.0410128	0.0143037	0.00845429	0.3170727	1.779657	0.6263122	0.2096216
33990	-413.858	-425.9715	12.1135	0.819474	0.122301	0.0426537	0.0155719	0.4286929	0.8430189	1.161061	0.8556946
33996	-414.881	-427.0725	12.19156	0.690392	0.288691	0.0112792	0.00963699	0.372943	0.7871732	1.398265	0.6050541
34002	-411.9796	-423.6577	11.67809	0.893204	0.0940222	0.00485714	0.00791645	0.5463581	0.3251423	2.017602	0.1152186
34008	-413.723	-425.3441	11.62112	0.882359	0.104314	0.00127584	0.0120521	0.4405315	0.4449559	1.566204	1.229044
34014	-409.1015	-420.8306	11.72906	0.835947	0.0988267	0.00120874	0.0640175	0.6606949	0.6748411	1.31596	0.9861583
34020	-415.8563	-427.5904	11.73412	0.850559	0.0247732	0.00846703	0.116201	0.3840951	1.396959	0.5735396	1.191405
34026	-412.4742	-424.3538	11.87959	0.925019	0.0284979	0.00974006	0.0367427	0.3266119	1.269382	0.5280614	1.223969
34032	-409.1015	-421.4639	12.36242	0.714062	0.027139	0.00595729	0.252842	0.5056325	0.09000795	1.438936	0.9426756
34038	-412.696	-423.5765	10.88054	0.771414	0.0289387	0.0117447	0.187902	0.5056325	0.8169928	1.820507	1.173431
34044	-420.8739	-430.9727	10.09881	0.882155	0.0413918	0.0167988	0.059654	1.113408	0.3383087	2.267436	1.132678
34050	-415.2518	-426.3183	11.06649	0.843043	0.0474723	0.0315755	0.0779095	0.4620736	1.129811	1.263787	1.495918
34056	-415.8762	-426.6935	10.8173	0.873354	0.0581921	0.00296762	0.0654862	0.489032	0.9610812	1.263787	1.981501
34062	-415.6014	-426.0406	10.43925	0.958774	0.0108415	0.00267617	0.027708	0.4626616	1.571219	1.430973	1.467253
34068	-416.7668	-425.414	8.647227	0.910333	0.0601443	0.00321478	0.026308	0.3846592	2.093509	0.49128	5.088255
34074	-413.9938	-424.0127	10.01895	0.710217	0.0919241	0.0189087	0.17895	0.7883635	0.6132025	1.399773	2.968733
34080	-411.737	-423.5105	11.77351	0.856062	0.110801	0.012334	0.0208026	0.8252814	1.080161	1.136434	0.5918734
34086	-412.2942	-424.4554	12.16126	0.732532	0.105729	0.0203236	0.141415	0.5969708	0.3323835	1.199645	1.105267
34092	-414.0789	-425.7936	11.71469	0.756675	0.110304	0.0127003	0.120321	0.4759358	0.7253661	1.345428	1.105267
34098	-411.9379	-422.2627	10.32474	0.786634	0.0707758	0.0132031	0.129387	0.3234442	1.181864	1.011141	3.014514
34104	-421.5308	-430.8331	9.30233	0.7579	0.0857232	0.0778408	0.0785362	2.163508	1.058974	0.8692003	2.421567
34110	-414.2258	-426.3581	12.13235	0.431122	0.388292	0.0487923	0.131793	0.08064825	1.370911	0.5894176	0.4207555
34116	-417.1528	-430.1446	12.99183	0.135998	0.778184	0.0706906	0.0151279	0.1868495	0.5044622	1.213507	0.2073412
34122	-422.2965	-434.6033	12.30686	0.723682	0.122365	0.0604209	0.0935316	0.4371648	0.3233962	0.9559364	1.41115
34128	-420.1913	-432.3409	12.1496	0.815865	0.0642206	0.0344804	0.0854336	0.4581443	1.092882	0.6498675	0.9818412
34134	-409.3216	-421.8039	12.48234	0.902135	0.0584638	0.0077378	0.0316633	0.2923914	1.349815	0.5693103	0.5609289
34140	-415.8729	-429.0724	13.19951	0.704813	0.235568	0.0171722	0.0424464	0.315459	0.8245243	0.5693103	0.1879412
34146	-410.4536	-423.2511	12.79754	0.345832	0.279837	0.019806	0.354525	0.1113515	0.846776	0.8465485	0.1879412
34152	-414.5492	-427.0683	12.51908	0.0127605	0.20326	0.00970397	0.774276	0.1883265	1.340313	0.7276327	0.1441172
34158	-409.7752	-421.8157	12.04056	0.0774464	0.175311	0.0316675	0.715575	0.04836957	0.7800724	0.8447348	0.1443365
34164	-411.5569	-422.9169	11.35995	0.0938737	0.390428	0.00815246	0.507545	0.04510814	1.634844	0.5854513	0.225356
34170	-412.0723	-424.2236	12.15126	0.121606	0.629671	0.0492219	0.199501	0.1170679	1.634844	0.3229939	0.2374253
34176	-411.8055	-423.9936	12.1881	0.0414396	0.823316	0.0760112	0.0592333	0.1170679	1.634844	0.3631073	0.2374253
34182	-416.0419	-428.5677	12.52581	0.00160066	0.701335	0.240378	0.0566862	0.1026391	0.19469	1.624194	0.2598729
34188	-415.7745	-427.1123	11.33785	0.00179502	0.903357	0.063265	0.0315833	0.05757808	1.055649	1.392382	0.4689035
34194	-411.2976	-423.1543	11.85665	0.728941	0.147649	0.0126888	0.110721	0.06039729	0.8641754	1.101431	0.5394887
34200	-408.1694	-419.5314	11.36195	0.52289	0.161169	0.0138507	0.30209	0.03285482	0.7405818	1.087601	0.1569377
34206	-407.6166	-418.5651	10.94852	0.523564	0.371137	0.031895	0.0734047	0.03883621	1.103986	1.390673	0.2886073
34212	-412.7469	-424.7144	11.96753	0.645473	0.276171	0.0237338	0.0546221	0.07628934	0.7430336	1.390673	0.4226569
34218	-414.5843	-425.6129	11.02866	0.506698	0.250881	0.021863	0.220558	0.03951794	1.549857	0.5230128	0.1075227
34224	-417.3028	-428.1144	10.81154	0.120645	0.736694	0.0434808	0.0991796	0.05824781	1.549857	0.6898727	1.203425
34230	-419.5496	-430.031	10.48134	0.275554	0.622855	0.0410953	0.0604963	0.08145423	1.761727	0.5415666	1.765118
34236	-414.0013	-424.4538	10.45251	0.355617	0.489725	0.0305421	0.124116	0.03850824	1.761727	0.4992035	0.90319
34242	-409.6951	-420.75	11.05491	0.525243	0.373922	0.00899024	0.0918444	0.06485335	1.669289	0.4143342	0.9857391
34248	-413.2323	-423.7298	10.4975	0.156627	0.614275	0.078217	0.150881	0.03908241	1.521817	0.5710667	1.109334
34254	-414.7774	-426.2189	11.44148	0.308182	0.533501	0.0230371	0.13528	0.03908241	0.8711935	1.091373	0.4380293
34260	-415.7744	-427.0991	11.3247	0.0740884	0.7924	0.0486466	0.0848649	0.05286611	1.254637	1.187465	0.4380293
34266	-411.689	-423.6453	11.95631	0.193865	0.665159	0.0277246	0.113251	0.06226673	1.401243	0.5227927	0.2019346
34272	-415.303	-425.9369	10.63385	0.273689	0.527288	0.0391402	0.159883	0.05907715	2.062241	0.4050077	0.9158991
34278	-408.1661	-417.9726	9.806424	0.595922	0.277404	0.0624347	0.0642387	0.02283079	2.062241	0.3235515	0.3583888
34284	-409.2839	-418.4021	9.118212	0.708493	0.174655	0.0404784	0.0763736	0.02226697	2.062241	0.4164955	1.067089
34290	-409.1213	-418.9917	9.870405	0.717955	0.165819	0.0373189	0.0789073	0.02237959	1.055724	1.016339	1.022108
34296	-414.2025	-424.3881	10.18561	0.716973	0.212676	0.0432243	0.0271264	0.02609774	0.7921977	1.359588	0.8390845
