Iteration	Posterior	Likelihood	Prior	matrix_probs[1]	matrix_probs[2]	matrix_probs[3]	matrix_probs[4]	neo_beta	rate_log_sd	tree_length	two_beta
0	-413.1456	-423.4886	10.34299	0.083779	0.80123	0.0607429	0.0542479	0.04757489	1.22983	1.166394	1.345782
6	-413.4264	-425.2716	11.84521	0.373029	0.373307	0.0237022	0.229962	0.06190459	1.146318	1.057667	0.2089413
12	-412.5986	-424.9786	12.37997	0.855332	0.0571766	0.046356	0.0411356	0.5460028	0.3293431	1.178563	0.9656423
18	-416.382	-427.2789	10.89692	0.791718	0.127298	0.0429083	0.0380762	0.5791546	0.4792855	1.603425	1.811892
24	-414.4264	-425.9403	11.51387	0.541345	0.310069	0.0517542	0.0968324	0.0581227	1.72373	0.5979041	0.364785
30	-415.451	-426.4664	11.01539	0.0343297	0.476527	0.100129	0.389014	0.03911227	0.9836595	1.386966	0.3960072
36	-416.5943	-426.4043	9.809999	0.290833	0.426763	0.0358733	0.246531	0.06999034	0.7217973	2.23221	1.31302
42	-420.1855	-431.6959	11.51034	0.868069	0.0169006	0.0793484	0.0356824	0.963019	1.283343	0.6757986	0.8966081
48	-419.329	-431.0663	11.73729	0.75097	0.201822	0.025744	0.0214632	0.3531653	1.709995	0.6757986	0.8555263
54	-414.9229	-426.8494	11.92656	0.390499	0.219324	0.0242935	0.365884	0.04888225	0.3714701	1.423683	0.2113141
60	-415.7355	-427.6704	11.93491	0.886849	0.0919262	0.00638004	0.0148448	0.299478	2.099412	0.5471869	0.3396012
66	-407.4036	-419.6502	12.2466	0.967491	0.0218685	0.00269807	0.0079422	0.299478	1.794687	0.4771138	0.1897411
72	-412.8601	-424.0454	11.1853	0.405126	0.466381	0.0425543	0.0859389	0.09925592	0.6691972	1.940584	0.7093559
78	-415.6729	-425.9937	10.32082	0.466527	0.369902	0.0954103	0.0681609	0.06246103	0.941353	1.664905	1.313933
84	-414.1258	-426.1915	12.06577	0.467744	0.434633	0.0515432	0.0460794	0.08457203	0.5490854	1.515547	0.4416048
90	-417.2495	-429.3525	12.10299	0.881262	0.0942685	0.00505856	0.0194114	0.5527515	0.3946356	0.942325	1.447052
96	-410.8519	-422.6072	11.75528	0.917496	0.0148535	0.0148835	0.0527674	0.5527515	0.2682325	1.364467	1.447052
102	-410.6169	-421.9009	11.28397	0.888245	0.0292229	0.0314471	0.0510851	0.5527515	1.129549	1.027783	1.447052
108	-405.4641	-417.8979	12.43374	0.907389	0.0298527	0.0105726	0.0521861	0.2948085	1.151125	0.4932714	0.8029716
114	-405.7876	-417.8467	12.05906	0.903062	0.0430286	0.00157137	0.0523383	0.2683083	1.323132	0.6919145	0.9497598
120	-409.0042	-420.3954	11.39126	0.921637	0.0223077	0.00116251	0.0548925	0.5337134	1.331776	0.8687585	1.29093
126	-404.303	-416.8381	12.53511	0.949584	0.0136086	0.00162872	0.0351792	0.2073633	1.496316	0.4756022	0.344786
132	-404.6494	-415.4474	10.79797	0.917855	0.00246217	0.000480624	0.0792025	0.2353243	2.056721	0.34483	1.511101
138	-400.0591	-411.7202	11.66114	0.917179	0.00285438	0.000822804	0.0791442	0.1686119	1.852451	0.3673392	0.7834686
144	-410.5365	-418.4309	7.894392	0.916427	0.00285204	0.00164212	0.0790793	0.1876992	1.767809	0.4062148	8.105051
150	-403.7967	-416.4824	12.68569	0.847721	0.00719132	0.00190453	0.143183	0.3076111	0.9872642	0.6467578	0.6800882
156	-405.3915	-417.8055	12.41406	0.828299	0.00609324	0.00161371	0.163994	0.3076111	1.442962	0.8809033	0.2051854
162	-401.5867	-412.7472	11.16054	0.827028	0.00761863	0.00161124	0.163742	0.221119	1.495541	0.775421	0.0376149
168	-408.9401	-420.5243	11.58423	0.824931	0.0101353	0.00160715	0.163327	0.221119	1.819376	0.5678514	0.9741179
174	-417.5153	-424.719	7.203718	0.843712	0.00983794	0.00752104	0.138929	0.2502289	2.025909	1.178795	8.053029
180	-409.2415	-420.7893	11.5478	0.83863	0.00989926	0.00810985	0.143361	0.5061299	1.548786	1.115686	0.7002182
186	-411.5902	-423.4648	11.87463	0.935424	0.0131513	0.00348772	0.0479367	0.6161095	1.611523	0.9765502	0.1970207
192	-412.3699	-425.0266	12.6567	0.154538	0.654246	0.0218748	0.169341	0.1375527	1.198428	0.741897	0.221422
198	-416.821	-428.1805	11.35953	0.367795	0.423504	0.0133164	0.195384	0.08637033	1.542302	0.7230385	0.9991003
204	-412.5079	-423.9262	11.41836	0.934677	0.0100103	0.0121961	0.0431164	0.4197323	0.8521106	1.524886	1.093156
210	-415.5888	-426.8259	11.23706	0.804169	0.0497407	0.0572338	0.0888564	0.3904121	1.494313	0.8767875	1.424063
216	-419.3837	-427.7256	8.341913	0.806755	0.0229465	0.0402015	0.130097	0.4711589	1.225239	1.09135	6.891468
222	-413.1748	-425.7215	12.54667	0.828022	0.0278863	0.0488558	0.0952354	0.4284424	0.498233	1.178889	0.7519677
228	-412.9075	-425.4329	12.52543	0.729132	0.0574553	0.0210937	0.192319	0.4284424	0.555234	1.147531	0.7519677
234	-408.1055	-420.3043	12.19882	0.819185	0.121544	0.0261838	0.0330877	0.5067425	0.9168549	1.349509	0.4055448
240	-406.1273	-418.0938	11.96646	0.907322	0.0328972	0.029608	0.0301731	0.4329781	1.235915	1.072153	0.7112956
246	-408.4368	-420.7986	12.36177	0.859628	0.0232274	0.0173825	0.0997618	0.4329781	0.5450768	1.258622	0.7899068
252	-409.3967	-420.2828	10.88615	0.16942	0.552062	0.0952681	0.18325	0.04455343	0.6425624	1.714534	0.1058621
258	-413.5345	-424.4993	10.96483	0.122637	0.500099	0.100151	0.277113	0.05982909	0.8501043	1.844617	0.136207
264	-412.7922	-424.7546	11.96238	0.754883	0.0203972	0.0381401	0.18658	0.4543379	0.379165	1.801771	0.6176515
270	-410.7775	-422.3537	11.57629	0.800156	0.0360726	0.0404275	0.123343	0.5440211	0.8186992	1.625006	0.7196125
276	-411.3933	-422.1197	10.72644	0.814849	0.0562301	0.0101419	0.118779	0.4582998	0.6856259	1.914817	1.38348
282	-425.1656	-433.4582	8.292604	0.728931	0.0161577	0.0249035	0.230008	0.5015896	1.497744	0.3937621	7.250282
288	-417.1221	-427.7104	10.58823	0.913269	0.0377612	0.00428938	0.0446805	0.4551327	1.544528	0.4759749	2.367261
294	-410.288	-422.5428	12.25479	0.808394	0.0747459	0.000435842	0.116424	0.341194	1.303241	1.169265	0.2359578
300	-411.066	-421.5287	10.4627	0.8097	0.021368	0.00100677	0.167925	0.286306	1.514759	0.6503459	2.731689
306	-410.4973	-421.5786	11.08134	0.791862	0.0225825	0.0013323	0.184224	0.286306	1.514759	0.6503459	1.849798
312	-410.664	-419.7329	9.068965	0.919541	0.0334846	0.000445906	0.0465282	0.2262474	1.514759	0.519159	5.614033
318	-405.0578	-416.0618	11.00395	0.870678	0.030774	2.69832e-05	0.0985206	0.2141928	1.514759	0.4736465	1.993867
324	-406.735	-417.0486	10.31354	0.868907	0.0688222	1.97544e-05	0.0622509	0.344909	1.791484	0.3876462	2.501062
330	-407.144	-417.5826	10.43863	0.881136	0.0556387	9.80495e-05	0.063127	0.3047447	1.789373	0.5441996	2.391093
336	-411.1184	-423.719	12.60067	0.906057	0.0343753	0.000126202	0.0594411	0.3423307	1.134696	1.001144	0.2252382
342	-407.803	-419.8118	12.00884	0.751108	0.0847475	0.000210156	0.163935	0.3626776	1.116941	1.001144	0.9108744
348	-409.3041	-420.3723	11.06821	0.804473	0.106456	0.0019867	0.0870841	0.4860595	1.309675	0.8874922	1.728576
354	-412.2754	-422.7294	10.45398	0.74737	0.160418	0.00211311	0.0900991	0.3513627	1.16136	0.608242	3.309644
360	-414.2744	-425.3306	11.05621	0.831653	0.0207012	0.00172659	0.145919	0.2915194	1.375064	1.151481	0.0415621
366	-412.7326	-424.4103	11.67765	0.83699	0.0129244	0.00323016	0.146856	0.2915194	2.016395	1.070973	0.2493835
372	-410.628	-422.507	11.879	0.834645	0.0146471	0.00426382	0.146444	0.2096638	2.054457	0.7421779	0.3610789
378	-409.5593	-421.3377	11.77835	0.857527	0.02265	0.00353285	0.116291	0.3496284	1.985693	0.7439599	0.1223129
384	-407.1949	-419.0391	11.84421	0.931738	0.0246101	0.00212702	0.0415244	0.2522076	1.780732	1.040237	0.4357312
390	-409.2464	-419.9179	10.67149	0.936693	0.00430999	0.00238582	0.0566111	0.2208348	1.812276	1.893047	0.4657776
396	-414.513	-425.2884	10.77538	0.93306	0.00837964	0.00216939	0.0563915	0.3200717	1.201343	1.794389	1.084362
402	-416.3098	-427.3738	11.06405	0.788094	0.0309881	0.00397588	0.176942	0.3236489	1.599446	0.9531229	1.476256
408	-412.051	-424.0754	12.02441	0.871019	0.0387902	0.0141669	0.0760242	0.3760719	1.49316	1.156093	0.1868426
414	-412.9741	-425.188	12.21386	0.829162	0.0409056	0.00871987	0.121212	0.3602343	1.45435	1.044447	0.2052457
420	-414.9803	-424.997	10.01673	0.8086	0.0259157	0.0427116	0.122773	0.3229921	1.842072	0.3482459	2.862596
426	-412.5538	-423.7685	11.21472	0.846972	0.0457488	0.0276887	0.07959	0.393642	1.374156	1.022682	1.426303
432	-414.6263	-426.775	12.14874	0.592706	0.226564	0.0740303	0.106699	0.4059436	0.6808766	1.263035	0.8819358
438	-412.8434	-425.0477	12.20435	0.696356	0.224528	0.056369	0.0227468	0.3261952	0.9457449	1.44603	0.3994913
444	-425.4797	-436.0215	10.54177	0.485202	0.299926	0.0477625	0.167109	0.7323684	1.137971	1.051293	2.097019
450	-416.6276	-427.4171	10.7895	0.76809	0.0688199	0.0118524	0.151237	0.4177899	1.690644	1.850606	0.4431857
456	-412.8355	-424.3981	11.5626	0.830094	0.0490094	0.0131945	0.107702	0.3673263	0.9693822	1.667793	0.6885013
462	-408.7768	-420.9868	12.21	0.921161	0.01754	0.0047222	0.0565768	0.2912715	1.114494	1.073176	0.6885013
468	-408.1625	-420.1861	12.02358	0.943831	0.02989	0.00278123	0.0234975	0.1956067	1.663046	0.4501322	0.6885013
474	-420.1025	-432.886	12.78353	0.707816	0.171099	0.0161665	0.104918	0.4987034	0.8474627	0.8634698	0.1483888
480	-416.8641	-427.4771	10.61296	0.1507	0.402488	0.0849424	0.361869	0.04873401	1.291794	1.698799	0.3306722
486	-415.5668	-425.9694	10.40255	0.407986	0.467794	0.046931	0.0772895	0.04873401	1.297907	1.356038	1.001488
492	-413.5105	-424.4776	10.96716	0.782703	0.17124	0.0245337	0.0215236	0.4426332	1.158862	1.293275	1.557422
498	-412.9722	-424.0532	11.081	0.828142	0.0936167	0.0489297	0.0293119	0.4552687	1.162696	1.433799	1.213156
504	-410.1153	-422.5123	12.39701	0.882918	0.0334355	0.0217983	0.0618485	0.4552687	0.6214319	1.211501	0.717678
510	-413.8221	-425.4358	11.61366	0.465951	0.176397	0.0409831	0.316669	0.06202083	0.2328402	1.8093	0.121225
516	-418.0267	-430.5425	12.51576	0.161097	0.178638	0.0486916	0.611573	0.08040954	0.06272767	1.572924	0.186205
522	-406.591	-418.6136	12.02262	0.89885	0.0172402	0.000869028	0.0830407	0.2632207	1.401053	1.060643	0.6139851
528	-405.6818	-417.909	12.22723	0.89166	0.0220379	0.000862077	0.0854402	0.2504358	1.330112	1.061724	0.4832205
534	-406.2709	-418.215	11.94404	0.950237	0.0234856	0.00091871	0.0253585	0.2276352	1.548025	0.8585915	0.7288225
540	-409.7048	-421.9244	12.21956	0.887965	0.0502496	0.00212684	0.0596589	0.3330433	1.733323	0.7304331	0.2001456
546	-407.6371	-419.499	11.86188	0.96296	0.0164475	0.00085552	0.0197366	0.2909281	1.915874	0.6428785	0.5890825
552	-405.4337	-416.9672	11.53352	0.848349	0.0441164	0.000632772	0.106902	0.2909281	1.904989	0.3706564	0.9064517
558	-409.0158	-420.316	11.3002	0.823573	0.0878419	0.000400515	0.0881846	0.2909281	2.065675	0.298175	0.9064517
564	-405.5778	-416.6634	11.08565	0.916131	0.0232265	0.000274178	0.0603679	0.2807606	1.867665	0.4076099	1.442363
570	-415.6386	-423.106	7.467316	0.181463	0.808068	0.00343678	0.00703228	0.04997545	1.476243	0.4517165	7.535963
576	-414.9159	-427.7699	12.85403	0.167203	0.817862	0.0142138	0.000720769	0.1421033	1.032083	0.5870172	0.3834011
582	-414.2954	-425.113	10.81759	0.119529	0.852133	0.0257022	0.00263628	0.06700524	1.344008	0.4204664	1.638865
588	-416.484	-428.2399	11.75589	0.394491	0.494327	0.0851356	0.0260471	0.1788651	1.557927	0.4204664	1.022058
594	-408.6435	-420.9633	12.31979	0.925292	0.0139992	0.00135331	0.0593554	0.2161803	1.661602	0.722425	0.2043478
600	-407.5656	-420.0325	12.46689	0.901013	0.0176579	0.0013178	0.0800112	0.2645553	1.297081	0.8608614	0.1354199
606	-407.8618	-420.5012	12.63934	0.874478	0.0579369	0.00127899	0.0663066	0.2509683	0.9373912	0.6986909	0.7597493
612	-408.2943	-420.1506	11.85628	0.886034	0.0835325	0.00168312	0.0287505	0.2910937	1.118812	0.75613	1.325572
618	-407.2835	-419.8923	12.60874	0.918215	0.0457544	0.00623567	0.0297947	0.2910937	1.380403	0.7062795	0.314658
624	-403.5555	-415.8375	12.28194	0.932919	0.0148813	0.00633552	0.0458646	0.3330713	1.377907	0.7442815	0.6277608
630	-408.9882	-421.1773	12.18909	0.883924	0.037408	0.0095479	0.06912	0.255908	1.54318	0.6689269	0.6277608
636	-407.1768	-419.3757	12.19887	0.848159	0.0412868	0.00348065	0.107074	0.2423956	1.263443	0.8927092	0.7322213
642	-407.4908	-418.5876	11.09679	0.809569	0.0394083	0.00332228	0.147701	0.4589893	1.804651	1.206555	0.8311159
648	-414.8485	-426.3416	11.49305	0.795357	0.0868091	0.00259218	0.115242	0.422186	1.13791	1.450973	0.8311159
654	-417.8569	-428.6648	10.80789	0.850885	0.0928697	0.00133284	0.0549128	0.5423702	0.9848948	1.846159	0.9993688
660	-425.4045	-435.889	10.48455	0.865624	0.0887547	0.0291516	0.0164698	1.982868	1.158648	0.6060712	1.189831
666	-431.0701	-442.5346	11.46448	0.662299	0.216059	0.0745408	0.0471006	1.810071	0.9638793	0.6221345	0.5455028
672	-420.6581	-428.9514	8.293256	0.826031	0.0503726	0.0136243	0.109972	0.4415366	2.177804	0.1545922	4.499373
678	-415.1551	-427.3984	12.24331	0.893447	0.0544837	0.0147362	0.037333	0.2858457	1.697764	0.2910194	0.3015967
684	-424.8962	-434.9797	10.08355	0.845085	0.0540671	0.0249199	0.0759278	0.3739039	2.091135	0.2260229	2.063436
690	-413.8138	-426.1236	12.30979	0.879917	0.0184143	0.0815639	0.0201044	0.398277	1.011527	0.7972559	0.8686074
696	-418.0714	-429.6595	11.58801	0.879917	0.0184143	0.0815639	0.0201044	0.5244249	0.8963187	0.7699329	1.665057
702	-415.1777	-426.4685	11.29079	0.883774	0.0566931	0.0185208	0.0410117	0.4484863	1.516707	0.8406169	1.315813
708	-411.5926	-422.4576	10.86498	0.923114	0.019991	0.0215937	0.035301	0.5280832	2.004979	0.4041644	1.315813
714	-413.0371	-423.2941	10.25703	0.855914	0.0476911	0.0055113	0.0908836	0.2805318	2.033134	0.4184099	2.297746
720	-418.6784	-426.9465	8.268063	0.911138	0.0231636	0.00662344	0.0590752	0.2805318	2.400332	0.3984963	5.348661
726	-415.1076	-423.3549	8.247272	0.873147	0.015101	0.00634726	0.105405	0.5027112	1.995886	0.3984963	5.990971
732	-410.12	-418.432	8.311992	0.842254	0.0780783	0.00443561	0.0752316	0.3071551	1.995886	0.2944328	5.990971
738	-422.4301	-432.0221	9.592015	0.333199	0.417453	0.0501895	0.199159	0.1593782	1.930074	0.2725367	3.18162
744	-415.0118	-425.7739	10.7621	0.36975	0.62094	0.00357478	0.00573553	0.07877265	1.930074	0.3131118	1.119327
750	-426.3061	-435.2893	8.983283	0.482329	0.346625	0.0237898	0.147257	0.1369892	0.6065672	1.338315	6.05658
756	-421.4186	-433.2212	11.80253	0.469136	0.447049	0.00264241	0.0811732	0.07708706	1.167479	1.025257	0.5993028
762	-414.9347	-426.0753	11.14057	0.319484	0.489105	0.138113	0.0532984	0.0642862	0.9354172	1.378571	0.9002649
768	-418.0379	-427.4963	9.4584	0.424281	0.470669	0.0708375	0.0342121	0.0646227	0.6545844	1.860826	2.473178
774	-412.5389	-422.9458	10.40696	0.353689	0.517228	0.0704155	0.0586682	0.04511603	0.9734662	1.817345	0.6134331
780	-410.7459	-421.8607	11.11479	0.700728	0.246385	0.0438637	0.00902342	0.05473794	1.230173	1.319841	0.55382
786	-412.4001	-423.367	10.96685	0.358403	0.530734	0.0721561	0.0387073	0.05473794	1.871599	1.076872	0.205678
792	-408.4238	-418.5074	10.08366	0.805287	0.14197	0.0210728	0.0316704	0.02872022	1.9074	0.4919476	0.7053158
798	-409.5832	-420.9023	11.31906	0.798671	0.157411	0.0208997	0.0230186	0.04603804	1.493405	0.6446378	0.5188229
804	-405.7109	-415.7512	10.04027	0.798671	0.157411	0.0208997	0.0230186	0.0223027	1.506581	0.8858493	0.5375363
810	-409.8652	-419.6078	9.742645	0.565868	0.343164	0.0457243	0.0452439	0.02654473	1.506581	1.508311	0.1534324
816	-408.5064	-419.9666	11.46027	0.672567	0.270315	0.0148795	0.0422387	0.05521871	1.336032	1.135822	0.2701813
822	-405.5878	-416.9555	11.36764	0.719464	0.247309	0.0136132	0.0196144	0.04658638	1.539291	0.735859	0.3776662
828	-408.1568	-420.031	11.87413	0.573648	0.372461	0.0265937	0.0272979	0.07024022	1.356197	0.8889737	0.3776662
834	-405.4655	-416.35	10.88451	0.694143	0.191964	0.0432875	0.0706056	0.03135451	1.394583	0.9038245	0.3119649
840	-409.3188	-420.9952	11.67634	0.230531	0.279659	0.0273644	0.462445	0.07469766	1.378705	0.9178944	0.1069775
846	-408.0626	-419.3884	11.32585	0.162683	0.0616954	0.00864877	0.766973	0.03576847	0.9154252	0.9942043	0.1289896
852	-409.6793	-421.4819	11.80264	0.487936	0.159511	0.0301519	0.322401	0.06615401	1.172901	1.122824	0.3249598
858	-410.1519	-422.2321	12.08021	0.526773	0.178156	0.0336763	0.261395	0.05820498	0.7112036	1.122824	0.1581157
864	-413.4986	-423.5286	10.03	0.395537	0.208453	0.0499799	0.34603	0.04896411	0.971198	1.678141	1.286865
870	-408.265	-420.1724	11.90741	0.440967	0.229626	0.00929414	0.320113	0.07454996	1.213583	1.106061	0.2183483
876	-408.315	-418.4118	10.09679	0.397813	0.49874	0.0861634	0.0172835	0.03105057	1.410221	0.9307021	1.060104
882	-406.826	-417.5129	10.68694	0.460259	0.481991	0.0451438	0.0126063	0.02727298	1.175769	1.064749	0.3749608
888	-406.0894	-416.2858	10.1964	0.708711	0.230543	0.0476454	0.0131006	0.02727298	1.303998	1.29887	0.4792638
894	-416.2045	-427.2448	11.04028	0.899221	0.0596292	0.0208236	0.0203263	0.3927672	2.153924	0.3626306	1.080361
900	-411.9261	-424.6446	12.71845	0.847696	0.104708	0.0196304	0.0279661	0.4109595	1.209256	0.7004164	0.228298
906	-418.879	-431.4882	12.60922	0.765423	0.179621	0.0239015	0.0310541	0.3996118	1.268942	0.3903729	0.1494706
912	-412.1058	-425.0339	12.92814	0.162916	0.57386	0.077494	0.18573	0.09682546	0.2501497	1.23526	0.217551
918	-409.9299	-422.3408	12.41092	0.137571	0.502298	0.106024	0.254107	0.06193332	0.4565621	1.171278	0.2099973
924	-409.6585	-421.8266	12.16808	0.0768543	0.68976	0.0592306	0.174155	0.05390186	0.799494	0.6352201	0.1145936
930	-409.3114	-420.6686	11.35722	0.124441	0.347495	0.0222952	0.505768	0.04694998	1.651504	0.5699348	0.1776167
936	-415.0186	-424.8627	9.844095	0.139495	0.452136	0.147681	0.260689	0.02250892	1.757869	0.7344154	0.6109836
942	-408.5829	-418.0394	9.45647	0.190831	0.676448	0.0906898	0.0420311	0.02371734	1.731497	1.196754	0.09367872
948	-414.9915	-424.1073	9.115896	0.622116	0.27202	0.0723381	0.0335258	0.02315794	1.448367	1.47618	0.8983647
954	-409.0205	-419.6387	10.6182	0.96761	0.0287676	0.00154339	0.0020791	0.03426761	1.801034	0.7287749	0.4711076
960	-407.2046	-417.927	10.72247	0.848184	0.135446	0.00946046	0.00690986	0.03284771	1.801034	0.3956094	0.3386046
966	-410.3598	-421.0665	10.70662	0.641402	0.260833	0.0202248	0.07754	0.0428327	1.978029	0.4049654	0.5690814
972	-411.1137	-421.2932	10.17957	0.871944	0.0720162	0.0149009	0.0411387	0.03219124	1.035215	0.9911556	1.367052
978	-416.4575	-428.4155	11.95795	0.528815	0.379737	0.0190635	0.0723843	0.0900691	1.077753	1.050719	0.6301683
984	-410.2527	-420.644	10.39134	0.608828	0.235348	0.0118149	0.144009	0.0336291	1.53074	0.4687606	1.001177
990	-412.6062	-423.0728	10.46656	0.36237	0.618917	0.00560099	0.0131122	0.07635556	1.568359	0.4687606	1.964282
996	-409.0373	-420.7228	11.68556	0.478266	0.487528	0.00756752	0.0266382	0.05105983	1.276757	0.714723	0.4542527
1002	-408.6626	-420.4495	11.78685	0.144779	0.669965	0.0740153	0.11124	0.05526725	1.22673	0.9270027	0.2532059
1008	-410.861	-421.4654	10.60442	0.45595	0.413501	0.0564989	0.07405	0.0474311	1.222142	1.542874	0.6138767
1014	-410.6207	-420.4291	9.808418	0.719078	0.213513	0.0291734	0.0382359	0.02312279	1.238376	1.062635	0.9112673
1020	-414.1045	-423.577	9.472555	0.736748	0.223889	0.00920687	0.0301559	0.04372455	1.25057	1.253702	2.141769
1026	-412.4292	-424.2956	11.86648	0.789108	0.14577	0.015232	0.0498904	0.1029739	0.6735335	1.180723	1.061476
1032	-417.473	-429.7577	12.28471	0.358072	0.596313	0.0086297	0.0369846	0.112409	0.8302618	1.180723	0.5580314
1038	-415.1371	-425.4536	10.31653	0.251018	0.490867	0.0508241	0.20729	0.04806928	0.8540547	1.611708	1.180955
1044	-409.2638	-419.8676	10.60377	0.589016	0.26483	0.0274204	0.118733	0.05612277	0.7564417	1.611708	1.167723
1050	-411.013	-421.3018	10.28878	0.648294	0.243332	0.03018	0.0781934	0.04544923	1.021694	1.488489	1.137678
1056	-412.3395	-423.1635	10.82393	0.796597	0.114915	0.0238097	0.0646782	0.04968117	0.2485349	1.860927	0.9591885
1062	-421.4407	-429.6394	8.198736	0.413899	0.365315	0.0681925	0.152594	0.08946644	0.6339307	2.151893	4.509488
1068	-419.7976	-428.5237	8.726113	0.534396	0.341445	0.0581958	0.0659636	0.1050608	0.1434403	2.649342	3.134288
1074	-411.7551	-423.5512	11.79604	0.0764551	0.6551	0.171494	0.0969511	0.04738157	1.023368	0.7567097	0.1309991
1080	-410.0509	-421.1301	11.07926	0.214043	0.553515	0.060296	0.172146	0.04738157	0.5645526	1.445519	0.06949619
1086	-412.7732	-423.2943	10.52111	0.149403	0.634323	0.129213	0.0870615	0.04198659	0.8856871	1.851371	0.4479656
1092	-409.2614	-420.7565	11.49508	0.0897832	0.740937	0.10009	0.0691893	0.05676981	0.1806296	1.933889	0.15338
1098	-410.5627	-422.5424	11.97971	0.425654	0.492797	0.0488363	0.0327123	0.05956403	0.3014744	1.544098	0.15338
1104	-410.7671	-422.0085	11.2414	0.0632317	0.608078	0.117807	0.210883	0.0451692	0.754729	1.46154	0.1274606
1110	-411.4596	-423.1424	11.68277	0.0206549	0.753982	0.132572	0.0927915	0.0451692	0.5030559	1.313175	0.1274606
1116	-414.8475	-426.3241	11.47664	0.00780622	0.915418	0.0650534	0.0117225	0.0398677	1.095131	0.9523343	0.1978666
1122	-414.6711	-425.4737	10.80252	0.0105559	0.646788	0.146619	0.196037	0.02897056	1.346116	0.9204766	0.2119237
1128	-418.3348	-427.6714	9.336583	0.0069654	0.814979	0.0745224	0.103534	0.02118096	1.180131	1.438691	0.8400241
1134	-407.2331	-418.5991	11.36604	0.864628	0.0109528	0.0132556	0.111164	0.3198888	1.440917	1.25931	0.9694283
1140	-413.2907	-425.9636	12.67294	0.935175	0.0118465	0.0453637	0.00761519	0.315023	1.061102	0.9676196	0.3710985
1146	-418.3107	-430.4835	12.17284	0.979114	0.00415372	0.00875886	0.007973	0.4069018	1.683872	0.4945171	0.4700191
1152	-412.9931	-423.4764	10.48336	0.794054	0.123399	0.0216093	0.0609382	0.3343674	0.8263261	1.275203	2.840643
1158	-416.1602	-427.4198	11.25966	0.622395	0.197377	0.0501599	0.130069	0.6944977	0.7395731	1.275203	1.431162
1164	-417.3249	-428.539	11.2141	0.322355	0.332133	0.105027	0.240486	0.05039707	1.819827	0.3594003	0.3816738
1170	-416.6017	-429.1518	12.55013	0.822982	0.0710049	0.0169855	0.0890277	0.3021392	1.507035	0.5828189	0.2425199
1176	-417.5793	-427.4531	9.873856	0.850873	0.0238334	0.0200747	0.105219	0.3021392	1.910145	0.668726	3.022402
1182	-415.3874	-424.3885	9.001101	0.727763	0.164141	0.0555143	0.0525818	0.3826292	1.628881	0.4601631	5.347513
1188	-415.6439	-427.0302	11.38633	0.72519	0.191927	0.0214	0.061483	1.053362	1.237843	0.6663872	0.9794169
1194	-410.7725	-421.844	11.07146	0.729549	0.16249	0.0303859	0.0775753	0.6306887	1.172968	0.9381117	1.653593
1200	-414.198	-421.93	7.732028	0.694344	0.204428	0.0614499	0.039778	0.4803208	1.004061	0.9775158	9.986802
1206	-409.3497	-418.7972	9.447477	0.801859	0.149897	0.0104149	0.0378291	0.3099629	1.702664	0.4585339	4.285673
1212	-416.3165	-424.6977	8.381143	0.797228	0.153401	0.0106583	0.0387133	0.4883584	2.023331	0.4450147	5.659145
1218	-413.2219	-422.6513	9.429329	0.779178	0.103491	0.0113254	0.106005	0.2296618	1.74674	0.4285012	4.242435
1224	-413.6621	-425.9382	12.2761	0.572757	0.277931	0.0193447	0.129968	0.1809207	1.74674	0.4351422	0.2989093
1230	-412.6008	-424.8611	12.26032	0.286612	0.340838	0.0771019	0.295448	0.1274398	1.633541	0.4214164	0.218844
1236	-412.329	-424.4716	12.14252	0.106273	0.536733	0.0717166	0.285277	0.08093527	1.453168	0.5824185	0.2930089
1242	-412.1421	-424.2136	12.07154	0.173932	0.624668	0.117375	0.0840249	0.05988664	0.79092	1.151192	0.2232275
1248	-411.1652	-423.0861	11.92093	0.339694	0.452065	0.0552206	0.153021	0.05096483	1.02729	0.5529451	0.118456
1254	-410.849	-422.2342	11.38521	0.60595	0.197334	0.0241048	0.172612	0.03287629	0.8103023	0.8012198	0.5827906
1260	-410.5826	-421.0133	10.43073	0.454631	0.317916	0.0313983	0.196055	0.03464477	1.457123	1.19656	0.1095885
1266	-412.5918	-423.2483	10.65647	0.393827	0.250958	0.0942166	0.260998	0.02299946	1.3101	0.6487952	0.2846827
1272	-408.2405	-418.9836	10.74305	0.118833	0.496666	0.0703218	0.314179	0.02395083	1.214791	0.7802141	0.2846827
1278	-416.2279	-426.7815	10.55367	0.036899	0.772477	0.0396236	0.151001	0.03289875	0.9674955	1.610479	0.2988452
1284	-408.1042	-419.2045	11.10037	0.0332914	0.700172	0.101031	0.165505	0.03613525	0.6028987	1.484824	0.1369711
1290	-414.0438	-425.2703	11.22652	0.0562869	0.571396	0.155914	0.216403	0.0502593	1.272273	1.271152	0.1846003
1296	-415.3104	-427.4198	12.10934	0.597399	0.300103	0.0406352	0.0618632	0.08030182	1.480394	0.5924811	0.2238712
1302	-413.9137	-425.5368	11.62319	0.489505	0.415686	0.0180504	0.0767589	0.05504815	1.167082	1.138961	0.26483
1308	-412.1331	-422.7796	10.64649	0.0580955	0.739376	0.132704	0.0698251	0.041963	0.513095	1.924297	0.1078258
1314	-411.1539	-422.5455	11.39166	0.489746	0.283135	0.0578719	0.169248	0.05683008	0.3769793	1.415165	1.032072
1320	-413.1872	-425.4305	12.24333	0.388578	0.517849	0.0446684	0.0489046	0.1027044	0.3547909	1.495887	0.6225283
1326	-410.4374	-422.2514	11.814	0.341574	0.496839	0.131934	0.0296532	0.04711877	0.7603965	1.110395	0.3886403
1332	-415.4305	-424.6936	9.263089	0.389744	0.562389	0.0427747	0.0050926	0.04462492	0.8172349	1.355997	2.963817
1338	-415.8192	-428.3038	12.48465	0.243101	0.682045	0.0539961	0.0208585	0.2384966	1.053855	0.9738302	0.5883904
1344	-412.8941	-424.453	11.5589	0.0861793	0.552739	0.0445335	0.316549	0.08080772	1.996201	0.3469729	0.2409199
1350	-413.974	-425.8228	11.84877	0.103464	0.672252	0.074775	0.149509	0.1572987	1.996201	0.2697627	0.2635712
1356	-410.6129	-421.9569	11.34406	0.0392639	0.856684	0.0279446	0.0761074	0.06389807	1.876187	0.2697627	0.3272936
1362	-410.1681	-420.8455	10.67737	0.0680285	0.617178	0.0484167	0.266377	0.02902985	1.277968	0.4499635	0.08435459
1368	-409.514	-420.8109	11.29689	0.214748	0.25742	0.0201942	0.507638	0.05538457	1.774554	0.3593547	0.1375026
1374	-415.8766	-428.1912	12.31457	0.19854	0.326805	0.042719	0.431936	0.08650221	1.331414	0.4399736	0.2043967
1380	-413.6389	-425.4991	11.86017	0.755732	0.0656904	0.0256539	0.152924	0.4689103	1.857528	0.2415482	0.3047111
1386	-409.4757	-420.6365	11.16077	0.965528	0.0164507	0.00587992	0.0121416	0.346177	1.83471	0.2418036	1.15286
1392	-413.5068	-424.9872	11.48036	0.353717	0.402916	0.0549255	0.188442	0.08585568	1.410143	0.5603518	1.077094
1398	-413.4962	-426.1121	12.61593	0.131794	0.743909	0.0774594	0.0468384	0.199224	1.101289	0.7581459	0.5727008
1404	-411.3954	-423.383	11.9876	0.795099	0.126802	0.0136783	0.064421	0.3579615	2.022373	0.4078147	0.2174492
1410	-408.919	-418.9828	10.06379	0.848319	0.0466561	0.0259053	0.0791193	0.3254478	1.786856	0.2721822	2.722429
1416	-415.3891	-424.1716	8.782537	0.830195	0.0241814	0.0253916	0.120232	0.288645	1.786856	0.2623361	5.230504
1422	-413.1916	-424.8005	11.60886	0.83386	0.0580591	0.0425309	0.0655496	0.4013836	2.242053	0.3177351	0.3820517
1428	-407.86	-419.7802	11.92016	0.720027	0.164231	0.00705852	0.108683	0.3476069	1.90977	0.3177351	0.4531072
1434	-412.4926	-423.7303	11.23776	0.754938	0.110167	0.00676441	0.128131	1.037411	0.6383165	1.484645	0.9088686
1440	-415.8194	-426.3233	10.5039	0.79438	0.0879079	0.0950186	0.0226938	0.7452475	1.612999	0.6623835	1.917158
1446	-414.2312	-426.1678	11.93663	0.794748	0.0879487	0.0170531	0.10025	0.4651252	1.773738	0.5867436	0.5496845
1452	-411.2797	-423.5952	12.31552	0.88892	0.04254	0.0147883	0.0537515	0.3280319	1.522156	0.7722844	0.4354833
1458	-409.7524	-422.608	12.85558	0.890108	0.0363477	0.0193077	0.0542368	0.4146585	0.8630901	0.792052	0.4775599
1464	-410.1917	-421.5952	11.40345	0.827882	0.0266582	0.0122495	0.13321	0.3545423	1.290232	0.9396392	1.433775
1470	-412.035	-423.4529	11.41791	0.705398	0.0481406	0.0135659	0.232896	0.3692242	1.027706	1.235928	1.342792
1476	-412.5189	-423.3097	10.79077	0.6668	0.152558	0.0120019	0.16864	0.05347726	1.248286	0.6536426	1.477132
1482	-413.7512	-424.0116	10.2604	0.761305	0.0287967	0.00503348	0.204865	0.07220797	1.057682	1.135758	2.26351
1488	-413.4576	-423.5801	10.12251	0.447686	0.154564	0.0132317	0.384518	0.07668334	1.360265	0.6742806	2.696788
1494	-419.9657	-429.2976	9.331958	0.592555	0.266951	0.0175134	0.122981	0.03337353	1.5016	0.567387	2.282861
1500	-414.7163	-425.573	10.8567	0.41466	0.361981	0.0337457	0.189613	0.04651941	1.029188	0.8389989	1.329224
1506	-417.6069	-426.4202	8.813234	0.5189	0.221388	0.0235124	0.236199	0.06917353	1.196237	0.8389989	5.164858
1512	-417.2592	-429.0757	11.81646	0.769416	0.117431	0.00918782	0.103965	0.08817335	0.5703583	0.8929617	1.426794
1518	-414.6705	-424.7746	10.10408	0.780033	0.0573866	0.00151244	0.161068	0.09159571	0.8653382	1.622857	2.159507
1524	-416.067	-426.3951	10.32814	0.634057	0.28612	0.00788749	0.0719358	0.06829155	1.213476	1.456925	1.414444
1530	-415.135	-426.367	11.23196	0.540299	0.184009	0.0050726	0.270619	0.2264523	1.001842	0.6118788	2.369761
1536	-415.6341	-426.7564	11.12233	0.923159	0.0324047	0.00288768	0.0415487	0.2042227	1.761875	0.4073479	1.508714
1542	-408.2685	-419.5496	11.28111	0.928593	0.0253477	0.00234562	0.0437141	0.3439604	1.423999	0.4073479	1.699063
1548	-409.9048	-421.7391	11.83435	0.899558	0.0356541	0.00329935	0.0614883	0.3439604	2.088545	0.2906456	0.2496704
1554	-412.4341	-423.9997	11.56557	0.842072	0.106389	0.0108243	0.0407146	0.2874258	2.087232	0.1891264	0.3934306
1560	-407.9361	-419.894	11.95781	0.899768	0.0676369	0.0133463	0.019249	0.3004975	2.087232	0.4005547	0.2747219
1566	-409.8827	-421.0011	11.11839	0.810976	0.117912	0.0336175	0.0374941	0.4492276	1.530396	0.4205083	1.669033
1572	-407.2176	-419.6207	12.40319	0.866279	0.0616995	0.027889	0.0441329	0.5039693	1.479306	0.4205083	0.2984018
1578	-408.141	-420.1891	12.04806	0.862206	0.0551957	0.0698904	0.0127075	0.4517982	1.715187	0.34346	0.4602301
1584	-412.1528	-424.1152	11.96232	0.829935	0.0856607	0.0737481	0.0106563	0.4547598	1.891367	0.692809	0.3535462
1590	-410.5601	-422.7934	12.23327	0.815541	0.0447173	0.0724691	0.0672728	0.484957	1.249235	1.113001	0.313861
1596	-418.7873	-430.0231	11.23571	0.795829	0.13725	0.0491583	0.0177622	0.4748587	1.814905	0.4458016	1.194175
1602	-412.2814	-423.3712	11.08987	0.827013	0.115388	0.016766	0.0408328	0.4918436	1.87225	0.4837297	1.277387
1608	-414.1852	-426.337	12.15184	0.805986	0.0819669	0.0163495	0.0956979	0.4918436	1.012859	1.171951	0.5892239
1614	-417.5637	-429.9965	12.43273	0.788833	0.110775	0.0103342	0.0900571	0.3623946	0.5303423	1.006028	1.068472
1620	-413.0924	-425.8027	12.71034	0.754075	0.131798	0.012589	0.101538	0.3936048	0.4140957	1.073699	0.8162414
1626	-415.7776	-428.1225	12.34495	0.658976	0.115176	0.0186328	0.207215	0.3265557	0.9820128	0.9181684	0.8162414
1632	-414.2033	-426.2557	12.05238	0.70558	0.18247	0.0419165	0.0700335	0.5950186	0.3785141	1.396406	0.9275828
1638	-413.075	-424.9555	11.88049	0.793274	0.054988	0.101462	0.0502765	0.6422905	0.1819295	1.396406	1.254693
1644	-416.1917	-426.8873	10.69568	0.879453	0.0205227	0.08126	0.0187642	0.7188207	0.4315588	1.957366	1.330887
1650	-412.1924	-423.4114	11.21896	0.85969	0.00985794	0.00017584	0.130276	0.2793874	1.990968	0.2730935	1.0273
1656	-418.8793	-428.5584	9.679105	0.755027	0.0231972	0.000413778	0.221362	0.4021269	2.139941	0.2606712	2.653073
1662	-424.5052	-434.064	9.558861	0.883409	0.0414765	0.0472507	0.027864	0.5368879	0.6771418	1.877516	2.966767
1668	-423.3876	-433.827	10.43943	0.861453	0.0107676	0.0810472	0.0467324	0.5368879	0.7332668	2.088119	1.274975
1674	-417.4404	-426.6423	9.201903	0.90959	0.0151752	0.0258906	0.0493438	0.5368879	0.9820666	1.514639	3.992811
1680	-411.9946	-424.2219	12.22737	0.85117	0.024981	0.0426204	0.0812286	0.3198655	1.178845	0.885722	0.7718296
1686	-411.2191	-421.8898	10.67071	0.843776	0.0316364	0.0440651	0.0805229	0.5321366	1.478666	0.8412207	2.013225
1692	-411.2733	-422.0515	10.77819	0.767038	0.0327315	0.0393908	0.16084	0.4697061	1.493666	0.7607784	2.013225
1698	-411.3874	-423.6891	12.30169	0.881977	0.0376362	0.0452934	0.0350939	0.5034942	0.7917834	1.014486	0.8074501
1704	-411.2447	-423.4685	12.22381	0.838357	0.0979334	0.036717	0.0269925	0.3916429	0.7726747	1.197738	0.8074501
1710	-415.1824	-428.0001	12.81767	0.706349	0.167109	0.0858746	0.0406676	0.4511367	0.7236799	0.9400467	0.4974172
1716	-412.6668	-425.2391	12.57227	0.845763	0.125574	0.0239154	0.00474812	0.485241	0.6569527	1.203083	0.4974172
1722	-413.6681	-422.9857	9.317567	0.840411	0.0991039	0.0571218	0.00336279	0.5568958	0.9746436	1.488319	3.808777
1728	-411.7516	-421.9299	10.17823	0.870228	0.0701746	0.0591484	0.000448978	0.5928804	0.5949292	1.741999	2.346969
1734	-418.2818	-428.3576	10.07585	0.613189	0.117145	0.0987384	0.170928	0.6790789	0.8334449	1.45753	2.590837
1740	-414.9663	-424.6178	9.651422	0.892098	0.100496	0.00702099	0.000384632	0.06224049	1.26633	0.7360461	3.250747
1746	-415.7415	-426.8055	11.06402	0.424619	0.508382	0.00766829	0.059331	0.09537437	1.07901	1.082962	1.558786
1752	-412.4372	-424.8289	12.39173	0.749101	0.163686	0.00828533	0.0789275	0.3899829	1.024904	0.985168	0.6284542
1758	-413.6689	-426.1661	12.49728	0.663329	0.272094	0.00733666	0.0572401	0.4318617	1.388438	0.6149119	0.1632644
1764	-414.5544	-425.9365	11.38206	0.243114	0.445572	0.0145892	0.296725	0.1343673	1.392352	0.7825659	1.378259
1770	-415.1958	-424.3574	9.161608	0.818702	0.0108085	0.100726	0.069763	0.6142317	0.6073052	1.892522	3.609513
1776	-412.9971	-421.7163	8.719106	0.847266	0.00372518	0.0819924	0.0670163	0.6142317	0.515583	2.075366	4.118214
1782	-413.6369	-422.1135	8.476605	0.919325	0.0321087	0.00772163	0.0408447	0.02199116	1.294676	0.8223253	2.655676
1788	-415.4076	-423.9888	8.581242	0.470792	0.437351	0.00569112	0.0861662	0.05643854	1.442064	0.636286	4.954821
1794	-410.6892	-422.8674	12.17824	0.77218	0.125464	0.0101265	0.0922301	0.3773527	1.446761	0.8012187	0.5932127
1800	-413.8232	-424.96	11.1368	0.836662	0.0352979	0.00678069	0.12126	0.3955515	1.446761	0.9124188	1.553663
1806	-414.0989	-425.2377	11.13881	0.870384	0.0367206	0.00174077	0.0911544	0.4043379	1.543443	1.147681	1.167705
1812	-418.1773	-429.2129	11.03566	0.743559	0.108217	0.00995167	0.138272	0.5829956	1.182867	1.479403	1.043835
1818	-428.2296	-438.0345	9.80483	0.779576	0.122382	0.0271293	0.070913	0.6534663	1.048946	1.759462	2.108192
1824	-418.6228	-430.4741	11.85127	0.757995	0.0278979	0.107683	0.106424	0.6388592	0.1343603	1.642473	0.9961269
1830	-413.1549	-425.0681	11.91318	0.784677	0.00866948	0.0993568	0.107296	0.665276	0.09672957	1.642473	0.9443061
1836	-409.6998	-421.8958	12.19604	0.825656	0.014863	0.0414264	0.118055	0.665276	0.0769594	1.357298	1.060949
1842	-412.2288	-423.9588	11.73	0.798395	0.0189227	0.0685246	0.114157	0.665276	0.07297631	1.408004	1.500815
1848	-413.9422	-424.9841	11.04186	0.916716	0.0102393	0.0112724	0.061772	0.7189939	0.2254845	1.413281	2.094925
1854	-412.2266	-424.7767	12.55011	0.856914	0.00649675	0.0766927	0.0598965	0.4613423	0.2104348	1.402714	0.7330538
1860	-420.3539	-432.4341	12.08015	0.515526	0.429901	0.0477081	0.00686442	0.2761295	1.925786	0.4741931	0.3924962
1866	-412.028	-424.6358	12.60781	0.853525	0.0468054	0.0767582	0.0229112	0.496586	1.305892	0.5102518	0.2408908
1872	-413.0965	-425.1196	12.02307	0.789276	0.0248745	0.128813	0.0570365	0.5729035	1.570316	0.5102518	0.5706637
1878	-416.1043	-426.6816	10.57734	0.921157	0.00650392	0.0522141	0.0201245	0.3989668	1.570316	0.6906333	2.335799
1884	-415.0182	-426.5265	11.50821	0.941836	0.0136727	0.0266218	0.0178695	0.5140913	0.8822038	0.9263623	1.636565
1890	-412.5298	-423.9543	11.4245	0.677429	0.271507	0.0386671	0.0123972	0.5737229	1.819444	0.3078332	0.8059447
1896	-410.1598	-421.3881	11.2283	0.788581	0.181127	0.0229377	0.00735417	0.5288755	2.130482	0.1661723	0.4133606
1902	-421.8867	-429.4773	7.590615	0.808487	0.130334	0.040457	0.0207222	0.3709237	0.5917648	1.16056	11.80468
1908	-418.7118	-431.0032	12.29141	0.661877	0.106149	0.143766	0.088207	0.732365	0.3549347	1.334802	0.6574386
1914	-422.1358	-430.0823	7.946465	0.804233	0.0782618	0.0312385	0.0862672	0.5120106	2.37773	0.2036862	5.073434
1920	-416.9712	-427.4985	10.52732	0.516568	0.363961	0.0799576	0.0395126	0.6514539	1.064846	0.8958657	2.564862
1926	-415.9381	-427.7687	11.83062	0.723456	0.172968	0.0691968	0.0343797	0.6048509	0.39268	1.297959	1.257263
1932	-422.7824	-431.164	8.3816	0.902378	0.0456287	0.0416535	0.0103403	1.805089	0.6296973	1.531162	3.897225
1938	-420.8618	-429.0864	8.224653	0.859505	0.0462723	0.0741835	0.0200397	0.7415522	0.9017649	1.531162	5.855689
1944	-420.7888	-430.4279	9.639058	0.886632	0.0674655	0.0252301	0.0206722	0.5804167	0.9017649	1.235305	3.899684
1950	-409.5179	-420.4317	10.91378	0.839072	0.109755	0.0423768	0.00879627	0.3456359	1.212304	0.7218753	2.39968
1956	-409.5905	-420.9721	11.38157	0.874417	0.0535225	0.0164337	0.0556264	0.3456359	1.330721	0.9312962	1.42838
1962	-414.0148	-424.3649	10.35008	0.853298	0.0635228	0.0195042	0.0636754	0.3950637	1.921768	0.6235407	2.209066
1968	-412.5773	-424.7112	12.1339	0.893271	0.019653	0.0204179	0.0666584	0.4254461	1.574419	0.7410013	0.514177
1974	-408.8532	-420.9729	12.11969	0.905764	0.0173526	0.0180279	0.0588558	0.2368733	1.30201	0.5738108	0.9593835
1980	-413.1615	-422.8658	9.704328	0.931258	0.017841	0.0265777	0.0243233	0.2786791	1.30201	0.5959654	4.590974
1986	-413.3851	-424.3832	10.9981	0.94228	0.0171669	0.0268923	0.0136612	0.6754776	1.485295	0.5138986	1.605707
1992	-411.6358	-424.1339	12.49807	0.943842	0.00594117	0.0240925	0.0261247	0.3506394	1.313026	0.5715949	0.5500195
1998	-409.8764	-421.7482	11.87175	0.889697	0.0365947	0.0536308	0.0200773	0.3718812	0.8510962	0.7231304	1.583991
2004	-414.8803	-428.0118	13.13153	0.870723	0.0358142	0.0802688	0.0131941	0.4055954	0.1679681	0.7231304	0.9332277
2010	-426.1421	-431.7374	5.595285	0.722762	0.101855	0.0453095	0.130073	0.5581164	0.0965985	2.627901	12.6636
2016	-418.1276	-427.9174	9.789863	0.721983	0.0791633	0.0513732	0.147481	0.5478876	0.07499479	2.183847	2.80089
2022	-418.9538	-429.0292	10.07536	0.787746	0.0325941	0.021152	0.158507	1.046999	0.1177267	2.222123	1.552072
2028	-421.2008	-430.1288	8.928022	0.690589	0.0285741	0.248716	0.0321203	0.8750424	1.068428	0.8766891	5.217581
2034	-411.6172	-422.9248	11.30763	0.922028	0.0171367	0.0282443	0.0325913	0.5925246	1.177023	1.156203	1.171516
2040	-416.9589	-427.8569	10.89799	0.876413	0.0383616	0.0339876	0.0512378	0.2641423	2.138521	0.2968433	1.248329
2046	-415.0924	-426.8054	11.71299	0.907955	0.0222937	0.0197518	0.0499994	0.4546776	1.892656	0.3725498	0.6345899
2052	-408.5274	-420.398	11.87065	0.850273	0.0696506	0.0289554	0.0511214	0.4502572	1.857236	0.2697809	0.3963724
2058	-408.6846	-420.191	11.50633	0.899251	0.0594639	0.0151849	0.0261005	0.3378915	1.712061	0.2697809	0.9856121
2064	-411.4832	-422.7676	11.28438	0.973974	0.0089483	0.00976244	0.00731559	0.2536659	1.1421	0.9747916	1.763166
2070	-409.4541	-421.3831	11.92899	0.961485	0.0230939	0.0109495	0.00447189	0.2546713	1.846344	0.7074486	0.5666482
2076	-412.4754	-423.6852	11.20979	0.962095	0.0224735	0.0109565	0.00447473	0.2662439	1.829394	0.7981724	1.230618
2082	-406.5659	-418.9305	12.36456	0.939977	0.0449468	0.0107046	0.00437186	0.3624647	1.590851	0.583953	0.3851017
2088	-407.9633	-420.167	12.20376	0.843509	0.0943558	0.0224719	0.039663	0.3624647	1.290704	0.6702886	0.8065981
2094	-415.567	-427.8216	12.25461	0.844098	0.0485889	0.0687366	0.0385764	0.4667243	1.609923	0.4579188	0.3970273
2100	-410.1012	-421.2517	11.15051	0.894556	0.0439766	0.0231207	0.0383464	0.2907575	1.659317	0.5729724	1.617852
2106	-405.7277	-416.6858	10.95807	0.88203	0.0277148	0.022797	0.0674581	0.2657833	2.459823	0.1263323	0.3429827
2112	-408.1241	-418.899	10.77484	0.870479	0.0352413	0.0138763	0.0804031	0.2950049	2.492666	0.1004973	0.2508996
2118	-409.8084	-419.8625	10.05408	0.873358	0.0320505	0.0139222	0.080669	0.3503786	2.808538	0.1223282	0.8404509
2124	-415.9598	-426.8742	10.91441	0.897037	0.0157727	0.0142996	0.0728904	0.349274	2.745034	0.1895925	0.3428983
2130	-410.9018	-422.3328	11.43103	0.844779	0.0293912	0.0143475	0.111482	0.349274	2.349371	0.2193117	0.2528634
2136	-413.7438	-421.7491	8.005237	0.868459	0.0176741	0.0129834	0.100883	0.2624331	2.132472	0.2153746	6.068037
2142	-410.6433	-418.7956	8.152237	0.86138	0.00691047	0.0131285	0.118581	0.2772038	2.164035	0.1527008	5.076671
2148	-409.776	-418.1436	8.367596	0.860981	0.0482728	0.0082039	0.0825418	0.2772038	2.144111	0.2030897	5.050958
2154	-415.1121	-422.367	7.254955	0.860981	0.0482728	0.0082039	0.0825418	0.3451116	2.437466	0.2349888	7.356821
2160	-412.8361	-424.4906	11.65452	0.860981	0.0482728	0.0082039	0.0825418	0.3038584	2.258679	0.412852	0.4671358
2166	-408.1072	-420.5572	12.45	0.923313	0.0252843	0.00429703	0.0471058	0.3717521	1.540877	0.4459567	0.3349583
2172	-418.9973	-428.2746	9.277273	0.800087	0.0534942	0.0249651	0.121454	0.4539484	0.4640529	1.929485	3.868512
2178	-413.2634	-423.5734	10.30997	0.874933	0.0287698	0.0134265	0.0828711	0.4539484	1.231499	1.127077	2.594942
2184	-414.1056	-424.2467	10.14105	0.890499	0.0615541	0.0295243	0.0184226	0.4576767	0.9933425	1.04994	3.406452
2190	-408.495	-420.7222	12.22729	0.805826	0.119974	0.0224098	0.0517905	0.3378358	1.820564	0.5264064	0.2360372
2196	-413.189	-423.6926	10.50354	0.731835	0.0810514	0.0219735	0.16514	0.3531877	2.167183	0.3554042	1.69367
2202	-409.4661	-420.9815	11.5154	0.880962	0.0131032	0.0186707	0.0872642	0.3215059	2.130196	0.2083968	0.1405174
2208	-404.3643	-416.0611	11.69689	0.893366	0.0146759	0.0209181	0.0710399	0.2766735	2.130196	0.2237538	0.2581154
2214	-406.4052	-418.1415	11.73632	0.8901	0.0278706	0.0139336	0.068096	0.231388	2.130196	0.2853833	0.4043124
2220	-407.6979	-420.1683	12.47036	0.918343	0.0287549	0.0201558	0.0327465	0.2732362	1.33667	0.8494132	0.4295858
2226	-405.1947	-416.9601	11.76539	0.886191	0.0124295	0.0082209	0.0931585	0.4155653	1.585012	0.9938543	0.6624738
2232	-406.5879	-418.3469	11.75899	0.871465	0.0114532	0.00757522	0.109506	0.2476612	1.208619	1.228915	0.8681473
2238	-408.7202	-420.397	11.67678	0.881328	0.0102693	0.00766094	0.100742	0.2520953	1.386926	0.7426578	1.247336
2244	-412.5967	-423.9752	11.37849	0.90026	0.0134793	0.00972684	0.0765339	0.2614718	1.154933	0.9217512	1.692227
2250	-413.8809	-422.4934	8.612525	0.873043	0.0362992	0.0228328	0.0678249	0.4039686	0.8080651	1.545563	5.929294
2256	-410.5075	-421.5045	10.99699	0.845469	0.0862026	0.0221116	0.0462164	0.6819614	0.4957165	1.431176	1.819428
2262	-410.4769	-421.8642	11.38735	0.719336	0.150003	0.0177041	0.112958	0.6018792	0.58214	1.21562	1.665009
2268	-411.4321	-422.5704	11.13826	0.72264	0.128849	0.0201226	0.128389	0.7536759	0.9121558	1.21562	1.383263
2274	-422.6391	-434.7456	12.10654	0.771243	0.115749	0.0867564	0.0262519	1.426776	0.7556121	0.7844288	0.2976317
2280	-419.4664	-430.8556	11.38913	0.428891	0.521134	0.00521565	0.044759	0.933244	0.9484742	1.071471	1.051371
2286	-418.9749	-431.3414	12.36659	0.551294	0.340777	0.00577349	0.102156	0.8243162	0.8436989	1.053073	0.2456834
2292	-411.9632	-423.5821	11.61887	0.843838	0.0205244	0.032557	0.103081	0.5172768	0.4488711	1.615356	1.07889
2298	-406.6687	-418.161	11.49231	0.842484	0.0239879	0.0306132	0.102915	0.5042755	0.4335051	1.646304	1.195477
2304	-407.6165	-419.3721	11.75563	0.805147	0.017932	0.0292565	0.147665	0.5310273	0.6018804	1.502357	0.9284722
2310	-409.8113	-421.2247	11.41341	0.828508	0.0156678	0.0268039	0.12902	0.5320271	0.7652418	1.540512	1.054808
2316	-409.0999	-420.1827	11.0828	0.940718	0.0164291	0.0304341	0.0124183	0.5320271	0.621468	1.876293	1.054808
2322	-409.4799	-420.3214	10.84155	0.940718	0.0164291	0.0304341	0.0124183	0.3593082	0.8846054	1.876293	1.195095
2328	-419.1846	-430.8448	11.66015	0.84518	0.0612678	0.0352981	0.0582537	0.4899224	1.719313	1.055578	0.506808
2334	-410.6969	-422.7973	12.10042	0.882325	0.0419458	0.0148085	0.060921	0.295719	1.908446	0.6317481	0.1849773
2340	-416.8349	-428.9633	12.12834	0.669031	0.108259	0.0301379	0.192572	0.3449086	1.908446	0.4422279	0.2333047
2346	-410.1594	-422.0672	11.90778	0.874119	0.0555032	0.0121341	0.0582432	0.325533	2.061549	0.3217351	0.280877
2352	-409.6027	-421.0933	11.49064	0.796433	0.018453	0.0204176	0.164696	0.3047012	2.34564	0.2371746	0.2090093
2358	-413.5683	-424.6571	11.08875	0.932801	0.0216126	0.0239136	0.0216727	0.2909637	2.711232	0.2287569	0.1842882
2364	-422.3751	-432.1705	9.795464	0.88273	0.0554826	0.0226299	0.0391579	0.2595967	1.113355	0.8599576	4.460601
2370	-416.778	-427.1302	10.35218	0.861764	0.0126154	0.0204556	0.105165	0.3994717	1.581795	0.7583486	2.591067
2376	-409.8553	-421.3251	11.4698	0.838464	0.0122743	0.0246978	0.124564	0.3994717	1.391637	0.9803674	1.16979
2382	-410.7223	-421.4418	10.71954	0.821376	0.00916327	0.0100433	0.159417	0.2980856	1.530727	1.535316	1.187589
2388	-412.1539	-423.0083	10.85435	0.911125	0.0101645	0.0111407	0.0675701	0.2980856	1.750591	1.54066	0.8247296
2394	-408.0106	-420.2467	12.23617	0.817051	0.0236509	0.036137	0.123162	0.3926034	1.075851	1.197031	0.5062966
2400	-413.8724	-424.9517	11.07932	0.801661	0.0328162	0.0272809	0.138242	0.4195178	0.790724	1.623354	1.378353
2406	-412.605	-423.4586	10.85366	0.929578	0.0224695	0.031634	0.0163182	0.5310769	1.15304	1.890482	0.7403275
2412	-405.7454	-417.0172	11.27179	0.881336	0.0213034	0.00937225	0.0879888	0.4417819	0.5306175	1.942531	0.9472181
2418	-411.0569	-422.4473	11.39043	0.898288	0.00499137	0.0075728	0.0891475	0.4036821	0.6062992	1.833388	0.9472181
2424	-415.3238	-427.2687	11.94487	0.791926	0.012375	0.0140512	0.181647	0.3077159	2.012733	0.77164	0.2609841
2430	-411.9925	-422.6931	10.7006	0.907616	0.000788493	0.00765143	0.0839444	0.4706893	0.9832868	1.412709	1.884595
2436	-410.9542	-423.4699	12.51566	0.89555	0.00645064	0.0344417	0.0635573	0.3749941	1.369813	0.6521476	0.4257216
2442	-407.1473	-419.4794	12.33215	0.904581	0.00651569	0.0247054	0.0641982	0.2564865	1.629016	0.4053128	0.4257216
2448	-403.2371	-415.7969	12.55978	0.913453	0.00749486	0.0213931	0.0576588	0.2776108	1.45761	0.4906813	0.3792747
2454	-410.0313	-421.5675	11.53627	0.862889	0.0100018	0.0343984	0.0927109	0.2776108	1.757921	0.515454	1.095182
2460	-414.2295	-426.0567	11.82715	0.776222	0.105263	0.0382604	0.0802552	0.4044888	1.904596	0.2739621	0.1417548
2466	-422.3824	-433.2639	10.8815	0.709666	0.142306	0.0395312	0.108498	0.935258	2.257559	0.2195341	0.3729265
2472	-412.5844	-420.8774	8.293031	0.899317	0.0350438	0.017529	0.0481103	0.3719115	2.689971	0.110447	3.14721
2478	-412.7699	-421.1401	8.370202	0.805391	0.0651635	0.0325949	0.0968503	0.3719115	2.138599	0.2087283	4.974722
2484	-411.0851	-422.2959	11.21074	0.830519	0.01012	0.00590788	0.153453	0.4077354	1.645785	0.5467047	1.479098
2490	-406.6995	-418.8655	12.16599	0.887047	0.0253317	0.0109015	0.0767199	0.2796768	1.864272	0.3966861	0.1954983
2496	-411.4689	-423.513	12.0441	0.867658	0.0466363	0.0106632	0.0750429	0.2796768	1.976584	0.4349972	0.1746788
2502	-408.2263	-420.6073	12.38103	0.92715	0.0224779	0.00513948	0.0452327	0.2796768	1.456964	0.4443354	0.1127174
2508	-408.8218	-421.219	12.39719	0.825421	0.0278997	0.00670187	0.139977	0.2398236	1.551998	0.644113	0.149836
2514	-411.1374	-422.1344	10.99703	0.76088	0.0313365	0.00705502	0.200729	0.3440241	1.879565	1.057149	1.116303
2520	-413.5478	-424.736	11.18827	0.869957	0.0600288	0.00798251	0.0620316	0.3807479	1.581743	0.9373206	1.328849
2526	-409.1444	-421.5556	12.41118	0.76877	0.100264	0.00353502	0.127432	0.2769747	0.9561673	0.8461267	0.8578574
2532	-411.9272	-423.6617	11.73456	0.659611	0.0883294	0.00518947	0.24687	0.3257372	1.318174	0.8461267	1.152212
2538	-406.6194	-418.9338	12.31436	0.94257	0.0186941	0.006515	0.0322211	0.3257372	1.441727	0.6112655	0.6061783
2544	-413.4852	-424.241	10.75589	0.798009	0.0770518	0.00329266	0.121647	0.479202	1.860257	0.8865301	1.454022
2550	-413.8932	-424.9033	11.01015	0.220076	0.537788	0.0835484	0.158588	0.06437747	1.020132	1.748752	0.4616938
2556	-414.339	-424.837	10.49799	0.387016	0.455712	0.097203	0.0600686	0.05161077	0.679255	2.161444	0.1359353
2562	-416.8223	-427.8772	11.05492	0.826675	0.0707148	0.00633176	0.0962788	0.2819142	1.624364	0.4929262	1.793758
2568	-413.6015	-425.0371	11.43561	0.767296	0.0656355	0.0077155	0.159353	0.3172592	1.562585	0.8051635	1.249257
2574	-412.1602	-424.0897	11.92948	0.228502	0.569006	0.0755387	0.126954	0.05181183	0.7379	1.157362	0.184299
2580	-426.6217	-432.9775	6.355809	0.617627	0.205357	0.00639939	0.170616	0.7772691	0.963175	1.091965	14.22754
2586	-423.8498	-431.0994	7.249511	0.677702	0.190798	0.024792	0.106708	0.7536739	1.197368	2.187035	5.146246
2592	-415.2844	-426.4428	11.15834	0.440098	0.458775	0.0219327	0.0791936	0.2234951	1.159193	0.7657651	2.131373
2598	-419.0855	-427.5363	8.450797	0.720624	0.131132	0.103243	0.0450008	0.5952301	0.9126034	1.452329	5.913662
2604	-418.8038	-426.2483	7.444547	0.691807	0.11589	0.187619	0.00468332	1.541881	0.9362658	1.311126	6.558046
2610	-422.0327	-429.2583	7.225622	0.70744	0.111669	0.0673593	0.113532	1.235651	0.8814991	1.191675	8.677935
2616	-420.399	-429.4434	9.044493	0.747581	0.118005	0.0711814	0.0632321	0.804546	0.7402881	1.663743	3.822544
2622	-422.0446	-427.1555	5.110885	0.945071	0.00279306	0.0346607	0.017475	1.970441	2.490534	0.1079973	7.565789
2628	-417.8804	-422.7879	4.907482	0.92552	0.0151344	0.0365274	0.0228182	1.205011	2.549858	0.08706854	9.631106
2634	-426.7322	-437.7666	11.03442	0.251095	0.506859	0.0437356	0.198311	0.05774541	1.481978	0.618545	1.067536
2640	-420.1224	-430.0187	9.896254	0.035936	0.815482	0.0907371	0.0578445	0.4526309	1.324211	0.644341	3.859942
2646	-418.1414	-428.7277	10.58622	0.0382153	0.785664	0.050095	0.126026	0.1665705	1.504605	0.644341	2.476356
2652	-414.7042	-426.2284	11.5242	0.460697	0.399559	0.0352495	0.104494	0.09710696	0.5724477	2.008451	0.3369832
2658	-413.7311	-424.1273	10.39619	0.261476	0.38098	0.0608264	0.296717	0.04799651	0.9738355	2.008451	0.416076
2664	-409.6317	-419.5364	9.904747	0.462072	0.302515	0.0367502	0.198662	0.02737602	1.714432	0.4436925	0.984033
2670	-411.6656	-423.423	11.75744	0.220208	0.406719	0.0107572	0.362315	0.08734547	1.804753	0.3165508	0.3261967
2676	-412.4535	-424.2519	11.79844	0.100218	0.773937	0.00747937	0.118366	0.1236504	1.804753	0.2346131	0.3909051
2682	-410.5176	-420.6557	10.13817	0.244	0.547909	0.0949332	0.113158	0.03716668	2.248251	0.19709	0.3592656
2688	-415.1646	-425.4196	10.25496	0.246267	0.559627	0.0969636	0.0971424	0.1158324	2.248251	0.1243158	1.030772
2694	-416.2843	-423.1524	6.868149	0.278764	0.484588	0.09744	0.139208	0.04024553	2.594152	0.1249107	3.987679
2700	-415.3301	-424.3875	9.057383	0.184393	0.668154	0.0644533	0.0829998	0.06235971	2.618894	0.05502946	0.704688
2706	-408.561	-417.1065	8.545555	0.692461	0.267489	0.0235763	0.0164744	0.03432222	2.856871	0.0604903	0.214022
2712	-411.1346	-420.4299	9.2953	0.603433	0.289026	0.0795059	0.0280347	0.0535304	2.856871	0.08257322	0.150089
2718	-410.163	-418.8252	8.662183	0.295443	0.575055	0.0638961	0.0656064	0.03823016	2.881882	0.06517182	0.1552316
2724	-417.8857	-429.4436	11.5579	0.381738	0.492139	0.0535488	0.0725744	0.05742388	1.587561	0.7272029	0.1638867
2730	-411.6876	-422.5338	10.84615	0.512025	0.392693	0.0373727	0.0579093	0.04084922	1.367469	0.8676828	0.8023739
2736	-414.7035	-425.4825	10.77896	0.118777	0.738433	0.0748392	0.0679504	0.03728844	1.34793	0.7369528	0.8616723
2742	-416.8703	-427.7895	10.91922	0.249354	0.624106	0.0776256	0.0489138	0.03642464	1.305674	1.038044	0.4878765
2748	-417.986	-427.7748	9.788806	0.461311	0.36629	0.130902	0.0414967	0.02704143	1.565074	0.8535081	1.064654
2754	-415.6211	-425.145	9.523899	0.367012	0.384837	0.129019	0.119132	0.05751302	1.279363	0.9331299	3.036688
2760	-415.588	-424.4885	8.900512	0.39678	0.432705	0.0788583	0.0916562	0.08638915	1.20004	1.274196	4.374584
2766	-416.9909	-427.4841	10.49324	0.556337	0.352615	0.0338521	0.0571961	0.0636748	0.8939439	1.023732	2.167465
2772	-421.038	-430.0763	9.03829	0.685162	0.270949	0.00855851	0.0353307	1.416279	1.591667	0.4242442	3.224498
2778	-422.2379	-429.6724	7.434436	0.898503	0.0299771	0.00609134	0.0654284	2.785917	1.433372	0.4367227	4.711939
2784	-418.2478	-426.7653	8.51752	0.935417	0.0218947	0.0063416	0.0363463	1.931023	1.677264	0.5260085	3.265903
2790	-409.7266	-421.8583	12.1318	0.865073	0.0333987	0.047245	0.0542832	0.4490928	0.6238426	1.030124	1.181978
2796	-407.4295	-418.7787	11.34913	0.827581	0.0710925	0.0178863	0.0834398	0.51024	1.095003	0.9838348	1.512646
2802	-412.3237	-422.7836	10.45999	0.819209	0.0703732	0.027822	0.0825957	0.6820915	1.128321	1.000337	2.375028
2808	-419.157	-429.6767	10.51971	0.740741	0.100917	0.0398976	0.118444	0.6820915	0.6018545	1.801147	1.647162
2814	-414.1662	-424.7219	10.55572	0.903228	0.0376688	0.0148923	0.0442111	0.5227282	0.8448386	1.412584	2.196404
2820	-411.318	-422.2184	10.90039	0.899193	0.0375005	0.0192928	0.0440136	0.4671715	0.5393991	1.403857	2.23435
2826	-411.8464	-421.9068	10.06045	0.839239	0.0433459	0.0357827	0.0816327	0.4671715	0.8648639	1.236115	3.390076
2832	-411.358	-423.5346	12.17652	0.871541	0.0401891	0.0694992	0.0187707	0.4671715	1.009512	0.9186974	0.8414433
2838	-419.2165	-430.2454	11.0289	0.871541	0.0401891	0.0694992	0.0187707	0.9295455	1.300404	1.029995	1.108175
2844	-413.0449	-422.9845	9.939603	0.895762	0.0570216	0.0167143	0.030502	0.753533	1.956513	0.4851822	2.264557
2850	-414.4109	-425.7389	11.32797	0.821932	0.0762814	0.0609818	0.0408044	0.4368165	1.577831	0.4933989	1.398163
2856	-412.6101	-424.095	11.48481	0.935105	0.00951091	0.00760333	0.0477805	0.417176	1.652381	0.3446893	1.102296
2862	-413.616	-425.6156	11.99963	0.878928	0.0200929	0.0329774	0.0680014	0.3369255	1.622442	0.5555499	0.7415025
2868	-409.9146	-422.1911	12.27643	0.905759	0.0242023	0.0397218	0.0303171	0.3834511	1.657857	0.421871	0.3901997
2874	-412.0779	-420.9374	8.859565	0.79823	0.11484	0.0146909	0.0722388	0.322724	1.933605	0.3030592	4.821648
2880	-414.7566	-425.4058	10.64923	0.676549	0.0973344	0.00405696	0.22206	0.1773466	1.850026	0.3333621	1.881104
2886	-415.1963	-427.0477	11.85147	0.446806	0.300442	0.01895	0.233802	0.1505173	1.691637	0.4941639	0.760524
2892	-415.1281	-424.8045	9.676382	0.688325	0.220949	0.0077525	0.0829737	0.5770732	0.8585846	1.226576	3.938511
2898	-412.5596	-424.4941	11.93449	0.669708	0.250308	0.00717138	0.0728124	0.7253036	0.6391314	1.226576	0.8590196
2904	-415.3858	-425.5325	10.14671	0.786366	0.144739	0.00778133	0.0611145	1.040678	0.6014586	1.566174	2.074775
2910	-423.6503	-431.018	7.367709	0.680047	0.21579	0.0365216	0.0676413	0.6527477	0.2837416	1.374654	11.79306
2916	-412.2606	-424.7164	12.45573	0.819939	0.0957122	0.0269749	0.0573737	0.5735752	0.2121632	1.197784	0.9563528
2922	-410.8677	-423.661	12.79332	0.80013	0.0918032	0.0017251	0.106341	0.4307296	0.7049031	0.9562142	0.5435454
2928	-407.9368	-420.2963	12.35952	0.902273	0.0447025	0.000883587	0.052141	0.3982644	0.9011748	0.9562142	0.7961332
2934	-414.3409	-426.0384	11.69747	0.808568	0.142513	0.000591605	0.0483272	0.4504288	0.8893352	1.146056	1.22695
2940	-416.467	-426.2311	9.764094	0.808271	0.142461	0.000958761	0.0483094	0.629382	0.9236806	1.384354	3.193027
2946	-410.6382	-422.7149	12.07675	0.882591	0.017849	0.00340388	0.0961564	0.6913068	0.8975764	0.8219274	0.9019612
2952	-406.6547	-419.0764	12.42167	0.804523	0.0703023	0.0133495	0.111825	0.3864892	0.8727895	0.8001697	0.9019612
2958	-406.5707	-418.582	12.0113	0.827203	0.0422321	0.0155869	0.114978	0.4435599	0.7351137	1.158287	1.053015
2964	-407.612	-419.766	12.15403	0.933263	0.0268734	0.0173688	0.0224945	0.5071645	0.8896149	1.348028	0.4849466
2970	-405.6762	-417.8714	12.1952	0.900397	0.012619	0.0750165	0.0119675	0.5152262	1.207708	1.029625	0.4849466
2976	-409.7418	-421.533	11.79113	0.90246	0.00903917	0.0751884	0.0133122	0.4074534	1.178453	1.23424	0.7794764
2982	-411.0316	-422.8282	11.79655	0.232124	0.460059	0.0606651	0.247152	0.06389744	0.8660239	1.370091	0.2896528
2988	-417.4496	-429.4496	11.99999	0.113945	0.615333	0.0731698	0.197553	0.1034453	1.056813	1.370091	0.2896528
2994	-411.5153	-423.7916	12.27626	0.00976371	0.833814	0.0807727	0.07565	0.1301396	0.8576031	1.370091	0.1680937
3000	-415.5106	-427.2041	11.69356	0.556207	0.258626	0.0771784	0.107989	0.08040396	1.587436	0.4581977	0.6497323
3006	-417.771	-426.7456	8.974545	0.333068	0.369389	0.0287259	0.268817	0.02499371	1.35682	0.7666178	2.213803
3012	-414.4077	-424.1562	9.748498	0.930189	0.0224346	0.0263351	0.0210416	0.3351462	1.58454	0.4923879	3.894322
3018	-416.2981	-428.3366	12.03848	0.862089	0.0280927	0.0545976	0.0552203	0.4118681	1.807186	0.3514573	0.4174755
3024	-409.7996	-421.532	11.73236	0.767529	0.146046	0.0122369	0.0741873	0.05150792	1.435447	0.4920887	0.2762504
3030	-419.397	-427.6444	8.247343	0.340553	0.527375	0.118501	0.0135707	0.03824783	1.21157	1.674328	2.953544
3036	-419.4164	-430.8101	11.3937	0.778598	0.151581	0.0686194	0.00120247	0.06033301	1.745994	0.8508168	0.3417288
3042	-409.6135	-420.7508	11.13737	0.824123	0.0515654	0.0180112	0.1063	0.506979	0.09294434	1.861072	1.631102
3048	-409.9626	-421.4053	11.44268	0.817248	0.0696988	0.00764018	0.105413	0.5156116	0.1062448	1.859798	1.260097
3054	-413.451	-422.8961	9.445082	0.84038	0.0948437	0.0111691	0.0536067	0.6729487	0.1195028	1.999075	3.579518
3060	-414.3962	-425.7311	11.33485	0.742944	0.0329497	0.176715	0.0473913	0.8380695	0.2780109	1.614552	1.203427
3066	-416.6454	-426.9646	10.31916	0.878544	0.0189895	0.0970664	0.00540039	0.9867669	0.763424	1.614552	1.630868
3072	-417.8999	-427.3541	9.454155	0.719345	0.0630816	0.199371	0.0182025	1.268949	0.8892431	1.237154	2.992765
3078	-419.287	-430.9785	11.69147	0.654707	0.0838123	0.247566	0.0139152	1.396003	0.6648079	1.207783	0.4560437
3084	-425.194	-435.0385	9.844438	0.382288	0.563056	0.0496656	0.00499032	0.1880166	0.6390493	1.580123	3.586909
3090	-424.6396	-434.117	9.477337	0.603282	0.330183	0.0604594	0.00607486	0.1376931	0.5787392	1.665219	3.989323
3096	-421.4908	-434.1371	12.64632	0.539843	0.403983	0.0504191	0.0057544	0.5812497	0.871441	0.8073215	0.5037489
3102	-414.6276	-425.3813	10.75365	0.724482	0.209216	0.0578371	0.00846509	0.6330564	0.8520605	0.8073215	2.686815
3108	-416.1761	-424.4781	8.301999	0.918721	0.0544791	0.0192213	0.00757824	0.7998011	1.126609	0.9208669	6.798755
3114	-410.571	-421.5343	10.96326	0.812384	0.0580974	0.00544816	0.12407	0.3305988	0.6169802	1.754065	1.57825
3120	-407.6434	-419.5133	11.86987	0.795048	0.057626	0.0138587	0.133467	0.4038497	1.264686	0.8339252	1.020069
3126	-413.621	-425.2996	11.67854	0.814719	0.100629	0.0295836	0.0550685	0.2940144	1.887749	1.173209	0.2073043
3132	-407.6228	-420.042	12.41915	0.777191	0.101699	0.041969	0.0791414	0.4938289	0.6571719	1.151585	0.6930236
3138	-405.7758	-418.0568	12.28102	0.871357	0.0894373	0.0115856	0.0276199	0.4739508	0.6314589	1.320415	0.6764721
3144	-415.862	-426.5241	10.66206	0.842057	0.0140786	0.068623	0.0752417	0.6551584	0.3162435	2.380779	0.8826508
3150	-414.2479	-425.4878	11.23987	0.885436	0.0148039	0.0721581	0.0276024	0.5062503	1.2416	1.359787	1.014318
3156	-405.0844	-416.971	11.88663	0.902192	0.0140418	0.0284819	0.0552838	0.3494089	0.6841973	1.587674	0.7688794
3162	-416.041	-427.1936	11.1526	0.487143	0.290381	0.0905293	0.131947	0.07277006	0.6258427	1.281133	1.465371
3168	-420.1469	-428.6235	8.476636	0.266308	0.291485	0.0908737	0.351333	0.04979747	0.9343159	1.510038	4.067303
3174	-412.5482	-424.0817	11.53355	0.546445	0.200261	0.0422389	0.211055	0.06819867	0.4237635	1.821059	0.4870838
3180	-408.665	-420.7748	12.10981	0.345696	0.328714	0.0446369	0.280954	0.06870487	0.1791637	1.666037	0.1706026
3186	-408.9604	-420.8694	11.90907	0.537446	0.191163	0.0495471	0.221844	0.04927708	0.7257406	1.164154	0.2356128
3192	-407.2446	-420.4001	13.15547	0.832091	0.00881618	0.0112418	0.147851	0.4170854	0.1343021	1.066916	0.6474615
3198	-414.6837	-427.4134	12.7297	0.827205	0.00830219	0.077632	0.0868611	0.4135975	0.1239059	1.347262	0.7531156
3204	-410.9465	-423.856	12.9095	0.833169	0.00814309	0.0224213	0.136267	0.3989887	0.2421793	1.347262	0.478786
3210	-409.8778	-422.6346	12.75674	0.840842	0.00821809	0.0226278	0.128312	0.3989887	0.3096211	1.347262	0.5632371
3216	-407.7781	-418.5142	10.73604	0.887481	0.00555354	0.0152912	0.0916747	0.3554842	1.307154	2.025652	0.6659143
3222	-414.2206	-425.2592	11.03862	0.840153	0.00780022	0.0335674	0.118479	0.3561153	1.65181	1.677295	0.5324233
3228	-416.8043	-427.5955	10.79119	0.844438	0.00813054	0.0231763	0.124255	0.346798	1.016628	2.256871	0.5583798
3234	-417.4963	-428.8528	11.3565	0.840701	0.00809456	0.0230737	0.12813	0.4378604	0.735059	1.923027	0.7007543
3240	-418.0188	-429.8904	11.87156	0.386117	0.357777	0.0194527	0.236653	0.04787022	0.475645	1.369165	0.2885303
3246	-409.5636	-420.7586	11.19501	0.265563	0.518676	0.0813779	0.134384	0.03546006	0.7858219	1.232786	0.132835
3252	-414.2153	-426.104	11.88866	0.0638748	0.605642	0.0950226	0.23546	0.0638455	0.2250124	1.674105	0.132835
3258	-419.7972	-430.8316	11.03432	0.248336	0.343613	0.0517003	0.356351	0.0638455	0.2933766	2.296013	0.2218036
3264	-415.3386	-425.6877	10.34915	0.368847	0.238921	0.0538307	0.338401	0.0638455	0.469199	2.602291	0.1907271
3270	-417.1153	-427.9736	10.85836	0.775617	0.0262333	0.0102422	0.187908	0.2649167	1.222679	1.097502	2.045624
3276	-417.9064	-429.8345	11.92803	0.853613	0.0372658	0.00765868	0.101463	0.3891377	1.371036	0.7431233	0.9346423
3282	-416.7721	-429.2268	12.45465	0.885213	0.011317	0.00504186	0.0984282	0.2620892	1.371036	0.4316013	0.5730172
3288	-413.5611	-424.7047	11.1436	0.734564	0.0205761	0.00390902	0.24095	0.2656182	1.633948	0.6650933	1.622237
3294	-410.6673	-421.5892	10.92189	0.0217971	0.749688	0.124177	0.104338	0.03404978	1.001714	1.156742	0.5629533
3300	-408.0009	-418.0876	10.08669	0.0066369	0.769377	0.0469845	0.177002	0.02194126	1.720847	0.4706838	0.1423409
3306	-407.197	-418.5166	11.31953	0.0358057	0.647688	0.0825012	0.234005	0.04977543	1.430879	0.7383568	0.1021664
3312	-407.6004	-419.4391	11.83879	0.874277	0.0553244	0.00582672	0.0645714	0.06451955	0.9083533	1.306499	0.2098542
3318	-411.4911	-422.0625	10.57138	0.784537	0.0978222	0.0104274	0.107213	0.04118557	1.393206	0.9122237	1.018213
3324	-415.1782	-425.0934	9.915173	0.777195	0.0291925	0.0794314	0.114181	0.4952293	2.069694	0.4774779	2.529361
3330	-411.4585	-422.3328	10.8743	0.812926	0.0305346	0.0866865	0.0698524	0.4391641	2.262213	0.2311968	0.910412
3336	-413.029	-424.7783	11.74932	0.812926	0.0305346	0.0866865	0.0698524	0.4160215	2.01046	0.2345347	0.2815767
3342	-408.4396	-421.0374	12.5978	0.920032	0.0127469	0.0508505	0.0163712	0.4394319	1.176767	0.7430833	0.43081
3348	-409.2926	-421.1905	11.8979	0.917146	0.0284423	0.050691	0.00372031	0.4198112	1.417876	1.035079	0.6521616
3354	-419.2032	-428.7876	9.584456	0.542444	0.185981	0.0784972	0.193077	0.5571483	2.214101	0.1435624	1.950085
3360	-409.3139	-419.0745	9.760629	0.868494	0.0116272	0.0402264	0.0796528	0.4251477	2.018195	0.2149745	2.528622
3366	-414.9042	-425.6215	10.71725	0.852949	0.0373151	0.0434258	0.0663099	0.3457112	2.106339	0.5218052	1.577291
3372	-409.7718	-422.2652	12.49341	0.850389	0.0211806	0.062076	0.0663543	0.3038675	1.421574	0.6450343	0.4460564
3378	-416.0955	-427.5145	11.41903	0.831826	0.0207183	0.060721	0.0867343	0.4285484	1.022857	0.9035026	1.699258
3384	-415.0768	-426.9755	11.89866	0.796773	0.112287	0.0223419	0.068598	0.4730381	1.052948	1.279796	0.6875561
3390	-417.3422	-429.6284	12.28622	0.259858	0.500345	0.0553059	0.184491	0.09478644	1.345836	0.7267911	0.1928945
3396	-417.5737	-427.9224	10.3487	0.434559	0.303186	0.0910416	0.171214	0.03941813	0.8596834	0.7267911	1.990152
3402	-408.1042	-420.4001	12.29594	0.873486	0.0119853	0.00666103	0.107868	0.2396473	1.785183	0.4978302	0.2575917
3408	-403.2656	-415.6285	12.36284	0.855404	0.0111426	0.00619273	0.127261	0.2396473	1.569772	0.5019967	0.4773697
3414	-411.9889	-422.1837	10.19488	0.856912	0.0584281	0.00799547	0.0766646	0.3537271	1.756637	0.4028141	2.741086
3420	-408.7783	-421.3315	12.55321	0.827089	0.0821509	0.00857155	0.0821883	0.3537271	1.360328	0.745041	0.3436586
3426	-410.2391	-422.5123	12.2732	0.714007	0.0349461	0.0115032	0.239544	0.3903957	0.8803114	1.059203	0.8056745
3432	-411.1017	-423.2359	12.13425	0.782343	0.0214292	0.0102738	0.185954	0.503765	1.109531	0.6741298	0.9248777
3438	-407.2011	-418.4702	11.26906	0.810623	0.0110728	0.0335049	0.1448	0.4323408	1.518553	1.403602	0.7319125
3444	-411.1271	-422.0918	10.96469	0.78676	0.0200915	0.0343524	0.158796	0.6531779	0.6775664	1.648275	1.3318
3450	-411.7259	-421.7651	10.03922	0.931421	0.0213159	0.0189078	0.0283549	0.4452396	1.133772	1.062938	3.333655
3456	-408.6401	-419.7929	11.15277	0.889385	0.063701	0.0198384	0.0270752	0.3215029	0.912675	1.05279	2.103391
3462	-410.5173	-422.2263	11.70892	0.756935	0.0733139	0.00254433	0.167207	0.3329738	1.180314	1.015276	1.155518
3468	-411.7667	-422.5199	10.75318	0.773279	0.074897	0.00172584	0.150098	0.3747946	1.479611	0.5746159	2.310518
3474	-408.5474	-420.7258	12.17848	0.909045	0.0304783	0.000859537	0.0596171	0.3030967	1.574408	0.9368751	0.3914857
3480	-403.6578	-415.7905	12.13274	0.896328	0.0300519	0.00526202	0.0683577	0.3431303	1.482412	1.117412	0.2678853
3486	-405.1342	-416.8399	11.70578	0.911851	0.0432488	0.0304747	0.0144256	0.4083249	1.648186	1.090419	0.5696343
3492	-409.4328	-421.2872	11.8544	0.913595	0.0433315	0.0338105	0.00926306	0.4744418	1.550718	0.9821167	0.5696343
3498	-407.9285	-419.2598	11.33122	0.829588	0.0393471	0.0307015	0.100363	0.449076	0.7639118	2.006384	0.5696343
3504	-410.4497	-421.4426	10.99294	0.928206	0.0249963	0.0214869	0.0253103	0.4157692	1.315807	1.818928	0.6584565
3510	-407.6002	-419.2026	11.60242	0.947558	0.00466895	0.0219349	0.025838	0.3291159	1.671552	1.312621	0.4493506
3516	-411.14	-420.7637	9.623668	0.933532	0.00367874	0.0216102	0.0411791	0.3556545	1.67316	1.004205	3.354083
3522	-410.9294	-420.5366	9.607204	0.933271	0.00135026	0.0216042	0.043775	0.3655328	1.93257	1.455416	2.124605
3528	-407.7544	-419.7113	11.95688	0.895556	0.00117867	0.0207311	0.0825338	0.3087062	1.037442	1.455416	0.5582715
3534	-406.0921	-418.1124	12.02034	0.92132	0.00135302	0.0237976	0.0535294	0.3267136	1.45286	0.8384624	0.7422926
3540	-406.8075	-418.8347	12.02727	0.862504	0.00318672	0.0183528	0.115956	0.2639757	1.741169	0.6707524	0.5917951
3546	-415.9871	-427.1638	11.17663	0.862504	0.00318672	0.0183528	0.115956	0.4189039	2.439762	0.767329	0.5917951
3552	-416.3833	-428.5793	12.19606	0.893004	0.0052208	0.0190018	0.0827734	0.3855734	1.029992	1.196762	0.5956968
3558	-411.2816	-422.3494	11.06773	0.875724	0.0257406	0.0173637	0.0811717	0.3346329	1.995475	0.6146804	1.288226
3564	-409.0393	-420.3512	11.31188	0.898436	0.0104608	0.00782651	0.0832769	0.2574103	1.994493	0.392368	1.058868
3570	-416.1356	-426.6768	10.54121	0.873675	0.00553936	0.00761082	0.113175	0.2274399	1.994493	0.2801392	1.800222
3576	-410.6972	-421.0086	10.31138	0.878771	0.00085176	0.0034975	0.11688	0.226732	2.154435	0.2801392	1.889221
3582	-416.0722	-427.2442	11.17196	0.649918	0.233022	0.0329575	0.0841031	0.2704711	1.870712	0.1921142	1.006776
3588	-420.1917	-426.457	6.265297	0.658751	0.272142	0.0074544	0.0616523	0.3326334	1.870712	0.3426568	14.01182
3594	-412.1925	-422.7917	10.59927	0.915744	0.0110904	0.000958902	0.0722067	0.261122	2.35348	0.2626263	1.280838
3600	-420.3257	-432.9016	12.57598	0.614225	0.338026	0.0402642	0.00748476	0.3701225	1.426603	0.5254546	0.1941347
3606	-419.3317	-431.437	12.10529	0.778318	0.168418	0.0504647	0.00279949	0.3356431	1.291148	0.5668568	0.9575446
3612	-411.2991	-423.1472	11.84808	0.866027	0.111379	0.0015265	0.0210683	0.3456944	1.364129	0.5720878	1.136382
3618	-410.3475	-420.7945	10.44706	0.915332	0.080528	0.00110368	0.00303654	0.3121379	1.272828	0.703692	3.090702
3624	-416.3783	-426.2888	9.910484	0.805761	0.0713208	0.00276806	0.12015	0.3875427	0.8825181	2.331272	1.435008
3630	-414.8488	-426.2773	11.42852	0.784617	0.0894738	0.00347261	0.122436	0.4560095	0.4061085	2.147643	0.6073921
3636	-417.7865	-427.4414	9.654868	0.812225	0.0926222	0.00456014	0.0905922	0.6937278	0.370208	2.879588	0.9858123
3642	-409.9975	-421.1379	11.14035	0.889654	0.0251086	0.00711004	0.078127	0.5554763	0.9373097	1.576088	1.083955
3648	-413.7246	-424.8158	11.0912	0.795404	0.0233029	0.00184361	0.179449	0.5790403	0.9619884	1.576088	1.083955
3654	-409.5714	-420.8493	11.2779	0.858609	0.0251546	0.00199011	0.114247	0.325208	1.703581	1.576088	0.3937059
3660	-417.4152	-425.8709	8.455624	0.766454	0.0950852	0.0225069	0.115954	0.03091553	1.584887	0.3659189	3.309222
3666	-417.7313	-428.6958	10.96447	0.178655	0.560041	0.126919	0.134385	0.0382705	1.746853	0.7003248	0.195743
3672	-415.2206	-425.7799	10.55928	0.286739	0.639526	0.0686391	0.00509597	0.03929038	1.188047	0.8005903	1.276372
3678	-414.2509	-425.2525	11.00163	0.410804	0.496904	0.0906778	0.00161398	0.05779489	2.031389	0.6766598	0.543317
3684	-410.4558	-422.3538	11.89796	0.314878	0.621919	0.0589278	0.00427508	0.06006911	1.054412	0.8651389	0.1185815
3690	-414.141	-425.7219	11.58092	0.806087	0.0332901	0.00407008	0.156553	0.4579831	1.196611	1.367284	0.7628735
3696	-407.5779	-419.2548	11.67697	0.910347	0.0249671	0.0030525	0.0616334	0.2701136	1.716469	0.5392124	0.9939054
3702	-409.7423	-421.1924	11.45013	0.919299	0.0298148	0.00265183	0.048234	0.2701136	1.942939	0.4605486	0.9939054
3708	-411.8093	-423.9836	12.17432	0.882156	0.0130795	0.0237888	0.0809755	0.3100209	1.438171	0.3929369	0.7449219
3714	-408.6611	-419.3481	10.68696	0.902633	0.0144223	0.024341	0.0586034	0.3100209	1.403976	0.5768978	2.582098
3720	-405.8538	-418.4531	12.59924	0.83658	0.0369094	0.0147755	0.111735	0.3100209	1.061735	0.8243268	0.5836644
3726	-407.3605	-419.108	11.74751	0.846901	0.0456114	0.0182591	0.0892283	0.3100209	1.062334	1.154163	1.0959
3732	-418.8407	-429.4503	10.60955	0.846981	0.00530587	0.00334212	0.144371	0.9507004	0.5049997	1.136814	2.446818
3738	-417.4054	-427.632	10.22666	0.832114	0.00849538	0.0175541	0.141837	1.209238	1.114893	0.8884584	2.119162
3744	-426.0074	-434.931	8.923585	0.779734	0.00796061	0.0793972	0.132908	1.213863	1.04038	1.484613	3.193799
3750	-416.5538	-427.0714	10.5176	0.878659	0.0178872	0.0300512	0.0734029	0.5915016	0.5986496	1.729642	1.902132
3756	-424.4422	-436.0912	11.64893	0.92428	0.0184347	0.0316115	0.0256738	0.3184168	0.6673977	0.638447	2.213323
3762	-417.4048	-429.3243	11.91945	0.6017	0.150466	0.0498992	0.197935	0.05688177	0.1974206	1.430107	0.6772415
3768	-410.7814	-422.1023	11.32083	0.704268	0.121384	0.014671	0.159678	0.04518595	0.5062221	1.250347	0.9141581
3774	-416.3767	-427.9032	11.52643	0.796709	0.0661317	0.0115416	0.125618	0.07178433	0.5906736	1.157799	1.237422
3780	-416.6243	-428.8297	12.20539	0.606917	0.323909	0.0496505	0.0195244	0.1071629	1.444108	0.428179	0.4863851
3786	-419.4804	-431.5296	12.04915	0.349979	0.569017	0.0539316	0.0270724	0.09099692	1.401106	0.5078459	0.5842512
3792	-415.8326	-427.1439	11.31137	0.763252	0.0780327	0.0149972	0.143718	0.1951041	2.302197	0.1889206	0.4187482
3798	-411.4929	-421.4999	10.00706	0.837227	0.0855957	0.00991407	0.0672632	0.4515316	2.234223	0.1709272	1.674243
3804	-417.8931	-429.1804	11.28729	0.235272	0.545725	0.069026	0.149977	0.05981887	1.851382	0.4978322	0.5250575
3810	-417.3281	-428.551	11.22289	0.283346	0.560174	0.0471325	0.109348	0.04403818	1.337441	0.7131481	0.6727735
3816	-418.2539	-430.5614	12.30744	0.259008	0.638115	0.023151	0.0797253	0.1211158	1.020897	0.9284433	0.6460663
3822	-422.5566	-433.7155	11.15894	0.432519	0.385251	0.0566734	0.125557	0.07497357	1.158592	1.225854	0.9888749
3828	-420.6512	-428.7205	8.069293	0.393064	0.535882	0.0345844	0.0364704	0.0357181	1.529042	1.165107	3.70154
3834	-411.374	-422.1421	10.76808	0.633551	0.305525	0.0356815	0.0252418	0.06244739	1.099602	1.326491	1.146929
3840	-410.67	-421.5895	10.91944	0.430659	0.434767	0.0779681	0.0566061	0.05888761	0.7517529	1.759905	0.7060065
3846	-407.9659	-419.6069	11.64099	0.28744	0.506083	0.0569544	0.149522	0.04733375	0.2620725	1.679912	0.1983769
3852	-410.2055	-422.0973	11.89178	0.264234	0.488609	0.0991941	0.147963	0.06414296	0.3456072	1.679912	0.1983769
3858	-411.6509	-423.4343	11.78338	0.0799329	0.474186	0.0826216	0.363259	0.05306075	0.1990423	1.679912	0.1597994
3864	-411.2687	-421.895	10.62629	0.853893	0.0434873	0.0583968	0.0442235	0.6025958	1.14768	1.022913	2.197074
3870	-420.8343	-431.7113	10.87706	0.813563	0.0159	0.123402	0.0471346	0.5547056	1.820658	1.094503	1.062779
3876	-420.3052	-430.073	9.76786	0.820663	0.0215386	0.110289	0.0475093	0.8725283	1.364659	1.094503	2.611211
3882	-417.0382	-427.7079	10.6697	0.847497	0.00914408	0.0636535	0.0797054	1.268845	1.308612	1.155397	0.9918522
3888	-415.9159	-426.2657	10.34975	0.888873	0.0066632	0.0463836	0.0580805	0.670348	0.261238	1.155397	3.759909
3894	-409.1851	-420.1744	10.98932	0.0281662	0.575176	0.0795555	0.317102	0.04921063	0.2504813	2.157192	0.1927137
3900	-411.9135	-422.4932	10.57974	0.0379964	0.742902	0.064031	0.15507	0.03854037	1.080187	1.677264	0.2764917
3906	-409.7374	-420.2227	10.48533	0.111348	0.527832	0.11534	0.24548	0.02808124	1.077013	1.182584	0.105397
3912	-408.7395	-419.8687	11.12923	0.150789	0.541034	0.060185	0.247991	0.05547301	0.805127	1.799504	0.2689701
3918	-411.8448	-422.4589	10.61413	0.0493278	0.740582	0.0749007	0.135189	0.04466518	1.066401	1.782418	0.1927003
3924	-411.7947	-423.2534	11.45874	0.0118425	0.444502	0.0895668	0.454089	0.04338454	1.087203	0.7746524	0.1003665
3930	-412.0324	-423.7197	11.68729	0.0349388	0.68054	0.087325	0.197196	0.04844471	0.5942913	0.876653	0.06756797
3936	-413.3617	-424.7114	11.34976	0.390236	0.354155	0.0640957	0.191513	0.03469779	0.8923527	1.027628	0.4067351
3942	-416.3075	-425.9438	9.636344	0.324585	0.422358	0.0867711	0.166287	0.05087281	1.113388	1.069086	2.681364
3948	-411.3936	-422.5115	11.11787	0.524287	0.272459	0.0666475	0.136606	0.0596508	1.029493	0.8864272	1.30758
3954	-414.3195	-424.511	10.19151	0.0373726	0.701623	0.202767	0.0582375	0.05107903	1.889216	0.2384075	1.177668
3960	-413.7728	-424.0099	10.23709	0.049151	0.628568	0.266672	0.0556098	0.04312217	2.253664	0.1788658	0.1576675
3966	-411.4109	-422.877	11.46611	0.0115962	0.875482	0.0601624	0.0527594	0.06679858	1.838904	0.3107636	0.3552738
3972	-410.8936	-422.617	11.72339	0.748824	0.144052	0.0467175	0.0604065	0.05806717	0.5205938	1.408649	0.6041295
3978	-412.097	-423.1228	11.02577	0.837166	0.106953	0.0110316	0.0448494	0.03530106	1.511913	0.5060039	0.4761409
3984	-414.3388	-423.5573	9.21856	0.0125523	0.735498	0.235644	0.0163059	0.04675696	2.725249	0.1053925	0.6674537
3990	-417.2711	-428.3316	11.06044	0.410318	0.247489	0.067553	0.27464	0.03712714	1.563828	0.8019993	0.2594504
3996	-410.2674	-420.2127	9.945318	0.509215	0.18015	0.0479805	0.262654	0.03414492	1.208784	1.508975	0.07175071
4002	-409.4557	-420.1793	10.72354	0.605131	0.273778	0.0503126	0.0707785	0.02819025	1.209612	0.9531964	0.1314466
4008	-409.5842	-420.8137	11.22956	0.806687	0.0974924	0.0127068	0.0831136	0.04716115	1.368878	0.7638494	0.6859561
4014	-411.6777	-421.5367	9.859021	0.732639	0.164469	0.027408	0.0754843	0.03553512	0.763567	1.759272	1.12363
4020	-411.2975	-422.1148	10.81727	0.64355	0.241998	0.0240752	0.090376	0.03083444	1.540908	0.733938	0.1775632
4026	-415.7821	-426.0524	10.27026	0.444968	0.235967	0.0671165	0.251949	0.03360344	1.540908	1.398099	0.1841954
4032	-410.5489	-420.8885	10.33959	0.364209	0.348411	0.0604514	0.226929	0.04112617	0.8226604	1.729189	0.07640853
4038	-414.0946	-423.3592	9.264646	0.350789	0.269999	0.0692721	0.309939	0.02954539	1.117554	1.93994	0.07640853
4044	-419.0608	-427.8876	8.826751	0.625864	0.294803	0.00520036	0.0741328	0.3913726	2.355039	0.1749953	3.352169
4050	-415.524	-425.9879	10.46393	0.722502	0.118136	0.0366204	0.122741	0.02805334	0.8857119	1.500425	0.4112857
4056	-414.5749	-423.2577	8.682791	0.722502	0.118136	0.0366204	0.122741	0.02528604	1.980474	1.523412	0.8858811
4062	-413.4829	-423.3376	9.854678	0.66202	0.140552	0.0368936	0.160534	0.02821568	1.125286	1.523412	0.7530956
4068	-409.6422	-419.8347	10.19248	0.754793	0.0840351	0.0163397	0.144832	0.02821568	1.555772	0.99163	0.6263802
4074	-412.3931	-423.4882	11.09514	0.748245	0.0862793	0.0167761	0.1487	0.05270893	1.567444	1.155876	0.3792393
4080	-410.8059	-420.776	9.970121	0.767467	0.0884959	0.0172071	0.12683	0.06080333	1.086041	2.062609	0.898792
4086	-413.6646	-423.6462	9.981538	0.849303	0.0413352	0.0183156	0.091046	0.04650744	1.044577	1.387953	1.63458
4092	-413.5727	-423.9473	10.3746	0.743303	0.162248	0.0160297	0.0784192	0.02985202	1.226691	1.011463	0.830521
4098	-408.7482	-419.7813	11.03312	0.767292	0.137038	0.0184705	0.0771991	0.02422817	0.8375798	0.868159	0.3552427
4104	-406.468	-416.1128	9.644807	0.767292	0.137038	0.0184705	0.0771991	0.02422817	1.317259	0.9072478	1.2354
4110	-414.1068	-422.8483	8.741489	0.54454	0.204483	0.0233121	0.227665	0.02422817	1.522274	1.64466	1.046232
4116	-412.4013	-423.1367	10.73537	0.531115	0.210511	0.0239993	0.234375	0.04864662	0.8514548	1.731247	0.1017218
4122	-409.598	-420.651	11.05303	0.634728	0.16513	0.014606	0.185536	0.03322492	0.9267278	1.221011	0.1627069
4128	-406.2398	-417.5456	11.30581	0.0469034	0.608805	0.0147589	0.329533	0.0371098	1.37954	0.6527403	0.1875597
4134	-415.4195	-427.4931	12.07361	0.173509	0.716982	0.0402804	0.0692278	0.08890412	1.151305	1.111405	0.179391
4140	-413.5522	-425.9227	12.37045	0.218316	0.66708	0.0290319	0.0855718	0.1095693	1.432803	0.6111578	0.2895741
4146	-415.5874	-424.7187	9.131272	0.752318	0.185002	0.0201698	0.0425103	0.07920858	0.7710762	1.113011	5.075219
4152	-417.6067	-429.2799	11.67314	0.579635	0.338155	0.0131304	0.06908	0.3367601	1.391152	0.6789351	1.254118
4158	-419.948	-428.6028	8.654791	0.623184	0.260922	0.00990672	0.105987	0.6619006	1.603414	0.3378919	5.425348
4164	-410.5162	-421.6135	11.09732	0.171567	0.452132	0.0167247	0.359576	0.03757037	1.623676	0.4623381	0.1744409
4170	-408.8506	-420.9714	12.12076	0.863545	0.0879684	0.00230138	0.0461851	0.2755234	1.545575	1.021301	0.4076699
4176	-412.3546	-424.3921	12.0375	0.888552	0.0151454	0.00235132	0.0939514	0.4493021	1.62066	0.8821793	0.4315262
4182	-411.9305	-423.7291	11.79861	0.857537	0.0192781	0.00181278	0.121372	0.370608	1.886644	0.8208629	0.5253845
4188	-408.6877	-420.8716	12.18395	0.785583	0.0347125	0.00212497	0.177579	0.2448826	1.68138	0.6069335	0.5253845
4194	-408.8307	-420.7662	11.93553	0.797482	0.0352383	0.00215716	0.165122	0.271583	2.114512	0.6281662	0.234051
4200	-405.518	-417.1392	11.62128	0.899579	0.0227459	0.00340446	0.074271	0.271583	2.114512	0.5937459	0.6519679
4206	-404.708	-416.403	11.69506	0.894763	0.0249311	0.00360046	0.0767049	0.2785564	2.114512	0.286322	0.1354772
4212	-409.0994	-421.2747	12.17529	0.922153	0.0178431	0.00442431	0.0555796	0.2785564	1.640527	0.6437235	0.5558917
4218	-406.4088	-417.9571	11.5483	0.877728	0.0306887	0.00560462	0.0859782	0.3101213	1.657114	1.249354	0.6039565
4224	-405.4647	-417.5778	12.11309	0.956282	0.0154316	0.00388931	0.0243972	0.3339368	1.839976	0.5141086	0.4249696
4230	-407.9529	-418.9201	10.96713	0.888598	0.0143394	0.0101067	0.0869556	0.3231783	3.006585	0.4061456	0.3848645
4236	-414.0449	-424.786	10.74106	0.887	0.0145451	0.0102517	0.0882032	0.2506558	3.097646	0.2272532	0.2430336
4242	-408.9521	-420.9514	11.99936	0.89828	0.00201339	0.010382	0.0893249	0.2506558	1.910676	0.7007182	0.4344608
4248	-407.6339	-420.013	12.37908	0.968878	0.00167094	0.00688519	0.0225657	0.2130964	1.578962	0.5566441	0.4344608
4254	-403.9104	-416.3426	12.43222	0.950419	0.00191158	0.0053268	0.0423427	0.2985451	1.454688	0.3291156	0.4344608
4260	-411.4989	-423.3957	11.89683	0.848474	0.00157003	0.00624644	0.14371	0.2373812	2.090344	0.3357049	0.3253875
4266	-413.0764	-425.3232	12.2468	0.806416	0.000869637	0.00593681	0.186778	0.2701891	1.546229	0.3357049	0.5459047
4272	-413.62	-424.0909	10.47087	0.806159	0.00118843	0.00593492	0.186718	0.3810838	1.480462	0.71527	2.630029
4278	-410.2478	-421.2351	10.98723	0.735543	0.0010933	0.00545986	0.257903	0.4025769	1.311135	0.9156949	1.895058
4284	-405.2343	-416.661	11.42667	0.904427	0.00376717	0.00916306	0.0826423	0.4025769	1.483114	0.7481451	1.323662
4290	-406.4166	-418.5774	12.16075	0.896187	0.00489416	0.0131609	0.0857578	0.4529394	0.789916	0.9950811	1.014179
4296	-408.5158	-420.5431	12.02731	0.886093	0.0139874	0.0151276	0.0847918	0.6161111	0.6248926	1.121339	1.014179
4302	-408.812	-420.3108	11.49879	0.861321	0.0135963	0.01608	0.109003	0.3703166	0.9574683	1.022257	1.602702
4308	-410.6189	-422.0838	11.46491	0.942744	0.0151542	0.0210025	0.0210997	0.3472036	1.078735	0.9412291	1.613041
4314	-415.3015	-426.3781	11.07662	0.72521	0.03849	0.19257	0.0437304	0.5698964	1.251313	0.8380047	1.736538
4320	-419.9572	-432.0429	12.08571	0.696661	0.0807579	0.180573	0.0420089	0.4185279	0.8598038	0.751478	1.267218
4326	-409.9511	-421.7365	11.78543	0.83261	0.0965173	0.0206662	0.0502066	0.6155235	1.30023	0.7564955	0.9183156
4332	-415.4099	-424.1602	8.750289	0.782109	0.142599	0.036553	0.0387383	0.6319058	1.043194	1.097166	5.813929
4338	-415.7166	-426.5383	10.82163	0.837058	0.0799306	0.0332566	0.0497546	0.4552452	1.247685	1.094376	1.898381
4344	-412.9886	-424.0146	11.02604	0.769	0.0734317	0.00692213	0.150646	0.4552452	0.7806502	0.974356	2.434248
4350	-409.1234	-421.2124	12.08894	0.749936	0.149307	0.0158322	0.084925	0.4239787	0.398812	1.553773	0.8354056
4356	-412.4203	-424.714	12.29368	0.751657	0.15351	0.0204188	0.0744146	0.404931	0.1949057	1.931079	0.2420089
4362	-417.7767	-429.1046	11.32797	0.666535	0.16465	0.120679	0.0481353	0.5176116	0.7564329	1.232899	1.606832
4368	-418.6134	-430.7711	12.1577	0.752861	0.0302236	0.162546	0.0543695	0.4079614	0.5417039	1.04418	1.265976
4374	-413.3757	-424.3917	11.01594	0.823298	0.101357	0.0154994	0.0598448	0.9433588	0.8874516	1.142034	1.422703
4380	-409.6174	-421.7478	12.13039	0.787837	0.00513192	0.00063395	0.206398	0.5209891	1.281239	0.7048456	0.7308491
4386	-411.5075	-424.1495	12.64202	0.751361	0.0161322	0.00655629	0.22595	0.3680658	1.025397	0.7048456	0.6210559
4392	-416.2381	-425.1972	8.959096	0.823938	0.0114233	0.00464252	0.159996	0.4778158	1.510237	0.5287126	5.535644
4398	-414.9837	-425.3087	10.32502	0.62687	0.286561	0.0193301	0.0672389	0.5908567	1.510237	0.4748221	2.607773
4404	-412.0112	-424.8997	12.88844	0.628324	0.287225	0.0170566	0.0673948	0.3450318	0.8923374	0.8612678	0.4100065
4410	-410.2033	-419.7859	9.582528	0.547883	0.320632	0.0407636	0.0907219	0.02256408	1.846629	0.8901027	0.6658469
4416	-413.9702	-423.7953	9.825085	0.630954	0.208059	0.0332549	0.127732	0.02677604	1.34544	1.640999	0.2584574
4422	-417.2978	-428.1769	10.87909	0.630451	0.16294	0.0520721	0.154537	0.04373767	1.451134	1.048634	0.6122538
4428	-409.039	-419.3308	10.29184	0.519342	0.366536	0.0409374	0.0731839	0.02288549	1.451134	0.9489892	0.2602502
4434	-415.1963	-424.9797	9.783411	0.376517	0.28113	0.0945673	0.247786	0.02288806	1.485073	1.031919	0.08876519
4440	-418.3348	-429.2621	10.92725	0.764101	0.140853	0.0298322	0.0652143	0.5001005	0.3412277	1.799244	1.702361
4446	-415.9947	-426.9472	10.95246	0.863055	0.0549257	0.0362545	0.0457652	0.4115936	1.098473	1.474948	1.408676
4452	-417.0262	-428.8516	11.82541	0.425622	0.514884	0.028401	0.0310927	0.1350692	0.5981962	1.26162	1.238778
4458	-414.0827	-426.5011	12.41841	0.679474	0.254728	0.0265398	0.0392574	0.1006931	0.9949717	1.013576	0.3573244
4464	-414.9419	-425.2345	10.2926	0.316277	0.515722	0.0300299	0.137971	0.1135584	1.375765	0.6478133	2.871595
4470	-415.5253	-428.1925	12.66724	0.359056	0.482615	0.0281021	0.130227	0.1108749	0.7343944	0.9988638	0.4597134
4476	-408.7736	-420.6943	11.92075	0.310592	0.629017	0.0478079	0.0125831	0.06550924	1.121922	0.8686389	0.1199108
4482	-409.243	-419.8425	10.59949	0.201008	0.681591	0.0968237	0.0205773	0.03662707	1.214807	0.8317811	1.079134
4488	-408.6836	-419.5165	10.8329	0.120958	0.781725	0.0831052	0.0142123	0.0366103	0.8749433	1.572928	0.3337787
4494	-408.3676	-419.5925	11.22482	0.110203	0.712218	0.0872811	0.0902986	0.05421051	0.5095022	1.817022	0.1319173
4500	-413.2168	-424.4381	11.22131	0.157288	0.602974	0.142393	0.0973449	0.0455499	0.5435076	1.705593	0.1593658
4506	-414.0799	-424.981	10.90113	0.212742	0.422002	0.19646	0.168795	0.04135664	0.8045596	1.705593	0.2102756
4512	-412.3607	-424.2285	11.86788	0.9319	0.030169	0.0223537	0.0155775	0.5058323	1.227732	1.227797	0.5796878
4518	-408.1201	-420.2398	12.11976	0.82985	0.0257038	0.0199059	0.12454	0.4182349	1.248077	0.7349358	0.8488981
4524	-411.2789	-423.2174	11.93845	0.891859	0.0280437	0.0166506	0.0634463	0.301827	1.041914	0.7239009	1.338061
4530	-412.3685	-424.4502	12.08162	0.886935	0.0485615	0.0228975	0.0416063	0.3020718	1.030497	0.8098824	1.132829
4536	-407.9717	-420.2257	12.25398	0.903418	0.0414821	0.0195594	0.0355408	0.4596623	0.6309144	0.8098824	1.246613
4542	-419.95	-430.5384	10.58839	0.345651	0.558097	0.0470139	0.0492379	0.1135594	0.9290163	1.191964	2.366759
4548	-407.6588	-418.2245	10.56568	0.409514	0.378821	0.0810305	0.130635	0.02679519	1.288252	0.8098119	0.6003252
4554	-406.4755	-417.8848	11.40931	0.54696	0.263937	0.063508	0.125595	0.04959303	0.7578256	1.23647	0.08884004
4560	-414.2041	-425.5247	11.32064	0.656647	0.196158	0.101817	0.0453775	0.06687417	0.6533287	1.701667	0.6190615
4566	-407.6786	-418.9137	11.23507	0.51386	0.33195	0.0366826	0.117507	0.04043371	1.073574	0.9113024	0.09536665
4572	-408.24	-419.0025	10.7625	0.452826	0.395166	0.0361637	0.115845	0.04506571	1.234489	1.452423	0.5046799
4578	-410.7984	-421.2884	10.48993	0.663753	0.179753	0.0316852	0.124809	0.026733	1.462169	0.9814967	0.320201
4584	-407.7722	-418.9755	11.20331	0.658823	0.216591	0.0304327	0.0941531	0.04094188	0.3122483	1.598166	0.6611503
4590	-409.3443	-419.8626	10.51827	0.129931	0.585725	0.101224	0.18312	0.026733	1.230394	1.071258	0.1373792
4596	-407.8557	-418.5279	10.67223	0.0411242	0.241502	0.0415037	0.67587	0.026733	1.226056	0.9749127	0.1565993
4602	-417.6214	-427.9594	10.33792	0.605017	0.295494	0.0824477	0.0170412	0.05779128	1.252978	1.389592	1.270905
4608	-411.6076	-422.5876	10.98003	0.464983	0.400256	0.111678	0.0230829	0.04974622	0.636262	1.736881	0.6114861
4614	-408.3784	-417.9402	9.561751	0.225109	0.537053	0.0944418	0.143396	0.02079948	0.9185017	1.07633	0.04917647
4620	-411.2756	-422.7501	11.4745	0.305172	0.561972	0.0841122	0.0487443	0.04004232	0.903374	1.124266	0.3545644
4626	-409.8212	-420.4163	10.59512	0.241882	0.550354	0.0666682	0.141096	0.0239806	1.219335	0.86938	0.4035188
4632	-409.3442	-420.1982	10.85393	0.120553	0.539857	0.0339211	0.305668	0.0239806	0.8393745	0.9066878	0.1269234
4638	-412.0127	-423.7913	11.7786	0.277302	0.416091	0.0914314	0.215175	0.05597465	1.080739	0.9066878	0.1227092
4644	-409.6368	-420.9733	11.33659	0.407528	0.425413	0.0440428	0.123017	0.04968498	1.570534	0.9066878	0.2791578
4650	-409.2434	-421.1709	11.9275	0.627085	0.29044	0.0300691	0.0524059	0.06186283	0.9013268	1.048734	0.5128638
4656	-411.0148	-421.0366	10.02187	0.593107	0.328887	0.0284398	0.0495664	0.02777912	1.320853	1.185698	0.7884831
4662	-409.3148	-419.8732	10.55837	0.684317	0.244651	0.0614023	0.00962987	0.02740255	1.276458	0.8517691	0.6211224
4668	-412.5726	-424.1642	11.59159	0.671998	0.226599	0.0602969	0.0411064	0.04220153	1.077907	0.8724799	0.390424
4674	-412.1955	-423.1095	10.91405	0.521704	0.402122	0.0473019	0.0288723	0.06253234	0.5422061	2.083109	0.513847
4680	-407.9365	-418.5746	10.6381	0.698695	0.153406	0.0473315	0.100567	0.04901083	0.2827615	2.083109	0.7695989
4686	-416.3618	-426.9932	10.63145	0.622222	0.212509	0.0528905	0.112379	0.05330981	0.5021179	2.026572	0.7410812
4692	-412.0576	-423.072	11.01441	0.727158	0.11379	0.0283208	0.130731	0.06276745	0.4542617	1.614741	1.172376
4698	-412.0708	-423.5892	11.51838	0.353826	0.470908	0.106813	0.0684533	0.04898444	0.5927866	1.572202	0.2313377
4704	-410.1407	-420.8991	10.75845	0.505204	0.368415	0.0770206	0.0493603	0.04515184	0.8561077	1.572202	0.719507
4710	-412.3598	-423.3499	10.99016	0.724792	0.212253	0.0465258	0.0164292	0.04792979	0.61657	1.534355	0.8453607
4716	-412.5172	-423.2858	10.7686	0.711614	0.263133	0.0195952	0.00565741	0.04083654	0.3427093	1.585017	1.067781
4722	-408.0642	-419.481	11.41686	0.612246	0.249142	0.0308923	0.107719	0.04765231	0.4198901	1.585017	0.5546023
4728	-410.3765	-421.5923	11.21581	0.677714	0.180426	0.0476591	0.0942001	0.05852662	0.7362232	1.574229	0.6800845
4734	-409.7364	-421.1894	11.45296	0.854667	0.0395824	0.0860022	0.0197483	0.6394282	0.662043	1.045303	1.670597
4740	-413.6027	-423.6925	10.08975	0.705753	0.254646	0.012623	0.026978	0.03227126	1.220118	1.428568	0.7548485
4746	-415.863	-427.2487	11.38567	0.144769	0.655656	0.111407	0.0881674	0.07481021	0.4445589	2.004967	0.4232403
4752	-413.6298	-425.1359	11.50603	0.763659	0.0924614	0.0905544	0.0533255	0.6556503	0.7353235	1.303222	1.174033
4758	-412.0351	-423.5156	11.48042	0.816536	0.0717747	0.0702943	0.0413948	0.3637762	0.6870356	1.577163	1.174033
4764	-417.7577	-429.7859	12.0282	0.264946	0.580118	0.0547002	0.100236	0.0775835	1.387706	0.739227	0.3995938
4770	-417.3497	-429.1055	11.75576	0.822291	0.0935567	0.0453954	0.0387572	0.960199	1.674527	0.5219915	0.2393575
4776	-417.7631	-429.4005	11.63744	0.715452	0.239064	0.0015952	0.0438881	0.9309815	1.799134	0.4097621	0.2196938
4782	-409.199	-419.7801	10.58114	0.191215	0.701054	0.047671	0.0600599	0.02393625	1.236217	0.513156	0.1077927
4788	-418.6528	-429.6117	10.95888	0.285792	0.496863	0.0337862	0.183559	0.03678947	1.466206	0.9847031	0.19178
4794	-408.0003	-419.9343	11.93397	0.85611	0.0173462	8.38053e-05	0.12646	0.4353427	1.653037	0.7026083	0.644902
4800	-408.1363	-420.1088	11.97247	0.781009	0.0264005	0.00012129	0.19247	0.2657407	1.763833	0.3774989	0.09992288
4806	-410.6849	-421.4248	10.73986	0.846675	0.00607447	0.000138479	0.147112	0.1777415	1.711643	0.4004587	2.009059
4812	-413.6534	-426.0838	12.43038	0.754154	0.104272	0.00748012	0.134094	0.5007298	1.375579	0.7240803	0.1917967
4818	-412.4205	-422.7455	10.32505	0.974896	0.0185882	0.00133346	0.00518286	0.2773303	1.512318	0.9268714	2.643963
4824	-404.7075	-416.6143	11.90678	0.974896	0.0185882	0.00133346	0.00518286	0.2214004	1.868349	0.3991382	0.603603
4830	-405.726	-417.4389	11.71284	0.939058	0.0217977	0.00128444	0.0378595	0.3165788	1.785456	0.8696127	0.6994695
4836	-408.5575	-418.7612	10.20368	0.908976	0.0215729	0.00273638	0.0667145	0.2429764	1.497977	1.661825	1.620816
4842	-407.5641	-419.6601	12.09608	0.904968	0.02903	0.00368225	0.0623197	0.3536047	1.811606	0.8022206	0.2636987
4848	-413.3788	-424.3151	10.93626	0.868008	0.0686857	0.00353186	0.0597744	0.3652982	1.920204	0.9589215	1.225733
4854	-408.3111	-420.6971	12.38607	0.823458	0.0651605	0.00335059	0.108031	0.3161186	1.593369	0.7214717	0.2906463
4860	-412.9283	-425.3116	12.38333	0.779939	0.0951787	0.0151506	0.109732	0.4225291	1.323965	0.9636063	0.2869711
4866	-410.4193	-422.9957	12.57641	0.839698	0.0944907	0.0160449	0.0497666	0.4090794	1.118076	0.9888037	0.2869711
4872	-406.9379	-419.6462	12.70827	0.924288	0.0347715	0.00589462	0.0350459	0.37812	1.061562	0.4380787	0.5712939
4878	-411.5586	-423.6991	12.1405	0.864641	0.0656793	0.0111342	0.0585452	0.37812	1.650238	0.6021906	0.5413465
4884	-414.4545	-426.2998	11.8453	0.883179	0.0378354	0.011373	0.0676122	0.6092721	0.9121734	1.320756	0.6919847
4890	-415.0184	-427.6373	12.61892	0.899194	0.0612116	0.023188	0.0164069	0.3287068	1.245647	0.5999426	0.5030298
4896	-411.6347	-424.4653	12.83059	0.894066	0.0550069	0.0208375	0.0300898	0.3485652	0.8457927	1.05377	0.2836324
4902	-411.4282	-423.3843	11.9561	0.879998	0.0108483	0.0030282	0.106125	0.2165473	1.74571	0.3731517	0.6564136
4908	-413.6447	-425.8772	12.2325	0.922168	0.0447478	0.00317332	0.0299106	0.3654047	1.705039	0.7485279	0.2417555
4914	-405.9716	-418.5534	12.58178	0.904129	0.0619682	0.0185558	0.0153469	0.4325502	0.6978992	0.9862588	0.7220295
4920	-404.9335	-417.5479	12.61443	0.93283	0.0146074	0.0372881	0.0152744	0.4026006	0.9037451	0.7291495	0.7220295
4926	-412.4204	-424.5014	12.08105	0.902433	0.0141314	0.036073	0.0473623	0.3517426	0.9936679	1.239321	0.7153913
4932	-413.8495	-425.6562	11.80679	0.804646	0.061617	0.00151098	0.132226	0.3923064	1.307547	1.360686	0.5050611
4938	-405.3205	-416.989	11.66846	0.906355	0.0136528	0.000990119	0.0790025	0.3982327	1.110624	1.360686	0.8204633
4944	-404.1496	-416.078	11.92844	0.891466	0.0134285	0.00206696	0.093039	0.2536385	1.412213	1.290551	0.4349136
4950	-406.6254	-418.4499	11.82452	0.881879	0.0285736	0.00214594	0.0874016	0.3091969	1.051391	1.581353	0.5085708
4956	-403.8645	-415.6563	11.79177	0.88371	0.0286329	0.00773378	0.0799238	0.3091969	1.245591	1.52477	0.419578
4962	-415.6194	-425.4105	9.79105	0.872506	0.0695699	0.0163714	0.0415522	0.8321372	0.9957237	0.7128701	3.868102
4968	-414.7607	-426.8396	12.07884	0.632906	0.13315	0.00834255	0.225601	0.3433029	1.447916	0.5832801	0.8218956
4974	-412.308	-422.8809	10.5729	0.879724	0.0304526	0.0128554	0.0769675	0.4423459	1.871536	0.9773001	1.597333
4980	-408.7675	-420.8584	12.09091	0.883145	0.030571	0.0172435	0.0690407	0.4423459	0.9753477	1.090819	0.8133178
4986	-409.9658	-421.8971	11.93131	0.784754	0.067181	0.0126415	0.135424	0.3882504	0.9002007	0.8533951	1.336075
4992	-412.0423	-424.4452	12.40287	0.83994	0.0499567	0.00940036	0.100703	0.2264243	1.101372	0.88557	0.6952033
4998	-409.2093	-421.3341	12.12483	0.865134	0.0794155	0.0149436	0.0405067	0.4715528	1.075334	0.88557	0.8521994
5004	-416.778	-428.1918	11.41385	0.74758	0.150342	0.0631584	0.0389194	0.615349	1.915391	0.2734597	0.6368547
5010	-413.5224	-424.9918	11.46944	0.07082	0.849644	0.0627759	0.0167604	0.07434022	1.798675	0.608862	0.5821267
5016	-412.7485	-422.1323	9.383754	0.144615	0.76394	0.0445028	0.046943	0.05411401	1.248803	0.6619547	3.57323
5022	-415.0604	-427.212	12.15156	0.881032	0.0547559	0.0314875	0.0327245	0.3345144	1.529144	0.670419	0.6480674
5028	-415.7802	-426.7792	10.99891	0.747044	0.0116285	0.00476272	0.236565	0.4367988	1.707514	0.5587718	1.622615
5034	-407.7807	-419.7497	11.96901	0.800819	0.0116308	0.0125463	0.175003	0.3745727	1.019653	0.8550079	1.176884
5040	-422.1625	-432.2876	10.1251	0.856299	0.0612234	0.00700797	0.0754692	0.3257075	1.644698	0.396608	3.062825
5046	-422.8723	-431.7949	8.92261	0.861114	0.0615676	0.0014251	0.0758935	0.2904733	1.437562	1.231209	4.807059
5052	-406.9859	-419.5469	12.56102	0.903575	0.0100947	0.00809419	0.0782358	0.3908174	0.8471128	0.9745657	0.6456725
5058	-414.889	-425.7617	10.87268	0.907157	0.0101348	0.0123492	0.0703591	0.5029244	1.184093	0.9726952	2.019061
5064	-409.9615	-422.1969	12.23539	0.89863	0.0237829	0.0122331	0.0653544	0.3256465	0.8025617	1.027555	0.9952076
5070	-408.7701	-420.6659	11.89579	0.8402	0.00953029	0.00263044	0.147639	0.2066929	1.473604	0.6709242	0.9611464
5076	-412.2363	-423.8439	11.60767	0.854604	0.0142733	0.00698977	0.124133	0.2674357	1.314564	0.9202322	1.246642
5082	-408.1572	-419.9689	11.81172	0.940131	0.0213963	0.00662344	0.031849	0.298583	1.654983	0.5845242	0.9031393
5088	-404.6295	-417.14	12.51049	0.928306	0.0339755	0.00654013	0.031178	0.2748351	1.42228	0.6096227	0.453181
5094	-403.1102	-415.7706	12.66039	0.92334	0.0337525	0.0118959	0.0310112	0.3250598	1.025716	0.6643138	0.6511769
5100	-407.364	-419.1293	11.76535	0.907016	0.0331557	0.0116856	0.0481429	0.2566168	1.384336	0.5042655	1.251127
5106	-407.2621	-419.5148	12.25265	0.789619	0.0750162	0.0264391	0.108925	0.3031275	1.800957	0.5816803	0.226685
5112	-411.7371	-422.2572	10.52003	0.789619	0.0750162	0.0264391	0.108925	0.746115	0.9384827	1.343415	1.920457
5118	-408.2556	-418.9257	10.67009	0.831441	0.0479746	0.00588958	0.114695	0.3428976	1.062683	1.506597	1.80177
5124	-405.8187	-417.4754	11.65667	0.859777	0.0326055	0.0171431	0.0904743	0.3430841	1.589742	0.5810021	1.100335
5130	-410.911	-422.7786	11.86756	0.77744	0.025634	0.0161107	0.180815	0.3097374	1.869829	0.5385956	0.6497444
5136	-413.7958	-425.9766	12.18076	0.768385	0.0552557	0.0347275	0.141632	0.455575	1.534324	0.5385956	0.5642372
5142	-410.6804	-421.1442	10.4638	0.818828	0.042449	0.0157568	0.122966	0.5610781	0.6821472	2.492061	0.09752778
5148	-414.653	-426.932	12.27896	0.813785	0.0692136	0.0256917	0.0913097	0.4519917	0.3206821	1.775698	0.1600465
5154	-412.8857	-424.269	11.38321	0.840229	0.0796378	0.0169251	0.0632083	0.4732893	1.485551	0.5485707	1.396235
5160	-407.3311	-418.6954	11.36426	0.832784	0.048893	0.0112324	0.107091	0.2597972	1.667025	0.4145218	1.362416
5166	-408.2328	-419.3162	11.08337	0.892858	0.030634	0.00929794	0.0672098	0.2060733	1.312388	0.6649833	2.094233
5172	-410.7547	-423.3306	12.57586	0.827071	0.0419731	0.0179571	0.112999	0.3854264	0.7817115	1.052624	0.622827
5178	-411.9922	-423.2027	11.21049	0.72686	0.0543503	0.00454778	0.214242	0.4945494	0.6875392	1.982866	0.7482367
5184	-415.156	-426.6403	11.48434	0.904924	0.0632887	0.00529571	0.0264917	0.4945494	0.2857515	2.067812	0.7482367
5190	-411.1346	-423.3728	12.23814	0.905754	0.0683922	0.00530057	0.0205532	0.3885551	0.816021	1.543273	0.2495714
5196	-408.2287	-420.1223	11.8936	0.905754	0.0683922	0.00530057	0.0205532	0.4330139	1.300013	1.319333	0.4400125
5202	-406.1888	-418.3986	12.20986	0.890855	0.0762099	0.00519104	0.0277441	0.3961676	1.144196	1.098846	0.5706216
5208	-408.8445	-420.4561	11.61155	0.835151	0.0540167	0.0278318	0.0830002	0.3443	0.9372468	0.9105987	1.643065
5214	-413.0286	-424.2123	11.18368	0.762378	0.0755058	0.0407101	0.121406	0.3448795	1.399061	1.096523	1.386554
5220	-409.7102	-421.52	11.8098	0.946745	0.0259193	0.00698241	0.0203534	0.3448795	0.8373389	1.277471	1.09317
5226	-414.1341	-426.5652	12.43111	0.927248	0.0317278	0.0112834	0.0297413	0.6349352	0.9833291	0.8984066	0.4749256
5232	-411.4721	-422.8168	11.34469	0.27799	0.490794	0.0895559	0.141661	0.07346875	0.3742728	1.923499	0.09902679
5238	-414.7577	-425.0264	10.26869	0.539094	0.313306	0.0571694	0.0904313	0.05504769	1.037649	1.923499	0.7570579
5244	-417.2744	-429.3936	12.11913	0.724513	0.213149	0.0574191	0.00491862	0.08325437	0.1540856	1.677272	0.1150082
5250	-407.8055	-419.1749	11.36945	0.713197	0.20982	0.0565222	0.0204609	0.05201684	0.5440164	1.677272	0.1398996
5256	-409.1107	-419.0752	9.964503	0.72663	0.213772	0.0295761	0.0300221	0.04158276	0.6660074	1.585921	1.624444
5262	-407.5371	-418.656	11.11894	0.567232	0.297908	0.0350243	0.0998349	0.05085875	0.4035084	1.840662	0.5829891
5268	-411.1644	-422.5683	11.40381	0.432064	0.226919	0.0266782	0.314339	0.05085875	0.2393308	1.578157	0.07711068
5274	-410.6454	-421.4644	10.81896	0.116727	0.299052	0.0457044	0.538516	0.03407524	0.3358269	1.578157	0.08024784
5280	-410.8732	-423.187	12.3138	0.811238	0.0437867	0.0131497	0.131826	0.3314722	1.144097	1.135545	0.1333577
5286	-411.6542	-423.4994	11.84515	0.847048	0.0548695	0.0137301	0.0843522	0.3314722	1.87372	0.8041835	0.1190797
5292	-416.2085	-426.8807	10.67218	0.221737	0.664513	0.0793099	0.0344399	0.04083247	1.214799	1.440932	0.503307
5298	-411.951	-424.4487	12.4977	0.0707403	0.799652	0.0810841	0.0485241	0.06561606	0.7286824	0.8652241	0.3173905
5304	-414.0904	-426.8265	12.73611	0.353269	0.544615	0.0638851	0.0382316	0.2254819	0.577276	1.373388	0.332351
5310	-413.0691	-424.7525	11.68338	0.786547	0.168996	0.0287709	0.015687	0.933569	0.4214295	1.214401	1.125014
5316	-410.7705	-422.8335	12.06295	0.76005	0.209869	0.0191464	0.0109343	0.4784579	0.7620242	0.8588153	1.24944
5322	-416.2053	-428.0694	11.86414	0.714805	0.0494567	0.0087191	0.227019	0.3104631	0.9611205	1.268963	0.9446261
5328	-417.1219	-429.2738	12.15192	0.733986	0.0239495	0.00895307	0.233111	0.2481704	1.146189	0.8929436	0.8895819
5334	-416.6083	-427.121	10.51272	0.847361	0.000997373	0.0245179	0.127123	0.6590439	0.7832114	0.8636133	3.073167
5340	-419.0107	-430.3243	11.31356	0.655851	0.164463	0.0318832	0.147803	0.4955023	1.525371	0.4615138	1.406793
5346	-418.0649	-428.2347	10.16983	0.280465	0.347513	0.0353887	0.336633	0.07871598	1.392245	0.6536599	2.623861
5352	-415.1293	-425.4883	10.35902	0.92263	0.00183011	0.0311536	0.0443867	0.5266237	0.6566744	1.745905	2.094348
5358	-407.2704	-419.1917	11.92135	0.834354	0.0049247	0.0531394	0.107581	0.5140608	0.7476984	1.411074	0.760447
5364	-409.5099	-421.9952	12.4853	0.855184	0.00270896	0.0853254	0.0567818	0.4499242	1.09679	0.8710326	0.51953
5370	-424.405	-432.8954	8.490426	0.441392	0.297628	0.00190032	0.25908	0.3087136	1.455966	0.9494484	6.588158
5376	-421.1679	-431.6244	10.4565	0.686931	0.186973	0.00236189	0.123734	0.3818267	1.466975	0.9494484	2.392303
5382	-416.35	-428.2067	11.85675	0.732796	0.199456	0.00251959	0.0652281	0.2863336	1.38698	0.5967242	1.127983
5388	-419.89	-430.5509	10.66091	0.688706	0.248004	0.0097529	0.0535372	0.3175387	1.540625	0.6608396	2.363417
5394	-408.5753	-421.039	12.46372	0.947179	0.0359568	0.00926637	0.00759765	0.2595245	1.540625	0.7229564	0.2590884
5400	-409.449	-421.9866	12.53762	0.961416	0.0206672	0.00808497	0.00983197	0.2757204	1.483514	0.6895675	0.2590884
5406	-413.0698	-425.0744	12.00458	0.961416	0.0206672	0.00808497	0.00983197	0.3714974	0.9408028	0.9023773	1.181952
5412	-414.8492	-425.7059	10.85676	0.833748	0.0655915	0.0256653	0.0749949	0.7361416	0.9742624	1.547863	1.182301
5418	-417.601	-429.4811	11.88011	0.834717	0.0525015	0.0376998	0.075082	0.3632619	0.8974349	1.701181	0.3998188
5424	-421.1096	-432.0167	10.90708	0.141907	0.703377	0.0946192	0.0600968	0.06500258	2.211391	0.7176894	0.5545615
5430	-417.9668	-429.7446	11.77778	0.0516415	0.744843	0.124463	0.0790521	0.08098428	0.9958952	1.051585	0.798559
5436	-420.592	-429.0975	8.505465	0.0541179	0.879366	0.0231466	0.0433698	0.180497	1.257169	0.9183865	7.126052
5442	-413.1008	-424.4674	11.36658	0.411047	0.4158	0.0299529	0.143201	0.1048638	1.556441	0.457368	1.193167
5448	-419.9745	-427.2284	7.253897	0.133608	0.671674	0.0250675	0.169651	0.07052301	1.645292	0.682029	8.682239
5454	-412.3069	-424.7999	12.49301	0.0191946	0.675453	0.0474218	0.257931	0.127836	1.262799	0.7392802	0.3939594
5460	-416.0472	-428.3028	12.2556	0.0302551	0.76668	0.102452	0.100613	0.1117848	1.068116	0.7389049	0.7505271
5466	-419.4081	-431.8482	12.44009	0.0513789	0.818403	0.0745108	0.0557074	0.1693619	0.7513993	1.07912	0.7620271
5472	-416.5624	-426.2884	9.725975	0.523241	0.153404	0.00722198	0.316133	0.04881469	1.445987	0.913263	2.21196
5478	-411.9898	-423.8597	11.86996	0.410531	0.267928	0.0404207	0.281121	0.0531645	1.299206	0.6268742	0.2124281
5484	-415.7116	-426.8618	11.15016	0.163289	0.526396	0.0334586	0.276857	0.06245034	1.565218	1.009876	0.09454633
5490	-406.8004	-418.1236	11.32315	0.237263	0.318082	0.0293377	0.415318	0.04015696	1.309693	0.8791286	0.1836472
5496	-412.9074	-425.1271	12.21973	0.210238	0.640686	0.0633966	0.08568	0.06928474	0.4777332	1.318203	0.1430186
5502	-416.0238	-427.3652	11.34144	0.641748	0.21159	0.0177577	0.128904	1.119681	0.04759624	1.509563	1.293276
5508	-417.3201	-429.5029	12.18282	0.276335	0.631126	0.0529675	0.0395716	0.5699654	0.02500087	1.509563	1.027823
5514	-419.6989	-431.0963	11.39743	0.102852	0.475661	0.100285	0.321203	0.04454162	1.597124	0.5128224	0.2689226
5520	-415.9883	-427.8969	11.90857	0.510773	0.453857	0.0093535	0.0260171	0.6182033	0.05079499	1.99021	0.5588201
5526	-417.3043	-426.2952	8.990963	0.7392	0.185261	0.00381804	0.071721	0.5861052	0.03583333	2.678859	2.821238
5532	-418.1883	-430.0238	11.83552	0.133435	0.312227	0.0188276	0.535511	0.05570566	0.7831196	1.257557	0.1751416
5538	-418.605	-430.2737	11.66863	0.159543	0.538868	0.118213	0.183376	0.03780235	0.4910342	1.257557	0.1900014
5544	-413.9294	-424.601	10.67167	0.0496519	0.631869	0.10609	0.212389	0.03780235	0.7050304	1.847289	0.2031134
5550	-415.4778	-427.6786	12.20086	0.189104	0.671001	0.00733318	0.132561	0.1721788	1.673898	0.3819811	0.4495774
5556	-416.4049	-427.5645	11.15951	0.278763	0.607978	0.00120976	0.112048	0.1235097	1.381289	0.4313148	1.730827
5562	-417.6849	-428.3875	10.70258	0.561963	0.234534	0.0654803	0.138023	0.07024803	0.3168849	2.241797	0.8049146
5568	-412.9442	-423.4305	10.48634	0.524511	0.218904	0.0659555	0.19063	0.07024803	0.6075681	2.303995	0.6425533
5574	-414.0135	-425.2772	11.26378	0.60973	0.198455	0.00865824	0.183157	0.04914021	0.5607757	1.553266	0.6425533
5580	-415.118	-425.647	10.52905	0.818059	0.00498968	0.071092	0.10586	0.6288826	0.5672566	1.490171	2.327402
5586	-414.903	-425.3531	10.45007	0.807602	0.00710392	0.0701832	0.115111	0.8075736	0.6099267	1.373045	2.327402
5592	-415.1859	-427.4678	12.28186	0.854176	0.0236787	0.0249235	0.0972222	0.7484914	0.1844322	1.373045	0.7659345
5598	-410.651	-422.8788	12.22776	0.804874	0.0973901	0.0199428	0.0777933	0.5074223	0.1020938	1.373045	1.151133
5604	-417.1983	-429.2616	12.06333	0.487841	0.412404	0.0249326	0.0748225	0.08608892	0.7558638	1.182576	0.6648092
5610	-414.1694	-425.8593	11.6899	0.453937	0.342876	0.0203584	0.182829	0.05553513	1.288132	0.9255411	0.3538773
5616	-414.3112	-424.1905	9.879235	0.696566	0.183973	0.0529147	0.0665467	0.02650441	1.198802	0.8124586	1.358253
5622	-412.2858	-422.8669	10.58108	0.421837	0.301232	0.122665	0.154266	0.0309901	1.168098	0.8432999	0.8922206
5628	-407.9454	-418.2238	10.27845	0.396725	0.432272	0.0786305	0.0923725	0.02382724	1.217493	0.8375176	0.08626419
5634	-406.032	-416.8676	10.8356	0.795419	0.156893	0.0295951	0.0180928	0.03965247	1.334723	1.173184	0.5109363
5640	-406.8882	-416.1002	9.211986	0.690923	0.229895	0.0395206	0.0396612	0.02560693	1.275984	1.978905	0.4483936
5646	-412.7076	-422.4751	9.767492	0.424008	0.424702	0.0754067	0.0758834	0.02539399	1.452686	1.521631	0.3301536
5652	-415.9107	-425.6183	9.707584	0.207915	0.543365	0.0540292	0.194691	0.02787032	1.395685	1.715889	0.3301536
5658	-417.2737	-427.9604	10.68671	0.169675	0.468229	0.190592	0.171504	0.04192004	0.9429471	1.715889	0.1524997
5664	-418.4877	-430.7627	12.27499	0.672893	0.0889811	0.0147715	0.223354	0.3179616	1.371358	0.9370667	0.126805
5670	-413.4844	-424.0378	10.55341	0.0467766	0.816928	0.131452	0.00484282	0.04537506	0.6433125	1.833159	0.08193562
5676	-414.6754	-425.6163	10.94094	0.116553	0.744038	0.134456	0.00495348	0.03221665	1.260371	0.9704064	0.1604916
5682	-412.6684	-424.6017	11.9333	0.869659	0.0171076	0.00361164	0.109622	0.4431619	0.9372984	1.152898	0.9354916
5688	-413.6837	-425.2556	11.57189	0.844577	0.0354292	0.00747959	0.112514	0.2860883	1.770041	0.7714543	0.9354916
5694	-415.4025	-424.9041	9.501625	0.818355	0.0270971	0.0166668	0.137881	0.2325507	2.883919	0.06330031	0.8153934
5700	-416.7421	-428.658	11.91584	0.826679	0.111138	0.0136573	0.0485263	0.2971191	0.5691386	1.124381	1.492661
5706	-413.2591	-424.2315	10.97242	0.896115	0.061424	0.00754818	0.0349131	0.8810797	0.9095344	1.163275	1.492661
5712	-415.9097	-425.6877	9.77799	0.813783	0.140637	0.0238236	0.0217567	0.9091759	1.059536	1.304042	2.631883
5718	-416.6101	-427.7313	11.12119	0.872531	0.0808023	0.0233398	0.0233274	1.342872	0.4745205	1.357017	1.064991
5724	-408.9913	-421.1105	12.11925	0.864234	0.0800339	0.0231179	0.0326142	0.4855286	0.1867973	1.472552	1.064991
5730	-411.5685	-423.0905	11.52202	0.798836	0.0480625	0.0107238	0.142377	0.3713673	1.644619	0.9391307	0.9233448
5736	-409.1333	-420.1927	11.05945	0.709385	0.0519675	0.0155361	0.223111	0.360233	0.9461798	1.092767	2.092773
5742	-410.0166	-420.995	10.97841	0.866433	0.0388068	0.0118999	0.0828599	0.427336	0.993204	1.45397	1.515342
5748	-408.5797	-420.223	11.64332	0.80446	0.0789992	0.0222364	0.0943041	0.523499	0.216914	1.327971	1.731415
5754	-407.2547	-418.4097	11.15503	0.893954	0.0192342	0.0127333	0.0740782	0.4399593	0.6637091	2.123215	0.6720205
5760	-406.1201	-418.3531	12.23302	0.845565	0.0282877	0.00519043	0.120957	0.4399593	0.5664495	1.43801	0.6720205
5766	-415.0994	-427.8507	12.75131	0.802813	0.0748864	0.00745978	0.114841	0.3462827	0.3639681	1.519039	0.2756391
5772	-425.1099	-434.1407	9.030809	0.836411	0.0361693	0.00777198	0.119647	0.5591739	0.8779244	3.023833	1.004165
5778	-418.1744	-427.1853	9.010979	0.79776	0.0344979	0.00741282	0.16033	0.5538553	0.8716692	3.184326	0.7729397
5784	-407.8982	-419.0487	11.15052	0.864406	0.0256664	0.0363825	0.073545	0.4093309	1.001914	1.427988	1.366087
5790	-410.2597	-423.085	12.82523	0.895072	0.0476988	0.0409109	0.0163183	0.4006145	0.1756658	1.068103	0.9361025
5796	-407.0081	-418.5831	11.57508	0.911254	0.0304824	0.0416505	0.0166133	0.4006145	0.667797	1.068103	1.775623
5802	-410.2775	-422.4502	12.1727	0.835607	0.0346073	0.0743939	0.0553915	0.4810534	0.8379532	1.068103	0.8547345
5808	-408.3092	-421.1218	12.81261	0.791467	0.0318793	0.0543603	0.122294	0.3881943	0.4936029	1.068103	0.6538233
5814	-410.2793	-422.0961	11.81688	0.888555	0.0355242	0.00104824	0.0748722	0.2518602	1.733751	0.875721	0.6632438
5820	-409.5685	-421.9128	12.34426	0.903169	0.0361085	0.00146182	0.059261	0.3065514	1.592996	0.8000157	0.2632603
5826	-414.3629	-426.4329	12.07004	0.781963	0.112533	0.00724684	0.0982575	0.4228714	1.195142	1.358455	0.2700178
5832	-407.02	-418.6518	11.6318	0.870594	0.00835038	0.008315	0.11274	0.2673962	1.633042	1.109963	0.7132518
5838	-409.8292	-422.469	12.63978	0.830094	0.0572586	0.00515235	0.107495	0.3002498	0.8936399	1.109963	0.4418164
5844	-419.4169	-430.6759	11.259	0.850266	0.0586501	0.026505	0.0645788	0.5085465	0.3748588	2.42076	0.2250059
5850	-413.1717	-424.4654	11.2937	0.788509	0.0312867	0.0298125	0.150392	0.3143752	1.182467	1.511484	0.9812307
5856	-417.3746	-427.9692	10.59459	0.844119	0.0298208	0.0208551	0.105205	0.4679626	1.572383	1.735198	0.8618933
5862	-407.2861	-419.7957	12.50955	0.912994	0.0360518	0.00802979	0.0429249	0.2617225	1.195649	0.7976873	0.575489
5868	-411.4848	-423.0601	11.57527	0.91359	0.035422	0.00803504	0.0429529	0.5610792	1.307211	1.173526	0.7882228
5874	-416.1891	-425.8791	9.689955	0.773739	0.0951429	0.0157475	0.115371	0.3364696	1.293897	0.9795221	4.016949
5880	-410.9037	-422.4319	11.52814	0.842573	0.103607	0.0171484	0.0366719	0.3759687	1.41367	0.9795221	1.106769
5886	-408.6341	-420.6544	12.0203	0.845282	0.100725	0.0172035	0.0367898	0.6263281	1.42718	0.9795221	0.3600569
5892	-408.9708	-420.7769	11.80612	0.941573	0.0345037	0.00762251	0.0163008	0.388946	1.0407	1.119378	1.043884
5898	-410.5845	-421.9705	11.38602	0.838518	0.0418599	0.105106	0.0145166	0.55781	1.389846	0.7090119	1.333343
5904	-413.069	-424.3875	11.31857	0.337012	0.616516	0.0278002	0.0186716	0.1414932	1.261984	0.6844193	1.705062
5910	-414.0412	-425.0197	10.97842	0.79423	0.0341075	0.0395148	0.132148	0.3232798	1.732932	0.605023	1.70727
5916	-412.6487	-423.8356	11.18687	0.90389	0.0327459	0.0305071	0.0328568	0.412937	1.26289	0.7331591	1.872408
5922	-410.1699	-422.423	12.25305	0.856808	0.0382132	0.00411841	0.10086	0.294984	0.9027521	1.228697	0.6805511
5928	-410.8841	-422.4645	11.58035	0.856055	0.0141398	0.00142281	0.128382	0.3102942	2.378373	0.7317484	0.1935936
5934	-415.8588	-427.8355	11.9767	0.339892	0.320952	0.0113192	0.327837	0.07116747	1.232397	0.5846046	0.1039728
5940	-408.078	-419.9743	11.89628	0.838423	0.0303742	0.0143147	0.116888	0.4070668	0.912716	1.186254	0.9906006
5946	-407.1676	-418.7318	11.56424	0.86997	0.0343776	0.0114653	0.0841874	0.246947	1.457635	0.9150333	1.147444
5952	-409.2151	-421.1169	11.90183	0.880794	0.00446922	0.0157357	0.0990014	0.5140256	1.791531	0.4707806	0.5307549
5958	-406.9908	-418.9954	12.00461	0.928067	0.00205567	0.0244	0.0454773	0.2804016	1.607006	0.4213282	0.769026
5964	-408.1651	-420.2042	12.03913	0.828352	0.0646482	0.00420726	0.102792	0.4184022	1.557863	0.6918513	0.6555865
5970	-406.4893	-418.4636	11.97431	0.818983	0.0468692	0.00242614	0.131722	0.4184022	1.351541	0.7548345	0.8766762
5976	-406.4192	-418.9083	12.48908	0.82787	0.05284	0.0155686	0.103721	0.3776413	0.950318	0.7548345	0.8001969
5982	-409.3682	-420.7956	11.42736	0.908039	0.00517619	0.0323846	0.0544006	0.3776413	1.366738	0.7548345	1.47157
5988	-410.1944	-422.5105	12.31607	0.896794	0.00511209	0.0319835	0.0661107	0.4190862	0.9229914	0.7760352	0.9465346
5994	-409.9153	-421.9865	12.0712	0.891551	0.0109282	0.0317966	0.0657242	0.3428718	1.375628	0.5086774	0.9114129
6000	-414.3756	-424.6251	10.24942	0.793493	0.126937	0.0323898	0.0471798	0.3691962	1.43036	0.6342314	3.156824
6006	-409.1763	-420.9479	11.7716	0.858368	0.060249	0.0496933	0.0316896	0.3691962	1.43036	0.6726073	1.089236
6012	-406.5809	-418.7097	12.12888	0.927757	0.0115186	0.030105	0.0306191	0.3691962	0.9498218	0.8530932	1.089236
6018	-411.7705	-423.372	11.60148	0.841598	0.0104489	0.0273092	0.120644	0.3361001	1.664159	0.5655026	1.089236
6024	-410.3508	-422.123	11.77221	0.937815	0.0329626	0.0148264	0.0143962	0.3361001	1.87136	0.5187978	0.7264397
6030	-411.9425	-424.499	12.55648	0.757134	0.129036	0.00689433	0.106936	0.32556	1.434728	0.5525884	0.3800347
6036	-416.7524	-428.703	11.95061	0.639304	0.108954	0.00582139	0.245921	0.32556	2.06978	0.4058627	0.2020681
6042	-405.4717	-417.5456	12.07399	0.867982	0.0053936	0.00299069	0.123634	0.1883178	1.910609	0.6698938	0.1989049
6048	-409.407	-420.9588	11.55181	0.867982	0.0053936	0.00299069	0.123634	0.2191448	1.760179	0.8284789	0.9220656
6054	-407.8483	-419.9295	12.08125	0.94072	0.0169247	0.00324131	0.0391141	0.2391557	1.337013	0.8613725	0.7992263
6060	-409.7244	-422.1801	12.45564	0.913963	0.0162967	0.00767962	0.0620609	0.2747985	1.220758	0.8073643	0.5938907
6066	-407.1885	-418.8398	11.65127	0.898377	0.0112998	0.00754867	0.0827742	0.2960896	1.224782	0.7894425	1.40762
6072	-406.8185	-419.2654	12.4469	0.881823	0.0167948	0.0134364	0.0879456	0.3787025	1.413039	0.7387991	0.3957563
6078	-411.6936	-423.1339	11.44023	0.834821	0.038634	0.0127202	0.113825	0.3787025	2.335485	0.2364815	0.3255815
6084	-421.271	-431.2678	9.996757	0.305402	0.418928	0.0864253	0.189244	0.03979525	1.349798	0.7984895	1.764962
6090	-408.2936	-419.5128	11.2192	0.207108	0.507759	0.0430092	0.242124	0.04017259	1.406276	0.8327863	0.1561838
6096	-407.1804	-419.0547	11.87424	0.0758824	0.32532	0.0263003	0.572497	0.05158155	0.6135298	1.158558	0.1178613
6102	-407.6501	-418.22	10.56995	0.118912	0.274447	0.0261983	0.580442	0.03081441	0.8876732	1.274846	0.08638091
6108	-406.841	-417.6185	10.77751	0.190555	0.261181	0.0345882	0.513676	0.02765247	0.8652273	1.179383	0.1260638
6114	-410.1566	-420.4861	10.32949	0.510359	0.343046	0.0317614	0.114833	0.0276445	1.1996	1.404221	0.2115305
6120	-414.7075	-424.3463	9.638775	0.531981	0.354812	0.0842928	0.0289144	0.02316154	0.9893091	1.513873	0.7889036
6126	-418.1262	-427.8175	9.691234	0.252928	0.543616	0.129147	0.0743089	0.02316154	1.152662	1.676562	0.3420522
6132	-417.7299	-426.921	9.191166	0.861171	0.0508465	0.0382703	0.0497122	0.3859845	1.4542	0.8353378	4.942572
6138	-414.2361	-423.6043	9.368249	0.873431	0.010981	0.0426531	0.0729345	0.4658042	1.310484	1.426239	3.40938
6144	-409.0664	-420.332	11.26564	0.206374	0.475705	0.0844932	0.233428	0.04488938	1.188769	0.8883719	0.09414671
6150	-413.3639	-424.4917	11.12784	0.935816	0.00337322	0.00495268	0.0558578	0.4251311	1.202479	0.8293885	1.92368
6156	-416.2561	-427.2721	11.01602	0.868408	0.00999088	0.0204671	0.101134	0.5452236	0.8304715	1.560348	1.364914
6162	-412.0443	-423.8951	11.8508	0.83259	0.112132	0.00785654	0.047422	0.3584609	1.710659	0.4070538	0.771921
6168	-410.2055	-421.248	11.04245	0.816289	0.0195166	0.00366686	0.160528	0.2584817	2.033643	0.8858081	1.117962
6174	-411.958	-422.455	10.49697	0.734596	0.0297052	0.0052637	0.230435	0.3279671	1.357528	1.612837	1.491357
6180	-413.0519	-423.5458	10.49391	0.809092	0.0324051	0.00140416	0.157098	0.3773777	0.9667439	1.864905	1.492293
6186	-405.875	-416.8288	10.95382	0.842061	0.026809	0.00116167	0.129968	0.3740551	0.9419065	1.736189	1.218516
6192	-414.1096	-425.3145	11.20496	0.565484	0.221308	0.0328524	0.180356	0.07057877	0.6070881	1.774957	0.7213005
6198	-414.6956	-425.2005	10.50485	0.746397	0.0659786	0.0063892	0.181235	0.06817149	0.8911499	1.27737	1.862227
6204	-416.2204	-427.8461	11.6257	0.341089	0.40016	0.0220664	0.236685	0.07781136	1.083116	1.145141	0.7317023
6210	-415.8137	-426.5138	10.70016	0.823233	0.0542523	0.0134071	0.109108	0.03699728	1.023934	1.145141	0.8774533
6216	-420.334	-431.3817	11.04779	0.538148	0.290965	0.0146207	0.156266	0.07900677	0.544782	2.228123	0.3533424
6222	-411.9646	-422.3321	10.36747	0.914448	0.000829317	0.00269463	0.0820277	0.2164702	2.249139	0.3449571	1.79152
6228	-410.6603	-421.9653	11.305	0.947773	0.00379091	0.00185345	0.0465831	0.2002811	2.009512	0.5839821	1.046379
6234	-414.8699	-425.354	10.48409	0.0459672	0.480294	0.0999064	0.373832	0.05215548	0.1858555	2.408092	0.1058746
6240	-410.9149	-423.3625	12.44764	0.871083	0.0225607	0.00126589	0.105091	0.3389893	1.289407	0.7236775	0.5630914
6246	-416.3669	-427.9293	11.5624	0.867166	0.0283538	0.00133122	0.103149	0.4629485	0.9270603	1.317083	1.103726
6252	-410.9818	-422.8118	11.83002	0.90088	0.0294561	0.00138298	0.068281	0.3376596	1.07348	1.301513	0.8152356
6258	-412.2443	-424.9526	12.70835	0.849128	0.0689863	0.0362778	0.045608	0.3457243	0.3397222	1.444347	0.4985718
6264	-418.5433	-429.6251	11.08179	0.786915	0.0639319	0.0313281	0.117825	0.5428111	0.7005672	1.975464	0.822504
6270	-414.6696	-425.3564	10.68681	0.937853	0.0202485	0.0034625	0.0384359	0.2585241	1.414904	1.048565	2.089351
6276	-412.3399	-423.9277	11.58783	0.893887	0.0192993	0.00330018	0.0835139	0.2271081	1.42634	0.8521586	1.209158
6282	-410.72	-422.7764	12.05638	0.960491	0.0207373	0.00354607	0.0152258	0.2875448	1.297963	0.792998	0.9076344
6288	-409.0404	-421.4572	12.41679	0.928228	0.0400113	0.00587119	0.0258898	0.369494	0.8534314	0.8684963	0.8852211
6294	-416.4966	-427.2656	10.76904	0.792936	0.0503547	0.00860055	0.148108	0.3546694	1.239716	1.000605	2.227308
6300	-414.8655	-426.1179	11.25245	0.902273	0.057298	0.00978648	0.030642	0.4720654	1.081188	1.049979	1.608145
6306	-414.5444	-426.9524	12.40799	0.828836	0.0602839	0.0132291	0.0976508	0.2840505	0.796607	1.059916	0.8179307
6312	-420.0485	-431.8645	11.81606	0.76609	0.0567136	0.00362697	0.173569	0.7145693	0.1143266	1.593895	1.038521
6318	-411.6192	-423.0965	11.47733	0.827328	0.0213758	0.00282067	0.148475	0.5868081	0.065361	1.593895	1.613084
6324	-407.3521	-419.8312	12.47907	0.806544	0.0347577	0.001766	0.156932	0.6104188	0.02724805	1.289893	0.9690851
6330	-411.1159	-422.3873	11.27138	0.882427	0.0177603	0.0114096	0.0884032	0.279384	1.35778	0.8315558	1.665652
6336	-415.9313	-427.9303	11.99894	0.726445	0.0793641	0.0423136	0.151878	0.4868327	1.319396	1.235853	0.3493377
6342	-411.9289	-423.5604	11.63157	0.753392	0.0459339	0.000722559	0.199952	0.3207703	0.7862267	1.995377	0.1833614
6348	-408.4082	-420.6293	12.22117	0.681432	0.0526375	0.0030064	0.262924	0.310777	1.37388	0.7696531	0.6843869
6354	-406.3776	-418.3319	11.95433	0.840786	0.065601	0.00374682	0.0898661	0.310777	1.656098	0.8155825	0.6378458
6360	-410.4855	-422.4272	11.94177	0.830683	0.0169308	0.0103845	0.142001	0.2504795	1.971177	0.7263003	0.1528095
6366	-413.2106	-425.5917	12.38108	0.881362	0.0179637	0.0110181	0.0896566	0.3976321	1.318385	0.9010087	0.4182084
6372	-411.4095	-423.3054	11.8959	0.801562	0.146147	0.00602479	0.0462661	0.5291498	0.6542935	1.326541	0.9643508
6378	-409.6528	-419.9885	10.33568	0.882232	0.0559894	0.00347743	0.058301	0.4552025	0.8309148	2.062944	1.413468
6384	-410.7024	-421.9287	11.2263	0.918399	0.020992	0.00361999	0.0569892	0.4857019	1.23555	1.52296	0.8444323
6390	-404.8424	-416.6349	11.79247	0.921688	0.016833	0.0042856	0.0571933	0.214416	1.318514	0.9254764	1.036813
6396	-404.6445	-416.6003	11.95581	0.921505	0.0168297	0.00448302	0.0571819	0.4045434	1.162411	1.424661	0.4023336
6402	-408.1792	-419.7073	11.52808	0.903561	0.0309801	0.00939041	0.0560684	0.3901527	1.842167	1.231992	0.4023336
6408	-403.7868	-415.6183	11.83149	0.865572	0.0305413	0.00805615	0.0958303	0.3901527	0.8545407	1.641918	0.5594856
6414	-405.0283	-417.1966	12.16836	0.830072	0.0335656	0.00772574	0.128637	0.3362202	1.383763	1.111173	0.1592091
6420	-409.1732	-419.4961	10.32292	0.931237	0.00290689	0.00191304	0.0639432	0.3362202	1.661104	1.182853	2.007649
6426	-408.866	-420.8423	11.97627	0.860354	0.00233798	0.00529068	0.132018	0.3033247	1.661104	0.5562577	0.7441626
6432	-411.7589	-423.7729	12.01398	0.892016	0.0106771	0.0198755	0.077431	0.3526482	1.27908	1.053805	0.7058659
6438	-411.6415	-423.6555	12.0139	0.876654	0.0143249	0.0329234	0.0760975	0.4062926	0.6096547	1.267068	1.081902
6444	-408.7598	-421.2224	12.46259	0.856261	0.0626263	0.00169141	0.079421	0.2645579	1.138399	0.8052203	0.6687092
6450	-409.2678	-421.2001	11.93233	0.911527	0.0543995	0.00419833	0.0298752	0.2920174	1.516976	0.7078608	0.8689158
6456	-413.2992	-424.4483	11.14911	0.713301	0.125052	0.00965103	0.151995	0.3931712	0.9288829	1.250353	1.73091
6462	-414.7317	-425.9845	11.25273	0.802054	0.0700643	0.00540727	0.122475	0.3405867	1.275664	1.342189	1.1361
6468	-409.5747	-421.1587	11.58406	0.805125	0.0703326	0.00159863	0.122944	0.3428284	0.9322109	1.059738	1.509012
6474	-416.3503	-425.7341	9.383809	0.81886	0.0832859	0.00189306	0.0959614	0.4613441	0.6449291	1.714994	3.901262
6480	-410.9527	-419.9956	9.042916	0.831597	0.00503549	0.00180028	0.161567	0.3801274	1.50492	1.215432	4.321995
6486	-406.3838	-417.5618	11.17807	0.831068	0.00503229	0.00243473	0.161465	0.3381998	1.104581	1.337931	1.409715
6492	-408.8148	-420.543	11.72818	0.804331	0.0446381	0.0106559	0.140375	0.5036066	1.149308	0.8670932	1.159971
6498	-411.7944	-423.5511	11.75665	0.893612	0.0642299	0.00147951	0.0406784	0.4686576	0.7464963	0.8670932	1.617928
6504	-411.9759	-421.2808	9.304833	0.69291	0.0522474	0.000903566	0.253939	0.2592933	1.479538	0.7577713	4.907769
6510	-407.254	-417.7878	10.5338	0.224154	0.591494	0.110466	0.073886	0.02836176	1.102715	1.340265	0.32794
6516	-411.6561	-421.9276	10.27157	0.6159	0.208444	0.0263809	0.149275	0.02294213	1.528667	0.7948983	0.4005808
6522	-406.8912	-417.7241	10.83285	0.762894	0.076301	0.0114877	0.149317	0.0514182	1.129854	1.601507	0.4964631
6528	-410.0674	-419.6202	9.552835	0.562197	0.33712	0.050756	0.0499274	0.06969371	1.064112	2.521656	0.7602726
6534	-410.0439	-420.7126	10.66871	0.479888	0.287763	0.043325	0.189024	0.0538066	0.9298385	2.00186	0.2846528
6540	-412.6434	-422.8949	10.25154	0.838199	0.0541256	0.0058487	0.101827	0.3900067	1.307774	1.172294	2.576029
6546	-415.7456	-426.2171	10.47144	0.74044	0.148412	0.00516657	0.105981	0.9639788	1.051084	0.8100068	2.291218
6552	-418.9282	-430.4163	11.4881	0.653585	0.047191	0.0101159	0.289108	0.2590634	1.411528	0.7045593	1.455051
6558	-415.8289	-426.7303	10.90139	0.646419	0.0426181	0.0105128	0.30045	0.1845371	1.556296	0.2617826	1.820312
6564	-410.9686	-422.397	11.42832	0.871867	0.0425914	0.0103124	0.0752292	0.5629358	0.92576	1.69011	0.6539615
6570	-405.9282	-417.3187	11.39059	0.869432	0.0472737	0.0102836	0.0730109	0.3753008	0.92576	1.284156	1.417146
6576	-412.9915	-425.9221	12.9306	0.800205	0.0425565	0.0682968	0.0889415	0.3753008	0.5065393	0.927628	0.671979
6582	-412.3345	-424.1153	11.78082	0.82251	0.0158691	0.0702005	0.0914206	0.6206284	0.9905752	1.067818	0.9486848
6588	-409.9429	-421.9171	11.97421	0.815204	0.0148298	0.036444	0.133522	0.4835743	1.626546	0.8174671	0.5123205
6594	-406.4639	-418.6482	12.18429	0.904212	0.0112188	0.0289335	0.0556358	0.3258157	1.801504	0.5754935	0.3801301
6600	-407.2594	-419.251	11.9916	0.903973	0.00944441	0.0289259	0.0576564	0.5413902	1.782314	0.4104743	0.3990421
6606	-405.7585	-417.9594	12.20087	0.912418	0.00953265	0.019854	0.058195	0.4674344	1.661529	0.45921	0.3990421
6612	-407.7442	-419.6236	11.87943	0.912418	0.00953265	0.019854	0.058195	0.2860579	1.745775	0.5449126	0.7640229
6618	-405.7192	-417.9036	12.18439	0.921191	0.0180296	0.00202461	0.0587546	0.2594655	1.843743	0.6627511	0.2130466
6624	-406.4959	-418.8066	12.31064	0.90746	0.00586269	0.0171518	0.069526	0.2663474	1.17507	0.6766485	0.8571371
6630	-410.2086	-422.3703	12.16163	0.919929	0.00906069	0.0173874	0.053623	0.4984221	1.217532	0.7349206	0.7656727
6636	-409.5362	-421.8223	12.28606	0.829098	0.0137885	0.0755105	0.081603	0.4222459	0.8117655	0.6864268	1.144015
6642	-415.1509	-426.2319	11.08106	0.890691	0.0149988	0.0826669	0.011643	0.6606687	1.141803	0.6864268	1.879747
6648	-412.0642	-422.6719	10.6077	0.861838	0.0145129	0.0799889	0.0436606	0.6320952	1.02668	1.324383	1.879747
6654	-411.1736	-422.1778	11.0042	0.873702	0.0147127	0.08109	0.0304956	0.5771187	0.3772833	1.846729	1.395926
6660	-416.5574	-426.9043	10.3469	0.874374	0.0613313	0.00213679	0.0621578	0.4526929	1.056736	0.735834	3.421242
6666	-412.2543	-422.8326	10.57828	0.887573	0.0415424	0.00938827	0.0614962	0.4259179	0.7644824	1.135066	2.938075
6672	-410.5068	-422.0831	11.57628	0.862933	0.0696661	0.015744	0.0516569	0.3482884	1.1641	0.9234624	1.402766
6678	-415.8409	-426.8281	10.98719	0.839473	0.0677722	0.015316	0.0774386	0.3272977	0.7766395	1.223288	2.252983
6684	-413.5322	-424.1893	10.65714	0.775884	0.0843868	0.0118072	0.127922	0.42057	0.5776484	1.839762	1.764688
6690	-407.2133	-419.3138	12.10049	0.764188	0.0831147	0.0267039	0.125993	0.3220286	0.9153984	1.262249	0.7626483
6696	-410.022	-420.5741	10.55215	0.813347	0.0667316	0.0187636	0.101158	0.4393984	0.7982213	2.144171	1.0979
6702	-409.6034	-421.6514	12.04806	0.83728	0.0338848	0.0247007	0.104135	0.4393984	1.037692	0.8006597	1.063693
6708	-410.2349	-421.0233	10.78849	0.865751	0.0285136	0.0255406	0.080195	0.4802188	0.568058	2.130981	1.072561
6714	-417.2578	-426.608	9.350233	0.841925	0.00339297	0.0318781	0.122804	0.4827858	1.057121	0.7507465	5.446382
6720	-419.0418	-427.9514	8.909601	0.845693	0.00322391	0.0464855	0.104597	0.4216099	1.584861	0.7507465	5.373984
6726	-414.2866	-426.1643	11.87771	0.910856	0.00241427	0.0500673	0.0366627	0.5300407	1.584861	0.332594	0.6678824
6732	-415.1719	-427.2936	12.12169	0.823099	0.00402325	0.0834346	0.0894431	0.6609714	1.577622	0.4008212	0.3218074
6738	-416.7804	-426.521	9.740686	0.88544	0.00432797	0.0140144	0.0962175	0.5262779	1.301296	0.4992755	4.141578
6744	-410.5451	-422.3885	11.84348	0.795489	0.0214799	0.00781331	0.175217	0.2858342	1.406325	1.065894	0.768254
6750	-414.2385	-425.7536	11.51513	0.802942	0.0349294	0.00853725	0.153591	0.348289	0.812688	1.863082	0.6298338
6756	-405.3983	-417.5961	12.19787	0.922771	0.033377	0.00491383	0.0389386	0.3012107	1.099061	1.379864	0.1896515
6762	-411.7677	-423.3018	11.53404	0.788148	0.0564892	0.00831645	0.147046	0.3200518	1.165906	1.803521	0.3463378
6768	-406.8451	-418.0947	11.2496	0.859654	0.00865692	0.00907098	0.122618	0.5334716	0.7384834	1.846016	0.8176686
6774	-407.0981	-419.1931	12.09496	0.868196	0.0231065	0.0172399	0.0914572	0.3792729	0.8759442	1.251835	0.7802631
6780	-410.7788	-422.991	12.2122	0.716823	0.032399	0.0182335	0.232544	0.3792729	1.756699	0.6597441	0.2131305
6786	-407.5761	-419.6913	12.1152	0.816546	0.0308699	0.00830572	0.144278	0.2872315	1.949894	0.5563331	0.2241576
6792	-408.5609	-420.3592	11.79824	0.916734	0.0281779	0.017731	0.0373575	0.2731213	2.202918	0.4110555	0.3786163
6798	-413.832	-425.3897	11.55768	0.834224	0.00957508	0.0161351	0.140066	0.4051472	2.126013	0.2221328	0.3786163
6804	-414.0094	-425.7785	11.76909	0.834578	0.00957915	0.0157169	0.140126	0.3817717	1.981881	0.3761014	0.5591656
6810	-407.3142	-418.5657	11.25155	0.885863	0.00816604	0.0114302	0.0945403	0.3547659	1.83046	0.3409481	1.208608
6816	-406.0929	-417.9889	11.89598	0.876467	0.0103766	0.00427591	0.108881	0.2879172	1.746384	0.4352611	0.7420839
6822	-411.4283	-421.5137	10.08541	0.9077	0.0107464	0.00442829	0.0771255	0.334357	1.994802	0.4715924	2.5917
6828	-409.9025	-420.4855	10.58297	0.902098	0.0119112	0.00934138	0.0766495	0.2520361	1.771727	0.3355195	2.135768
6834	-405.916	-418.2727	12.35677	0.815439	0.0134054	0.0129879	0.158168	0.2520361	1.518236	0.4739276	0.5344491
6840	-405.5667	-417.3493	11.78259	0.909015	0.0216202	0.0144783	0.054886	0.2854245	2.098665	0.6054438	0.5046283
6846	-408.8915	-420.249	11.35749	0.9131	0.0217173	0.0100505	0.0551326	0.3848529	2.592025	0.7018336	0.273617
6852	-404.6913	-416.6239	11.93258	0.876986	0.0275077	0.00965298	0.0858531	0.2829738	2.113111	0.5529541	0.3292003
6858	-406.3468	-418.6961	12.34927	0.843749	0.0264651	0.00539304	0.124393	0.3837307	1.534711	0.801954	0.2330469
6864	-404.5635	-415.8622	11.29877	0.8883	0.0127547	0.00397213	0.0949727	0.2744261	1.152655	1.699864	0.08231869
6870	-401.7729	-413.2386	11.46569	0.815807	0.0117138	0.000716783	0.171763	0.2744261	1.338136	1.322947	0.06924971
6876	-404.1459	-414.7627	10.61678	0.859004	0.012334	0.000463533	0.128199	0.2171365	2.026218	0.504099	1.835884
6882	-404.2399	-414.8439	10.60401	0.887753	0.0127468	0.00125155	0.0982491	0.2231934	2.026218	0.5336209	1.852869
6888	-403.3492	-415.3916	12.04239	0.884237	0.0168512	0.00165454	0.0972573	0.2365724	1.909122	0.7037667	0.3824665
6894	-407.4984	-418.374	10.87556	0.856087	0.0325162	0.000621696	0.110775	0.3382025	1.650637	0.8469102	1.742844
6900	-410.2076	-420.9724	10.76474	0.879189	0.0464126	0.0372422	0.0371561	0.3698759	1.801378	0.4915368	1.875274
6906	-414.781	-426.2245	11.4435	0.707598	0.0938548	0.0508415	0.147706	0.2614854	2.119787	0.2318164	0.6116648
6912	-411.5254	-423.2274	11.70204	0.742376	0.087163	0.0598655	0.110596	0.5003412	0.3997366	1.388988	1.383432
6918	-411.51	-422.8378	11.32786	0.868302	0.0506689	0.0336128	0.0474159	0.5003412	0.4701224	1.61683	1.383432
6924	-409.4786	-420.8297	11.35117	0.807824	0.127052	0.0108389	0.054286	0.5003412	0.6577893	1.460496	1.383432
6930	-410.4181	-421.537	11.11883	0.800107	0.125838	0.0107354	0.0633201	0.6929354	0.8500395	1.335444	1.383432
6936	-413.7883	-425.4088	11.62056	0.850647	0.0957814	0.0220306	0.0315409	0.6702024	0.2425636	1.636642	1.094814
6942	-408.5753	-421.0578	12.48252	0.908388	0.0380847	0.036655	0.0168726	0.541147	0.1623717	1.428679	0.7356206
6948	-412.4693	-424.0896	11.62025	0.814059	0.076699	0.0738198	0.0354227	0.541147	0.732963	1.605375	0.787713
6954	-410.6693	-423.5846	12.9153	0.889644	0.0207437	0.0294428	0.0601697	0.4028339	0.4565061	0.8359448	0.787713
6960	-404.7285	-417.1176	12.38914	0.904327	0.00458123	0.0299287	0.0611628	0.4028339	0.8256512	1.008062	0.787713
6966	-410.2366	-420.8706	10.63405	0.843666	0.0771918	0.0220823	0.05706	0.4028339	0.8165633	0.9515917	3.110816
6972	-413.6103	-424.7339	11.12362	0.803472	0.0784097	0.0798831	0.0382355	0.6159986	0.7240222	1.781015	0.962332
6978	-411.5753	-422.6228	11.04752	0.795063	0.0823391	0.0762406	0.0463576	0.7340115	0.5641182	1.749496	1.120476
6984	-419.769	-429.822	10.05295	0.69722	0.187284	0.0310654	0.08443	1.027994	0.09498339	1.445672	3.275723
6990	-415.4185	-424.8701	9.451565	0.853268	0.0917166	0.0119729	0.0430423	0.4317874	0.615577	1.692901	3.941314
6996	-415.9834	-424.8852	8.901841	0.573367	0.156639	0.010156	0.259838	0.388739	0.9354508	1.539003	4.964532
7002	-416.2608	-428.5094	12.24858	0.56425	0.296541	0.00588988	0.13332	0.5824737	0.6512987	1.503614	0.3193688
7008	-410.6472	-423.0405	12.39322	0.585676	0.307802	0.00611354	0.100408	0.3630235	1.523748	0.6027438	0.4229656
7014	-422.7874	-432.0177	9.230227	0.717188	0.218308	0.0166102	0.0478946	0.2611061	1.094556	0.5179446	6.295654
7020	-419.0125	-427.3288	8.31637	0.812402	0.123318	0.0135827	0.050698	0.4921549	1.117058	0.7663354	8.140859
7026	-425.2381	-429.6515	4.41342	0.764668	0.0784993	0.00496127	0.151872	1.009645	0.8731998	1.501074	21.66617
7032	-416.8166	-427.034	10.21747	0.53922	0.388429	0.0048458	0.0675061	0.2886731	1.12928	0.885181	3.533091
7038	-415.729	-425.5034	9.774311	0.826214	0.16405	0.00253287	0.00720375	0.8792356	1.404741	0.3633391	3.107795
7044	-418.0796	-426.5323	8.452716	0.618395	0.356476	0.0094751	0.0156536	1.123241	1.393984	0.5503854	5.431064
7050	-411.0998	-423.1949	12.0951	0.694462	0.21857	0.0138709	0.0730972	0.4043398	1.355565	0.6459281	0.8278694
7056	-418.4229	-427.3368	8.913914	0.697834	0.276729	0.012291	0.0131457	0.4018927	1.305045	0.9281974	5.745397
7062	-410.0973	-420.8059	10.70855	0.862437	0.103107	0.0108499	0.0236058	0.6220482	0.9701841	0.9281974	2.437572
7068	-407.7707	-418.539	10.76835	0.953242	0.0375181	0.000650156	0.00858954	0.2604024	1.259513	0.8019475	2.517906
7074	-416.5566	-426.188	9.631405	0.953242	0.0375181	0.000650156	0.00858954	0.2784551	1.465818	0.4523027	4.42002
7080	-412.4553	-425.0941	12.63878	0.858492	0.0457747	0.0340493	0.0616839	0.4890421	0.397237	0.8917181	0.9910534
7086	-413.1969	-424.53	11.33316	0.781368	0.0481684	0.105554	0.0649095	0.4890421	1.13057	0.8276417	1.680749
7092	-413.6387	-425.6463	12.00762	0.81501	0.0189249	0.0983605	0.0677043	0.4944148	0.8717035	1.164414	0.8662217
7098	-412.3206	-424.9371	12.61656	0.875029	0.0203185	0.0615519	0.0431007	0.4849939	0.5519143	1.164414	0.6002778
7104	-412.0056	-423.1796	11.17396	0.897289	0.0246006	0.0249108	0.0531998	0.4259131	1.542147	0.4399242	1.621094
7110	-417.4754	-428.5707	11.09528	0.819896	0.00376837	0.0649075	0.111428	0.3570877	1.437312	1.738635	0.6002778
7116	-411.6767	-422.6295	10.95284	0.886039	0.00238443	0.0410702	0.0705064	0.4806542	0.753009	1.696638	1.383568
7122	-414.1642	-425.4297	11.26556	0.85219	0.00229334	0.0395013	0.106015	0.430387	0.5389418	1.666871	1.373037
7128	-412.2112	-423.959	11.74773	0.830789	0.0120225	0.0262672	0.130922	0.430387	1.048559	0.9395485	1.251944
7134	-403.7781	-415.7617	11.98356	0.931385	0.0048417	0.0200826	0.0436903	0.3649014	1.044358	1.456974	0.4885718
7140	-407.8068	-420.3593	12.5525	0.828762	0.0397286	0.0243091	0.1072	0.408291	0.7749149	1.089673	0.5958569
7146	-410.8609	-422.7826	11.92165	0.72407	0.0430061	0.0256697	0.207254	0.3896421	0.7781199	1.302872	0.9750023
7152	-409.476	-420.641	11.16507	0.943115	0.00270243	0.016863	0.0373196	0.3684857	1.28744	1.18041	1.408424
7158	-405.9912	-418.1889	12.19768	0.869339	0.00266378	0.0161353	0.111862	0.3272961	1.417013	1.001789	0.461816
7164	-413.5601	-425.4974	11.93733	0.951947	0.00253027	0.0153266	0.0301957	0.3490437	0.9170145	1.330351	0.8208986
7170	-408.7072	-420.8597	12.15249	0.95231	0.0115701	0.0153325	0.0207878	0.2707585	1.755317	0.7301607	0.41492
7176	-407.0349	-419.1806	12.14571	0.866025	0.00964556	0.000994173	0.123335	0.2368459	1.332579	0.9520107	0.6651106
7182	-411.6509	-422.991	11.34006	0.740833	0.0100532	0.00103619	0.248078	0.2484754	2.039255	1.094436	0.6223615
7188	-406.326	-417.9447	11.6187	0.728843	0.0103771	0.00119566	0.259584	0.2484754	2.105245	1.03563	0.2051062
7194	-404.8036	-416.8109	12.00731	0.887901	0.0126417	0.00371631	0.0957414	0.2484754	1.934056	0.7483856	0.3610159
7200	-405.737	-415.4973	9.760331	0.936723	0.002828	0.00437705	0.0560719	0.2108374	2.020942	0.1713838	2.448644
7206	-409.6779	-417.4194	7.7415	0.891595	0.0136131	0.00221482	0.0925775	0.3082045	2.074886	0.2237747	6.975517
7212	-418.985	-428.3509	9.36588	0.788014	0.0233311	0.103563	0.0850918	0.7412042	0.1931658	1.714363	4.266727
7218	-412.9934	-424.7945	11.80109	0.768026	0.0278251	0.0685468	0.135603	0.5625203	0.1799835	1.545919	1.220104
7224	-410.7664	-422.1041	11.33771	0.703836	0.0226347	0.0171748	0.256354	0.5625203	0.381574	1.510255	1.567954
7230	-413.7768	-423.5613	9.784518	0.740462	0.00339121	0.00860204	0.247544	0.2888324	1.59109	0.4706201	3.852602
7236	-409.4857	-421.2912	11.80558	0.744992	0.00341196	0.00253736	0.249059	0.2919753	1.59109	0.3977872	0.9632887
7242	-408.546	-419.3873	10.8413	0.814374	0.00248364	0.001847	0.181295	0.4728396	1.745349	0.3984389	1.705605
7248	-415.4296	-424.3791	8.949475	0.824381	0.0233613	0.00199853	0.15026	0.6213533	1.745349	0.4853941	4.667695
7254	-407.2468	-419.4605	12.21371	0.887482	0.0260271	0.00695976	0.0795313	0.2842978	1.83629	0.6097715	0.2851033
7260	-409.7085	-420.2741	10.56566	0.783545	0.0114614	0.0164954	0.188498	0.3271604	1.952827	0.1922936	1.550669
7266	-410.0449	-419.2832	9.23837	0.794649	0.0265209	0.0212673	0.157563	0.2243279	2.368828	0.1356382	2.47574
7272	-420.1568	-428.7495	8.592738	0.585609	0.282604	0.0156727	0.116115	1.040678	2.368828	0.1449251	2.427434
7278	-416.0938	-427.3985	11.30475	0.708487	0.159017	0.0153908	0.117106	0.4411386	2.361692	0.2311902	0.1632664
7284	-414.0339	-425.2053	11.17135	0.355167	0.4982	0.0170329	0.1296	0.1848623	2.361692	0.1477266	0.2556007
7290	-415.2157	-423.7349	8.519268	0.863096	0.0627752	0.00321974	0.0709086	0.4219939	1.093713	0.7585513	7.797263
7296	-411.2968	-423.2133	11.91651	0.842173	0.0670673	0.0168206	0.0739387	0.4088922	0.9019713	0.5796239	1.513464
7302	-410.8227	-419.0341	8.211478	0.788747	0.143813	0.0165636	0.0508769	0.3888513	1.058022	0.8716855	8.725635
7308	-411.2317	-422.6856	11.4539	0.736436	0.142309	0.0709101	0.0503448	0.7144322	0.8398129	1.377165	0.9626377
7314	-411.3364	-423.9589	12.62255	0.531771	0.358205	0.0643424	0.0456818	0.4545129	0.7164993	1.276582	0.2424223
7320	-409.0057	-418.6609	9.655225	0.491379	0.399922	0.00903718	0.0996615	0.06482212	2.628239	0.07059871	0.3415079
7326	-413.3794	-422.8671	9.487709	0.773314	0.072477	0.0104818	0.143727	0.05491941	2.469704	0.1337753	1.009824
7332	-409.971	-420.3272	10.35617	0.843443	0.0886895	0.0128265	0.0550414	0.04909114	2.155337	0.2035595	0.6227901
7338	-414.4498	-424.3591	9.909308	0.873434	0.0612189	0.00764858	0.0576988	0.02985589	1.532541	0.3299494	1.23718
7344	-412.0684	-421.5908	9.522446	0.765121	0.0613923	0.00272549	0.170761	0.02084189	1.721203	0.4414504	0.8952451
7350	-417.8894	-427.9786	10.08916	0.230139	0.09673	0.0269815	0.64615	0.02499396	1.641838	0.9428465	0.1271932
7356	-420.4467	-431.602	11.15529	0.325393	0.124582	0.0347504	0.515275	0.04642183	1.687237	0.4678957	0.1189743
7362	-413.6997	-424.5423	10.8426	0.643549	0.0861337	0.00769096	0.262626	0.0268193	1.234882	0.8270433	0.348674
7368	-411.1884	-421.1227	9.934326	0.557347	0.169408	0.0107922	0.262454	0.03479403	1.488504	1.132723	0.05722698
7374	-410.7868	-421.1899	10.40305	0.741301	0.0551684	0.0159016	0.187629	0.02794508	1.426147	1.161035	0.3257727
7380	-413.4043	-423.3843	9.980006	0.731581	0.0462352	0.0144459	0.207738	0.04202818	1.553529	1.106332	1.292395
7386	-413.8464	-423.4241	9.577698	0.805394	0.0318409	0.0105827	0.152183	0.03278605	1.339577	1.58126	0.9598447
7392	-407.8209	-418.5926	10.77175	0.774948	0.0356766	0.009853	0.179522	0.04104049	1.178618	0.7963776	1.125859
7398	-407.0693	-418.1298	11.06059	0.6128	0.235672	0.0241884	0.127339	0.04104049	0.9711235	0.9592506	0.9038683
7404	-410.4081	-422.2315	11.82337	0.853316	0.0892802	0.00916334	0.0482403	0.07214259	1.35785	1.027771	0.2394476
7410	-413.5173	-423.9217	10.40442	0.831219	0.0753727	0.0149108	0.0784977	0.06302944	1.34218	1.219212	1.43058
7416	-420.7901	-432.5362	11.74614	0.129436	0.50499	0.0507327	0.314842	0.1345546	0.6735757	1.810546	0.1227718
7422	-415.1503	-426.6596	11.50929	0.358152	0.522494	0.0564505	0.0629039	0.08621571	0.8684228	1.740851	0.1703815
7428	-413.4799	-424.1472	10.66727	0.550893	0.322608	0.0349496	0.0915495	0.05745703	1.04995	1.738633	0.6666225
7434	-413.8867	-425.1196	11.23289	0.370515	0.421689	0.0997445	0.108051	0.04384125	0.8582915	1.463393	0.3393107
7440	-411.9447	-424.3154	12.37076	0.194402	0.662867	0.0860392	0.0566922	0.1038474	0.8641596	0.8108038	0.08509314
7446	-410.2845	-421.7064	11.42196	0.294554	0.56738	0.0736451	0.0644199	0.05366508	0.8069083	1.471372	0.1396714
7452	-415.1568	-427.3761	12.21936	0.256091	0.66832	0.0649479	0.0106407	0.08469165	1.21942	0.6685901	0.4964928
7458	-416.2803	-427.9505	11.67017	0.0732204	0.883697	0.0290125	0.0140698	0.05668037	1.027322	1.208536	0.3588489
7464	-410.9421	-422.5857	11.64363	0.219257	0.681674	0.0282341	0.0708347	0.04801132	1.328729	0.711873	0.3588489
7470	-412.7582	-424.0061	11.24791	0.631425	0.330753	0.0311048	0.00671694	0.07750807	1.328729	0.6437086	1.290556
7476	-414.895	-425.6546	10.75965	0.481071	0.403473	0.107262	0.00819373	0.03594379	1.125623	1.010276	0.8223634
7482	-424.3695	-435.9053	11.53583	0.692073	0.0923486	0.175741	0.039837	1.015953	1.029394	0.7372546	1.034855
7488	-425.8304	-436.1446	10.31417	0.784163	0.104637	0.0660627	0.0451378	2.050011	1.049641	0.7372546	1.366401
7494	-420.6695	-432.0216	11.35208	0.848492	0.0775643	0.0436621	0.0302818	0.513788	1.492109	0.7140899	1.304398
7500	-422.3601	-434.9899	12.62976	0.798473	0.0667683	0.1253	0.00945914	0.629994	0.7264679	1.02087	0.4170677
7506	-420.9992	-432.5065	11.5073	0.750166	0.0296429	0.117719	0.102472	0.8066441	0.5512095	1.665974	0.7225184
7512	-412.4045	-422.9669	10.56242	0.643783	0.288313	0.0601434	0.00776122	0.02797526	0.6700891	1.097882	1.002923
7518	-409.8842	-421.2834	11.39915	0.686034	0.277367	0.0312241	0.00537565	0.05537735	0.9213736	1.477458	0.3784675
7524	-408.3116	-419.3702	11.05862	0.852224	0.107827	0.0150187	0.0249309	0.04643592	1.481047	1.132988	0.3784675
7530	-412.0034	-423.6852	11.68177	0.880658	0.0301379	0.0324811	0.0567227	0.4429177	0.9833969	1.307864	0.9570245
7536	-414.5254	-425.5674	11.04193	0.720911	0.0606034	0.0226785	0.195807	0.4510585	0.7720449	2.062475	0.7541343
7542	-407.1104	-417.6243	10.51391	0.664544	0.279755	0.0422562	0.0134448	0.04163464	0.8444576	1.890056	0.4270134
7548	-407.8605	-417.9877	10.12716	0.479524	0.462418	0.0412601	0.0167986	0.03293767	1.131802	1.718067	0.4517357
7554	-408.5318	-419.2034	10.67154	0.4725	0.475387	0.0428271	0.00928577	0.03293767	1.498925	1.084846	0.3169786
7560	-408.1479	-419.3104	11.16246	0.589642	0.327944	0.0763739	0.00603945	0.06011297	0.8705897	1.411961	0.8345975
7566	-410.3678	-421.0055	10.63762	0.756787	0.178627	0.0415998	0.0229872	0.04736272	0.6842503	1.6483	0.9567435
7572	-411.8584	-422.9357	11.0773	0.376188	0.427156	0.113735	0.0829214	0.04736272	1.562457	0.5318717	0.7481709
7578	-414.534	-426.0105	11.47649	0.143534	0.593833	0.0572387	0.205394	0.07065614	1.637604	0.4795426	0.7034483
7584	-412.5289	-423.8709	11.34195	0.276314	0.45543	0.0704417	0.197814	0.04678357	1.637604	0.5805542	0.1641815
7590	-410.732	-422.0019	11.26998	0.281517	0.50057	0.0717679	0.146145	0.04899567	1.726049	0.6395082	0.4068781
7596	-418.8386	-427.5451	8.706509	0.139136	0.72324	0.0442849	0.0933397	0.07515329	2.17064	0.1977986	3.217439
7602	-421.6303	-430.4246	8.794255	0.119128	0.782806	0.0751062	0.0229606	0.1271695	2.17064	0.132078	3.217439
7608	-418.4516	-429.2602	10.80857	0.0957045	0.825511	0.0603386	0.018446	0.05980389	2.061413	0.1825704	0.4163778
7614	-415.1795	-427.7585	12.57901	0.849618	0.0175869	0.0771169	0.0556782	0.5304979	0.5449679	1.073688	0.6941826
7620	-419.678	-428.1491	8.471137	0.438831	0.159038	0.00269063	0.39944	0.3461714	1.826566	0.4328213	6.245442
7626	-418.543	-428.2376	9.69453	0.320489	0.380462	0.00732909	0.29172	0.3225959	1.212984	0.5716417	4.78377
7632	-412.9271	-424.3455	11.41837	0.561289	0.191793	0.0132991	0.233619	0.3138776	1.212984	0.6622482	1.783088
7638	-421.6183	-431.3993	9.780969	0.640871	0.0762389	0.199252	0.0836389	1.319499	0.8680315	1.256941	2.404001
7644	-411.7512	-422.2842	10.53292	0.617546	0.1331	0.0103275	0.239026	0.07272121	2.180659	0.1958736	0.7970053
7650	-419.4535	-428.2151	8.761534	0.85139	0.0154996	0.0855668	0.0475436	0.6616112	1.237937	0.6706871	6.135014
7656	-418.2191	-428.7376	10.51848	0.867348	0.0571191	0.0687607	0.00677209	0.4513015	1.082027	1.0848	2.579275
7662	-415.1162	-424.8868	9.770615	0.888502	0.0344394	0.0603753	0.0166832	0.700795	1.630454	0.5492015	3.118778
7668	-410.7057	-422.8876	12.18194	0.878655	0.0493867	0.0511145	0.0208443	0.5109471	1.631404	0.3243768	0.2843193
7674	-408.6256	-419.5304	10.90485	0.935382	0.0233924	0.0159996	0.0252261	0.2399918	2.635286	0.1671955	0.43797
7680	-411.543	-423.0798	11.53679	0.860664	0.0487827	0.0351436	0.0554098	0.3509625	2.180574	0.2015722	0.3040502
7686	-412.8092	-424.1359	11.32671	0.869623	0.0492905	0.0355094	0.045577	0.4078919	2.147893	0.2346446	0.6221353
7692	-417.2732	-430.0243	12.75119	0.712592	0.21663	0.033637	0.0371409	0.4536795	0.3555453	1.298254	0.1180987
7698	-409.9433	-422.3239	12.38064	0.735236	0.248456	0.00764121	0.0086671	0.4577762	0.5729449	1.564682	0.2974243
7704	-415.9571	-428.7092	12.75204	0.670128	0.313767	0.00632458	0.00978018	0.5992469	0.4146559	1.252598	0.372236
7710	-416.8675	-428.9694	12.10193	0.853764	0.00978552	0.0381284	0.098322	0.3517908	0.9746446	1.422808	0.4939662
7716	-415.6953	-427.8253	12.13001	0.788594	0.00775462	0.0606045	0.143047	0.4014036	0.9995795	1.422808	0.3948041
7722	-412.9073	-424.4402	11.53293	0.840521	0.00888208	0.0207708	0.129826	0.4014036	0.9466914	1.255621	1.251821
7728	-412.5928	-424.2584	11.66563	0.782538	0.0728734	0.0199421	0.124646	0.620079	0.4000251	1.827909	0.6835844
7734	-413.6366	-423.8675	10.23089	0.763	0.1157	0.00157882	0.119721	0.7461529	0.9331299	1.367912	2.280151
7740	-413.0333	-424.6789	11.64559	0.838239	0.0207728	0.0024032	0.138585	0.5983391	0.888445	1.545542	0.6377146
7746	-414.7887	-426.1664	11.37769	0.821335	0.142553	0.00235474	0.0337572	0.4203804	0.7969988	0.9552518	1.988722
7752	-410.0076	-422.3464	12.3388	0.848995	0.123796	0.000147711	0.0270618	0.5379885	0.1181019	1.414333	0.9374736
7758	-414.0943	-426.4192	12.32488	0.809599	0.126559	0.000140857	0.0637009	0.58374	0.08464512	1.414333	0.9374736
7764	-411.5451	-423.9163	12.37119	0.831446	0.0743644	3.34838e-05	0.0941563	0.299833	1.147191	1.212093	0.2067321
7770	-417.5427	-428.81	11.26726	0.810822	0.0606087	0.00779118	0.120779	0.6010469	1.176179	0.9348306	1.459476
7776	-416.2942	-428.4232	12.129	0.810367	0.0745163	0.0202367	0.09488	0.3343747	1.870485	0.4705127	0.172502
7782	-413.9649	-426.2323	12.26737	0.909099	0.0303211	8.59162e-05	0.0604935	0.2978473	0.8559955	1.512046	0.1877424
7788	-412.3884	-424.6876	12.29919	0.817751	0.0607799	0.0002076	0.121262	0.4583266	0.7409488	1.44374	0.1551702
7794	-408.0582	-420.3175	12.25935	0.843308	0.0804744	0.000133625	0.0760841	0.4437673	0.5778929	1.656422	0.2079027
7800	-419.7031	-431.6563	11.95318	0.483018	0.500417	0.0011678	0.0153975	0.2155271	0.8879275	1.061465	1.1766
7806	-416.0027	-428.1526	12.14989	0.438542	0.54444	0.000450146	0.0165678	0.12061	0.868656	1.39338	0.432084
7812	-422.9199	-431.8668	8.946963	0.640041	0.2708	0.00996799	0.0791911	0.6117607	0.8300474	2.141204	2.942173
7818	-421.3254	-431.4728	10.14736	0.497267	0.471746	0.00913105	0.0218558	0.3963487	0.753333	1.080357	3.888667
7824	-423.7873	-428.3425	4.555244	0.767006	0.152847	0.0588404	0.0213067	0.565679	0.7641099	1.138559	28.21273
7830	-417.0836	-427.3866	10.30305	0.606087	0.0824864	0.00177996	0.309647	0.3589815	1.605496	0.4428702	2.827306
7836	-411.0692	-421.1541	10.0849	0.927096	0.039205	0.00156798	0.0321311	0.3682684	1.975838	0.5105408	2.588063
7842	-417.5696	-429.4903	11.92073	0.801399	0.0780135	0.0130308	0.107556	0.405984	1.157591	0.8843168	1.03247
7848	-415.367	-425.909	10.54198	0.87156	0.018883	0.00587279	0.103684	0.433086	1.312567	0.6819369	2.741626
7854	-419.4132	-431.9916	12.57834	0.87156	0.018883	0.00587279	0.103684	0.2667818	1.100795	0.6092916	0.7013262
7860	-414.6631	-424.874	10.21084	0.882452	0.0438948	0.0300449	0.043608	0.720945	1.380359	0.4126593	2.749351
7866	-424.751	-431.9823	7.23125	0.665224	0.181005	0.0706161	0.0831552	0.8883247	1.263346	0.4792622	10.36665
7872	-421.6605	-430.389	8.728469	0.630649	0.240498	0.0221626	0.10669	0.7405561	1.190444	0.4818763	6.252351
7878	-418.0447	-428.3305	10.28578	0.780902	0.17412	0.00375564	0.0412226	0.2505335	1.262783	0.6480404	3.473412
7884	-411.437	-423.7622	12.32521	0.783256	0.148975	0.0244773	0.0432915	0.4336219	0.9028598	1.195499	0.5554816
7890	-417.3791	-429.203	11.82389	0.659798	0.158294	0.0701602	0.111748	0.863684	0.4871055	1.214287	0.988529
7896	-413.4304	-425.7436	12.31316	0.794883	0.0594468	0.0430882	0.102582	0.5510168	0.781866	1.12868	0.6449771
7902	-416.9757	-428.0411	11.0654	0.74733	0.0720964	0.00768002	0.172893	0.4897249	0.6063613	1.146542	2.317397
7908	-411.039	-421.8415	10.80247	0.864883	0.0846658	0.00888805	0.0415635	0.4988166	0.1639884	1.620962	2.454576
7914	-413.6655	-424.4942	10.8287	0.687809	0.140632	0.115326	0.0562331	0.7602075	0.5592513	1.755825	1.319862
7920	-413.2236	-423.5165	10.29299	0.820661	0.0245166	0.137601	0.0172207	0.455279	0.7019795	1.551188	2.620203
7926	-411.28	-421.4586	10.17862	0.912829	0.0242621	0.0578964	0.00501282	0.4741815	0.924944	1.456273	2.620203
7932	-412.5575	-423.1152	10.5577	0.77933	0.042731	0.0533462	0.124593	0.5182893	0.9245458	0.909194	2.940571
7938	-413.3307	-424.5654	11.23467	0.869685	0.0396304	0.0557924	0.0348925	0.6658325	0.7743804	1.180223	1.585855
7944	-409.5402	-421.0575	11.51725	0.621253	0.211143	0.041082	0.126522	0.0540375	0.5136648	1.615451	0.4645058
7950	-407.9145	-419.2807	11.36616	0.640695	0.21775	0.0423676	0.0991868	0.0540375	0.9221079	1.395721	0.5012215
7956	-412.3187	-422.2858	9.967023	0.550655	0.290282	0.0491249	0.109938	0.06263977	0.7808678	1.299058	2.622312
7962	-414.2516	-422.6154	8.363797	0.569396	0.31782	0.0469485	0.0658353	0.02083841	1.155982	1.045655	2.57702
7968	-414.7973	-425.392	10.59477	0.52745	0.354258	0.105806	0.0124871	0.02661553	1.35682	0.6364308	0.5977006
7974	-418.3548	-427.9602	9.605367	0.445983	0.480883	0.0607164	0.0124185	0.06218124	1.375666	0.9188811	2.898236
7980	-419.8734	-430.2427	10.36926	0.106859	0.722136	0.148961	0.0220439	0.0715971	2.282132	0.314055	1.076401
7986	-416.1742	-427.6668	11.49257	0.257084	0.54695	0.0753031	0.120663	0.174628	2.197678	0.1912328	0.2471574
7992	-414.1842	-425.9186	11.73444	0.879534	0.013912	0.072996	0.0335578	0.3970775	2.027375	0.2319874	0.3039
7998	-413.0232	-423.9558	10.9326	0.866332	0.0276571	0.0673846	0.0386266	0.354462	1.834293	0.2367619	1.38206
8004	-423.7598	-433.3699	9.610074	0.807494	0.0936946	0.0628081	0.0360033	0.8962259	1.966481	0.5285628	2.513008
8010	-418.5657	-429.0164	10.45068	0.632423	0.242084	0.086288	0.0392053	0.6475748	1.373989	0.5895925	2.513008
8016	-418.5366	-429.017	10.48041	0.870512	0.055477	0.0508895	0.0231219	0.4455984	1.212677	0.9779559	2.614192
8022	-415.7778	-426.892	11.11414	0.751489	0.195518	0.0290098	0.0239829	0.3604183	1.673543	0.5079513	1.608835
8028	-410.0567	-420.414	10.35732	0.934189	0.0321068	0.00897724	0.0247269	0.2852137	2.300501	0.1665396	1.30963
8034	-407.7343	-418.7441	11.00982	0.938134	0.0317986	0.00947358	0.0205939	0.2852137	2.243898	0.139142	0.5919446
8040	-407.8725	-419.737	11.86457	0.911067	0.0308812	0.0380522	0.0199997	0.4132248	1.971732	0.2775253	0.3036956
8046	-411.07	-422.3989	11.32894	0.935524	0.0171212	0.0390737	0.00828129	0.4599539	1.771715	0.2164433	0.8909004
8052	-409.7203	-421.4007	11.68046	0.0628942	0.490501	0.0564969	0.390108	0.06683016	0.5235347	1.742124	0.2216836
8058	-414.1647	-426.2993	12.13456	0.0322002	0.531807	0.0460511	0.389942	0.05698362	0.4477501	1.344316	0.2354386
8064	-416.2305	-427.6361	11.40553	0.348031	0.309228	0.0629752	0.279766	0.04644852	0.9111743	1.153775	0.1077481
8070	-416.7697	-427.856	11.08623	0.105645	0.412229	0.0847275	0.397398	0.03705982	0.84073	1.153775	0.09343758
8076	-412.0278	-422.1917	10.16385	0.691682	0.238613	0.0214169	0.0482885	0.02237455	1.516832	0.967308	0.2854436
8082	-422.1586	-429.1737	7.01513	0.7632	0.0159666	0.181039	0.0397948	1.126823	1.801926	0.2714444	7.87531
8088	-416.2234	-427.8628	11.63937	0.867049	0.00962765	0.0993278	0.0239958	0.4091514	1.970116	0.2869232	0.5846513
8094	-411.9886	-422.8785	10.88983	0.655047	0.192913	0.0119429	0.140097	0.03575317	1.655354	0.3907989	0.4580167
8100	-412.9083	-423.9977	11.08937	0.566513	0.240885	0.0176658	0.174935	0.05431268	2.100372	0.6206505	0.203675
8106	-408.6256	-418.5363	9.91065	0.504229	0.340575	0.0399372	0.115259	0.02109473	1.641063	0.5487605	0.6253556
8112	-412.9097	-423.2485	10.33884	0.478293	0.323057	0.130911	0.0677393	0.02438065	1.242734	0.9321466	0.6116709
8118	-412.6288	-424.2507	11.62198	0.31217	0.451826	0.183092	0.0529116	0.06003575	1.130918	0.9944859	0.6100845
8124	-410.7782	-421.8885	11.11035	0.416852	0.443778	0.105249	0.0341221	0.04012397	1.17339	0.923952	0.6664408
8130	-408.9754	-420.8644	11.88898	0.678196	0.246702	0.0483368	0.0267651	0.07096033	1.04325	0.8270225	0.7373228
8136	-414.4974	-426.315	11.81752	0.611364	0.313066	0.0439333	0.0316372	0.139655	1.006903	1.192117	0.9276001
8142	-420.0812	-432.5846	12.50343	0.590798	0.217595	0.0688304	0.122777	0.7561056	0.8732436	0.9300202	0.3308888
8148	-424.1775	-434.657	10.47949	0.62216	0.200918	0.0635551	0.113367	0.4888254	1.171478	1.342908	2.021586
8154	-420.6898	-429.1671	8.477263	0.14851	0.396261	0.0702318	0.384997	0.04504307	1.535798	0.7126721	4.314741
8160	-416.6027	-427.9264	11.32372	0.0217582	0.581028	0.0877805	0.309433	0.1145759	1.877154	0.3544587	0.9152521
8166	-412.0556	-423.6129	11.55729	0.0577612	0.855586	0.0670996	0.0195534	0.113502	1.871654	0.2663327	0.5880936
8172	-415.1762	-425.4275	10.2513	0.640285	0.318258	0.0346932	0.00676335	0.1092913	1.998582	0.2740542	1.835719
8178	-415.8601	-427.1328	11.27266	0.0488483	0.921657	0.0276566	0.00183849	0.1092913	1.966667	0.1447359	0.1663275
8184	-411.2496	-419.6444	8.394872	0.8828	0.0151977	0.0049855	0.0970171	0.2631856	2.178527	0.2998008	5.376181
8190	-407.4829	-418.8462	11.36325	0.8807	0.0151616	0.00497364	0.0991643	0.2273511	1.824718	0.2809182	1.062597
8196	-410.5427	-422.0582	11.51546	0.8807	0.0151616	0.00497364	0.0991643	0.2460932	1.592501	0.4531668	1.291253
8202	-413.8211	-422.7759	8.954762	0.886103	0.0122366	0.0139586	0.0877016	0.3930594	1.592501	0.39009	5.46726
8208	-410.4544	-421.5745	11.12011	0.754008	0.0566612	0.0522709	0.13706	0.5239823	1.780998	0.39009	1.278406
8214	-416.1552	-428.3017	12.14651	0.889526	0.0449071	0.0616656	0.00390152	0.5239823	0.9024614	1.021526	0.823443
8220	-414.8107	-427.4427	12.63205	0.643012	0.21005	0.0780299	0.0689078	0.4527762	1.300859	0.3982509	0.2479305
8226	-408.7929	-420.8465	12.05362	0.893642	0.0473241	0.0313493	0.0276844	0.3729634	1.167184	0.7538691	1.018001
8232	-413.0619	-425.3995	12.33763	0.814811	0.0158499	0.126304	0.0430344	0.477006	1.240938	0.8488881	0.5157679
8238	-410.1625	-421.9553	11.79279	0.88847	0.00742032	0.0748031	0.0293062	0.4107585	1.185211	1.381879	0.5962707
8244	-409.8038	-421.0796	11.27576	0.914434	0.00179051	0.0452845	0.0384908	0.4932757	0.5702532	1.797636	1.066732
8250	-415.8252	-425.7526	9.927301	0.929465	0.00186417	0.0471474	0.0215234	0.6230094	0.5576179	2.650798	0.9756593
8256	-413.8317	-424.4863	10.65458	0.933287	0.00348526	0.0411034	0.0221242	0.452561	0.5046873	1.920577	1.675332
8262	-414.3483	-425.9943	11.64598	0.90144	0.00274562	0.0744446	0.0213693	0.452561	0.2715046	1.574489	1.366681
8268	-411.3362	-423.0431	11.70683	0.892621	0.0123194	0.0282678	0.0667918	0.452561	1.323032	1.420434	0.4585021
8274	-417.1253	-426.8901	9.764842	0.896669	0.00785267	0.0935114	0.0019671	0.5223361	0.8161711	1.287553	3.815034
8280	-423.1109	-434.0724	10.96147	0.807684	0.0100767	0.00202045	0.180219	0.9297856	1.28569	0.8775686	1.350448
8286	-416.3776	-426.1341	9.756574	0.811159	0.00879543	0.0106236	0.169422	0.4069607	2.091998	0.2821252	2.657028
8292	-414.3742	-423.344	8.969765	0.923743	0.00745067	0.015877	0.0529294	0.3370313	1.782292	0.3930087	5.079835
8298	-410.9539	-421.0031	10.04915	0.879823	0.00109703	0.00371704	0.115363	0.3370313	1.532208	0.5427523	3.41795
8304	-413.6771	-423.2464	9.569389	0.848619	0.001851	0.00324246	0.146288	0.306277	1.756803	0.9622915	3.428297
8310	-411.954	-422.6751	10.72114	0.912337	0.00323056	0.0014103	0.0830225	0.3109332	1.550575	0.9240728	2.003907
8316	-410.0387	-421.0701	11.03138	0.907998	0.00797122	0.00140359	0.0826277	0.2381906	1.765586	1.207541	1.061224
8322	-410.8564	-422.4626	11.60621	0.852652	0.0128144	0.00170334	0.132831	0.2427834	1.765586	0.7646276	0.9163149
8328	-407.4579	-419.577	12.11916	0.919914	0.0167254	0.0022232	0.0611378	0.3182469	1.588736	0.7646276	0.5770324
8334	-405.1375	-417.7642	12.62663	0.817216	0.0248887	0.000984492	0.156911	0.5146015	0.624757	1.224182	0.1518681
8340	-412.9767	-425.8918	12.9151	0.886045	0.015525	0.000552062	0.0978776	0.5146015	0.2800009	1.152102	0.5599265
8346	-409.5351	-422.0632	12.52808	0.851271	0.0505113	0.000491009	0.0977269	0.3172613	1.053062	1.102315	0.1633817
8352	-407.4719	-419.8161	12.34425	0.816816	0.0826124	0.000436626	0.100135	0.4811342	0.4960167	1.451868	0.109277
8358	-414.6404	-426.6361	11.99568	0.614135	0.200707	0.000393449	0.184764	0.3896679	1.039801	1.556239	0.2451801
8364	-420.3001	-432.1643	11.86415	0.595396	0.194583	0.000783424	0.209237	0.5770932	1.227797	1.161248	0.5873729
8370	-418.585	-430.0782	11.49325	0.647443	0.105459	0.0217936	0.225305	0.4744246	2.128498	0.2024536	0.2221989
8376	-419.2772	-431.0298	11.75258	0.718074	0.160433	0.0264907	0.095003	0.6035764	1.364654	0.2961028	0.8830237
8382	-413.2433	-424.8284	11.5851	0.703411	0.170218	0.0354442	0.0909271	0.2964392	1.30732	0.6852321	1.464892
8388	-415.3499	-426.8751	11.52521	0.770021	0.0916411	0.0388006	0.0995375	0.7420362	0.7421087	0.8484876	1.579347
8394	-415.34	-426.0823	10.74238	0.766008	0.0840363	0.0109208	0.139034	0.4629204	1.001604	1.369228	1.888549
8400	-413.4345	-425.116	11.68151	0.835943	0.109933	0.0161199	0.0380041	0.6290508	1.080412	1.055817	0.9618155
8406	-412.3007	-423.581	11.28039	0.824787	0.108466	0.00247841	0.0642687	0.3265374	1.237383	1.073911	1.501464
8412	-409.4576	-421.1754	11.71787	0.872545	0.0230723	0.00904702	0.0953354	0.3265374	1.26576	0.9781175	1.099981
8418	-419.8147	-428.5944	8.779723	0.767501	0.0136603	0.0189672	0.199872	0.5493159	1.084775	2.031937	3.185365
8424	-421.744	-429.1339	7.389882	0.858265	0.0152757	0.0232638	0.103195	1.037778	0.4707044	2.861621	3.507009
8430	-412.179	-424.3084	12.12935	0.84908	0.0810891	0.0242921	0.0455392	0.4188123	1.344841	0.5863403	0.8147698
8436	-416.5643	-427.6506	11.08622	0.798763	0.0897583	0.0343348	0.0771437	0.3969886	1.488085	0.5126626	1.836906
8442	-414.1016	-424.946	10.84443	0.584769	0.234892	0.0416526	0.138686	0.8296631	0.84012	1.035745	1.974973
8448	-418.1057	-428.8951	10.78939	0.727349	0.199372	0.0518084	0.0214699	0.3250753	0.669758	1.035745	3.050422
8454	-413.7106	-426.0704	12.35983	0.664153	0.276073	0.042261	0.0175134	0.5246495	1.332058	0.7907765	0.3920588
8460	-419.7633	-430.704	10.94071	0.661988	0.0945633	4.04329e-05	0.243408	0.1592699	0.8174264	1.150381	2.309419
8466	-423.2436	-433.3982	10.15467	0.532789	0.135097	0.000236115	0.331878	0.1853654	0.9728538	0.9889567	3.712361
8472	-412.7706	-423.132	10.36146	0.924422	0.0194945	0.0494442	0.00663949	0.6053653	0.8051472	1.803781	1.686394
8478	-412.7704	-423.4759	10.70551	0.883832	0.0581212	0.027882	0.0301643	0.4186571	0.992891	1.36278	2.012766
8484	-412.878	-424.7178	11.83984	0.875934	0.032697	0.043888	0.0474805	0.3537456	0.8980928	1.270974	1.003022
8490	-422.0963	-429.1887	7.092374	0.683556	0.163773	0.0222909	0.13038	0.4721868	0.6407734	1.247242	12.93885
8496	-421.2062	-429.2175	8.011325	0.661374	0.14604	0.0108668	0.181719	0.9974698	0.4236549	1.428848	7.427722
8502	-412.2495	-422.9753	10.72578	0.909156	0.015931	0.00476222	0.0701507	0.5248963	0.6304843	1.344461	2.380772
8508	-416.1565	-426.7324	10.57585	0.863585	0.0547663	0.0216798	0.0599689	0.5969883	0.647407	1.043667	3.018253
8514	-421.7814	-432.8093	11.02786	0.491725	0.32674	0.0949586	0.0865763	0.5106443	0.5998693	0.9094699	2.717915
8520	-419.3548	-430.3287	10.97381	0.122784	0.833897	0.0237112	0.019608	0.117061	1.312943	0.8725006	1.790174
8526	-419.7283	-431.0191	11.29075	0.552992	0.4131	0.0291297	0.00477839	0.3449275	1.807354	0.3242949	1.180934
8532	-417.5047	-429.2219	11.71726	0.317811	0.582189	0.0748644	0.0251355	0.126873	2.073493	0.3323491	0.3628404
8538	-412.9228	-423.485	10.56216	0.265509	0.647615	0.0306832	0.0561922	0.08878298	1.977199	0.2365106	1.246823
8544	-409.8568	-420.5479	10.69116	0.239032	0.549128	0.108017	0.103823	0.05781262	1.432004	0.7938815	1.380677
8550	-417.2907	-426.4578	9.167096	0.261922	0.504424	0.119139	0.114514	0.05484349	1.797043	0.5567961	3.076915
8556	-412.5555	-422.8321	10.27651	0.541553	0.163345	0.0162774	0.278824	0.05100691	1.483536	0.7572491	1.67268
8562	-412.7809	-423.6785	10.89765	0.460753	0.286792	0.0152314	0.237224	0.2326072	1.442865	0.7572491	2.111748
8568	-416.5118	-428.2537	11.74187	0.407581	0.334601	0.00443928	0.253379	0.1422615	0.8929604	1.001476	1.348386
8574	-411.8792	-422.1061	10.22688	0.711055	0.0919501	0.0115616	0.185434	0.04129013	0.8717283	1.377795	1.390108
8580	-408.9529	-420.6266	11.67366	0.757854	0.0889222	0.00973601	0.143488	0.05341766	0.9850738	1.118579	0.4491487
8586	-410.3184	-421.4795	11.16103	0.557032	0.19047	0.0261867	0.226311	0.04464828	1.065192	1.227811	0.544458
8592	-414.6389	-427.0371	12.39819	0.824435	0.0964015	0.000360637	0.0788033	0.2604727	0.7466491	1.10345	0.8350439
8598	-410.9367	-423.7112	12.77445	0.755821	0.107582	0.000332752	0.136264	0.4774307	1.123897	0.6429351	0.2412384
8604	-407.7693	-420.5315	12.76222	0.874645	0.055983	9.76303e-05	0.0692745	0.3893035	0.9590359	0.6707728	0.5715858
8610	-414.0671	-426.5871	12.51996	0.770778	0.102354	0.000212067	0.126655	0.4461209	1.33431	0.6928854	0.3639635
8616	-415.963	-428.1032	12.14022	0.7083	0.174308	0.00100336	0.116389	0.3957082	1.06269	1.174004	0.6347966
8622	-411.7923	-424.8192	13.02691	0.923728	0.0612653	0.000405746	0.0146008	0.3662819	0.7026337	0.9713855	0.1957094
8628	-410.933	-423.2108	12.27775	0.904389	0.0755409	0.000801302	0.019269	0.5077446	1.573699	0.6131972	0.3349011
8634	-409.1421	-421.6708	12.5287	0.812349	0.169623	0.000719754	0.017308	0.3142063	1.02378	0.8408114	0.6720721
8640	-410.3377	-422.173	11.83529	0.897579	0.0215615	0.0449727	0.0358871	0.603003	0.2274756	1.694765	0.8852967
8646	-409.4786	-420.4383	10.9597	0.895909	0.0190378	0.0572023	0.0278503	0.5188915	0.8054775	1.694765	1.279118
8652	-408.7056	-420.6104	11.90484	0.904625	0.0066276	0.0512473	0.0375	0.4228837	1.017354	1.183285	0.8692625
8658	-408.1971	-420.4834	12.28637	0.91146	0.0182859	0.0324708	0.0377833	0.4964911	0.351058	1.249011	1.004644
8664	-414.775	-425.926	11.15097	0.24046	0.44257	0.0356974	0.281273	0.07595831	0.8081648	1.928188	0.1499236
8670	-406.4472	-418.6386	12.19133	0.903867	0.016804	0.00568195	0.0736473	0.5592342	0.5107348	1.128203	1.016162
8676	-415.3893	-427.3366	11.94736	0.865856	0.016318	0.00620637	0.111619	0.4248774	0.2952337	1.66489	0.9238596
8682	-418.3526	-430.3084	11.95579	0.85116	0.024201	0.0193152	0.105324	0.4993412	1.523729	0.5590425	0.7438179
8688	-418.254	-430.3835	12.12954	0.865915	0.0246206	0.0196501	0.0898141	0.2552766	1.519893	0.6532393	0.7132462
8694	-407.5986	-420.3165	12.71784	0.895347	0.0518355	0.00121752	0.0516002	0.3720822	0.9048959	1.044889	0.366317
8700	-404.9851	-417.1609	12.1758	0.83772	0.0283288	0.00180874	0.132143	0.2998506	1.048442	1.117497	0.7344934
8706	-419.5089	-430.5978	11.08897	0.751337	0.0433121	0.00331717	0.202034	0.5262242	1.724805	1.117497	0.9505123
8712	-417.4637	-428.7788	11.31506	0.693435	0.204913	0.0119006	0.0897513	0.6072696	1.092455	1.415383	0.9139221
8718	-413.6317	-423.6246	9.99287	0.85746	0.0168434	0.0147155	0.110981	0.6072696	1.289459	1.514565	2.053997
8724	-403.218	-416.0467	12.82877	0.909546	0.025128	0.00326314	0.0620627	0.3127827	1.17419	0.6685171	0.3092194
8730	-409.6483	-421.1823	11.53406	0.762784	0.00933234	0.00970638	0.218177	0.3628309	0.8153289	1.778031	0.7163056
8736	-405.988	-417.7301	11.74212	0.838889	0.00612965	0.011678	0.143303	0.4780142	0.4942838	1.441704	1.186831
8742	-413.136	-424.2074	11.07144	0.778187	0.141091	0.0151137	0.0656081	0.3911739	1.103681	0.7109121	2.288867
8748	-416.5939	-424.45	7.856106	0.871731	0.0597296	0.0212036	0.0473362	0.4849557	1.304968	0.795553	9.007014
8754	-412.1764	-424.4629	12.28655	0.779502	0.0949363	0.0824571	0.0431052	0.7038628	0.6365647	1.052854	0.7329917
8760	-417.0937	-427.2225	10.12879	0.784629	0.182188	0.0190849	0.0140984	0.3667414	1.439356	0.5678568	3.395792
8766	-411.4002	-418.5614	7.161201	0.933228	0.0497756	0.00431797	0.0126784	0.2434072	1.63121	0.5678568	11.44828
8772	-412.7341	-421.8465	9.112443	0.940525	0.0501648	0.00435173	0.00495832	0.4072742	2.060151	0.4870352	4.10568
8778	-408.4298	-419.6595	11.22975	0.901703	0.0346738	0.00300808	0.0606154	0.2724745	1.603044	0.5720023	1.597003
8784	-405.3394	-417.0485	11.70911	0.892249	0.026226	0.0023422	0.0791825	0.2724745	1.651945	0.5155224	1.028368
8790	-406.216	-418.661	12.44493	0.836962	0.0339749	0.00320139	0.125862	0.2421161	1.318066	0.5371394	0.09884694
8796	-412.0157	-424.5648	12.54905	0.855061	0.0130847	0.00327062	0.128584	0.3823055	0.9867354	1.140286	0.1916734
8802	-411.9602	-422.7475	10.78729	0.911558	0.0267373	0.0238243	0.03788	0.3678343	1.229946	0.8692329	2.376488
8808	-408.6761	-420.6027	11.92656	0.923891	0.00502676	0.0149211	0.056161	0.4472385	1.643397	0.4564845	0.7082282
8814	-412.7231	-422.6987	9.975547	0.862799	0.0872849	0.00486369	0.0450523	0.284092	1.507329	0.673807	3.561347
8820	-414.7884	-426.5283	11.73985	0.925275	0.00971997	0.028852	0.0361531	0.7464479	1.016027	0.883187	1.010149
8826	-406.8847	-419.4062	12.52149	0.894853	0.0398418	0.0491714	0.0161339	0.530968	1.201088	0.7515801	0.3801663
8832	-415.8003	-427.4132	11.61297	0.743827	0.120349	0.00391988	0.131904	0.5309524	0.6373889	1.70447	0.7639372
8838	-414.6905	-425.9207	11.2302	0.716445	0.180653	0.00729937	0.0956031	0.4660453	0.6147828	2.2352	0.4541823
8844	-419.7941	-431.2524	11.45825	0.693216	0.106973	0.0626954	0.137115	0.3507831	1.481373	0.7732158	1.316002
8850	-425.1286	-434.2536	9.125057	0.69583	0.151776	0.0148323	0.137562	0.3267118	2.418156	0.5112964	3.504666
8856	-411.5388	-421.92	10.38125	0.89928	0.0388169	0.026225	0.0356779	0.5013788	2.282959	0.2660206	1.41688
8862	-414.8209	-425.5656	10.74467	0.945511	0.0154317	0.0165466	0.0225109	0.2837976	2.85187	0.2286873	0.5683669
8868	-415.3926	-425.1392	9.746583	0.772492	0.0126079	0.01404	0.20086	0.2832298	2.215022	0.1091031	1.764723
8874	-412.4703	-424.2056	11.73522	0.976784	0.00244627	0.018602	0.00216743	0.3092199	1.102145	0.6642145	1.534765
8880	-412.5329	-424.3497	11.81679	0.877419	0.00855571	0.102261	0.0117644	0.3860308	1.417935	0.5969475	1.075011
8886	-412.4946	-424.0685	11.57392	0.901398	0.0073531	0.0785097	0.0127391	0.3917321	1.458911	0.6734968	1.247711
8892	-410.3322	-420.1288	9.79655	0.832472	0.026519	0.0345604	0.106449	0.3458711	1.926667	0.3817127	3.106191
8898	-417.3879	-423.5404	6.152541	0.832472	0.026519	0.0345604	0.106449	0.3417576	1.792062	0.3725031	15.04717
8904	-411.8258	-420.2003	8.374493	0.947036	0.00387587	0.0380362	0.0110516	0.4812865	2.005999	0.2472362	5.264223
8910	-414.7026	-426.4005	11.69796	0.842889	0.0354735	0.0910699	0.030568	0.6754139	1.374206	0.3071889	0.8672904
8916	-417.3372	-426.2071	8.869976	0.839735	0.0390826	0.0907291	0.0304536	0.6251328	1.780414	0.4713192	4.754621
8922	-414.0701	-421.8825	7.812316	0.863798	0.0151478	0.0830294	0.0380251	0.7059644	1.134632	0.8704108	8.747948
8928	-414.5537	-424.8774	10.32373	0.796697	0.0478033	0.0765795	0.0789206	0.7226176	0.9916345	0.8704108	2.918754
8934	-424.2451	-436.6539	12.40872	0.539219	0.242668	0.109124	0.108989	0.5105165	1.017116	1.071637	0.4185035
8940	-413.7322	-426.2774	12.54511	0.638021	0.226921	0.126239	0.00881953	0.6170926	0.7513351	1.071637	0.4397171
8946	-412.0295	-422.8857	10.85624	0.862316	0.0190885	0.105903	0.0126925	0.6170926	0.6801829	1.663028	1.470691
8952	-419.7342	-431.0078	11.27362	0.804119	0.0832274	0.0368941	0.0757596	0.4895287	0.6606771	1.65306	1.192031
8958	-422.0352	-432.8238	10.78869	0.839283	0.0372102	0.0619013	0.0616053	0.6668583	0.5232418	1.65306	1.691174
8964	-412.5621	-424.106	11.54389	0.863615	0.0216989	0.0576286	0.0570576	0.6089306	0.9319487	1.65306	0.5413328
8970	-420.0329	-431.5605	11.52758	0.730238	0.0670157	0.0709828	0.131764	0.7383134	0.5030789	1.178051	1.473752
8976	-418.0408	-428.558	10.51715	0.758982	0.00832957	0.0957381	0.13695	0.9215734	0.9002906	1.178051	1.996709
8982	-408.4818	-420.7877	12.30589	0.838167	0.0199638	0.00538858	0.136481	0.4229253	1.56813	0.6313608	0.4034784
8988	-406.283	-418.1661	11.88315	0.852901	0.0124926	0.0139238	0.120683	0.4768169	0.5443536	1.479698	0.9424483
8994	-410.1453	-421.4277	11.28238	0.87659	0.0169047	0.0809784	0.0255273	0.6241611	0.5145011	1.756294	1.039975
9000	-415.6733	-427.8022	12.12894	0.792681	0.0159635	0.0323875	0.158968	0.5289894	0.4130354	1.367642	0.9216976
9006	-416.217	-426.9319	10.71486	0.881556	0.0214951	0.0259308	0.0710183	0.4542304	0.9611266	1.457656	1.839706
9012	-416.8866	-427.5793	10.69271	0.828033	0.0294355	0.0355099	0.107021	0.4442515	1.113681	0.7904504	2.692053
9018	-420.1225	-431.2662	11.14363	0.736508	0.0237742	0.0315849	0.208133	0.4775968	1.308286	0.7542036	1.77602
9024	-416.3495	-427.7406	11.3911	0.729411	0.0494247	0.00675948	0.214405	0.4207413	0.9994251	1.460005	1.057738
9030	-410.8269	-423.0032	12.1763	0.749186	0.0549782	0.00139569	0.19444	0.3506649	1.529365	0.8508458	0.4954341
9036	-410.0423	-421.9082	11.86594	0.872377	0.0483776	0.00520386	0.0740419	0.3506649	0.5327854	1.403594	1.183091
9042	-406.4897	-419.025	12.53525	0.905978	0.0535009	0.0054043	0.035117	0.5034791	0.9614549	0.8543219	0.5657984
9048	-411.8876	-424.1877	12.3001	0.854822	0.108618	0.00342524	0.0331341	0.5034791	0.9378501	1.138995	0.5435261
9054	-411.0804	-422.6016	11.52115	0.855655	0.0195545	0.0509876	0.0738025	0.5289189	0.1436605	1.656717	1.438746
9060	-408.3178	-419.6257	11.30787	0.840604	0.0368009	0.0500907	0.0725043	0.5289189	0.05993981	1.864215	1.438746
9066	-409.5123	-420.6788	11.16648	0.852125	0.0604372	0.0634032	0.0240344	0.5289189	0.4618845	1.998879	0.9518889
9072	-409.2077	-421.3247	12.11707	0.753462	0.0577027	0.0524695	0.136366	0.4510414	0.5809937	1.319462	0.9031907
9078	-410.1056	-421.5361	11.4305	0.768801	0.169084	0.036191	0.025924	0.6544722	0.66354	1.477436	1.096681
9084	-419.1269	-428.9546	9.827742	0.690087	0.0296503	0.00690315	0.273359	0.4708569	0.779975	1.452093	3.468205
9090	-411.9272	-423.0911	11.1639	0.85377	0.00860547	0.0286901	0.108934	0.3887701	1.335824	1.070723	1.475396
9096	-412.3127	-423.8369	11.52414	0.853077	0.0309748	0.0284257	0.0875226	0.5884211	0.9347417	1.210869	1.136933
9102	-407.978	-419.9312	11.9532	0.779937	0.0695077	0.00884958	0.141705	0.3893918	1.730908	0.5506961	0.6476724
9108	-409.9404	-420.4088	10.46838	0.809527	0.0600915	0.00291958	0.127462	0.2518271	1.93145	0.336545	2.075415
9114	-406.9262	-418.7803	11.85412	0.842248	0.0125155	0.0016628	0.143574	0.2518271	1.541352	0.6692676	0.9500088
9120	-408.0428	-420.3092	12.26639	0.84995	0.0126299	0.00167801	0.135742	0.2704683	1.419864	0.9968412	0.4144361
9126	-403.0796	-415.0819	12.00229	0.829197	0.0123381	0.00193498	0.15653	0.2482951	1.77041	0.8674307	0.1396343
9132	-403.3962	-415.2522	11.85603	0.915509	0.0144591	0.00208296	0.0679493	0.2214071	2.008305	0.2601825	0.1816608
9138	-407.4315	-418.6297	11.19819	0.919625	0.0100281	0.00209232	0.0682548	0.1913559	2.620864	0.2610626	0.3830306
9144	-410.5926	-421.1056	10.51297	0.896666	0.00977778	0.00204009	0.0915163	0.4818485	2.07762	0.3004808	1.585951
9150	-405.6677	-417.3728	11.70512	0.900047	0.00981465	0.00204778	0.0880911	0.2571301	2.028266	0.4006106	0.09744291
9156	-407.0037	-418.4837	11.47993	0.875308	0.00597177	0.00141946	0.1173	0.1657059	1.877598	0.254734	0.0797797
9162	-406.4634	-417.7884	11.32497	0.904694	0.000452284	0.00146711	0.0933866	0.2581056	2.390131	0.1853353	0.2784191
9168	-403.5971	-414.8375	11.24041	0.937482	0.00399662	0.000495245	0.0580257	0.1966777	2.024967	0.2014826	0.7981202
9174	-407.4418	-418.1533	10.71144	0.92658	0.00980852	0.000291711	0.0633195	0.2826756	1.982166	0.3802055	1.732827
9180	-403.451	-415.5933	12.14225	0.861311	0.00645277	0.000271162	0.131965	0.1914604	1.48479	0.3802055	0.7135615
9186	-404.4846	-415.706	11.2214	0.845653	0.0134602	0.00166381	0.139223	0.2386457	1.684826	0.3183451	1.421702
9192	-412.4574	-423.3397	10.88233	0.824134	0.121728	0.000450231	0.0536877	0.2920552	1.684826	0.4181368	1.913887
9198	-415.2075	-425.3943	10.18675	0.835003	0.0886593	0.00330179	0.073036	0.7443652	1.422525	0.4526993	2.701491
9204	-404.9336	-416.9249	11.99137	0.958273	0.0152651	0.00127326	0.0251881	0.2530066	1.520164	0.4526993	0.8777543
9210	-417.0744	-428.6713	11.59692	0.0151875	0.916723	0.0634878	0.0046019	0.07095413	1.466976	0.6569378	0.08827914
9216	-413.4988	-424.2587	10.75987	0.0533062	0.850756	0.0842896	0.0116484	0.02900462	1.538312	0.5941488	0.3998384
9222	-402.8147	-414.649	11.83432	0.894773	0.0138744	0.00145904	0.0898937	0.2061298	1.593976	0.5196478	0.06666593
9228	-403.0748	-415.1356	12.06078	0.935154	0.0145005	0.00277587	0.0475699	0.1854939	1.644621	0.5196478	0.6650111
9234	-404.5794	-416.9824	12.403	0.954001	0.0147928	0.00283181	0.0283749	0.2718814	1.628908	0.431122	0.1822386
9240	-410.0167	-422.0692	12.05255	0.950989	0.0221396	0.00454862	0.0223227	0.4971647	1.628908	0.5823647	0.1153235
9246	-411.2622	-423.1921	11.92983	0.91341	0.0446805	0.00853087	0.0333789	0.2292585	1.253314	0.7277535	1.12798
9252	-406.5221	-417.9126	11.3905	0.258363	0.602129	0.0799873	0.0595211	0.0400227	1.158733	0.8451026	0.1340253
9258	-412.807	-423.5459	10.73893	0.259129	0.555551	0.121884	0.0634357	0.03909208	1.451493	1.239572	0.1646854
9264	-416.2622	-427.7241	11.46184	0.795079	0.0446827	0.0250635	0.135175	0.4416966	1.052265	0.8730812	1.629206
9270	-412.8099	-423.2934	10.48342	0.414356	0.531238	0.0447718	0.00963392	0.04869354	0.8169813	1.439739	1.306276
9276	-410.3626	-422.0244	11.66184	0.517422	0.405613	0.0367735	0.0401913	0.05625988	1.239338	1.031172	0.188627
9282	-411.8476	-423.3693	11.52174	0.488834	0.298314	0.0347417	0.17811	0.07148511	1.239338	0.7474428	0.9649533
9288	-410.2917	-421.3661	11.0744	0.515006	0.312961	0.0364475	0.135585	0.05646555	1.451572	0.9039044	0.8450242
9294	-407.7636	-418.5566	10.79298	0.638673	0.220265	0.0501572	0.0909049	0.03269881	1.297223	1.097652	0.3964806
9300	-409.0327	-418.9576	9.924841	0.457597	0.412373	0.0913541	0.038676	0.0209858	1.488328	0.5210972	0.7508885
9306	-417.883	-429.2741	11.39108	0.55188	0.307752	0.0808361	0.0595322	0.0354636	1.256065	0.3662555	0.2641794
9312	-415.2927	-426.9621	11.66939	0.222482	0.614665	0.0504198	0.112433	0.05357864	1.5157	0.5732636	0.319934
9318	-417.3679	-426.3593	8.991435	0.39762	0.548383	0.0114206	0.0425761	0.09930969	1.536829	0.3419147	4.861074
9324	-415.5429	-425.5672	10.0243	0.0776701	0.851969	0.0148817	0.0554792	0.08032597	1.466052	0.5665035	2.8127
9330	-414.5634	-426.6945	12.13115	0.298297	0.525185	0.0206291	0.155889	0.2316288	1.555537	0.4494222	0.7075978
9336	-414.7223	-425.5037	10.78133	0.319321	0.46238	0.0725727	0.145727	0.1466478	1.70298	0.4503216	1.907706
9342	-413.5382	-423.908	10.36987	0.0856054	0.705098	0.044612	0.164684	0.1052303	1.70298	0.3923879	2.204689
9348	-414.0499	-425.1077	11.05782	0.759388	0.207522	0.0075463	0.0255433	0.07702692	1.761568	0.5423028	1.06251
9354	-413.9353	-422.8499	8.914561	0.919904	0.0583429	0.00306703	0.0186859	0.3273134	1.628176	0.7694656	5.399306
9360	-417.6011	-428.2203	10.61922	0.381341	0.574003	0.0161945	0.0284607	0.104822	1.384141	0.5438119	2.333575
9366	-415.9988	-426.6248	10.626	0.401616	0.553025	0.0212136	0.0241455	0.05112901	1.211388	0.5303004	1.7009
9372	-414.1592	-424.7103	10.55115	0.88248	0.0246226	0.000659329	0.0922378	0.207192	1.709617	0.5845659	2.329653
9378	-408.9789	-419.4595	10.48061	0.887215	0.0246367	0.0036297	0.0845189	0.2597275	1.294071	0.5618378	3.125331
9384	-405.891	-418.1505	12.25949	0.941259	0.0113517	0.000269691	0.0471199	0.240496	1.1495	0.6437759	0.9479403
9390	-415.6836	-427.8008	12.11715	0.211086	0.275741	0.0319347	0.481238	0.06750864	1.26128	0.710265	0.2178202
9396	-409.6881	-421.9931	12.30504	0.434637	0.413657	0.0208399	0.130866	0.0755136	1.224065	0.5572869	0.1960892
9402	-405.6365	-417.579	11.94256	0.941306	0.016768	0.000269319	0.041657	0.2525585	2.087097	0.3719806	0.208436
9408	-409.9288	-422.0447	12.11592	0.972707	0.0119079	8.73628e-05	0.0152979	0.2337887	1.936574	0.595545	0.3006673
9414	-411.5353	-423.3058	11.77047	0.677167	0.23095	0.020829	0.0710548	0.277979	1.86739	0.4286891	0.747218
9420	-412.4629	-423.7934	11.33046	0.375968	0.58331	0.00321547	0.0375064	0.09632686	2.155573	0.2401202	0.3629212
9426	-409.2877	-419.8324	10.54478	0.334992	0.59532	0.0460501	0.0236388	0.03522351	1.88978	0.4157246	0.5595006
9432	-413.3791	-425.4508	12.07172	0.869206	0.0760838	0.000363956	0.0543459	0.2606488	1.346113	1.204646	0.4620275
9438	-414.0231	-424.615	10.59189	0.909614	0.0482117	0.00425596	0.0379185	0.3503691	1.823775	0.4265847	2.077279
9444	-417.9513	-428.7477	10.79638	0.709522	0.00690148	0.00303489	0.280542	0.4579215	0.9985817	0.9237253	2.519591
9450	-415.2265	-426.057	10.83055	0.923026	0.00551409	0.00346944	0.0679908	0.2624242	1.340627	0.7993833	2.309343
9456	-418.8392	-427.9754	9.136218	0.633578	0.0260982	0.0185234	0.321801	0.5307471	1.560336	0.4418287	4.859102
9462	-419.4091	-431.4543	12.04525	0.266651	0.431586	0.134084	0.16768	0.110855	0.8778705	1.496405	0.3167711
9468	-422.0082	-432.675	10.66681	0.624127	0.184808	0.0482968	0.142768	0.128791	0.8964458	1.45921	1.936543
9474	-426.0953	-437.5533	11.45808	0.850758	0.0723946	0.0179992	0.0588486	0.8688035	2.002541	0.7015239	0.2419549
9480	-414.5586	-426.3187	11.76016	0.627102	0.286665	0.0586908	0.0275422	0.07927028	1.253555	0.9656629	0.6365548
9486	-411.5761	-422.4705	10.89432	0.428361	0.485465	0.021281	0.0648925	0.09279199	1.086491	0.8988654	1.963723
9492	-417.1924	-426.795	9.602575	0.845147	0.125675	0.00720567	0.0219724	0.651397	0.9092524	1.046429	4.234596
9498	-414.7554	-424.5877	9.832267	0.854608	0.112698	0.00764552	0.0250489	0.5566103	1.356368	0.9875899	3.247291
9504	-422.8983	-432.9445	10.04617	0.576994	0.190464	0.208626	0.023916	2.344966	1.250599	0.6061437	1.281208
9510	-412.8814	-425.0112	12.12977	0.830172	0.10256	0.0159313	0.0513372	0.4112534	0.9310923	1.13563	0.7979504
9516	-410.9761	-423.6326	12.65649	0.855482	0.0316672	0.00345738	0.109394	0.3020609	0.8774525	1.209391	0.2416068
9522	-409.4868	-421.3537	11.86691	0.200698	0.568923	0.11722	0.113159	0.07863704	0.9367336	1.399534	0.3162499
9528	-413.4368	-425.0023	11.56555	0.117498	0.500136	0.197897	0.184469	0.07863704	0.502132	1.937056	0.2238291
9534	-408.2232	-419.9472	11.72405	0.896664	0.0258626	0.00969879	0.0677743	0.4369768	1.378788	0.6734702	1.132101
9540	-406.4969	-417.7147	11.21772	0.851821	0.0700559	0.0187328	0.0593905	0.4436738	0.7444762	1.410767	1.574958
9546	-406.1867	-417.5689	11.38217	0.851821	0.0700559	0.0187328	0.0593905	0.3808151	1.404111	0.5901554	1.574958
9552	-416.1067	-423.6828	7.57605	0.838166	0.119525	0.0394071	0.0029026	0.6084483	1.040554	1.287746	8.715682
9558	-417.5746	-428.6499	11.07535	0.820538	0.117011	0.059701	0.00274971	0.5495086	0.4237686	1.638583	1.637845
9564	-416.945	-427.9908	11.04577	0.663854	0.176551	0.0366601	0.122935	0.04345164	1.228967	1.336992	0.2543035
9570	-414.028	-425.3329	11.30486	0.650853	0.287081	0.00403461	0.0580312	0.08235106	0.9956981	1.185079	1.135238
9576	-417.4615	-428.3373	10.8758	0.683918	0.22721	0.0191985	0.0696736	0.7648044	0.9532141	1.617735	1.054193
9582	-414.3133	-425.7207	11.40737	0.853681	0.0445967	0.0346471	0.0670752	0.4666131	0.5276718	1.873696	0.8938989
9588	-420.5324	-427.9629	7.430454	0.840723	0.0305455	0.0251824	0.103549	0.467145	0.3623619	2.316267	7.126678
9594	-417.9408	-426.2722	8.331388	0.559098	0.35094	0.00123068	0.0887316	0.2625983	1.821771	0.3788803	6.67273
9600	-414.541	-424.5455	10.00447	0.775688	0.195747	0.000955612	0.0276095	0.5682886	1.82282	0.5854526	2.638183
9606	-418.7452	-427.6659	8.920708	0.899631	0.0639734	0.0178964	0.0184995	0.27485	1.401785	1.246577	4.861242
9612	-411.0988	-423.4252	12.32647	0.84985	0.10763	0.011662	0.0308573	0.3170192	1.340193	0.679245	0.6665021
9618	-406.8746	-418.9902	12.11561	0.851405	0.107827	0.00985467	0.0309137	0.3492459	1.782309	0.518335	0.4731126
9624	-408.3287	-419.5652	11.23647	0.90097	0.0326281	0.0104284	0.0559732	0.3345358	2.40648	0.518335	0.7279792
9630	-411.9779	-423.9342	11.95629	0.827375	0.0198936	0.00976445	0.142967	0.3348662	1.493417	1.026034	0.5959943
9636	-415.579	-426.319	10.74001	0.888663	0.0175428	0.00441458	0.0893792	0.263506	1.283886	1.853591	0.9706245
9642	-406.4497	-418.5698	12.12008	0.899672	0.0179364	0.0038779	0.0785133	0.3635826	1.659167	0.8473139	0.4101418
9648	-406.5434	-418.1251	11.58167	0.887354	0.00673824	0.00203485	0.103873	0.3359712	1.886893	0.9377443	0.6595543
9654	-407.5841	-419.4348	11.85067	0.886778	0.00599207	0.00859952	0.0986309	0.2915808	1.886893	0.4942418	0.6595543
9660	-416.4586	-427.8089	11.35032	0.879657	0.00594396	0.00853048	0.105868	0.4956959	1.43833	0.5972807	1.448135
9666	-409.7124	-420.7457	11.03336	0.870519	0.00588221	0.00980067	0.113799	0.2683039	1.797347	0.8130735	1.448135
9672	-409.5091	-420.124	10.61487	0.848463	0.00274128	0.0012171	0.147578	0.2337039	2.059202	0.320883	1.697716
9678	-408.2588	-420.1725	11.91363	0.935033	0.00107607	0.00367103	0.0602204	0.2337039	1.515489	0.5304075	0.9594665
9684	-406.9272	-418.6874	11.76019	0.927555	0.00740012	0.00307159	0.0619735	0.205123	1.907212	0.3020198	0.6168876
9690	-412.2669	-421.872	9.605166	0.883003	0.0342609	0.00415235	0.0785837	0.2200806	1.574076	0.3419821	4.121014
9696	-405.963	-417.0962	11.13321	0.842365	0.0261564	0.0031701	0.128309	0.2382417	2.446522	0.2085181	0.5383526
9702	-402.4193	-413.6043	11.18494	0.910105	0.0120025	0.00113066	0.0767618	0.1976415	2.207095	0.1472708	0.480951
9708	-405.4018	-416.716	11.31425	0.800267	0.0105539	0.0009942	0.188185	0.2962864	2.276922	0.181929	0.146278
9714	-409.4954	-420.4042	10.90874	0.913807	0.00886211	0.000935958	0.0763953	0.2253628	2.05844	0.3545341	1.388972
9720	-408.949	-421.2073	12.25828	0.747041	0.00679337	0.000236356	0.245929	0.2253628	1.739783	0.5136962	0.4016935
9726	-405.8789	-417.8343	11.95535	0.853867	0.0116392	0.000460025	0.134033	0.2253628	1.68472	0.4931886	0.7549909
9732	-410.8573	-423.1111	12.25383	0.808349	0.0107431	0.00314473	0.177763	0.249021	1.792506	0.6040797	0.2028634
9738	-410.893	-422.7068	11.81375	0.885711	0.0091278	0.00268341	0.102478	0.3358926	2.180064	0.5533578	0.1717383
9744	-414.7182	-424.7527	10.03453	0.881291	0.00951179	0.00723021	0.101967	0.2430809	2.385089	0.5747823	2.128126
9750	-408.8394	-420.7381	11.89869	0.844759	0.00156425	0.0237096	0.129967	0.3793785	0.7810571	1.590775	0.6410604
9756	-410.5261	-422.8452	12.31905	0.804355	0.000469196	0.0221283	0.173047	0.3793785	0.4787592	1.503542	0.6410604
9762	-410.2123	-420.0376	9.825248	0.837999	0.0383635	0.00747922	0.116159	0.2688041	2.299416	0.2011635	2.11596
9768	-406.2813	-417.3664	11.0851	0.781085	0.035576	0.00727232	0.176067	0.2688041	2.138409	0.3346274	1.097479
9774	-409.9155	-421.5176	11.60216	0.813358	0.066254	0.000765204	0.119623	0.4119682	1.147092	1.170819	1.064453
9780	-406.2902	-417.0991	10.80897	0.884085	0.0329271	0.00418317	0.0788046	0.2303346	2.761059	0.1654877	0.3936398
9786	-411.8289	-420.791	8.962044	0.881502	0.0418959	0.00532259	0.0712799	0.2661003	2.761059	0.08318099	1.793626
9792	-417.9546	-426.9214	8.966842	0.740836	0.129983	6.31503e-05	0.129118	0.5139384	0.849732	1.357515	5.297755
9798	-414.0632	-425.8676	11.80447	0.748922	0.131401	0.000192487	0.119484	0.6046508	0.7865667	1.277762	0.9062887
9804	-414.926	-427.0221	12.09601	0.835744	0.0990763	0.000840185	0.0643395	0.3542635	0.8396876	1.202105	0.8885751
9810	-411.799	-423.665	11.866	0.83179	0.100344	0.00270226	0.065163	0.3734109	1.275563	1.065211	0.8238979
9816	-414.8341	-427.3883	12.55418	0.83179	0.100344	0.00270226	0.065163	0.1970939	1.275563	0.7514896	0.1364978
9822	-414.489	-422.0828	7.593832	0.735295	0.208519	0.00357086	0.0526159	0.2076488	2.810359	0.05419502	3.184229
9828	-410.4995	-420.1205	9.62098	0.896431	0.073958	0.0177656	0.0118457	0.4993483	2.810359	0.0644379	0.6274687
9834	-411.0957	-422.8487	11.75303	0.70078	0.174557	0.0228532	0.101809	0.0494939	0.9577083	0.8946161	0.1182198
9840	-412.6535	-423.7134	11.05996	0.894356	0.0737868	0.00669918	0.0251576	0.4679646	2.349542	0.1449223	0.2241661
9846	-414.2566	-423.6484	9.39181	0.762808	0.165667	0.0150411	0.0564841	0.3352151	2.349542	0.1493187	2.342487
9852	-419.4526	-428.202	8.749405	0.707294	0.15361	0.0139464	0.125149	0.4816502	2.297323	0.3045947	4.010286
9858	-416.7192	-426.4088	9.689573	0.731107	0.0334834	0.0133025	0.222107	0.3959017	1.997863	0.2575225	2.861183
9864	-413.4671	-425.303	11.8359	0.938609	0.0069186	0.0142823	0.0401897	0.3087948	1.718351	0.3271777	0.7517517
9870	-417.1022	-427.5925	10.49027	0.798784	0.000978531	0.00856305	0.191675	0.7716359	1.862631	0.2598971	1.436664
9876	-414.157	-423.8676	9.710535	0.853073	0.000506622	0.00932232	0.137098	0.4709057	1.862631	0.402657	3.202367
9882	-416.4054	-427.1088	10.70347	0.298335	0.354985	0.0584468	0.288234	0.05034573	1.541026	0.7974158	0.05841962
9888	-413.306	-424.7243	11.41827	0.21265	0.420225	0.0495798	0.317546	0.07487182	1.27672	1.465163	0.2520013
9894	-410.8205	-420.4951	9.674549	0.90983	0.00842352	0.0242043	0.0575424	0.6164863	1.069915	0.7808767	4.323423
9900	-408.3189	-419.732	11.41317	0.901859	0.00772213	0.0221889	0.0682296	0.5383373	1.119237	0.9003088	1.46818
9906	-410.1977	-422.0834	11.88573	0.848958	0.0566905	0.0327269	0.0616245	0.5016417	1.462805	0.9602422	0.6183576
9912	-410.4452	-421.2665	10.8213	0.328202	0.448066	0.0507231	0.173009	0.05118571	1.031473	1.785327	0.2078122
9918	-418.4225	-428.5782	10.15577	0.472076	0.172528	0.0805729	0.274822	0.0530601	0.783634	1.7321	1.373329
9924	-416.4477	-427.1028	10.65508	0.870947	0.0240635	0.0335745	0.071415	0.5412547	0.3237755	2.280364	1.160895
9930	-416.0013	-426.1008	10.0995	0.484817	0.461635	0.0311772	0.0223702	0.07051992	1.499474	1.699251	1.032245
9936	-413.3688	-423.5478	10.17904	0.508324	0.366816	0.0624882	0.0623711	0.07923649	0.4072133	2.797938	0.4669936
9942	-412.9717	-424.9218	11.95018	0.735706	0.160929	0.0655795	0.0377854	0.8064103	0.1013929	1.4646	0.9943634
9948	-414.2458	-426.6025	12.35668	0.683337	0.0179296	0.106523	0.192211	0.573347	0.2883327	1.235665	0.9351614
9954	-410.3955	-421.9536	11.55804	0.0585757	0.393291	0.070245	0.477888	0.04497947	0.338498	1.452268	0.1054252
9960	-407.3509	-419.1964	11.84543	0.871203	0.00575247	0.0117698	0.111275	0.554755	0.9929993	1.08215	0.9353904
9966	-411.3278	-422.1422	10.81438	0.734298	0.0118671	0.0242805	0.229555	0.5621703	0.9680797	1.33794	1.763288
9972	-411.9478	-423.6626	11.71481	0.297786	0.585381	0.0875666	0.0292665	0.08530255	0.2343307	2.061792	0.2312554
9978	-414.7084	-425.9674	11.25904	0.389573	0.521405	0.064012	0.0250104	0.08923553	0.6555903	2.107238	0.2312554
9984	-406.4458	-417.5099	11.06416	0.856295	0.0163925	0.0358427	0.0914695	0.6035552	0.2065787	1.816067	1.54257
9990	-412.6837	-424.9537	12.27007	0.860787	0.0112332	0.0360307	0.0919493	0.4529983	0.7859996	1.265595	0.6232208
9996	-416.1639	-427.4202	11.25626	0.860787	0.0112332	0.0360307	0.0919493	0.4529983	0.9428156	1.597691	1.034117
10002	-410.6852	-423.2003	12.51508	0.716414	0.070068	0.0256858	0.187832	0.5338155	0.6806741	1.31767	0.2052525
10008	-422.9955	-432.9082	9.912691	0.676823	0.114747	0.00654117	0.201888	0.3189733	1.239697	0.6437031	4.206843
10014	-421.7488	-432.1782	10.42938	0.812873	0.00858596	0.0426758	0.135865	0.4739758	2.305245	0.9656728	1.247566
10020	-410.8879	-421.613	10.72509	0.858227	0.00476817	0.00864972	0.128355	0.2662992	2.194638	0.6661655	1.454811
10026	-415.2359	-426.7712	11.53532	0.825543	0.00312583	0.0275036	0.143827	0.5423598	1.889025	0.5015747	0.760974
10032	-414.0692	-425.4473	11.37819	0.874182	0.00102189	0.0477801	0.0770157	0.4222112	1.403152	0.6314162	1.522185
10038	-412.4611	-423.0908	10.62963	0.866895	0.00106205	0.0505548	0.0814883	0.4373492	0.9313802	1.019956	2.76734
10044	-411.9791	-423.5802	11.60104	0.818138	0.00112162	0.0533902	0.127351	0.4373492	1.186903	0.7885223	1.393616
10050	-409.6307	-419.5493	9.918551	0.913498	7.96775e-05	0.00764677	0.0787752	0.3589111	1.353861	0.8770763	3.61194
10056	-409.0999	-420.2856	11.18566	0.854481	4.78482e-05	0.00715275	0.138318	0.4771682	1.335161	1.123812	1.29749
10062	-417.1581	-428.0018	10.8437	0.772095	0.133412	0.0306522	0.0638407	0.4905272	1.216617	0.8759022	2.15176
10068	-413.8544	-424.2692	10.41486	0.747644	0.152014	0.00835411	0.0919877	0.4963832	0.9493763	1.286995	2.51728
10074	-413.9785	-424.5142	10.53576	0.803629	0.0611112	0.00897967	0.12628	0.8889535	1.050264	1.141558	1.87415
10080	-415.1424	-425.8102	10.66787	0.658791	0.150551	0.0324419	0.158216	0.5431492	1.050264	1.141327	2.18364
10086	-416.0009	-428.1233	12.12233	0.647271	0.141071	0.0634045	0.148253	0.4930934	0.8919582	0.9200245	0.9834499
10092	-416.4721	-427.3903	10.91821	0.650263	0.228859	0.0362106	0.0846681	0.6393942	1.162518	0.7673576	2.030043
10098	-415.2331	-425.933	10.69991	0.668428	0.235252	0.0385843	0.0577354	0.6185355	0.6075418	1.190691	2.586778
10104	-414.4088	-425.5025	11.09361	0.796341	0.173853	0.0215328	0.00827278	0.6679321	1.173537	1.174342	1.297047
10110	-414.6588	-426.8881	12.22933	0.679764	0.149575	0.157661	0.0130001	0.4071356	1.008656	0.6056063	1.050868
10116	-409.5284	-421.7852	12.25681	0.801793	0.176427	0.00644656	0.0153338	0.3252982	1.290876	0.5860673	0.8117002
10122	-411.5955	-424.1226	12.52711	0.89248	0.0790985	0.0215468	0.00687471	0.3559699	1.476144	0.4308174	0.193747
10128	-416.1666	-428.6723	12.5057	0.876987	0.0811363	0.0345048	0.00737235	0.4215368	1.397502	0.5515546	0.3993699
10134	-416.1248	-427.6333	11.5085	0.832342	0.00120677	0.147289	0.019162	0.6574496	1.625751	0.3189881	0.8393627
10140	-416.4339	-427.9633	11.52937	0.893825	0.00174532	0.0923271	0.0121025	0.7769348	1.40814	0.7240617	0.9168935
10146	-420.0101	-431.5379	11.52774	0.85087	0.00166144	0.117647	0.0298217	0.8745973	1.638725	0.5005461	0.6751029
10152	-417.7986	-428.8092	11.0106	0.781344	0.207457	0.00461547	0.00658404	0.8403406	0.9501998	0.9040775	1.769079
10158	-412.1356	-424.5456	12.40999	0.85752	0.119278	0.00355439	0.0196473	0.5874125	0.77063	1.084078	0.1102094
10164	-414.0498	-425.7876	11.73783	0.777827	0.0715358	0.0441845	0.106453	0.8130255	1.089075	1.35014	0.3643536
10170	-412.6844	-424.121	11.43656	0.879493	0.0481887	0.00638113	0.0659369	0.6929337	0.08721161	1.586693	1.514754
10176	-419.4376	-431.1941	11.75644	0.439814	0.451215	0.0128722	0.0960986	0.8057693	0.09537494	1.950669	0.5281269
10182	-419.6343	-429.5706	9.936303	0.591185	0.393352	0.0052539	0.010209	0.7643505	0.4458007	2.021084	2.066986
10188	-414.8876	-427.3863	12.49872	0.654918	0.26414	0.00413942	0.0768024	0.6798363	0.5560298	1.311677	0.2123292
10194	-419.6434	-428.8347	9.191287	0.686629	0.223507	0.00790405	0.0819603	0.9311091	0.6649647	1.190844	4.669546
10200	-416.159	-426.5135	10.35451	0.825683	0.0205194	0.149093	0.00470473	0.7620127	0.1469023	1.672124	2.634468
10206	-413.3284	-422.9567	9.62823	0.958046	0.00422724	0.0365724	0.00115407	0.5356018	0.8102475	1.881684	2.634468
10212	-417.4442	-427.6756	10.23141	0.944671	0.00994336	0.0449505	0.00043485	0.6061954	1.187983	1.573511	1.773439
10218	-410.0255	-421.4951	11.46963	0.916686	0.0390449	0.0436188	0.000650163	0.4084975	0.8057332	0.9880749	1.829919
10224	-410.4164	-422.6512	12.23481	0.910883	0.0387977	0.0496731	0.000646047	0.4829965	1.414423	0.665483	0.5615644
10230	-410.6464	-422.6685	12.02212	0.862601	0.0696989	0.0653102	0.00238967	0.4829965	1.414423	0.4858378	0.8057678
10236	-411.5435	-423.5001	11.95664	0.744236	0.225875	0.014188	0.0157001	0.4829965	0.5897802	1.447575	0.8618751
10242	-413.173	-425.771	12.59801	0.749622	0.22751	0.0070547	0.0158137	0.3213713	1.019169	0.9806466	0.4843881
10248	-414.4435	-425.9253	11.48189	0.705178	0.124888	0.017236	0.152698	0.4508761	0.6810408	1.560572	1.125026
10254	-408.3792	-420.3273	11.94815	0.801693	0.0450012	0.00809722	0.145208	0.4509583	0.5889308	1.271004	1.124677
10260	-411.3809	-424.3067	12.92576	0.830853	0.0575476	0.0058944	0.105705	0.4905175	0.3932535	1.169324	0.1440726
10266	-405.602	-417.3747	11.77271	0.872947	0.0537417	0.0106325	0.062679	0.4144608	0.5353784	1.871381	0.1076719
10272	-408.401	-420.7086	12.30753	0.834958	0.0345335	0.0047749	0.125733	0.4003927	1.178565	0.8587129	0.6638541
10278	-411.5738	-424.1736	12.59985	0.947861	0.0116037	0.0138902	0.0266454	0.4051449	0.7239601	1.02763	0.6638541
10284	-416.4426	-428.4267	11.9841	0.85499	0.0468621	0.0560966	0.042051	0.5395007	1.14151	0.8921217	0.8531284
10290	-409.8597	-422.1519	12.29215	0.873873	0.0255902	0.0573355	0.0432011	0.368391	1.550485	0.6293224	0.4870669
10296	-411.1462	-422.7373	11.59112	0.909338	0.0266288	0.0596624	0.00437078	0.524129	1.474109	0.8165665	0.9889899
10302	-413.132	-423.3571	10.22512	0.918317	0.00764927	0.00511449	0.068919	0.2601262	1.611612	0.8979733	2.690417
10308	-416.1938	-425.3995	9.205699	0.917319	0.0177829	0.010883	0.0540154	0.2736973	2.191943	0.6887752	3.711755
10314	-416.0518	-427.022	10.97017	0.799225	0.00431157	0.00948198	0.186982	0.2736973	2.178801	0.177274	0.8519619
10320	-410.2491	-421.1623	10.91318	0.9232	0.00315096	0.00274229	0.0709071	0.4065096	2.175977	0.1271899	0.611844
10326	-409.0241	-419.5932	10.56907	0.950546	0.00972072	0.000708576	0.0390248	0.2542406	2.341376	0.115258	0.7892861
10332	-411.248	-422.7819	11.53392	0.876159	0.0284455	0.0203274	0.0750685	0.4778068	2.341376	0.365999	0.305677
10338	-407.9443	-419.9077	11.96343	0.875689	0.0357489	0.0257345	0.0628276	0.324027	1.646264	0.3355898	0.6998709
10344	-408.967	-420.7415	11.77455	0.862867	0.0608098	0.0144155	0.0619077	0.3310582	1.563939	0.3985285	1.00238
10350	-408.5006	-420.3633	11.8627	0.251276	0.499632	0.133585	0.115506	0.05957897	1.009758	1.108753	0.3464227
10356	-409.5533	-421.4861	11.93285	0.229408	0.648943	0.0863421	0.035307	0.05121583	0.71138	1.186339	0.3009964
10362	-415.0808	-425.726	10.64521	0.787225	0.117545	0.0206933	0.0745371	0.5738965	0.8524604	1.24777	2.275205
10368	-415.0075	-425.3345	10.32702	0.735968	0.152585	0.0411648	0.0702818	0.7719859	1.095096	1.098704	2.328875
10374	-407.0423	-419.2383	12.196	0.222729	0.481017	0.0692705	0.226984	0.05246611	0.2294533	1.296719	0.1393822
10380	-412.4751	-424.4449	11.9698	0.200912	0.586369	0.0700501	0.142669	0.09746775	0.1978997	1.973332	0.2051144
10386	-413.562	-426.0547	12.49276	0.281644	0.599322	0.077165	0.0418688	0.09746775	0.8953694	1.045504	0.2051144
10392	-416.2951	-428.8714	12.57624	0.281644	0.599322	0.077165	0.0418688	0.1176171	0.576596	1.346212	0.2012297
10398	-411.9779	-423.6815	11.70368	0.0472837	0.784497	0.0845778	0.0836414	0.04825103	0.9477993	0.9423	0.5210644
10404	-416.0297	-425.8047	9.774967	0.149906	0.701008	0.0755767	0.0735084	0.04493848	1.286947	0.9659549	2.156163
10410	-412.1405	-423.5477	11.40716	0.111382	0.564144	0.0720517	0.252422	0.04351216	0.7199434	1.438871	0.1998954
10416	-414.0486	-425.8152	11.76664	0.112587	0.386892	0.0833244	0.417197	0.06418339	0.2387906	1.653637	0.1028418
10422	-411.5975	-421.7946	10.19705	0.037654	0.572112	0.0769162	0.313318	0.06391346	0.4074987	2.685861	0.1460472
10428	-409.2835	-421.1776	11.89405	0.0387606	0.706349	0.101868	0.153023	0.07215523	0.5761395	1.575933	0.1780858
10434	-409.4776	-421.3982	11.92065	0.0200154	0.531452	0.0496422	0.398891	0.06535282	0.4564035	1.575933	0.1780858
10440	-408.1822	-418.7521	10.56988	0.0429582	0.727468	0.0843859	0.145188	0.03671074	0.9686826	1.655167	0.1534048
10446	-407.8248	-418.2766	10.45185	0.312988	0.220177	0.0336845	0.43315	0.04769845	0.9889156	1.655167	0.07532999
10452	-411.035	-422.6087	11.5737	0.242767	0.422856	0.0401055	0.294271	0.05465243	1.426172	0.9285186	0.2515848
10458	-415.7607	-427.7977	12.03703	0.49676	0.265761	0.0285727	0.208907	0.07842253	1.11954	0.9285186	0.1206622
10464	-408.7685	-419.822	11.05353	0.796024	0.153453	0.0274687	0.0230542	0.035912	1.204363	1.02912	0.4421871
10470	-409.4783	-419.3721	9.893796	0.785549	0.110569	0.0131193	0.0907628	0.02598003	1.558344	1.298607	0.4473678
10476	-412.2085	-422.107	9.898509	0.699661	0.205857	0.00710873	0.0873739	0.03610758	1.656563	1.531588	0.5467982
10482	-410.7751	-421.0485	10.2734	0.722477	0.062315	0.0162044	0.199003	0.03610758	0.997057	1.594231	0.7362383
10488	-420.5842	-429.7206	9.136426	0.533925	0.281603	0.0359872	0.148484	0.06451913	1.935747	0.9075284	2.826777
10494	-424.4818	-433.7138	9.231957	0.58348	0.0264586	0.375222	0.0148398	2.602184	1.03687	0.8746935	2.119186
10500	-412.7398	-422.4164	9.676579	0.377795	0.423917	0.062177	0.136112	0.02731868	1.758007	0.4100183	1.157109
10506	-412.6314	-424.1317	11.50026	0.656952	0.203612	0.0447895	0.0946461	0.06432413	1.678104	0.40608	0.5385324
10512	-411.9917	-422.912	10.92031	0.655359	0.196116	0.0303035	0.118221	0.03989379	1.755907	0.4576114	0.5028553
10518	-413.1469	-422.0617	8.914814	0.653044	0.276636	0.0540418	0.0162776	0.03400294	1.755907	0.7580547	2.425863
10524	-410.6529	-423.0705	12.41762	0.0496408	0.555804	0.011375	0.38318	0.1099583	1.388053	0.4855398	0.1904478
10530	-414.4872	-426.0545	11.56735	0.285944	0.358141	0.0096163	0.346299	0.1237678	1.990236	0.2023405	0.3402645
10536	-409.8559	-420.5729	10.71707	0.442401	0.0593811	0.00985784	0.48836	0.04620726	2.047932	0.2875844	0.1325152
10542	-414.4457	-425.7849	11.33921	0.533835	0.383653	0.0311243	0.0513882	0.07127854	1.435125	1.17702	0.5617768
10548	-409.0865	-421.4668	12.38025	0.348993	0.566791	0.0416803	0.042536	0.07127795	0.6872791	1.091642	0.3449905
10554	-413.3419	-424.8993	11.55744	0.42873	0.123054	0.0225064	0.42571	0.04953223	0.9144508	1.295648	0.3074242
10560	-412.5182	-424.2576	11.73935	0.265298	0.283206	0.0174407	0.434056	0.04953223	0.7667222	1.265195	0.2018606
10566	-409.3744	-421.3035	11.92912	0.38234	0.207152	0.025135	0.385373	0.04720633	0.654671	1.115534	0.1698958
10572	-409.1199	-419.5958	10.4759	0.397354	0.169562	0.0325783	0.400506	0.04720633	1.237435	1.15308	0.05273389
10578	-408.2588	-418.4167	10.15789	0.396512	0.105346	0.0173925	0.48075	0.0343649	0.932892	1.322026	0.05273389
10584	-406.7923	-417.7718	10.97946	0.387808	0.102156	0.0168659	0.49317	0.04378339	0.9157567	1.222681	0.07517201
10590	-416.0825	-428.513	12.43045	0.787408	0.0816599	0.00184501	0.129087	0.364461	1.441931	0.5273777	0.487406
10596	-416.408	-428.9772	12.56912	0.790521	0.139025	0.00167979	0.0687745	0.399855	1.026015	0.9871293	0.4420245
10602	-409.0553	-418.9427	9.887337	0.85903	0.113285	0.00652189	0.0211629	0.02181894	1.652257	0.6211043	0.6740091
10608	-408.2409	-418.3872	10.14622	0.790971	0.139965	0.0156797	0.0533843	0.02479189	1.388093	0.7687273	0.8101334
10614	-415.6313	-425.2571	9.625809	0.633649	0.145848	0.0305502	0.189953	0.0364131	1.63253	0.5885974	1.868315
10620	-416.9145	-425.4148	8.500308	0.861199	0.0979039	0.00368397	0.0372133	0.3999693	0.8672846	1.643614	5.729094
10626	-413.0993	-425.6278	12.52856	0.833736	0.0704823	0.0192575	0.0765238	0.4267936	0.5601099	1.48008	0.2021269
10632	-411.7337	-423.7179	11.98421	0.882769	0.0746274	0.0203901	0.0222135	0.4267936	1.462886	1.086399	0.135986
10638	-411.7857	-424.0186	12.2329	0.858751	0.0630972	0.0512201	0.0269315	0.5007217	0.9330783	1.103671	0.6522759
10644	-410.3157	-421.4546	11.13889	0.952882	0.0122413	0.0140572	0.0208198	0.2736838	2.336543	0.1950178	0.5988843
10650	-408.617	-418.3135	9.69651	0.963694	0.00466195	0.0142167	0.0174278	0.3134921	2.268025	0.2004965	2.315753
10656	-406.7583	-417.9617	11.2034	0.950856	0.00184076	0.00712858	0.0401746	0.2307771	1.836863	0.3641432	1.318075
10662	-406.8216	-418.4908	11.6692	0.958799	0.00616733	0.0116755	0.0233584	0.2307771	1.765135	0.3641432	0.9107975
10668	-408.8435	-420.7933	11.94985	0.937357	0.00073985	0.00824613	0.0536567	0.3236724	2.089901	0.4080179	0.25495
10674	-408.8602	-420.5311	11.67083	0.914455	0.000938822	0.00804465	0.0765618	0.3057871	1.374179	0.5750066	1.339259
10680	-411.1689	-423.6985	12.52966	0.902083	0.0027924	0.00160986	0.0935146	0.2330544	1.36489	0.3922481	0.4871841
10686	-404.2024	-415.3137	11.1113	0.868897	0.0023751	0.00308478	0.125644	0.2238697	2.280241	0.1879203	0.6545025
10692	-409.4959	-420.816	11.32012	0.901514	0.0025277	0.00328297	0.0926754	0.239159	2.142799	0.2101666	0.6545025
10698	-407.3355	-418.7742	11.43866	0.831023	0.0180484	0.00302627	0.147902	0.2235546	2.637952	0.5142807	0.2565327
10704	-413.6611	-425.3549	11.69378	0.0721942	0.51417	0.0915112	0.322124	0.08206092	0.8672481	1.608374	0.2009636
10710	-409.9155	-421.7849	11.86933	0.684497	0.0037804	0.000933051	0.31079	0.4230432	0.9442053	1.393118	0.08690315
10716	-412.9001	-424.537	11.6369	0.760283	0.00415957	0.000330164	0.235228	0.4230432	0.4966522	2.035903	0.1235741
10722	-417.3444	-428.4599	11.11552	0.612754	0.0138227	0.00109717	0.372326	0.4216824	1.010088	2.111995	0.1587891
10728	-415.2657	-425.6483	10.38252	0.898338	0.0135623	0.000335982	0.0877635	0.3264558	2.315093	1.716866	0.1294492
10734	-413.4248	-426.2807	12.85596	0.784513	0.0280302	0.000866615	0.18659	0.2418894	0.9874297	0.8904411	0.3424276
10740	-404.8237	-416.5822	11.75851	0.951394	0.0127254	0.00276867	0.0331116	0.2373208	1.803793	0.6601001	0.7916643
10746	-408.2697	-420.6362	12.3665	0.915799	0.0197892	0.00497026	0.0594412	0.2958911	1.197807	1.0984	0.4237193
10752	-407.5193	-418.1861	10.66683	0.923674	0.0113603	0.005013	0.0599523	0.2586426	1.706598	0.8521418	1.973529
10758	-404.8658	-417.1773	12.3115	0.866811	0.00661696	0.00499208	0.12158	0.2908686	1.323777	0.8111641	0.62565
10764	-404.7596	-417	12.24044	0.873567	0.00132551	0.00257956	0.122528	0.3108474	1.570872	0.5982646	0.5652769
10770	-404.5375	-416.6454	12.10795	0.950537	0.00040345	0.0183462	0.0307137	0.3102007	1.584828	0.7017125	0.6333957
10776	-407.6948	-419.7126	12.01779	0.930839	0.000185849	0.017966	0.0510088	0.2865723	1.468226	0.9962716	0.6124397
10782	-420.156	-430.8086	10.65262	0.62167	0.245398	0.0370435	0.0958881	0.04993384	0.9505261	1.87131	0.4354641
10788	-414.5777	-424.8331	10.25539	0.697461	0.187833	0.0453208	0.0693859	0.06389619	0.7756623	2.093187	0.9269605
10794	-408.0663	-420.0585	11.99226	0.906302	0.00018095	0.0237054	0.0698117	0.3416947	1.155086	1.239732	0.652732
10800	-409.5911	-420.0544	10.46331	0.685026	0.27071	0.0263333	0.0179312	0.05912568	0.3304832	2.289439	0.08037961
10806	-413.9741	-424.0506	10.07651	0.331477	0.524441	0.114277	0.0298055	0.07474285	0.5729723	2.144242	1.39897
10812	-408.3574	-419.518	11.16057	0.883066	5.34158e-05	0.0168607	0.10002	0.3160172	1.27941	1.302599	1.298103
10818	-409.6544	-422.055	12.40059	0.89469	5.41189e-05	0.00391884	0.101337	0.3066546	1.233602	0.7910504	0.6347668
10824	-407.7253	-418.1511	10.42578	0.735503	0.160974	0.026875	0.0766483	0.02735363	0.9864031	1.321455	0.5440416
10830	-411.8298	-421.7373	9.907465	0.669852	0.189707	0.0366707	0.10377	0.02641248	1.077375	1.256856	0.9752853
10836	-415.7263	-425.4956	9.769338	0.610479	0.287602	0.0266122	0.0753063	0.02641248	1.308468	1.058021	1.109368
10842	-408.1143	-418.5745	10.46021	0.891585	0.00114955	0.00294191	0.104323	0.210118	2.661976	0.170063	0.8428504
10848	-404.5413	-415.7891	11.24785	0.972627	0.00150733	0.00320931	0.0226566	0.2520796	2.501385	0.3413569	0.595007
10854	-404.7428	-416.6467	11.90394	0.972627	0.00150733	0.00320931	0.0226566	0.2337677	1.977419	0.5000541	0.5276922
10860	-409.1099	-421.3798	12.26987	0.901097	0.0439671	0.023141	0.031795	0.2845224	1.580526	0.4548607	0.5502108
10866	-416.105	-428.082	11.97697	0.871687	0.0751348	0.0223857	0.0307924	0.3588289	0.9899631	0.9284965	1.144331
10872	-412.4571	-424.4044	11.94724	0.880729	0.0655411	0.0226179	0.0311118	0.3588289	1.569662	0.5653353	0.825554
10878	-410.1793	-422.1682	11.98887	0.905874	0.0687277	0.0245362	0.000862568	0.3977757	1.273638	0.8612493	0.8767829
10884	-416.7448	-429.0542	12.30945	0.0976684	0.712211	0.0971008	0.0930193	0.07231853	0.1886402	1.568695	0.3308518
10890	-409.9056	-422.0494	12.14383	0.938746	0.0336741	0.0254265	0.00215361	0.4489168	0.3371354	1.294964	1.154636
10896	-412.3405	-424.5496	12.20905	0.935394	0.0335539	0.0289059	0.00214592	0.3441114	0.762504	0.9237787	1.154636
10902	-424.653	-430.5895	5.936501	0.0222615	0.552089	0.176232	0.249418	0.1167758	2.290237	0.1352277	10.57629
10908	-420.2476	-429.3583	9.110731	0.0447162	0.710402	0.135644	0.109238	0.1641712	2.467696	0.1275644	2.361224
10914	-416.6948	-427.1501	10.45524	0.0219472	0.943786	0.00177288	0.0324944	0.1211493	2.056644	0.1409409	1.141525
10920	-417.3776	-428.7686	11.39096	0.833391	0.0756158	0.0625176	0.0284758	0.6982542	0.4430202	1.380573	1.465331
10926	-414.9512	-425.9561	11.00494	0.805975	0.0592676	0.0490012	0.0857562	0.8155628	0.8846719	0.9165119	1.878092
10932	-425.0758	-429.7653	4.689454	0.781329	0.0717472	0.0331993	0.113724	0.4506214	0.7872857	1.264518	26.68251
10938	-419.3279	-428.312	8.984049	0.831721	0.108247	0.0422242	0.0178069	0.379176	0.8930134	1.572445	4.788539
10944	-427.2184	-433.9315	6.713127	0.257726	0.634751	0.0140801	0.0934429	0.4164521	1.74466	0.3589552	12.30731
10950	-424.2569	-435.1154	10.8585	0.159275	0.798215	0.0119087	0.0306014	0.8887111	0.8380473	1.293733	1.519287
10956	-417.4628	-427.4441	9.981323	0.142283	0.612984	0.0467177	0.198015	0.05881969	1.071682	0.9983354	2.573498
10962	-421.9964	-430.733	8.736617	0.78328	0.0387273	0.0329623	0.14503	0.8773012	0.9749876	0.7440499	6.183874
10968	-415.4602	-426.3685	10.90831	0.822986	0.0315641	0.0272452	0.118205	0.555215	1.097294	0.7336479	2.287502
10974	-421.5376	-431.7022	10.16455	0.772218	0.03546	0.127206	0.0651167	0.4411049	1.29831	0.7596009	3.306361
10980	-411.3519	-423.1548	11.80288	0.889805	0.0171546	0.0615389	0.0315018	0.4347198	1.247924	0.976992	0.949085
10986	-409.7179	-420.9106	11.19267	0.909633	0.0175369	0.0629102	0.00991947	0.6005727	1.503795	0.6503719	1.406695
10992	-413.671	-424.7342	11.06326	0.668978	0.275337	0.0490617	0.00662303	0.07647006	0.9533568	0.832159	1.792471
10998	-412.87	-424.81	11.94004	0.85197	0.105959	0.0360569	0.00601376	0.2734774	1.15777	0.6127194	1.280731
11004	-413.9677	-425.9111	11.94347	0.745797	0.203085	0.0474831	0.00363519	0.6558448	0.965634	1.04859	0.7988494
11010	-418.8909	-429.7785	10.88756	0.413734	0.510053	0.0709117	0.00530145	1.095847	0.9605539	1.157906	1.295611
11016	-414.745	-426.7712	12.02621	0.565885	0.387367	0.0443021	0.00244607	0.8685141	0.4702628	1.210021	0.8077913
11022	-411.7391	-423.8818	12.14269	0.704169	0.263974	0.03019	0.00166689	0.843788	0.9279236	0.9443836	0.5561108
11028	-415.7513	-427.4169	11.66552	0.648255	0.308547	0.0389046	0.00429358	0.3008482	0.6702432	1.51333	1.127819
11034	-415.8628	-425.1036	9.24074	0.534196	0.349312	0.104914	0.0115784	0.1113077	1.388072	1.101815	4.053015
11040	-413.8285	-425.4618	11.63332	0.376244	0.532088	0.0767254	0.0149426	0.09546057	1.564785	0.410657	0.839138
11046	-416.9393	-427.4603	10.52102	0.15281	0.637221	0.145617	0.0643519	0.07095907	1.23245	0.8740378	2.002286
11052	-415.5176	-426.4319	10.91433	0.374972	0.466482	0.0655805	0.0929659	0.07540156	0.8958429	1.556499	1.079585
11058	-415.5366	-426.8819	11.34538	0.579055	0.220279	0.076993	0.123673	0.05942025	0.3446951	1.714644	0.7580622
11064	-414.1024	-424.8452	10.74281	0.489471	0.241011	0.0389147	0.230604	0.06112503	0.4878429	1.976976	0.8597978
11070	-414.3107	-425.3597	11.04898	0.234726	0.619842	0.0775094	0.0679229	0.05483085	1.399376	0.644943	1.0684
11076	-411.7139	-422.3824	10.66846	0.142626	0.360515	0.0511745	0.445685	0.02647337	1.284272	0.9754048	0.212078
11082	-412.4768	-423.2086	10.73177	0.652637	0.231054	0.0180394	0.0982693	0.04209033	0.9626119	1.308701	0.07138058
11088	-412.2894	-423.4727	11.18331	0.447767	0.502715	0.0173168	0.0322011	0.04209033	1.14463	1.184638	0.4137191
11094	-414.9151	-426.4457	11.53068	0.278373	0.603817	0.079133	0.0386771	0.04407638	1.09951	1.037438	0.216553
11100	-412.0746	-422.6602	10.58558	0.386888	0.531079	0.0696003	0.0124333	0.02506954	1.120446	1.123189	0.3035557
11106	-415.3584	-425.8743	10.51596	0.742384	0.18639	0.0369003	0.0343259	0.06777245	1.217597	0.7881957	2.063137
11112	-418.3211	-430.5288	12.20772	0.0214243	0.826687	0.0366634	0.115225	0.0581307	1.04361	0.6685867	0.2192208
11118	-409.7688	-421.5712	11.80249	0.107383	0.721715	0.0302372	0.140665	0.04953348	1.308718	0.585254	0.2674803
11124	-413.4086	-423.8434	10.43484	0.278729	0.648971	0.0697104	0.00258959	0.03497947	1.162703	0.8910899	1.185077
11130	-414.1202	-426.2498	12.12967	0.210005	0.699285	0.0874611	0.00324899	0.1097455	0.7744882	1.474134	0.3801107
11136	-414.9479	-426.628	11.68015	0.317057	0.543303	0.132045	0.00759441	0.06797463	1.203619	1.225111	0.3256519
11142	-417.1208	-428.4159	11.29505	0.505177	0.45465	0.00794151	0.0322312	0.04619166	1.713581	0.3885693	0.2272521
11148	-425.2527	-435.3989	10.14623	0.104433	0.854274	0.0207305	0.0205627	0.0378272	2.635182	0.4915881	0.2592237
11154	-409.5376	-420.6063	11.0687	0.443532	0.437098	0.0315779	0.0877924	0.04603017	1.74057	0.4915881	0.5560006
11160	-410.1894	-419.7887	9.599286	0.684407	0.197356	0.0222805	0.0959563	0.03287865	1.78404	0.8717221	1.337352
11166	-405.7844	-416.5876	10.80317	0.740717	0.166889	0.00870484	0.083689	0.03287865	1.34509	0.7512143	0.6614825
11172	-410.698	-421.7605	11.06246	0.763372	0.153502	0.0328509	0.050275	0.05356827	1.358997	1.331298	0.4373736
11178	-413.1146	-424.0868	10.97212	0.596138	0.169761	0.0361733	0.197928	0.04367107	1.397429	1.169089	0.1438086
11184	-412.0131	-424.3032	12.29002	0.795819	0.0856846	0.00555458	0.112942	0.635738	0.9140773	1.062586	0.5241818
11190	-419.4117	-430.1261	10.71432	0.634109	0.287753	0.0112666	0.0668716	0.04243587	2.146534	0.4888658	0.3950088
11196	-417.7083	-426.9277	9.219421	0.828435	0.147951	0.00187335	0.0217403	0.02272869	2.407839	0.7017732	0.6218823
11202	-413.5132	-424.3317	10.81853	0.211268	0.144009	0.0206923	0.62403	0.02693091	1.180324	0.7295915	0.1211083
11208	-415.3555	-425.9695	10.61399	0.492504	0.184637	0.0144609	0.308398	0.02693091	1.254032	1.035768	0.3809532
11214	-410.9997	-421.504	10.50432	0.908365	0.0256043	0.00368024	0.0623502	0.3289238	1.09229	1.523939	1.958664
11220	-412.203	-422.6046	10.40161	0.083852	0.206893	0.0542408	0.655014	0.02684906	1.728202	0.6157336	0.1429491
11226	-408.6461	-418.9636	10.31753	0.0849209	0.343592	0.0458349	0.525652	0.02684906	1.818423	0.5983002	0.1429491
11232	-409.6758	-420.8305	11.15473	0.0645244	0.420173	0.0478324	0.467471	0.03764615	1.211318	1.081298	0.2013341
11238	-408.8951	-420.1693	11.27414	0.124493	0.579561	0.0524047	0.243542	0.04958114	1.045276	1.405475	0.1886891
11244	-412.2281	-423.043	10.81491	0.0378543	0.618526	0.0285627	0.315057	0.05325184	0.9271374	1.880952	0.1886891
11250	-409.469	-421.2303	11.7613	0.154332	0.727889	0.0287363	0.0890433	0.06000586	1.1037	0.9918285	0.1256768
11256	-410.9844	-422.6015	11.61704	0.0411431	0.637746	0.123634	0.197477	0.05722487	1.660103	0.4594426	0.2180096
11262	-410.3153	-420.8503	10.535	0.904465	0.0342708	0.0156198	0.0456441	0.3001448	1.044239	1.379176	2.2623
11268	-405.616	-417.1929	11.57689	0.893624	0.03386	0.016712	0.0558043	0.3051753	1.561904	0.740892	1.154591
11274	-404.9161	-417.2248	12.30869	0.92349	0.0349916	0.0172705	0.0242481	0.3051753	1.213513	0.740892	0.774214
11280	-410.4109	-422.019	11.6081	0.926746	0.0407049	0.00821594	0.0243336	0.3571577	1.100638	1.233222	1.075963
11286	-413.3215	-424.8331	11.51161	0.81626	0.0565906	0.0889762	0.0381731	0.3530965	1.100638	0.7310795	1.728727
11292	-406.0247	-417.3344	11.30975	0.931881	0.0253849	0.0399122	0.0028215	0.4260816	0.8385224	1.23343	1.635084
11298	-411.0777	-422.6241	11.54641	0.931519	0.025375	0.0191216	0.0239844	0.4337134	1.169207	0.7141054	1.537472
11304	-414.4181	-425.0131	10.59502	0.861677	0.0333116	0.00634114	0.0986701	0.286889	1.376659	1.098721	2.186496
11310	-408.4426	-420.0415	11.59883	0.887329	0.00650308	0.0045603	0.101607	0.4010754	1.3111	1.09002	1.002609
11316	-411.7418	-423.2197	11.47794	0.762581	0.0103287	0.00762403	0.219466	0.5793577	1.153467	1.176319	1.011421
11322	-408.6722	-419.7804	11.10822	0.836639	0.00688903	0.0100918	0.14638	0.4512929	0.7586899	1.759647	1.143255
11328	-410.5702	-421.6276	11.05737	0.807154	0.00127742	0.0503475	0.141221	0.5646243	1.227496	1.280345	1.259458
11334	-410.9245	-422.7721	11.84758	0.792883	0.0774339	0.0164235	0.113259	0.427093	2.088216	0.5993186	0.1910559
11340	-405.6788	-417.7307	12.05191	0.857665	0.0456822	0.0106211	0.086032	0.2580149	1.393308	1.287954	0.2188167
11346	-406.0215	-418.4262	12.40472	0.875353	0.0466244	0.00803234	0.0699898	0.3471909	0.7138258	1.143476	0.7821709
11352	-408.9505	-420.7277	11.77727	0.89164	0.0366469	0.000421591	0.071292	0.3475416	1.874473	1.043023	0.3532733
11358	-414.5005	-426.9743	12.47378	0.711733	0.0400197	0.00115298	0.247094	0.1990341	1.483177	0.492152	0.4312053
11364	-414.099	-426.4571	12.35804	0.795854	0.161221	0.00458324	0.0383409	0.330746	0.9973046	1.120236	0.1067889
11370	-418.7199	-430.9234	12.20352	0.811277	0.147932	0.00561015	0.0351805	0.5129058	1.209427	1.158288	0.2940502
11376	-420.8776	-431.6291	10.75147	0.673369	0.273708	0.00727881	0.0456445	0.3892079	0.9909279	1.158288	2.328702
11382	-411.1871	-423.046	11.85893	0.831122	0.0884745	0.0240661	0.0563378	0.421355	1.809582	0.9807144	0.3345942
11388	-411.4192	-423.4336	12.01439	0.820099	0.0873012	0.0303135	0.0622858	0.3548943	1.938683	0.7335512	0.2727299
11394	-409.0298	-421.1907	12.16095	0.858865	0.0914279	0.0154178	0.0342894	0.3100436	1.823634	0.7265281	0.2727299
11400	-411.671	-423.3536	11.68253	0.946238	0.0197059	0.00581263	0.0282438	0.2501809	1.924769	0.6744833	0.08512623
11406	-412.7048	-424.6255	11.92064	0.941339	0.0285516	0.00578254	0.0243266	0.2530204	2.030357	0.3271428	0.1717844
11412	-409.8649	-421.4805	11.61555	0.921383	0.0279463	0.00565995	0.0450106	0.2455185	2.152086	0.2262782	0.1626084
11418	-407.8861	-419.3913	11.50523	0.916149	0.0277876	0.00562779	0.0504358	0.2110959	2.088888	0.2506901	0.6108235
11424	-407.2906	-419.0729	11.78235	0.892344	0.0270656	0.00548157	0.0751084	0.214877	2.11994	0.3035768	0.3839283
11430	-405.7483	-416.9385	11.19018	0.892729	0.0270772	0.0050533	0.0751408	0.3498641	2.454987	0.2077536	0.4296175
11436	-402.8369	-414.0845	11.24769	0.878466	0.0367437	0.00916742	0.0756226	0.3697031	2.383104	0.177494	0.2890486
11442	-410.9063	-422.1926	11.28631	0.751742	0.0362898	0.00790433	0.204064	0.3341771	2.433317	0.1981305	0.2106889
11448	-407.5656	-419.1137	11.54819	0.806938	0.0330516	0.0083236	0.151687	0.2147344	2.174278	0.1981305	0.3333197
11454	-410.2613	-421.125	10.86364	0.783778	0.0888575	0.00808471	0.11928	0.4103259	2.423138	0.189005	0.6795267
11460	-412.4448	-421.8863	9.441546	0.835855	0.074957	0.00566139	0.0835265	0.4103259	2.660301	0.192293	1.994832
11466	-409.0077	-418.6319	9.624184	0.867385	0.0519446	0.0051207	0.0755493	0.3086858	3.023278	0.04943357	0.2195694
11472	-410.9648	-420.5241	9.559352	0.523416	0.41278	0.0527764	0.0110277	0.02110647	1.456093	0.4719812	1.153827
11478	-413.9863	-424.0464	10.06005	0.358925	0.46654	0.0826349	0.0919	0.02110647	1.628912	0.6539028	0.4570925
11484	-407.4876	-417.8441	10.35648	0.255298	0.620557	0.0587771	0.0653672	0.02781998	1.825262	0.3281532	0.3863303
11490	-412.3164	-422.8812	10.5648	0.424342	0.388332	0.0782291	0.109097	0.02408949	1.431137	0.4147158	0.1589607
11496	-414.2864	-426.5087	12.22237	0.301887	0.381842	0.0769218	0.239349	0.08285302	1.386808	0.4933374	0.3290646
11502	-417.5143	-428.2086	10.6943	0.762012	0.0695388	0.0037261	0.164723	0.2315703	2.584795	0.1104123	0.1623678
11508	-415.7936	-424.3222	8.528509	0.722206	0.120522	0.00115374	0.156118	0.3540457	2.606195	0.09712941	2.749855
11514	-416.7118	-424.0295	7.317714	0.774279	0.0971654	0.00269238	0.125863	0.3821289	2.307666	0.126947	6.329318
11520	-413.0188	-419.6362	6.6174	0.889979	0.012703	0.0113216	0.085996	0.2320331	2.455637	0.126947	8.147885
11526	-416.4049	-425.1441	8.739182	0.708116	0.0101072	0.00900807	0.272768	0.4462785	1.950848	0.2103593	4.441752
11532	-417.0834	-427.7271	10.6437	0.684256	0.238745	0.0169873	0.0600114	0.04694094	1.917165	0.5870295	0.07891031
11538	-417.47	-428.4831	11.01314	0.438046	0.531494	0.0100976	0.0203625	0.0546788	2.062008	0.5870295	0.4784037
11544	-416.0327	-426.3615	10.32889	0.391325	0.327284	0.0223543	0.259037	0.03409617	2.167693	0.347017	0.4019191
11550	-414.9133	-427.1476	12.23433	0.698462	0.163173	0.0106329	0.127732	0.09185628	0.8674331	1.176629	0.4422344
11556	-415.421	-425.3797	9.958692	0.529006	0.126223	0.0115652	0.333205	0.054849	1.395877	0.9135019	2.143328
11562	-412.5512	-424.386	11.83483	0.390411	0.381732	0.0057418	0.222116	0.07601401	1.61985	0.5174721	0.4343803
11568	-408.0215	-420.1665	12.14495	0.624274	0.235234	0.00361774	0.136874	0.08668094	1.495302	0.5572688	0.3265427
11574	-410.5443	-421.7512	11.20683	0.561605	0.14823	0.00532587	0.284839	0.0638546	1.486839	0.4787336	1.016625
11580	-415.42	-427.5112	12.09118	0.354303	0.297829	0.00554194	0.342326	0.08872624	1.540493	0.6146082	0.3421804
11586	-409.7625	-420.8112	11.04872	0.262763	0.118651	0.0135531	0.605033	0.04029916	1.092413	1.309951	0.1623592
11592	-410.8084	-421.5464	10.73805	0.619282	0.173887	0.0361106	0.17072	0.03676459	1.2972	0.8972043	0.8119425
11598	-406.5987	-417.4572	10.85858	0.190322	0.530151	0.0791588	0.200368	0.04448441	1.281026	1.264028	0.1087587
11604	-403.29	-415.4873	12.1973	0.900652	0.0125585	0.00938874	0.0774004	0.3533898	1.563893	0.7246283	0.5296823
11610	-403.4968	-415.3121	11.81532	0.889993	0.00877879	0.0114419	0.0897863	0.4118924	1.851776	0.7369088	0.5686317
11616	-404.4478	-416.3908	11.94303	0.89214	0.00338411	0.00623435	0.0982411	0.2634551	1.608248	0.5200877	0.8425011
11622	-405.3083	-417.0711	11.76287	0.899284	0.0082024	0.00628427	0.0862296	0.2634551	2.263092	0.5590483	0.3633147
11628	-410.8961	-421.48	10.58389	0.890575	0.00812297	0.00622341	0.0950787	0.2634551	3.201429	0.2121181	0.3070092
11634	-407.2676	-418.2737	11.00614	0.93123	0.00584577	0.00553095	0.0573935	0.3291875	3.010858	0.3732938	0.2563978
11640	-403.6146	-413.4408	9.826194	0.935605	0.00547385	0.00517905	0.053742	0.2342103	3.56304	0.118872	0.2027975
11646	-402.9819	-411.5933	8.611473	0.977526	0.00381656	0.00163995	0.0170175	0.1986173	3.941748	0.04505519	0.2097985
11652	-409.3429	-417.7443	8.40137	0.949602	0.00855862	0.00367759	0.0381616	0.1986173	3.941748	0.03875222	0.1554369
11658	-406.8666	-415.7237	8.857107	0.916424	0.0082596	0.0035491	0.0717671	0.1986173	3.642969	0.04195598	0.2516656
11664	-406.5142	-417.4429	10.9287	0.891271	0.0080329	0.00282796	0.0978679	0.1759648	2.637303	0.1753259	0.3920144
11670	-404.4185	-415.495	11.07647	0.878491	0.00791771	0.00243381	0.111157	0.2339538	2.180756	0.1868123	0.7808938
11676	-410.0716	-420.6442	10.57267	0.798355	0.00952475	0.00325632	0.188864	0.2440251	2.704604	0.3010923	1.00512
11682	-413.2905	-424.2188	10.9283	0.754835	0.0723366	0.0186212	0.154208	0.4870493	2.015105	0.3784249	1.264979
11688	-408.7102	-420.9769	12.26669	0.735422	0.0780642	0.0200956	0.166418	0.3282714	1.644726	0.4347592	0.4639299
11694	-409.6751	-421.4854	11.8103	0.912666	0.0340993	0.00322028	0.050014	0.353027	1.780042	0.3616018	0.7221507
11700	-407.7411	-419.768	12.02693	0.854488	0.0171772	0.003015	0.12532	0.2644705	1.780042	0.4614928	0.5975073
11706	-411.2603	-422.5598	11.29948	0.828721	0.0141422	0.00292408	0.154213	0.2021904	1.868707	0.5180297	1.212361
11712	-407.8616	-419.5395	11.67784	0.833703	0.00821526	0.00294098	0.15514	0.2811188	1.577533	0.6708463	1.085505
11718	-404.9482	-417.0469	12.09869	0.87794	0.0175621	0.0019441	0.102554	0.2808159	1.790803	0.3553704	0.4643035
11724	-403.6931	-415.7386	12.0455	0.952164	0.00681082	0.00125375	0.0397717	0.2079312	1.633357	0.528344	0.7086391
11730	-405.436	-417.6296	12.19366	0.957787	0.00117315	0.00103285	0.0400066	0.3479117	1.448352	0.5111345	0.7210679
11736	-412.0367	-420.6067	8.569995	0.934209	0.00114427	7.10636e-05	0.0645756	0.2041966	2.014395	0.4755823	5.581998
11742	-407.3622	-418.5708	11.20857	0.933045	0.00238856	7.09751e-05	0.0644952	0.1494587	1.940505	0.5106872	1.147689
11748	-409.3415	-420.4624	11.12085	0.895933	0.0017799	5.2889e-05	0.102234	0.1392321	1.976927	0.5213506	1.170822
11754	-410.882	-420.6551	9.77315	0.848155	0.00217326	5.77261e-05	0.149614	0.1392321	2.267896	0.2674397	2.270708
11760	-416.7979	-427.4656	10.66771	0.651975	0.00747256	0.000673692	0.339879	0.1638658	2.267896	0.1890996	1.03965
11766	-414.343	-424.73	10.38697	0.768335	0.0213095	0.000793927	0.209562	0.3281379	2.267896	0.3055156	1.669867
11772	-409.1202	-421.8115	12.69136	0.863548	0.00831979	0.0304366	0.097696	0.3798682	0.7290842	1.064275	0.5551709
11778	-412.7278	-424.6457	11.91783	0.863961	0.00752187	0.0258349	0.102682	0.3798682	0.9408644	0.7073737	1.430025
11784	-413.4778	-425.8894	12.41167	0.907432	0.00889065	0.0262501	0.0574275	0.3760667	0.7813803	1.001061	0.8360323
11790	-410.0787	-421.8095	11.73083	0.929237	0.0312711	0.00019731	0.0392948	0.2646533	2.221527	0.3167664	0.1812379
11796	-411.8898	-423.3169	11.42716	0.82887	0.0360345	0.000186018	0.13491	0.2207313	1.958899	0.3009383	0.07094236
11802	-410.3793	-419.8784	9.499112	0.882517	0.0165695	0.020719	0.0801949	0.2955302	1.721023	0.3603814	4.063838
11808	-417.3632	-426.7527	9.389514	0.922887	0.0173275	0.0268499	0.032936	0.3995971	1.492211	1.011494	4.063838
11814	-416.84	-428.6393	11.79927	0.799037	0.00577673	0.0332372	0.161949	0.4293561	1.788422	1.026224	0.374645
11820	-409.318	-421.6137	12.29572	0.891529	0.0237448	0.0579512	0.0267746	0.355027	1.699035	0.5311681	0.3543464
11826	-410.1843	-422.0445	11.86024	0.887506	0.0392356	0.0463995	0.0268584	0.4191942	1.530291	0.8667128	0.7324222
11832	-412.0984	-423.9515	11.8531	0.876089	0.0387309	0.055889	0.0292908	0.4755556	1.788602	0.5748781	0.6090623
11838	-410.0617	-421.2463	11.18455	0.926846	0.0327301	0.0290184	0.0114054	0.3138472	1.637871	0.6245895	1.570533
11844	-417.8179	-428.1	10.28209	0.429228	0.443918	0.0131624	0.113692	0.03737553	2.090398	0.3497011	0.6588617
11850	-414.5198	-426.7313	12.21156	0.911537	0.0616013	0.015645	0.011217	0.2976884	1.413961	0.824186	0.6228117
11856	-406.2599	-418.7505	12.49057	0.932475	0.0427256	0.014773	0.0100264	0.3056897	1.30251	0.7133773	0.532691
11862	-412.4436	-423.512	11.06845	0.955968	0.028629	0.0134324	0.00197111	0.339006	1.46781	1.806604	0.5140274
11868	-410.607	-421.8902	11.28321	0.950418	0.0284628	0.0133544	0.00776534	0.339006	1.047815	1.44431	1.207005
11874	-408.585	-419.9018	11.31685	0.893985	0.0609538	0.0202649	0.0247967	0.4392413	0.7091564	1.611396	1.207005
11880	-407.7081	-420.5337	12.82569	0.829831	0.0685077	0.0161586	0.085503	0.4184182	0.7468806	1.021462	0.4108976
11886	-408.6605	-420.7531	12.09259	0.840521	0.0539169	0.0295723	0.0759898	0.5314681	0.7588549	1.490584	0.4674841
11892	-418.0349	-430.0126	11.97774	0.702083	0.0584642	0.0578659	0.181586	0.5314681	0.1270157	1.863845	0.6842349
11898	-423.4886	-434.1281	10.63951	0.728296	0.0666667	0.074628	0.13041	0.6695802	0.2820359	1.952981	1.635738
11904	-415.4963	-427.8133	12.31701	0.455283	0.454279	0.0268351	0.0636029	0.1121383	1.198467	0.8842301	0.4599208
11910	-415.2013	-427.1979	11.99666	0.269831	0.6499	0.023932	0.0563369	0.08726561	1.154909	1.045793	0.49997
11916	-412.0229	-424.2759	12.25296	0.331471	0.480005	0.0322597	0.156265	0.09271029	1.1849	0.8309885	0.4573166
11922	-411.9495	-423.1626	11.2131	0.275551	0.574368	0.098804	0.0512777	0.0327993	1.145733	0.8978404	0.2960197
11928	-414.45	-426.2076	11.75755	0.491763	0.345501	0.0190783	0.143657	0.06482477	1.473569	0.4920075	0.1231138
11934	-419.0849	-428.7927	9.707868	0.497659	0.426514	0.0744006	0.00142671	0.07967897	0.940449	1.174018	3.407669
11940	-413.1356	-425.3501	12.2145	0.53139	0.414777	0.0515515	0.00228072	0.07175364	1.170484	0.7722103	0.3132585
11946	-413.3683	-424.693	11.32462	0.444102	0.410707	0.131869	0.0133214	0.05603816	1.115252	0.9747766	0.8562007
11952	-409.7367	-419.8654	10.12866	0.908729	0.0682841	0.00938201	0.0136053	0.03028025	0.9965692	1.25558	1.053133
11958	-411.8844	-422.3964	10.51201	0.413275	0.438954	0.0603109	0.0874595	0.0413111	1.100512	1.217161	1.053133
11964	-418.3453	-429.3198	10.97446	0.276028	0.573088	0.0260452	0.124839	0.07318392	1.760835	0.5726571	1.096273
11970	-414.1418	-424.6267	10.48488	0.766655	0.223871	0.00509664	0.00437698	0.07164234	0.8332223	1.171261	2.196694
11976	-415.5741	-426.79	11.21591	0.373912	0.492478	0.019644	0.113966	0.05399248	0.8437648	1.171261	0.9834167
11982	-414.5649	-425.6658	11.10094	0.27049	0.643749	0.0323504	0.0534106	0.05399248	0.93102	1.27517	0.8898884
11988	-407.5225	-418.1762	10.6537	0.170354	0.22143	0.0384651	0.569751	0.02923429	1.344114	0.8668472	0.1148095
11994	-410.7766	-421.5333	10.75672	0.153505	0.381258	0.0549984	0.410239	0.02971251	1.266301	0.8668472	0.1148095
12000	-409.6596	-419.8483	10.18871	0.742533	0.157931	0.0227824	0.0767528	0.02472478	1.380865	0.6175842	0.07426583
12006	-404.9466	-415.048	10.10136	0.728854	0.155022	0.01936	0.0967641	0.02666474	1.35432	0.7015758	0.06038915
12012	-407.1405	-417.8552	10.71469	0.694357	0.244814	0.0184437	0.042385	0.03307838	1.410702	0.9631218	0.5240225
12018	-407.285	-418.2244	10.93938	0.716854	0.252746	0.0161325	0.0142669	0.03930464	1.1201	0.7190189	1.009625
12024	-414.6831	-425.9048	11.22178	0.331575	0.56259	0.0848735	0.0209616	0.03930464	1.452324	0.5121954	0.4884323
12030	-419.9793	-431.1441	11.1648	0.141338	0.701604	0.101478	0.0555797	0.04964504	1.7661	0.4945394	0.1202438
12036	-416.1361	-427.5986	11.46255	0.0104617	0.749216	0.147771	0.0925511	0.07110649	1.266695	0.9988674	0.7847416
12042	-416.1049	-426.3037	10.19885	0.00704369	0.821697	0.101114	0.0701449	0.06281046	0.7782647	1.258394	2.35714
12048	-414.1346	-425.3661	11.23151	0.00254799	0.852417	0.104895	0.0401399	0.05154821	1.431278	1.186477	0.2601265
12054	-415.7857	-427.2855	11.49984	0.00264558	0.885068	0.0701283	0.0421586	0.07765273	1.431278	1.156831	0.5048066
12060	-411.4936	-422.2477	10.75414	0.0137599	0.812829	0.0515057	0.121906	0.03824161	2.023235	0.5608773	0.2087996
12066	-408.2944	-419.8421	11.54776	0.0509972	0.678014	0.0466531	0.224336	0.06505065	1.452517	0.3995986	0.0884212
12072	-410.2227	-420.8906	10.66797	0.066651	0.458779	0.0855143	0.389056	0.02372288	0.8621475	0.849442	0.09237776
12078	-417.648	-428.3246	10.67663	0.0377017	0.477616	0.0258811	0.458801	0.02372288	1.056361	1.021842	0.2413972
12084	-416.7385	-427.6438	10.9053	0.0736975	0.681207	0.15608	0.0890152	0.02372288	1.088288	0.6262896	0.1792574
12090	-415.4279	-426.4317	11.00383	0.0596495	0.578426	0.134958	0.226966	0.03425083	1.279373	0.645637	0.09782194
12096	-415.437	-426.979	11.54201	0.0675756	0.389796	0.0741408	0.468488	0.06077129	0.9602894	1.4578	0.2771299
12102	-412.0574	-423.7857	11.72837	0.0244903	0.786333	0.106788	0.0823883	0.05167243	1.145963	0.9847884	0.2154588
12108	-418.3132	-427.4772	9.164068	0.265317	0.592969	0.079996	0.061718	0.04562435	0.7219224	1.964513	2.030068
12114	-415.8063	-427.2949	11.48855	0.00903912	0.644279	0.0768274	0.269854	0.0565334	1.468814	0.3610634	0.5962803
12120	-411.649	-422.2167	10.56773	0.191573	0.663557	0.0738131	0.0710562	0.05425195	1.980084	0.2875109	0.8658727
12126	-416.9737	-428.1101	11.13645	0.0909361	0.863076	0.00402469	0.0419637	0.1069096	1.577085	0.4329685	1.429387
12132	-417.8696	-429.057	11.18744	0.0743025	0.829713	0.0338123	0.0621723	0.06150077	1.690748	0.3017542	0.6974157
12138	-412.9425	-424.6945	11.75203	0.382545	0.560148	0.00786101	0.0494457	0.09389973	1.92621	0.3553402	0.2516853
12144	-410.4054	-420.9703	10.56489	0.39934	0.315713	0.0390875	0.24586	0.07392495	1.787754	0.3196619	1.436307
12150	-410.2607	-420.507	10.24625	0.185858	0.654453	0.0982666	0.0614232	0.101314	2.150058	0.1552296	1.223071
12156	-415.0482	-425.4719	10.42371	0.151262	0.690419	0.127365	0.0309548	0.03856584	1.799967	0.2085766	0.6184074
12162	-410.4305	-419.501	9.070472	0.136028	0.708035	0.114538	0.0413992	0.03157793	2.576695	0.1003871	0.1627393
12168	-409.6888	-419.8531	10.16429	0.0523887	0.87608	0.0525407	0.0189907	0.02971771	2.052743	0.3722618	0.5020238
12174	-406.8738	-418.7656	11.89182	0.818199	0.0405292	0.00410728	0.137165	0.4666943	1.037841	1.506077	0.1469634
12180	-412.5455	-421.7863	9.240836	0.127573	0.718878	0.0426029	0.110946	0.02158651	2.125076	0.3615587	0.7996783
12186	-412.0899	-421.5501	9.460198	0.555488	0.260042	0.047478	0.136993	0.02158651	2.125076	0.5007702	0.6368106
12192	-408.79	-420.8238	12.03378	0.93493	0.00862705	0.0133962	0.0430463	0.4021752	0.7569007	1.321089	0.8538618
12198	-407.3309	-419.7327	12.40187	0.832213	0.0243318	0.0286404	0.114815	0.4021752	0.7829492	1.066304	0.7594062
12204	-410.9602	-421.9609	11.00063	0.806273	0.101429	0.0230821	0.0692154	0.05441558	0.1608478	1.958926	0.8328766
12210	-408.944	-420.6234	11.67933	0.831523	0.114382	0.0130107	0.0410842	0.4632606	0.4857192	1.31074	1.46444
12216	-418.883	-431.5241	12.64112	0.715127	0.154502	0.0111895	0.119182	0.3496993	0.7705959	1.253999	0.3544581
12222	-419.7832	-429.9928	10.20968	0.429197	0.338388	0.0546597	0.177755	0.1102813	0.2793729	2.560321	1.173629
12228	-423.1607	-433.363	10.20228	0.438052	0.34537	0.0351564	0.181422	0.1097039	0.6008094	2.680852	0.6695463
12234	-411.7784	-422.3547	10.57633	0.933707	0.0149009	0.0183334	0.0330591	0.492103	1.312052	1.15957	1.993891
12240	-406.279	-418.9629	12.68387	0.819889	0.144953	0.00612864	0.0290293	0.3669352	1.068392	0.930389	0.181572
12246	-405.4497	-417.5519	12.10213	0.853769	0.0827356	0.00255231	0.0609434	0.3237053	1.047243	0.930389	0.9799409
12252	-413.5888	-423.9439	10.35503	0.189112	0.647998	0.0352672	0.127623	0.02990801	1.670522	0.9898236	0.4441959
12258	-413.9278	-425.1624	11.23454	0.179969	0.68049	0.0181429	0.121398	0.04831272	1.611357	0.8212487	0.1472491
12264	-411.6882	-423.1252	11.43694	0.474185	0.372395	0.0276469	0.125774	0.05741913	1.08533	1.299061	0.4537149
12270	-412.4555	-423.4483	10.99282	0.596802	0.240188	0.0129965	0.150013	0.04532599	1.185081	1.449507	0.2852566
12276	-410.186	-421.6844	11.49842	0.49647	0.389761	0.0831457	0.0306225	0.04532599	0.581376	1.446041	0.1455618
12282	-411.3443	-422.91	11.56572	0.475412	0.373229	0.079619	0.0717401	0.0419132	0.438717	1.2524	0.09715261
12288	-411.2535	-422.2296	10.97613	0.386267	0.485993	0.0751317	0.0526078	0.02970236	0.5131253	1.314475	0.6032067
12294	-410.5016	-422.7088	12.20715	0.757113	0.0461866	0.000682325	0.196018	0.3305409	0.9392247	1.230749	0.6703241
12300	-407.0298	-419.2336	12.20383	0.761182	0.0630072	0.00093082	0.17488	0.2658647	1.459261	0.9350279	0.5029105
12306	-412.1512	-421.5805	9.429289	0.787129	0.0524022	0.00167176	0.158797	0.477024	1.401951	2.337655	1.291446
12312	-405.0728	-417.0166	11.94385	0.854991	0.0279821	0.00121918	0.115808	0.429168	1.320111	1.240971	0.4703472
12318	-406.3946	-418.1409	11.74623	0.79974	0.0261738	0.00114039	0.172946	0.3539333	1.279038	1.308459	0.09285814
12324	-413.4015	-423.9324	10.5309	0.840476	0.033157	0.0325154	0.0938513	0.4871254	0.7542678	1.477927	2.289076
12330	-409.6122	-421.4458	11.83359	0.823236	0.0431869	0.0107369	0.12284	0.3854107	0.7111037	1.167954	1.307246
12336	-408.4877	-418.4824	9.994692	0.861924	0.0207081	0.00943404	0.107934	0.4799566	0.8076688	2.030329	1.884579
12342	-415.8081	-426.4525	10.6444	0.748688	0.0710548	0.0135194	0.166738	0.7459542	0.716901	1.763097	1.354407
12348	-418.9418	-428.3439	9.402115	0.777305	0.0355471	0.0140361	0.173112	0.6434636	0.7268771	2.243954	2.121373
12354	-414.5752	-424.8438	10.2686	0.338871	0.360631	0.0292707	0.271227	0.05022664	0.5905952	2.214876	0.6639817
12360	-418.5898	-428.6239	10.0341	0.648145	0.117276	0.0195495	0.21503	0.09900852	0.708299	2.390664	1.120189
12366	-419.177	-429.7113	10.53431	0.284037	0.320914	0.0333487	0.3617	0.09656921	0.5648927	2.492649	0.598456
12372	-423.8172	-433.2298	9.412604	0.150662	0.466919	0.0307405	0.351679	0.0869767	0.6210291	3.172478	0.1342787
12378	-416.0818	-426.0803	9.998496	0.440579	0.230621	0.0552896	0.27351	0.07073799	0.7419236	2.727648	0.2488299
12384	-412.8788	-423.664	10.78521	0.81668	0.0835632	0.0809276	0.0188293	0.7272274	0.5869731	1.3295	2.085246
12390	-417.0863	-423.9311	6.844781	0.806959	0.0849297	0.0228728	0.0852382	0.4981413	1.031298	1.470873	11.01288
12396	-416.3282	-427.2066	10.87848	0.834308	0.0878081	0.023648	0.0542355	0.5376088	1.46899	1.049968	1.514613
12402	-414.4848	-425.3247	10.83991	0.903187	0.0551016	0.0112376	0.0304738	0.4665799	1.454177	0.994711	1.731463
12408	-414.2246	-426.3402	12.11559	0.912041	0.045839	0.0113477	0.0307726	0.3278012	1.165096	0.4919699	1.086933
12414	-415.8068	-427.5204	11.71358	0.840386	0.0831808	0.0205919	0.0558408	0.4039334	1.80609	0.5155721	0.7959733
12420	-413.0163	-425.3769	12.36059	0.887209	0.0603355	0.0219981	0.0304571	0.282688	1.417049	0.4531364	0.6200732
12426	-414.943	-425.4322	10.4892	0.921427	0.0162636	0.0477121	0.0145971	0.6068019	1.488472	0.6318048	2.32823
12432	-416.5436	-427.3854	10.84177	0.136258	0.585177	0.112361	0.166203	0.07959011	0.141465	2.5538	0.1343718
12438	-411.8062	-422.7399	10.93369	0.168553	0.643098	0.109134	0.0792142	0.07777202	0.5296708	2.32864	0.2396916
12444	-408.7066	-420.2699	11.56333	0.0466565	0.743672	0.109307	0.100365	0.05054039	0.8585956	1.36557	0.2396916
12450	-412.7315	-423.8022	11.07064	0.295475	0.549577	0.0807781	0.0741701	0.03959358	0.8441143	1.36557	0.1190756
12456	-412.0693	-423.3561	11.28679	0.430234	0.269309	0.0631087	0.237348	0.06071653	0.582419	1.626468	0.7266494
12462	-413.3266	-424.947	11.62043	0.222333	0.236311	0.0553762	0.48598	0.06908469	0.6112567	1.730232	0.1919414
12468	-411.533	-423.3956	11.86255	0.0217492	0.225275	0.0527901	0.700185	0.0598978	0.2454109	1.730232	0.2144219
12474	-409.6015	-420.8549	11.25334	0.0217492	0.225275	0.0527901	0.700185	0.05900596	0.1477074	2.070474	0.1197584
12480	-407.0027	-417.4989	10.49619	0.033453	0.346502	0.077311	0.542734	0.03543126	0.1208757	1.949636	0.0746182
12486	-406.5735	-417.5821	11.00867	0.123387	0.583537	0.074062	0.219013	0.05313478	0.1243753	1.949636	0.0746182
12492	-410.4764	-423.027	12.55066	0.919381	0.0342372	0.0155398	0.0308422	0.3956286	1.357041	0.4704381	0.1493822
12498	-413.579	-425.5947	12.01576	0.887458	0.0677702	0.0150002	0.0297713	0.4805383	1.795716	0.5436961	0.4421836
12504	-405.8092	-417.609	11.79973	0.17638	0.621501	0.138402	0.0637169	0.04226092	0.030795	1.521516	0.1270816
12510	-409.2909	-420.8735	11.5826	0.0939709	0.751258	0.0697577	0.0850132	0.04226092	0.06776915	1.700392	0.1477991
12516	-408.6184	-419.6178	10.99939	0.178339	0.663706	0.0644765	0.0934784	0.03497861	0.3557578	1.700392	0.1350085
12522	-408.9419	-420.3583	11.41643	0.173929	0.647291	0.0876139	0.0911665	0.06350931	0.3490599	1.700392	0.08215352
12528	-404.6953	-416.2174	11.52203	0.190506	0.605748	0.118867	0.0848795	0.05062475	0.2275224	1.700392	0.1144168
12534	-408.0882	-419.9213	11.83303	0.483726	0.382511	0.0694732	0.0642898	0.05939308	0.3715925	1.543188	0.128499
12540	-405.7502	-416.0225	10.27233	0.458805	0.411333	0.0677454	0.0621167	0.04520864	0.542786	2.206747	0.105899
12546	-413.6494	-424.2914	10.64194	0.199479	0.618037	0.0644201	0.118064	0.06561919	0.8357674	2.219945	0.2379244
12552	-412.1482	-423.5035	11.3553	0.392805	0.549461	0.0327261	0.0250075	0.0890865	0.951994	1.714129	0.1222988
12558	-404.6822	-414.911	10.22878	0.254957	0.640698	0.0941059	0.0102387	0.03261194	0.7671982	1.308743	0.05115391
12564	-412.0018	-423.1638	11.16197	0.548312	0.15676	0.00774237	0.287185	0.03214597	0.6817107	1.040831	0.09324864
12570	-408.531	-419.0839	10.55292	0.727948	0.139828	0.0491931	0.0830307	0.02686648	1.035911	0.9814326	0.7122882
12576	-412.744	-423.5225	10.77853	0.76095	0.187916	0.0306845	0.0204489	0.0588767	1.348475	1.616809	0.4591944
12582	-411.2529	-422.3162	11.06334	0.514715	0.168293	0.0207553	0.296236	0.04366317	1.294223	0.98452	0.6460087
12588	-414.2375	-426.0387	11.80115	0.630674	0.108261	0.0133516	0.247713	0.09564655	0.4010112	1.578141	0.8474027
12594	-410.2682	-420.0714	9.803198	0.886972	0.0384342	0.00701214	0.0675814	0.04575987	0.7546947	1.670972	1.717324
12600	-408.7041	-419.0621	10.35799	0.892952	0.0458506	0.00588827	0.0553086	0.2719532	1.394107	0.8476278	2.891799
12606	-419.8422	-428.941	9.098834	0.919028	0.0146525	0.00606021	0.0602597	0.5601619	1.459368	0.6230729	5.064323
12612	-406.3859	-417.2157	10.82976	0.912112	0.0220672	0.00601461	0.0598063	0.2907929	1.422602	1.378394	1.413431
12618	-410.077	-421.9356	11.85858	0.900367	0.0275285	0.00750311	0.0646017	0.6114418	1.58801	0.8975439	0.4680805
12624	-405.4898	-417.0412	11.5515	0.862925	0.051913	0.0141493	0.0710129	0.3987563	1.025386	1.38431	0.9880459
12630	-408.3254	-419.6076	11.28219	0.885041	0.0570324	0.0155446	0.0423822	0.3655771	0.8044956	1.763631	0.9880459
12636	-410.7762	-421.7453	10.96915	0.938448	0.0265964	0.0093802	0.025575	0.2751768	1.301085	0.7121082	2.248844
12642	-413.8274	-423.5223	9.694932	0.906526	0.00705929	0.0327293	0.0536857	0.400415	1.642704	0.6266441	3.738476
12648	-411.0648	-422.7655	11.70076	0.933401	0.00726857	0.0336996	0.0256309	0.6141785	1.683426	0.4253627	0.716434
12654	-404.1544	-416.1343	11.9799	0.952812	0.0111389	0.00988491	0.0261639	0.3017257	1.681001	0.4253627	0.716434
12660	-409.0222	-420.3999	11.37767	0.928429	0.0108538	0.024078	0.0366396	0.321069	2.421889	0.4027466	0.5669348
12666	-411.3216	-422.2077	10.88608	0.917874	0.0220983	0.0238043	0.0362231	0.2666082	1.431397	0.7642074	2.138217
12672	-408.8009	-420.6771	11.87617	0.911265	0.00130165	0.0236328	0.0638009	0.4094768	2.100334	0.4165594	0.2792318
12678	-404.3934	-415.4982	11.10483	0.966906	0.00116019	0.00718222	0.0247517	0.2877648	2.714326	0.2507392	0.3839484
12684	-406.4301	-416.9701	10.54009	0.945422	0.00611426	0.00702263	0.0414411	0.2877648	2.857193	0.2009254	0.6861389
12690	-407.6388	-418.6515	11.01276	0.916341	0.0192956	0.0469027	0.0174603	0.338429	2.483783	0.1652813	0.443181
12696	-411.5796	-421.8325	10.25284	0.875154	0.0304507	0.0268642	0.0675315	0.3293064	2.778765	0.1025797	0.562984
12702	-414.8314	-424.5634	9.731997	0.781022	0.0205786	0.0175975	0.180802	0.3293064	2.481399	0.1583779	1.766171
12708	-417.8885	-427.9634	10.07496	0.829232	0.0351663	0.0165504	0.119052	1.04816	2.624205	0.1256117	0.302783
12714	-416.8911	-427.1033	10.21213	0.732761	0.0355691	0.0168934	0.214776	0.2317976	2.646722	0.1826857	1.162323
12720	-413.7154	-424.7478	11.03238	0.724694	0.0461865	0.0167074	0.212412	0.3459454	2.776887	0.2365594	0.3074454
12726	-412.048	-422.1679	10.11994	0.839274	0.0467112	0.00491152	0.109103	0.2729064	2.262616	0.2332818	1.88332
12732	-410.3397	-421.2172	10.87748	0.83756	0.0467551	0.00680473	0.10888	0.2729064	2.135854	0.5761034	1.386898
12738	-405.8347	-417.9762	12.14158	0.885988	0.00175786	0.00272374	0.109531	0.4878483	1.55979	0.5521793	0.5451678
12744	-410.3852	-422.5065	12.12127	0.849932	0.030078	0.00191715	0.118073	0.1974705	1.871943	0.4655655	0.3845446
12750	-409.7581	-420.583	10.82483	0.410259	0.342349	0.0627975	0.184595	0.04399727	0.7313794	1.769174	0.1321375
12756	-408.3685	-419.5078	11.13938	0.276675	0.444825	0.0748741	0.203626	0.04399727	0.55731	1.769174	0.2136651
12762	-411.9369	-422.8219	10.88506	0.32161	0.533934	0.0667619	0.0776945	0.07666971	0.6832948	2.078277	0.596973
12768	-413.2176	-424.3993	11.18167	0.58836	0.272014	0.0437714	0.0958547	0.02743668	0.9134464	0.7987452	0.401844
12774	-416.7025	-427.1159	10.41342	0.320601	0.53175	0.0564238	0.0912248	0.0221428	1.424585	0.7041955	0.1812179
12780	-414.7382	-425.4954	10.75717	0.801446	0.0200734	0.00927194	0.169209	0.3917873	1.686337	0.6018228	1.989305
12786	-407.5917	-419.9261	12.33439	0.927629	0.0149355	0.00401844	0.0534168	0.3917873	1.542157	0.4329735	0.4521814
12792	-410.1749	-421.5456	11.3707	0.749014	0.0162083	0.00111338	0.233664	0.2586903	1.466121	0.407225	1.582462
12798	-408.085	-418.6874	10.60242	0.772388	0.010638	0.00108451	0.21589	0.1914224	1.877291	0.407225	1.997973
12804	-418.273	-428.4037	10.13066	0.30822	0.590362	0.0853041	0.0161141	0.09813591	1.010073	1.570619	2.089707
12810	-415.5197	-427.3324	11.81264	0.873854	0.078526	0.00892348	0.0386965	0.6070409	0.5477005	1.46409	0.8981522
12816	-416.7084	-428.1137	11.40526	0.872481	0.0784026	0.0104808	0.0386357	0.536057	0.4641558	1.696992	1.146296
12822	-423.6299	-431.854	8.224122	0.112738	0.62107	0.206974	0.0592187	0.02737453	1.856304	0.2857614	2.775814
12828	-422.0589	-432.7798	10.72087	0.383001	0.301936	0.100621	0.214442	0.04475062	2.036344	0.2735161	0.4195973
12834	-412.2398	-424.4671	12.22735	0.875868	0.0247367	0.00287526	0.09652	0.2560034	1.353742	0.6294945	0.7879122
12840	-414.9526	-424.8493	9.896702	0.355146	0.45841	0.0332602	0.153184	0.02203211	1.795927	0.2992916	0.4575235
12846	-411.6793	-422.3551	10.67584	0.281487	0.38916	0.0278447	0.301509	0.03671064	1.716046	0.728084	0.1063978
12852	-414.4289	-424.5797	10.15076	0.865184	0.0680087	0.00120488	0.0656023	0.4549572	0.670409	1.455391	3.110581
12858	-425.1307	-433.9799	8.84923	0.592985	0.155156	0.0126175	0.239241	0.1336829	0.5943307	1.383481	6.264395
12864	-414.4778	-426.2491	11.77126	0.736053	0.0896846	0.0145204	0.159742	0.04661733	1.150167	0.6784947	0.1573443
12870	-417.8975	-428.3141	10.41655	0.721569	0.0614826	0.0180772	0.198871	0.05959587	1.496438	0.7510632	1.700043
12876	-409.9762	-420.6065	10.63037	0.367117	0.20077	0.0350415	0.397071	0.0238599	0.9133774	0.7303282	0.08284312
12882	-407.6223	-417.7536	10.13132	0.268888	0.532174	0.0813254	0.117612	0.02211167	1.620524	0.5636269	0.1240318
12888	-411.2344	-421.0073	9.772868	0.217343	0.363594	0.0695703	0.349493	0.02211167	1.635429	0.4574646	0.07518854
12894	-406.692	-417.353	10.66096	0.316308	0.423982	0.0448319	0.214878	0.02912918	1.462535	0.437893	0.1066749
12900	-408.8143	-418.2194	9.405073	0.588273	0.380789	0.0224663	0.00847122	0.02107574	2.127668	0.203969	0.2016117
12906	-412.2277	-421.7963	9.568565	0.721943	0.223482	0.035127	0.0194474	0.02114229	2.119955	0.4690917	0.4991957
12912	-413.6493	-422.984	9.334738	0.612646	0.345623	0.0206317	0.0210985	0.02750932	2.251158	0.4690917	1.030071
12918	-413.8157	-423.8542	10.03854	0.479555	0.423045	0.0519028	0.0454975	0.0270377	1.680015	1.015185	0.5670539
12924	-416.3377	-426.9979	10.66016	0.288996	0.192513	0.0217934	0.496697	0.02751329	0.9890442	1.309801	0.2319679
12930	-416.3111	-426.7429	10.43177	0.446449	0.116951	0.0336671	0.402933	0.03447538	1.203837	1.550962	0.1762052
12936	-421.659	-430.6834	9.024373	0.455225	0.272347	0.0740164	0.198411	0.02307175	1.669504	1.712277	0.1390828
12942	-415.8616	-428.2781	12.41646	0.851302	0.0401831	0.0400719	0.0684434	0.5155353	1.26413	0.8979171	0.224544
12948	-410.7252	-422.7963	12.07116	0.890171	0.0596027	0.0178462	0.0323804	0.4511851	1.398282	0.5864787	0.7910874
12954	-409.7289	-420.6232	10.89423	0.947133	0.0383659	0.0114875	0.00301399	0.3794119	1.522682	0.5430439	2.058032
12960	-411.0358	-422.6265	11.59078	0.954954	0.0260818	0.0115824	0.00738207	0.3272079	2.437892	0.3970981	0.2269607
12966	-408.4125	-420.8691	12.45661	0.856281	0.0778046	0.0120196	0.0538953	0.4591276	1.491044	0.5173311	0.2744997
12972	-408.8355	-421.0366	12.20115	0.865516	0.0539212	0.0432112	0.0373512	0.3769932	1.774706	0.3648255	0.2717723
12978	-408.5697	-420.4329	11.86323	0.939263	0.00553237	0.043118	0.0120864	0.7167535	1.774706	0.3648255	0.2717723
12984	-412.8842	-424.184	11.2998	0.886912	0.0411183	0.0605574	0.0114127	0.5975378	1.993015	0.1681932	0.4166645
12990	-416.9108	-427.4264	10.51559	0.905907	0.0180465	0.0730803	0.00296648	1.533384	2.136425	0.3108737	0.4781032
12996	-417.0999	-428.5581	11.45819	0.801638	0.0381283	0.120605	0.0396291	0.3796543	2.189037	0.2751843	0.5541618
13002	-407.4616	-419.3157	11.85402	0.952407	0.027018	0.0157533	0.00482136	0.3574489	1.926658	0.4052509	0.5639594
13008	-411.6165	-421.2979	9.681377	0.914188	0.0600153	0.0219542	0.00384244	0.2534179	1.981375	0.395992	3.289047
13014	-413.8213	-425.1254	11.30408	0.952324	0.0208028	0.0228701	0.00400273	0.4926354	1.826223	0.5387664	1.096548
13020	-408.7957	-420.257	11.46126	0.122676	0.543358	0.0716366	0.262329	0.06665984	0.4268918	1.900137	0.1528166
13026	-410.8443	-422.8855	12.04126	0.0721356	0.62142	0.0854271	0.221017	0.06665984	0.4829966	1.500285	0.2021739
13032	-418.4576	-428.9329	10.47535	0.0610282	0.600074	0.0722731	0.266624	0.06665984	0.551381	2.276721	0.6995481
13038	-418.0734	-429.9853	11.91193	0.10176	0.53054	0.12051	0.247189	0.04141093	0.4443496	1.064444	0.5026068
13044	-406.9347	-418.7414	11.80675	0.0684999	0.694565	0.0872282	0.149707	0.0491986	0.49737	1.362943	0.1526184
13050	-407.7984	-419.1393	11.34095	0.200394	0.532022	0.0986542	0.16893	0.06005715	0.7040505	1.757126	0.1830533
13056	-405.5052	-417.0917	11.58649	0.200523	0.478513	0.0887319	0.232232	0.05460919	0.3179356	1.757126	0.1594872
13062	-411.9221	-424.205	12.28289	0.928905	0.0384569	0.0218781	0.0107597	0.4271363	1.459394	0.8254846	0.4125818
13068	-414.9781	-427.5027	12.5246	0.768257	0.189288	0.028459	0.0139961	0.4514574	1.014058	1.103978	0.2273515
13074	-412.0701	-423.1439	11.07378	0.888284	0.062317	0.029827	0.0195716	0.4437001	1.298633	1.832845	0.5545209
13080	-409.0846	-421.2181	12.13347	0.927295	0.0203508	0.0421257	0.010228	0.4437001	1.610737	0.6279971	0.522112
13086	-406.7758	-419.0379	12.26213	0.96236	0.0130836	0.0197589	0.00479742	0.3329375	1.325398	1.144099	0.2853044
13092	-404.8104	-417.4233	12.61292	0.949728	0.0147047	0.0218287	0.0137383	0.3329375	1.382575	0.6583012	0.3117018
13098	-411.5956	-423.2059	11.61034	0.911288	0.0355405	0.0434763	0.00969522	0.4371556	1.625586	0.6977323	0.9833
13104	-410.5137	-422.6423	12.12855	0.224532	0.538106	0.0662524	0.171109	0.06951527	0.785831	1.214076	0.3315373
13110	-414.1655	-426.8711	12.70561	0.19754	0.441594	0.0573785	0.303487	0.1477491	0.9465133	0.8988807	0.4432587
13116	-416.5551	-428.871	12.31596	0.491761	0.222408	0.0288985	0.256933	0.288353	1.719823	0.4122498	0.3221132
13122	-415.6781	-426.712	11.03391	0.826286	0.041874	0.028463	0.103377	0.6331505	1.004858	1.164479	1.613207
13128	-412.822	-424.3517	11.52963	0.85789	0.0580095	0.0087277	0.0753725	0.3512055	1.004858	1.913716	0.3219966
13134	-414.5097	-426.3978	11.88811	0.719031	0.0717405	0.0216201	0.187609	0.4627148	0.767858	1.742685	0.1704655
13140	-414.0222	-426.1803	12.15807	0.738473	0.120036	0.0405973	0.100893	0.3730074	1.405533	0.9508764	0.5320914
13146	-410.7926	-423.7662	12.97366	0.766116	0.0666794	0.0421169	0.125088	0.4379541	0.6599392	0.8050681	0.5320914
13152	-415.9741	-425.2049	9.230807	0.776203	0.0834751	0.0135863	0.126735	0.4271061	1.421853	1.517989	3.303746
13158	-407.9579	-420.614	12.65606	0.894392	0.0443093	0.015655	0.0456436	0.3338574	0.8934502	1.03575	0.4893131
13164	-412.4891	-422.4166	9.927424	0.809394	0.0400984	0.0158188	0.134689	0.5521851	0.8325931	2.471436	1.063736
13170	-420.8478	-430.4835	9.635719	0.77647	0.0608268	0.0545849	0.108119	0.3226555	2.220658	0.2182127	2.541124
13176	-415.2881	-424.643	9.354917	0.803632	0.0629547	0.0215126	0.111901	0.3390949	1.957846	0.3241402	3.770417
13182	-415.5039	-425.9719	10.46803	0.826576	0.0392507	0.0351886	0.0989845	0.5034824	0.3383504	2.681248	0.7366292
13188	-413.1143	-422.8205	9.70618	0.852119	0.0095616	0.036276	0.102043	0.5832689	0.4801421	2.681248	1.277288
13194	-412.0496	-424.0079	11.9583	0.784403	0.0622775	0.0179797	0.13534	0.4416813	1.032474	0.7020194	1.229216
13200	-405.84	-416.3431	10.50312	0.871275	0.0107064	0.0357027	0.0823158	0.4884405	0.6020105	2.087646	1.4043
13206	-410.4223	-421.1418	10.71948	0.816135	0.00787884	0.0817952	0.0941913	0.6756134	0.5871197	1.860491	1.341258
13212	-411.5733	-422.7715	11.19816	0.663206	0.239201	0.05494	0.042653	0.05669108	1.047798	1.212717	0.8072397
13218	-409.1771	-420.314	11.13694	0.8192	0.121665	0.0336635	0.0254721	0.03525826	0.7697324	1.212717	0.565199
13224	-408.0084	-418.8485	10.8401	0.614652	0.321057	0.0365983	0.0276927	0.04033546	1.284477	1.251974	0.4867223
13230	-412.0058	-424.1226	12.11678	0.0710886	0.672833	0.0766984	0.17938	0.06196883	0.6118162	1.251974	0.1694677
13236	-413.3833	-423.8163	10.43301	0.340825	0.513403	0.0902196	0.0555519	0.04104285	0.5128778	1.896876	0.8001842
13242	-409.9756	-420.1246	10.14897	0.493769	0.376859	0.0913904	0.0379818	0.02818737	0.5727477	1.769901	0.6715023
13248	-408.2252	-419.2922	11.06699	0.534779	0.354027	0.0858536	0.0253401	0.04387083	0.6460301	1.659591	0.1336396
13254	-414.1469	-424.5723	10.4254	0.419248	0.361254	0.110616	0.108882	0.02851222	1.27728	1.312084	0.2304084
13260	-410.4363	-421.5629	11.12661	0.854474	0.0177713	0.0295913	0.0981632	0.5393213	1.866735	0.4613956	1.189935
13266	-411.4342	-420.758	9.323788	0.84676	0.015193	0.0252981	0.112749	0.2481865	1.866735	0.2622739	3.8995
13272	-419.8316	-427.5843	7.752714	0.23448	0.414739	0.0389769	0.311804	0.04696449	1.00766	2.111616	3.513789
13278	-416.4728	-427.9565	11.4837	0.183282	0.413933	0.0229245	0.37986	0.05602542	1.352116	0.5889144	0.7337075
13284	-423.4318	-433.088	9.656176	0.698324	0.251412	0.00934983	0.0409139	0.3159885	1.707431	0.2028115	3.284732
13290	-416.4568	-427.3296	10.87284	0.726574	0.236178	0.0273969	0.00985117	1.231687	1.082333	0.604863	1.544771
13296	-415.4407	-427.9213	12.48066	0.760431	0.181273	0.051104	0.00719179	0.9875734	0.5331409	0.9680997	0.1430935
13302	-417.7331	-430.1659	12.43281	0.76123	0.176663	0.0533857	0.00872036	0.6135827	0.9310125	1.11643	0.2406414
13308	-415.6176	-426.3056	10.68795	0.760381	0.15232	0.0535839	0.0337148	0.3391731	1.047933	1.096341	2.493744
13314	-413.6233	-424.6408	11.01748	0.842578	0.0937551	0.0283455	0.035321	0.3836202	0.5585482	1.096341	2.689533
13320	-415.759	-426.1224	10.36343	0.902228	0.0175527	0.013631	0.0665886	0.4390615	0.6491186	1.248839	3.255052
13326	-409.5491	-420.8705	11.32142	0.894707	0.0274629	0.0256124	0.0522181	0.4866339	1.128383	0.7976415	1.72916
13332	-410.8347	-422.1114	11.27674	0.873939	0.0252696	0.06055	0.0402419	0.3640894	1.074455	1.027837	1.72916
13338	-410.2611	-422.8599	12.59873	0.880375	0.0250524	0.060996	0.0335764	0.3727496	0.8536172	0.8758955	0.7029678
13344	-409.0592	-421.0018	11.94265	0.92498	0.0482136	0.0195339	0.00727231	0.4705884	1.926857	0.5861298	0.3742515
13350	-417.9104	-429.1627	11.25228	0.895452	0.0178423	0.0623754	0.0243306	0.5323426	1.760577	0.3811295	1.144834
13356	-416.3426	-423.9303	7.587711	0.93336	0.0226717	0.0130522	0.0309162	0.3488556	1.918621	0.2412169	7.96727
13362	-414.6484	-425.7793	11.13086	0.889489	0.0484729	0.00675998	0.0552781	0.3488556	0.7139906	1.000317	2.471344
13368	-416.156	-427.0296	10.8736	0.884313	0.0203696	0.0103863	0.0849314	0.7898067	0.3576112	1.527991	1.844149
13374	-411.6057	-424.0118	12.4061	0.845503	0.0202661	0.041526	0.0927054	0.4914095	0.3032509	1.157174	1.045338
13380	-406.3296	-419.2503	12.92077	0.845503	0.0202661	0.041526	0.0927054	0.4919607	0.3701301	1.045452	0.6011096
13386	-406.7853	-419.0894	12.30409	0.907233	0.0217457	0.0445578	0.0264637	0.5380881	0.6059393	1.072035	0.8927498
13392	-416.2936	-424.6173	8.323694	0.776006	0.0618845	0.0123224	0.149787	0.02255556	2.663307	0.2129782	1.018873
13398	-416.6399	-425.5343	8.894444	0.737217	0.149048	0.0296783	0.0840564	0.02695761	2.609362	0.1070156	0.3099924
13404	-417.6366	-429.8158	12.17917	0.837185	0.0358581	0.021212	0.105745	0.7088535	0.4335411	1.354827	0.6889254
13410	-413.958	-424.5447	10.58671	0.640694	0.330905	0.0125843	0.0158167	0.1491008	2.162343	0.1397067	0.989513
13416	-411.6327	-423.4933	11.86059	0.604455	0.312188	0.0684348	0.0149221	0.09454052	1.342628	0.7500432	0.7548508
13422	-406.3195	-417.917	11.59756	0.869489	0.0138334	0.00994498	0.106733	0.261263	2.471812	0.4258654	0.2551486
13428	-403.4741	-416.0061	12.53195	0.849811	0.0189794	0.00413694	0.127073	0.3354632	1.382125	0.655862	0.4227952
13434	-404.3381	-416.5371	12.19907	0.862208	0.0174128	0.00379546	0.116584	0.2278799	1.804149	0.5950435	0.1677922
13440	-405.7184	-417.5219	11.80355	0.87368	0.0159632	0.00347948	0.106878	0.2278799	1.995038	0.4231082	0.5934004
13446	-409.4402	-420.8478	11.40755	0.930754	0.0210582	0.00370678	0.0444812	0.2278799	2.003212	0.6243789	0.9515132
13452	-402.8064	-414.7566	11.9502	0.938957	0.0119717	0.00412368	0.0449477	0.2278799	1.539789	0.5598508	0.8934506
13458	-408.017	-420.1192	12.10221	0.942809	0.0123797	0.00477835	0.040033	0.1998327	1.767306	0.3880415	0.4928582
13464	-408.9765	-421.1272	12.15075	0.880064	0.034648	0.0133736	0.0719139	0.2193924	1.767306	0.4572798	0.4822631
13470	-408.0329	-419.8496	11.81673	0.926904	0.0364921	0.0140854	0.0225183	0.2214386	2.047726	0.2414829	0.2382319
13476	-409.6845	-421.545	11.86053	0.932469	0.0367112	0.00865286	0.0221672	0.2879832	2.047726	0.271825	0.3065954
13482	-407.5127	-419.0179	11.50529	0.935077	0.0368139	0.00587977	0.0222292	0.2363257	2.254077	0.271825	0.4972983
13488	-408.3828	-419.9509	11.56806	0.851439	0.0506466	0.0307965	0.0671178	0.3780102	2.245868	0.410082	0.5186674
13494	-408.6409	-420.7744	12.13343	0.90952	0.0137641	0.0328973	0.0438189	0.5560331	1.221242	0.6239776	0.788681
13500	-421.9551	-429.686	7.730926	0.199167	0.545818	0.0787313	0.176283	0.0536164	0.4750121	1.980326	5.447965
13506	-419.1743	-428.5676	9.393305	0.645497	0.279624	0.0544722	0.0204064	0.06856624	0.3609879	2.215884	2.297957
13512	-412.7657	-423.2807	10.51498	0.546919	0.382974	0.0468583	0.0232487	0.08600616	0.3023771	2.32075	1.051432
13518	-409.7239	-421.4528	11.72892	0.499072	0.423417	0.0518067	0.0257038	0.07210991	0.3898148	1.850213	0.2860053
13524	-411.4325	-422.6936	11.26109	0.448041	0.466553	0.0570845	0.0283224	0.06852075	0.2354296	2.138772	0.1324989
13530	-416.5231	-427.4591	10.93598	0.886528	0.0136477	0.0276508	0.0721732	0.565278	0.8359948	1.406108	1.665435
13536	-411.3093	-421.6095	10.30021	0.9002	0.0138582	0.0280773	0.0578641	0.4407092	0.6980968	2.422209	1.01329
13542	-415.6716	-426.0486	10.37705	0.907476	0.045434	0.0283042	0.0187853	0.4235496	0.6675044	2.25191	1.259799
13548	-412.4034	-424.1855	11.78208	0.865669	0.0903748	0.0270002	0.0169561	0.2790395	1.110216	0.8755819	1.319414
13554	-407.7996	-418.2022	10.40259	0.241865	0.499401	0.164804	0.0939313	0.02326836	1.493113	0.5321951	0.1376666
13560	-410.8963	-421.2875	10.39113	0.876035	0.0662666	0.0187488	0.0389501	0.05196285	1.180913	1.377515	1.182121
13566	-408.5877	-419.9954	11.40765	0.183275	0.453409	0.0886095	0.274706	0.04672	1.373883	0.9452299	0.1984107
13572	-419.7317	-430.1917	10.46001	0.0638809	0.858457	0.0319491	0.0457135	0.1283565	0.8715545	0.7505437	3.464067
13578	-424.2411	-435.488	11.24682	0.119785	0.755772	0.0228977	0.101545	0.1771677	0.9699169	1.374481	1.417649
13584	-411.3915	-423.656	12.26452	0.115032	0.311035	0.0304869	0.543446	0.05405326	0.07946653	1.477429	0.2125014
13590	-410.1373	-421.7685	11.63123	0.832323	0.039311	0.0132644	0.115102	0.4536672	0.6742724	1.627836	0.8870034
13596	-417.4038	-428.7032	11.29947	0.790598	0.0298258	0.0077986	0.171778	0.4865581	0.8981152	1.693252	0.8722703
13602	-421.2802	-431.5731	10.29291	0.165425	0.553946	0.0773858	0.203243	0.06820232	0.01336046	2.762961	0.09514457
13608	-415.9907	-426.5035	10.51276	0.163271	0.664024	0.0797739	0.0929312	0.06794022	0.01815859	2.787858	0.1604251
13614	-410.1765	-422.0019	11.82542	0.469256	0.419117	0.0532969	0.05833	0.04697442	0.02083544	1.532454	0.1059143
13620	-417.3848	-429.0994	11.71465	0.660941	0.284175	0.0152527	0.0396318	0.1415747	1.032036	0.7850804	1.433115
13626	-418.4893	-428.0942	9.604962	0.252565	0.407538	0.108486	0.231411	0.07836035	1.398097	0.6570956	3.562732
13632	-406.0536	-417.8341	11.78051	0.271983	0.394143	0.110391	0.223482	0.04475101	0.1446758	1.329843	0.08845036
13638	-404.8303	-416.0537	11.22344	0.311872	0.150472	0.042144	0.495512	0.04475101	0.2221325	1.752258	0.100285
13644	-411.0455	-422.3035	11.25799	0.536651	0.195847	0.0328958	0.234606	0.04475101	0.3039028	1.752258	0.518948
13650	-413.5871	-425.0406	11.45351	0.697144	0.152076	0.0332773	0.117502	0.06493772	0.05974654	1.752258	0.964246
13656	-415.4854	-425.8987	10.41338	0.779962	0.118212	0.0224733	0.0793534	0.08845199	1.004195	2.254818	0.5920861
13662	-420.2381	-431.3276	11.08956	0.274376	0.377008	0.0681251	0.28049	0.09746318	2.352843	0.2044317	0.2991844
13668	-420.8907	-432.6472	11.75646	0.511951	0.436654	0.00818496	0.0432092	0.2238449	2.046259	0.2148499	0.2570322
13674	-414.7536	-426.5041	11.75047	0.12513	0.264689	0.053347	0.556833	0.04909802	0.8362684	1.202431	0.2658541
13680	-411.7151	-423.9587	12.24362	0.130446	0.563426	0.00757387	0.298553	0.08396322	1.397662	0.5308217	0.2753404
13686	-417.1881	-429.3734	12.18529	0.0843458	0.776118	0.0127207	0.126815	0.08601771	1.328553	0.5516613	0.4748097
13692	-414.4028	-424.0816	9.678872	0.439073	0.4597	0.030522	0.0707047	0.04094828	1.718869	0.4148554	1.891075
13698	-417.0495	-426.8489	9.799458	0.484355	0.402582	0.101405	0.0116584	0.07691414	1.432075	0.6517075	3.131418
13704	-408.0495	-420.1564	12.10685	0.935354	0.0267523	0.0332254	0.00466869	0.4691371	1.653011	0.6049456	0.4911373
13710	-409.3719	-421.2126	11.84074	0.920806	0.018881	0.0566157	0.00369749	0.4124194	1.769636	0.592512	0.68912
13716	-411.8127	-422.2362	10.42345	0.933379	0.0160901	0.042574	0.00795697	0.4578014	1.562605	1.089208	2.012141
13722	-409.4452	-420.8883	11.44306	0.939116	0.0191113	0.0337672	0.00800588	0.3172646	2.316669	0.7240566	0.5532451
13728	-407.588	-419.4235	11.83545	0.916217	0.0186453	0.00951659	0.0556215	0.3346499	2.018296	0.401424	0.5054912
13734	-408.8101	-420.9283	12.1182	0.91293	0.00368709	0.00948246	0.0739	0.5386917	1.607223	0.5604483	0.4682397
13740	-413.4567	-423.1433	9.686522	0.74652	0.0758736	0.0136414	0.163965	0.03091165	1.165597	1.549051	0.9805044
13746	-415.177	-426.2615	11.08444	0.761166	0.0577432	0.013909	0.167182	0.05917012	1.530579	1.310905	0.3654092
13752	-410.7266	-421.3963	10.66966	0.692836	0.227158	0.0276693	0.0523359	0.04250367	1.180091	1.282985	0.7796067
13758	-409.9979	-421.6079	11.60998	0.721842	0.202021	0.027264	0.048873	0.05928792	1.237458	0.8680234	0.6189179
13764	-411.1036	-423.0369	11.9333	0.88094	0.00857073	0.0407351	0.0697545	0.6008884	0.7540293	1.345022	0.737928
13770	-411.315	-423.3942	12.0792	0.782673	0.035543	0.0461718	0.135613	0.5120058	0.3346978	1.536485	0.8478925
13776	-411.1586	-422.6281	11.46956	0.698247	0.0411345	0.0269056	0.233713	0.5412496	0.7352261	1.666924	0.8478925
13782	-412.2395	-423.3708	11.13131	0.672387	0.0766465	0.0259091	0.225057	0.4853113	0.730576	1.959059	0.8251856
13788	-409.9736	-421.7983	11.82467	0.720366	0.0669379	0.0161469	0.19655	0.4925499	0.7865691	1.587543	0.6131254
13794	-405.9977	-416.585	10.58733	0.863551	0.071694	0.0174486	0.0473062	0.02384357	1.196018	0.9807441	0.2551669
13800	-412.5694	-424.2205	11.65109	0.759138	0.0288684	0.0155812	0.196412	0.6032957	0.2154671	1.913937	0.7693714
13806	-414.459	-426.7133	12.25426	0.663808	0.0522759	0.039259	0.244657	0.5312391	0.6669376	1.154528	0.801235
13812	-411.7294	-422.6179	10.88847	0.614353	0.245558	0.00943159	0.130657	0.04305934	1.646362	0.9530297	0.4866321
13818	-412.9976	-423.9456	10.94794	0.524871	0.213771	0.0351909	0.226167	0.06429061	1.709669	0.4608309	1.057539
13824	-411.4428	-422.7858	11.34301	0.395535	0.463965	0.0544931	0.0860073	0.05451202	1.708724	0.612648	0.1290812
13830	-412.2515	-422.9921	10.74065	0.129751	0.596488	0.0534711	0.220289	0.05006674	1.83575	0.3187215	0.08012822
13836	-410.0534	-420.1935	10.1401	0.235018	0.393191	0.0968521	0.274938	0.02241234	1.801235	0.607604	0.2314239
13842	-409.3292	-420.326	10.99679	0.0930589	0.511244	0.0382112	0.357486	0.03510592	1.613673	0.7042225	0.2647971
13848	-412.905	-424.3686	11.46355	0.434081	0.162184	0.0132406	0.390495	0.03791369	1.134829	0.7042225	0.1412332
13854	-408.6841	-420.7251	12.04099	0.108353	0.526474	0.0462364	0.318937	0.06160869	1.193442	0.5745888	0.1412332
13860	-413.1491	-424.6685	11.51943	0.0181461	0.603303	0.0395448	0.339006	0.05062073	1.611709	0.6038118	0.2391186
13866	-410.0949	-421.7279	11.63294	0.00470942	0.814202	0.0132797	0.167809	0.07308428	1.747153	0.2756853	0.2336604
13872	-409.1138	-420.1406	11.02684	0.240693	0.234298	0.0385001	0.486508	0.04429691	1.904869	0.4017187	0.1838673
13878	-408.8714	-419.5911	10.71972	0.467617	0.236793	0.00627456	0.289316	0.04918485	2.080607	0.280968	0.12462
13884	-410.2567	-421.74	11.48334	0.110672	0.283343	0.0306312	0.575353	0.04676899	1.54971	0.4198758	0.2141317
13890	-419.0212	-426.4498	7.428634	0.780472	0.148582	0.0087297	0.0622157	0.2589642	2.754237	0.05201954	3.537872
13896	-421.1749	-429.6043	8.429371	0.795442	0.171653	0.00702892	0.0258758	0.2589642	2.529869	0.141984	3.62684
13902	-407.7491	-418.209	10.45988	0.37465	0.549235	0.0286495	0.0474646	0.03703167	1.805649	0.4634189	0.799246
13908	-415.1435	-426.7848	11.64129	0.563659	0.352688	0.0243831	0.0592698	0.1048047	2.006361	0.292203	0.3436929
13914	-414.8236	-426.4954	11.67181	0.686738	0.275664	0.0134189	0.0241796	0.3923745	2.028768	0.4363007	0.6259412
13920	-417.7499	-429.3562	11.60628	0.217506	0.47617	0.0603558	0.245968	0.04925899	1.381864	0.7339338	0.3604554
13926	-422.8294	-434.0756	11.24616	0.253907	0.339824	0.102526	0.303743	0.1097556	1.152571	1.822431	0.1559641
13932	-410.1769	-420.162	9.985117	0.971797	0.0100229	0.0144905	0.00368956	0.2896731	2.017186	0.4500854	2.741922
13938	-405.7151	-417.6703	11.95523	0.971797	0.0100229	0.0144905	0.00368956	0.3096902	1.647876	0.6059829	0.7607115
13944	-422.0173	-434.1739	12.15657	0.111623	0.656685	0.0596244	0.172067	0.4103983	1.161035	0.4829375	0.9870958
13950	-406.0476	-417.2539	11.20629	0.923014	0.00398273	0.021187	0.051816	0.3666082	1.207186	0.9355363	1.761949
13956	-409.3775	-420.8504	11.47289	0.850013	0.00816852	0.010214	0.131604	0.2949043	2.107865	1.013419	0.5009124
13962	-404.9414	-416.9667	12.02527	0.934598	0.00835678	0.0104494	0.0465957	0.2793884	1.938069	0.5064743	0.4416081
13968	-413.3015	-424.2582	10.95672	0.940058	0.0084056	0.0105104	0.0410261	0.2793884	2.100265	0.3952187	1.319955
13974	-414.8692	-425.0523	10.18305	0.148472	0.705622	0.0719394	0.0739661	0.1195744	1.12377	0.6227912	3.569494
13980	-410.2128	-420.2879	10.07511	0.839729	0.111842	0.0205524	0.0278763	0.3773252	1.39124	0.5624525	3.569494
13986	-409.4364	-421.6736	12.23723	0.836002	0.135025	0.0151156	0.0138571	0.3428953	1.799651	0.5760194	0.249742
13992	-406.3882	-418.5274	12.13921	0.915592	0.0599018	0.00540413	0.0191019	0.4329861	1.799651	0.5657231	0.3329893
13998	-407.4238	-419.6333	12.20943	0.87153	0.0808548	0.00729444	0.0403204	0.378973	1.799651	0.4746559	0.2991962
14004	-405.8462	-418.5111	12.66487	0.954077	0.0287963	0.00276631	0.01436	0.2358255	1.376825	0.5030181	0.1811979
14010	-405.5088	-417.8501	12.34134	0.810636	0.0650801	0.00689716	0.117386	0.374017	1.289104	0.5518632	0.7096176
14016	-403.9457	-415.5361	11.5904	0.869952	0.0332505	0.00476305	0.0920343	0.2890583	1.274225	0.7292171	1.470417
14022	-406.6331	-417.2809	10.64786	0.817864	0.0741467	0.00447787	0.103511	0.342379	2.286225	0.198139	1.103137
14028	-405.8452	-417.1397	11.29447	0.859474	0.0670103	0.00310516	0.0704107	0.342379	2.43521	0.2237127	0.3859409
14034	-409.748	-419.152	9.403944	0.851601	0.0501093	0.00849276	0.0897973	0.2157537	2.015299	0.2054816	3.218849
14040	-416.332	-428.6129	12.2809	0.253643	0.454192	0.0288607	0.263304	0.1661756	1.641956	0.4123794	0.4020182
14046	-413.3306	-425.8951	12.56454	0.677589	0.0902331	0.0128656	0.219312	0.3449678	0.8979798	0.8199754	0.08373987
14052	-413.0474	-425.2229	12.17548	0.835896	0.0887496	0.0126541	0.0627005	0.06448734	0.8538243	0.9487035	0.1398556
14058	-416.8937	-429.1554	12.26169	0.309499	0.167622	0.0219846	0.500895	0.07360842	1.043497	0.811207	0.1521833
14064	-415.1397	-427.1735	12.03386	0.329567	0.178223	0.0499439	0.442267	0.07360842	1.378893	0.619207	0.1495972
14070	-408.9248	-420.1651	11.24028	0.43568	0.3432	0.0525829	0.168537	0.04621256	1.783153	0.4448412	0.2093727
14076	-415.8859	-426.9799	11.09401	0.188011	0.581796	0.0925933	0.137599	0.05878193	1.493477	0.4448412	1.032571
14082	-418.5102	-429.8622	11.352	0.57911	0.293977	0.0198598	0.107053	0.4705186	2.129709	0.2889816	0.6553436
14088	-414.6496	-427.0658	12.4162	0.78818	0.146303	0.0047677	0.060749	0.527619	1.179035	0.6802281	0.5633232
14094	-415.4196	-428.0618	12.64224	0.72092	0.133818	0.00335487	0.141907	0.2005242	1.281518	0.6788583	0.4116578
14100	-417.2842	-428.0656	10.78138	0.690984	0.111097	0.00321556	0.194703	0.2121122	1.287679	0.9774428	2.220061
14106	-416.7661	-427.4608	10.69464	0.166365	0.561507	0.00453491	0.267593	0.1235933	1.46423	0.613279	2.220061
14112	-414.325	-425.3421	11.01701	0.24908	0.498098	0.0154464	0.237375	0.08131167	1.64734	0.4690789	1.274374
14118	-412.1805	-424.1058	11.9253	0.0183452	0.651149	0.0201926	0.310313	0.08706585	1.64734	0.3713751	0.3799797
14124	-411.0213	-421.7635	10.74227	0.0688767	0.39265	0.0393647	0.499109	0.03055408	1.682827	0.4322824	0.1826773
14130	-409.4876	-421.4088	11.92125	0.2099	0.428501	0.0386344	0.322964	0.05722594	1.34686	0.5978619	0.2753647
14136	-411.1703	-422.7512	11.58086	0.207975	0.563658	0.0679989	0.160368	0.05722594	1.256372	0.6668558	0.7241567
14142	-415.4126	-427.8275	12.41487	0.137097	0.521104	0.0770364	0.264763	0.08233207	0.8631808	0.959452	0.4084391
14148	-415.5133	-428.1102	12.59689	0.00551476	0.911958	0.0303326	0.0521945	0.1284219	1.076371	0.5259756	0.5714026
14154	-416.2662	-429.1278	12.86156	0.00698499	0.720519	0.100155	0.172341	0.1803009	1.076371	0.7463216	0.3017442
14160	-426.0784	-437.4907	11.41232	0.0442738	0.789811	0.161041	0.0048737	0.1156721	1.164579	1.591106	0.5887904
14166	-421.6936	-433.381	11.6874	0.0465084	0.738859	0.0520406	0.162592	0.08824752	1.164579	1.439575	0.2996583
14172	-413.0397	-423.9681	10.92845	0.314442	0.529826	0.134662	0.0210698	0.05425088	1.029702	1.587495	0.5790981
14178	-415.1883	-426.9497	11.76141	0.235926	0.586512	0.14907	0.0284925	0.0564012	0.941833	1.187156	0.3773073
14184	-411.4491	-423.0825	11.63338	0.743898	0.0263548	0.00281575	0.226932	0.2363412	1.545032	0.4508941	1.213542
14190	-412.9702	-425.1589	12.18873	0.723734	0.0256405	0.00790564	0.24272	0.3124545	1.618521	0.7235261	0.5093825
14196	-410.3102	-421.2042	10.89402	0.788689	0.0291816	0.00738751	0.174742	0.1995979	1.618521	0.504962	1.990599
14202	-415.7172	-424.1081	8.390904	0.787921	0.0291532	0.00835431	0.174572	0.1995979	1.801263	0.4135507	6.562416
14208	-415.2139	-426.2837	11.06982	0.729363	0.195367	0.00943284	0.0658378	0.4678318	1.266479	0.7868063	1.906448
14214	-411.4984	-423.446	11.94755	0.315542	0.52921	0.0513211	0.103926	0.0592478	1.294995	0.6309524	0.3687799
14220	-427.4147	-438.8977	11.48305	0.127898	0.566504	0.106918	0.19868	0.148564	1.972712	0.2786928	0.7043381
14226	-419.8099	-430.6298	10.81993	0.0868874	0.628675	0.0725576	0.21188	0.07516298	1.972712	0.2200226	0.8143924
14232	-425.1504	-431.5207	6.370354	0.250127	0.601061	0.019528	0.129284	0.03519265	2.180494	0.177957	6.254725
14238	-430.848	-438.203	7.354946	0.530164	0.257907	0.0289828	0.182947	0.4821972	2.02604	0.1781562	7.450595
14244	-415.9711	-424.4755	8.504322	0.835566	0.0397695	0.0432537	0.0814104	0.4841129	1.491991	0.4896029	6.777653
14250	-426.6995	-438.6156	11.91603	0.210125	0.491605	0.274982	0.0232878	0.37859	1.564557	0.3849707	0.8235893
14256	-425.1215	-436.7215	11.60001	0.135148	0.68232	0.177119	0.00541253	1.06415	1.344449	0.3849707	0.6746909
14262	-420.2231	-431.3312	11.1082	0.694749	0.285902	0.0142649	0.00508421	1.913964	1.387232	0.3395243	0.3333146
14268	-411.9223	-423.4128	11.4905	0.783929	0.18708	0.0232536	0.00573683	0.7111199	0.9205896	0.9412887	1.357842
14274	-407.1295	-419.1365	12.00701	0.892489	0.0966356	0.000746255	0.0101289	0.3472551	1.86465	0.3348135	0.4278106
14280	-417.6707	-425.8663	8.195528	0.584705	0.184627	0.00163374	0.229034	0.1179177	1.110484	1.042368	7.630067
14286	-416.1295	-427.569	11.4395	0.463877	0.331072	0.00180078	0.20325	0.1497795	1.491074	0.5841804	1.370771
14292	-408.1698	-420.6123	12.44253	0.775573	0.111976	0.000446936	0.112004	0.3705081	1.558592	0.5013142	0.1917157
14298	-414.8511	-426.0636	11.21252	0.564945	0.295627	0.000554157	0.138874	0.06690709	1.815809	0.4269158	0.725676
14304	-416.3968	-427.9214	11.52455	0.868391	0.0784826	0.00247676	0.0506492	0.2770244	1.45298	0.707167	1.361985
14310	-416.1195	-427.7451	11.62569	0.769392	0.0709806	0.00259731	0.15703	0.2986528	1.475997	1.375509	0.558753
14316	-419.7115	-430.283	10.57146	0.757315	0.0440443	0.000832641	0.197808	0.4214822	1.749183	0.8807086	1.885139
14322	-425.5299	-434.5427	9.012757	0.0486662	0.731394	0.155127	0.0648134	0.1259841	1.860627	0.2018127	3.905173
14328	-421.0728	-432.9887	11.91589	0.160303	0.732691	0.04144	0.0655663	0.2163317	1.728428	0.2355059	0.5344285
14334	-419.5546	-430.9498	11.39519	0.405675	0.437081	0.0838414	0.0734025	0.1355904	2.230889	0.2206957	0.3760212
14340	-407.2332	-418.4476	11.2143	0.96547	0.0175003	0.00262734	0.0144021	0.2028359	1.616776	0.3571045	1.533126
14346	-415.1519	-426.2502	11.09833	0.890337	0.0492685	0.0198485	0.0405462	0.3184685	0.8549165	0.8253963	2.573774
14352	-413.8217	-423.5175	9.695741	0.935064	0.0411424	0.000558812	0.0232347	0.5355202	1.334709	0.5086313	4.145585
14358	-410.9331	-423.4675	12.5344	0.805867	0.0354578	0.00300464	0.155671	0.2639187	1.330788	0.7175001	0.4707737
14364	-414.0509	-424.4925	10.44164	0.807133	0.0186776	0.020616	0.153574	0.4477285	1.394927	0.6659025	2.7619
14370	-419.3419	-429.903	10.56113	0.763161	0.0913039	0.0179702	0.127565	0.06400974	1.284092	1.193685	1.370534
14376	-409.4863	-421.2548	11.76846	0.751195	0.231502	0.00734695	0.00995625	0.05054874	1.311801	0.6341247	0.3484894
14382	-410.6078	-421.9681	11.3603	0.799169	0.117718	0.0514626	0.0316505	0.5088131	0.4510778	1.200444	2.011547
14388	-411.6316	-422.1092	10.47759	0.85365	0.0573049	0.0552365	0.0338082	0.4624913	1.264718	0.6052798	2.933747
14394	-410.779	-422.7581	11.97907	0.898621	0.0337671	0.0581464	0.00946506	0.3108971	1.452627	0.3406659	0.8809851
14400	-413.8757	-424.7015	10.82585	0.910964	0.0240098	0.0413445	0.0236813	0.8008097	1.999033	0.2891183	0.9556383
14406	-413.501	-424.277	10.77597	0.87746	0.0330447	0.0569025	0.0325927	0.4808699	2.304849	0.2447924	0.9556383
14412	-418.1223	-429.879	11.75672	0.850193	0.0320178	0.0862098	0.0315798	0.3422239	1.78633	0.21061	0.5473198
14418	-417.7761	-429.011	11.23486	0.857184	0.0400215	0.0703027	0.0324916	0.6048123	1.186298	0.4134312	1.752536
14424	-411.4928	-423.1095	11.61668	0.875337	0.0221383	0.0355959	0.0669288	0.7860383	1.186298	0.6048133	1.10089
14430	-416.9174	-427.753	10.83564	0.51566	0.255295	0.0501067	0.178938	0.08929806	1.203045	0.6687771	2.068462
14436	-413.5622	-424.8607	11.29853	0.609357	0.219335	0.0634692	0.107839	0.04516181	1.240038	0.5984127	0.7743485
14442	-408.098	-420.1548	12.05679	0.798469	0.0522173	0.0281313	0.121183	0.2702114	1.654526	0.6399088	0.6588569
14448	-411.6673	-422.5725	10.90511	0.889086	0.0278932	0.0199899	0.0630314	0.3654179	2.140295	1.01844	0.9708181
14454	-407.5961	-419.8033	12.20714	0.897286	0.0346798	0.0201743	0.0478597	0.3598159	1.696584	0.3220662	0.3620361
14460	-415.2617	-427.3137	12.05206	0.890465	0.0817466	0.0200209	0.00776708	0.2580878	1.943965	0.3747067	0.3620361
14466	-412.4865	-423.6842	11.19764	0.894707	0.082136	0.0201163	0.00304044	0.2858677	1.75418	0.3415337	1.391717
14472	-412.6636	-424.3531	11.68948	0.861794	0.103935	0.0173897	0.0168811	0.2794092	1.991912	0.2809316	0.5853346
14478	-411.6742	-424.0525	12.37825	0.807164	0.145019	0.0242635	0.0235539	0.4601821	1.340439	0.5532739	0.5541544
14484	-408.9671	-420.4179	11.4508	0.900361	0.0405443	0.019813	0.039282	0.2844878	1.791556	0.4723534	1.145641
14490	-413.2024	-424.3558	11.15341	0.921635	0.0270948	0.0110602	0.0402102	0.4102611	1.707546	0.4029679	1.451339
14496	-408.8687	-420.6777	11.80897	0.954079	0.0280486	0.0114495	0.00642314	0.3620044	2.146374	0.5409091	0.3972385
14502	-416.0842	-424.8614	8.777188	0.903594	0.0700851	0.0168614	0.00945919	0.8423986	1.661221	0.5653719	4.703084
14508	-411.0362	-422.624	11.58782	0.84611	0.121581	0.0234517	0.00885742	0.3250338	1.585005	0.6086602	1.179325
14514	-412.9875	-422.2455	9.25794	0.830327	0.138336	0.0177569	0.0135799	0.3406918	1.585005	0.4691715	4.921913
14520	-417.1231	-426.6528	9.529666	0.757171	0.0984832	0.0199989	0.124347	0.222847	2.919426	0.07355611	0.8760592
14526	-410.4566	-422.1302	11.67355	0.841997	0.0755576	0.0153434	0.0671024	0.3590222	2.165953	0.2790614	0.1700493
14532	-404.8719	-416.4878	11.61586	0.86276	0.0527608	0.0157218	0.0687571	0.2354144	2.159854	0.2164636	0.1845219
14538	-410.9769	-421.3803	10.40341	0.868225	0.0718787	0.0337793	0.0261175	0.4833343	2.017086	0.3798164	1.888872
14544	-417.4395	-426.8018	9.362318	0.927012	0.0576644	0.012572	0.00275195	0.8347007	0.6845952	0.9989332	4.931838
14550	-406.7352	-418.4096	11.67446	0.814089	0.0544282	0.0116512	0.119832	0.3045538	1.430827	0.5672979	1.275988
14556	-407.6367	-420.2004	12.56376	0.862948	0.0869244	0.0248261	0.0253018	0.3731695	1.341699	0.7852804	0.2372818
14562	-410.7439	-422.225	11.48112	0.935403	0.0331055	0.0218551	0.00963628	0.4865232	1.000598	1.232705	1.19502
14568	-419.277	-430.1256	10.84857	0.827182	0.0460063	0.0391242	0.0876879	0.7029716	1.391658	1.450902	0.9333521
14574	-415.9473	-426.2798	10.33247	0.811262	0.0660586	0.0376982	0.0849813	0.507308	1.2384	1.055428	2.589115
14580	-416.1133	-427.9818	11.86847	0.208566	0.344382	0.0427017	0.404351	0.07460443	1.329588	0.7675167	0.5700743
14586	-412.4226	-425.0571	12.63448	0.102486	0.62788	0.119278	0.150356	0.1051668	0.2084516	1.508551	0.366007
14592	-428.5861	-435.9404	7.354286	0.481479	0.181935	0.245925	0.0906612	0.6566734	0.9396199	1.113233	10.43869
14598	-422.9853	-429.8529	6.867577	0.205202	0.679036	0.0826313	0.0331304	0.6833816	0.4399037	1.844868	10.43869
14604	-417.8205	-427.5905	9.770014	0.619173	0.231016	0.0513902	0.0984208	0.1493494	0.6554715	1.506093	3.757646
14610	-416.7447	-428.3371	11.59239	0.727668	0.129477	0.0748493	0.0680059	0.3158998	1.196879	0.5621169	1.632208
14616	-424.9913	-436.4267	11.43539	0.45139	0.348038	0.0988236	0.101749	1.456148	1.527342	0.4883995	0.2716102
14622	-413.6364	-425.1221	11.48567	0.0450697	0.512958	0.0717709	0.370201	0.0380177	1.166738	0.7273902	0.1695049
14628	-416.3363	-427.2083	10.87207	0.0584863	0.45353	0.150227	0.337757	0.03160992	1.468597	0.7273902	0.4288594
14634	-414.5587	-425.8769	11.31815	0.0175255	0.572755	0.0609535	0.348766	0.03673555	1.327337	0.4886795	0.1504782
14640	-411.1625	-423.3152	12.15276	0.191104	0.592118	0.0613481	0.15543	0.06264479	0.6171616	1.225196	0.1685408
14646	-406.4346	-417.7187	11.28413	0.170996	0.308963	0.0358485	0.484192	0.0424098	0.9734668	1.225196	0.1406672
14652	-416.7911	-427.2946	10.50342	0.255429	0.349812	0.0265252	0.368234	0.02382915	1.322324	0.9178537	0.3106581
14658	-411.1841	-421.321	10.13694	0.495405	0.208971	0.0455421	0.250082	0.02382915	1.146245	1.067526	0.7292138
14664	-404.6901	-415.9377	11.24757	0.847822	0.038541	0.00251238	0.111125	0.32979	1.170173	1.08595	1.601725
14670	-412.5923	-421.7399	9.147596	0.864348	0.0382698	0.00178304	0.0955993	0.5858461	1.170173	0.9980545	4.914224
14676	-406.6208	-418.4016	11.78082	0.769385	0.0983955	0.0006162	0.131603	0.2761111	1.637088	0.6529102	0.9326644
14682	-405.2681	-416.9804	11.71229	0.819454	0.0308255	0.0029172	0.146803	0.4123377	1.634834	0.6187771	0.9326644
14688	-407.888	-419.0519	11.16391	0.852922	0.0251113	0.00237643	0.11959	0.2484709	1.234036	1.013251	1.751042
14694	-406.5562	-418.7023	12.14605	0.838437	0.0300986	0.0102716	0.121193	0.3678731	1.315416	1.172942	0.3966377
14700	-407.4511	-419.4535	12.00247	0.739557	0.0490662	0.0138098	0.197567	0.3691759	0.7533005	1.421562	0.08005191
14706	-410.2767	-422.3661	12.08938	0.701246	0.0738365	0.0252462	0.199671	0.4593463	0.3677236	1.586873	0.08005191
14712	-416.3873	-428.5943	12.20698	0.853241	0.0135216	0.0686638	0.0645732	0.4321112	0.1204263	1.430322	1.152277
14718	-414.4331	-426.5437	12.11057	0.840727	0.0468171	0.088444	0.0240117	0.6255664	0.2233394	1.430322	0.9482441
14724	-420.2286	-432.4279	12.1993	0.791471	0.0331714	0.137915	0.0374427	0.642429	0.1111034	1.592589	0.7445067
14730	-408.3729	-420.0306	11.65764	0.884216	0.0184181	0.0765761	0.0207897	0.5223828	0.7778007	1.592589	0.7445067
14736	-409.7607	-420.9048	11.14406	0.879821	0.0414125	0.061948	0.0168183	0.5237757	0.8314632	1.290016	1.647354
14742	-409.9929	-421.6236	11.63073	0.885881	0.0243545	0.00907721	0.0806869	0.3090639	1.45993	1.195413	0.7733233
14748	-415.3968	-426.4533	11.05647	0.883817	0.0706385	0.00897375	0.0365705	0.3085086	1.603354	1.067293	1.359025
14754	-411.8808	-423.4897	11.60889	0.789402	0.0630924	0.00801511	0.139491	0.3222592	1.71475	1.009239	0.7384286
14760	-411.6003	-421.3156	9.715306	0.869651	0.0131016	0.00582303	0.111424	0.2686811	1.596221	0.61893	3.944385
14766	-411.5699	-421.6973	10.12736	0.821796	0.0122124	0.00244617	0.163545	0.2624721	1.104593	1.081055	3.403849
14772	-414.5184	-426.4802	11.96178	0.821963	0.0620402	0.061006	0.0549907	0.6730179	1.386694	0.935937	0.4661398
14778	-417.6865	-429.2326	11.54615	0.728456	0.0778596	0.0890562	0.104628	0.5246903	1.473903	0.9047967	0.9599409
14784	-409.1483	-420.6664	11.51808	0.921854	0.0499571	0.00782979	0.0203591	0.3235706	1.192877	0.9305505	1.446176
14790	-413.1628	-422.5127	9.349966	0.359121	0.489907	0.0462188	0.104753	0.03301061	1.951828	0.2607073	1.452417
14796	-416.6713	-426.8402	10.16886	0.211612	0.398226	0.0759968	0.314165	0.1213954	1.987832	0.2076747	1.845985
14802	-412.6226	-425.2445	12.62192	0.775399	0.136661	0.0630692	0.0248716	0.5222582	0.2983953	1.47064	0.1464202
14808	-420.0544	-431.1729	11.11852	0.766338	0.135064	0.0666891	0.031909	0.4717187	0.5342724	1.287622	2.134846
14814	-413.8621	-425.3832	11.5211	0.532256	0.423868	0.0168157	0.0270598	0.1533316	1.680586	0.3983446	1.078532
14820	-418.2869	-429.3149	11.02799	0.114075	0.696267	0.0658169	0.123841	0.1360082	1.660725	0.3774272	1.576576
14826	-413.1224	-425.6816	12.55922	0.171502	0.660524	0.0902645	0.0777087	0.09197059	0.9556481	0.7955233	0.3952052
14832	-413.2388	-424.238	10.99921	0.41665	0.371999	0.0682877	0.143063	0.06496563	0.965848	0.8073436	1.693842
14838	-422.9602	-433.2574	10.2972	0.233105	0.652538	0.0392473	0.0751105	0.1836649	1.055376	1.671709	2.000093
14844	-420.3608	-429.5217	9.160853	0.000543659	0.802472	0.13151	0.0654737	0.1464086	1.822032	0.4090204	4.415686
14850	-417.5491	-428.3891	10.84006	0.385329	0.511715	0.0462817	0.0566742	0.05942107	1.254646	0.4960774	1.591729
14856	-419.4261	-431.4615	12.03544	0.674753	0.258764	0.00758758	0.0588957	0.2209879	1.613009	0.2599051	0.5806776
14862	-419.763	-430.0611	10.29813	0.850879	0.0268664	0.0923543	0.0299006	1.611704	0.8217827	0.7854694	2.047965
14868	-412.1179	-423.3841	11.26621	0.850879	0.0268664	0.0923543	0.0299006	0.5110601	1.139158	0.817869	1.735039
14874	-419.5496	-431.3744	11.82476	0.762724	0.127688	0.0827859	0.0268028	0.9144083	1.368164	0.8745248	0.4206234
14880	-416.6106	-429.4222	12.81166	0.860131	0.0502214	0.0288801	0.0607678	0.435684	1.117479	0.6627801	0.251485
14886	-412.1341	-424.4903	12.35624	0.854538	0.0522295	0.0300348	0.0631975	0.363752	1.037683	0.9046634	0.7407243
14892	-408.4911	-420.377	11.88591	0.881968	0.0705585	0.0360726	0.0114013	0.388989	1.070602	1.291638	0.7407243
14898	-406.063	-418.0008	11.93781	0.889936	0.052414	0.0267963	0.0308531	0.4751284	0.6719359	1.291638	1.001597
14904	-411.3406	-421.7072	10.36657	0.836947	0.0440427	0.0825495	0.0364607	0.4920209	0.4112115	2.076383	1.811747
14910	-409.4994	-420.0745	10.57518	0.911733	0.0479781	0.0115584	0.0287303	0.562739	0.1307878	2.076383	1.811747
14916	-412.8341	-425.9249	13.09078	0.807709	0.0862239	0.0362839	0.0697835	0.3644786	0.09020773	1.186854	0.6647063
14922	-412.2058	-425.2873	13.08147	0.819975	0.0875334	0.019573	0.0729181	0.4622243	0.2226861	0.9949317	0.6647063
14928	-409.7848	-420.3413	10.55647	0.911342	0.0331807	0.0126555	0.0428214	0.6020198	0.8776534	1.752036	1.461821
14934	-406.6196	-418.54	11.92041	0.89375	0.0325401	0.0124112	0.0612992	0.4237372	0.5587334	1.430858	1.004125
14940	-408.1458	-420.5019	12.35613	0.962573	0.0177592	0.0107455	0.008922	0.342836	1.019541	1.3214	0.263745
14946	-406.6037	-418.5529	11.94915	0.871281	0.00620339	0.0120795	0.110436	0.342836	0.9683477	0.9401552	1.196423
14952	-408.495	-421.083	12.58793	0.879015	0.00612789	0.0034412	0.111416	0.342836	0.5359451	1.029444	0.898146
14958	-406.6713	-418.603	11.93167	0.949989	0.00662267	0.0211138	0.022275	0.411385	0.7773661	1.343546	0.898146
14964	-410.3104	-422.7517	12.44132	0.905275	0.00518987	0.0165458	0.072989	0.3495867	0.7551694	0.9515274	0.898146
14970	-408.236	-420.3209	12.08489	0.881564	0.00887009	0.000809004	0.108757	0.4925727	0.3662402	1.580621	0.7734957
14976	-407.8832	-419.769	11.8858	0.846298	0.00808315	0.000405831	0.145213	0.4959034	0.5330626	1.601746	0.7734957
14982	-410.6851	-422.5222	11.83708	0.883553	0.0545746	0.0508415	0.0110314	0.5060693	1.938298	0.5826512	0.444487
14988	-414.9147	-426.1328	11.21816	0.853244	0.0539215	0.0287821	0.0640528	0.543207	2.496021	0.2765736	0.2918039
14994	-409.1528	-420.6421	11.48921	0.915007	0.0283385	0.00569757	0.0509569	0.2463132	1.486891	0.5707637	1.433013
15000	-410.316	-421.9254	11.60945	0.71192	0.0545672	0.015941	0.217572	0.4188925	1.61808	0.6365894	1.038875
15006	-410.8799	-421.9527	11.07279	0.881058	0.0219618	0.00662046	0.0903597	0.3840014	1.669075	1.218919	1.038875
15012	-408.6759	-420.484	11.80805	0.916928	0.0315933	0.0415181	0.00996112	0.4270526	1.530374	0.6231478	0.9267682
15018	-407.2094	-419.5162	12.30675	0.905286	0.0311922	0.040991	0.0225304	0.4999386	1.037727	1.014807	0.5724678
15024	-404.0586	-416.5751	12.51648	0.952546	0.0247117	0.00757761	0.0151648	0.3564882	1.044577	0.9975936	0.5016335
15030	-407.9269	-419.9534	12.02656	0.917601	0.0198328	0.0306519	0.0319143	0.3881535	1.48142	1.025587	0.5022791
15036	-414.0932	-425.4931	11.39991	0.906608	0.0178611	0.0378362	0.0376952	0.34227	1.405487	0.9627762	1.294204
15042	-411.8661	-423.3003	11.43424	0.815125	0.0671913	0.0593842	0.0582991	0.5026611	1.287707	0.7266664	1.444805
15048	-410.2171	-420.5102	10.29313	0.875985	0.0592994	0.046259	0.0184571	0.3724156	1.30352	0.7266664	3.212014
15054	-409.1694	-420.4946	11.32522	0.762742	0.0185771	0.000427871	0.218253	0.1561075	1.533246	0.4369235	1.473982
15060	-416.1336	-426.6788	10.5452	0.840428	0.100532	0.0244513	0.034589	0.6707348	1.346504	0.4752428	2.39633
15066	-412.3824	-423.9218	11.53943	0.720795	0.0886846	0.0438461	0.146674	0.3634557	1.182335	0.8679206	1.467556
15072	-408.2947	-418.5545	10.25978	0.805036	0.00966452	0.00409138	0.181208	0.256931	2.252548	0.3023371	1.875139
15078	-406.9664	-418.757	11.79068	0.757445	0.0712826	0.000777316	0.170495	0.4479502	1.649772	0.5929296	0.8197934
15084	-411.0225	-422.9539	11.93143	0.765812	0.0503819	0.00202405	0.181782	0.2033998	1.649772	0.4846806	0.0791645
15090	-410.3669	-422.0514	11.68451	0.774896	0.0160509	0.00268062	0.206373	0.3169041	2.074587	0.3026399	0.5252571
15096	-405.7556	-417.314	11.5584	0.823941	0.0204661	0.00311515	0.152478	0.2586301	1.699293	0.8214887	0.987673
15102	-410.9801	-422.4321	11.45202	0.875707	0.0456957	0.00586534	0.0727321	0.6453682	1.826801	0.4178897	0.7824414
15108	-412.726	-423.8709	11.14486	0.754962	0.0389479	0.004339	0.201752	0.3095722	1.742034	0.4501484	1.522379
15114	-412.7825	-422.318	9.535556	0.868665	0.00769233	0.00329597	0.120346	0.2751191	2.667101	1.154794	1.801341
15120	-406.2239	-418.1538	11.92996	0.810282	0.0111119	0.00476117	0.173845	0.2760887	1.220465	0.7405147	1.153548
15126	-405.3879	-416.8192	11.43139	0.900824	0.00935198	0.00239447	0.0874297	0.2760887	1.71001	0.6923926	1.193597
15132	-411.949	-422.968	11.01898	0.896257	0.0224148	0.00100575	0.0803221	0.4326403	1.635559	0.7591539	1.576529
15138	-412.1074	-422.6566	10.5492	0.900283	0.0216607	0.000201427	0.0778547	0.2876583	2.30777	0.4176347	1.556471
15144	-415.0996	-424.8233	9.723719	0.842351	0.0936598	0.000507333	0.0634822	0.2752959	1.890111	0.4176347	3.388697
15150	-412.4825	-423.2738	10.79132	0.787155	0.107996	0.000109649	0.104739	0.4033595	1.890111	0.4229325	1.680388
15156	-407.958	-419.38	11.42205	0.801773	0.0223163	0.000280515	0.17563	0.2563311	1.862921	0.4525679	1.103697
15162	-407.2334	-417.7845	10.55108	0.857289	0.0183568	0.000659609	0.123694	0.2186005	1.906297	0.2526208	1.833832
15168	-407.7049	-418.0975	10.39257	0.886596	0.0175091	0.0014345	0.0944605	0.22999	1.861225	0.3223214	2.253589
15174	-411.8415	-422.2863	10.44482	0.780649	0.0230538	0.00423306	0.192065	0.2722274	2.457601	0.1545354	1.004158
15180	-414.3009	-426.188	11.88712	0.301945	0.528574	0.139902	0.0295788	0.1208692	0.2662571	2.061133	0.332762
15186	-414.173	-426.8239	12.65089	0.187591	0.658117	0.065445	0.0888464	0.08998351	0.0714959	1.251649	0.7111453
15192	-413.4376	-426.3639	12.92635	0.22899	0.631948	0.0537482	0.0853135	0.08810546	0.06568446	1.251649	0.431798
15198	-413.3907	-425.2033	11.81262	0.509566	0.364037	0.0523699	0.074027	0.1238197	0.2501818	1.519946	1.226475
15204	-408.3717	-419.7796	11.40795	0.761657	0.182174	0.0319899	0.0241791	0.07500707	0.1409977	1.640971	1.226475
15210	-411.6741	-423.295	11.62091	0.837563	0.103101	0.0505853	0.00875022	0.5920677	0.8579184	1.348138	0.9438138
15216	-410.0897	-422.2094	12.11975	0.873219	0.045362	0.0555457	0.025873	0.3814705	0.8363953	1.116577	0.9438138
15222	-410.7497	-422.2972	11.54747	0.916106	0.0475899	0.00916001	0.0271437	0.3259844	1.125734	1.116577	1.275518
15228	-404.4359	-415.5974	11.16159	0.958149	0.00388167	0.00958039	0.0283894	0.2668228	1.749639	0.4401032	1.507874
15234	-408.248	-418.3593	10.11132	0.975654	0.00548064	0.00975542	0.00911038	0.3368129	2.18902	0.1559248	1.640534
15240	-404.4901	-416.5273	12.03721	0.959941	0.00683018	0.0242656	0.00896366	0.3600414	1.846852	0.3032335	0.3577536
15246	-409.9752	-421.8956	11.92038	0.959659	0.0151655	0.016955	0.00822007	0.3149994	1.846852	0.3086195	0.525716
15252	-408.373	-420.523	12.15006	0.911307	0.0414454	0.0161007	0.0311468	0.3149994	1.508918	0.8793503	0.5393114
15258	-409.8516	-422.1702	12.31855	0.911307	0.0414454	0.0161007	0.0311468	0.2641557	1.32495	1.023276	0.433602
15264	-413.3333	-424.2473	10.91404	0.945354	0.00611334	0.0118867	0.0366458	0.2641557	1.52367	0.8761641	1.862619
15270	-408.9884	-421.6169	12.62857	0.811216	0.0354699	0.0109565	0.142358	0.5043268	0.2800473	1.222948	0.7636345
15276	-415.3928	-427.3539	11.96112	0.810257	0.035428	0.0461951	0.108119	0.4891143	1.485222	0.5165336	0.7905674
15282	-417.3138	-425.7786	8.464769	0.668064	0.215599	0.0842638	0.032073	0.3388465	2.265696	0.1021275	3.528524
15288	-416.242	-426.1645	9.922482	0.753692	0.162191	0.06339	0.0207269	0.6313937	2.265696	0.1709944	1.519846
15294	-416.2259	-426.5237	10.29784	0.806146	0.0876833	0.0306586	0.0755117	0.3059099	2.392866	0.1660535	1.262854
15300	-421.8002	-433.374	11.57377	0.661646	0.190023	0.135815	0.012515	1.221678	1.322669	0.8173629	0.4659187
15306	-416.6655	-427.0565	10.39103	0.726143	0.208546	0.0502625	0.0150482	0.8181759	0.7838336	1.108297	2.609754
15312	-423.5464	-433.3602	9.813839	0.51441	0.208883	0.0112185	0.265489	0.1187947	2.332267	0.1452146	1.558782
15318	-415.2636	-426.0434	10.77982	0.531111	0.254167	0.00870542	0.206017	0.210037	2.141667	0.1817556	1.084376
15324	-414.5462	-425.7415	11.19538	0.493414	0.192601	0.00276774	0.311217	0.085589	2.141667	0.2067734	0.1908644
15330	-419.521	-428.3264	8.805381	0.759902	0.0420656	0.00935198	0.18868	0.02175307	2.068614	0.5140063	1.365909
15336	-417.9261	-427.0511	9.125026	0.722511	0.0783414	0.0115483	0.187599	0.02733743	2.56441	0.1911555	0.5912222
15342	-412.3412	-422.3195	9.978293	0.523714	0.0435929	0.00642601	0.426267	0.02532334	1.948139	0.4708174	0.1106194
15348	-410.3495	-420.6591	10.30957	0.543553	0.0653101	0.00275453	0.388382	0.0270813	1.064617	0.7703703	0.0569128
15354	-407.0034	-416.9132	9.909807	0.812622	0.071404	0.00533903	0.110635	0.02807803	1.629677	0.6905943	0.06007565
15360	-408.7638	-419.3006	10.53682	0.808886	0.0804276	0.0154148	0.0952717	0.04020118	1.250384	1.628309	0.238903
15366	-407.5062	-417.687	10.18086	0.74479	0.0517654	0.0143491	0.189095	0.02240914	0.9327	1.135217	0.7192374
15372	-407.6017	-417.8391	10.23746	0.906863	0.06303	0.0174716	0.0126352	0.02240914	0.9068354	0.9653176	0.8593322
15378	-407.8934	-419.1375	11.24405	0.309947	0.278098	0.0403518	0.371603	0.03407307	0.8953775	1.1031	0.1571777
15384	-409.452	-419.9696	10.51759	0.161741	0.494267	0.0844441	0.259547	0.03407307	1.577249	0.8303046	0.08957681
15390	-421.3222	-432.1534	10.83122	0.264776	0.292248	0.0348806	0.408096	0.05199106	2.175857	0.2734409	0.3259467
15396	-418.9016	-428.3983	9.496686	0.264776	0.292248	0.0348806	0.408096	0.04488991	2.809315	0.1206168	0.1827109
15402	-412.3408	-421.8853	9.544423	0.415289	0.274167	0.0153765	0.295168	0.0420424	2.588698	0.1118444	0.1628089
15408	-411.4377	-420.891	9.453333	0.19005	0.507422	0.0946251	0.207903	0.02662293	2.250982	0.4932435	0.07331315
15414	-409.0846	-419.8893	10.80467	0.381956	0.525654	0.0108996	0.0814909	0.03931133	1.903644	0.4779514	0.4524335
15420	-407.8644	-418.0754	10.21101	0.368812	0.507565	0.0449357	0.0786867	0.03139162	1.912779	0.33315	0.09867784
15426	-410.8805	-421.4239	10.54333	0.557601	0.248533	0.06011	0.133756	0.04047773	1.951306	0.33315	0.1003007
15432	-411.8242	-422.5236	10.69944	0.612662	0.333541	0.00741536	0.046382	0.04012709	2.019155	0.3389703	0.3981468
15438	-413.717	-424.164	10.44695	0.444046	0.476993	0.0355945	0.0433665	0.05792678	2.381276	0.2866256	0.6656913
15444	-413.2719	-422.6129	9.341014	0.408253	0.508058	0.0386945	0.0449949	0.0249753	2.490372	0.2098119	0.3356977
15450	-409.3353	-420.7254	11.39008	0.949384	0.0154892	0.0197597	0.0153676	0.3405617	1.657436	1.158712	0.8377815
15456	-403.0856	-415.0692	11.98356	0.953564	0.01421	0.0181277	0.0140984	0.3258167	1.90846	0.8134405	0.3282888
15462	-421.9551	-433.4213	11.46623	0.94139	0.0294291	0.0152623	0.0139184	0.4575125	1.267018	1.515736	0.621925
15468	-421.335	-433.473	12.13794	0.790536	0.0964789	0.0166917	0.0962938	0.4078341	1.254062	1.033131	0.5916633
15474	-414.8958	-425.6616	10.7658	0.859923	0.0359033	0.0136647	0.090509	0.5886199	0.1422745	2.444956	0.9202754
15480	-411.8374	-422.9031	11.06563	0.388812	0.452019	0.113286	0.0458835	0.05901972	0.307913	1.892141	0.8084722
15486	-411.8928	-423.7294	11.83653	0.0457082	0.821605	0.0904115	0.0422756	0.05790473	0.8306027	1.122369	0.526207
15492	-413.7853	-425.6452	11.85989	0.0222613	0.784627	0.143045	0.0500667	0.09705762	0.7799343	1.610094	0.3818048
15498	-414.1562	-425.4246	11.2684	0.0841916	0.734929	0.133984	0.0468954	0.06437048	0.4341796	2.011911	0.396551
15504	-418.7898	-428.2629	9.473062	0.832819	0.115598	0.00838483	0.0431983	0.4288856	0.5981816	2.292768	2.402849
15510	-413.9417	-425.0781	11.13636	0.683584	0.168235	0.043567	0.104615	0.05225754	1.357912	1.33174	0.2138833
15516	-414.415	-426.5765	12.16154	0.572317	0.358824	0.0386509	0.0302081	0.08183055	0.9879176	1.08078	0.408507
15522	-407.2049	-418.5258	11.32091	0.822693	0.0394271	0.00544922	0.13243	0.5583126	0.7152274	1.834746	0.7631827
15528	-410.6054	-421.5368	10.93143	0.912672	0.0437393	0.0159271	0.0276612	0.5583126	0.4304497	1.834746	1.460168
15534	-408.4964	-419.8817	11.38529	0.830042	0.013425	0.00818024	0.148353	0.6810952	0.5928259	1.674692	0.9148743
15540	-413.5551	-425.2661	11.71096	0.810988	0.0301412	0.0772741	0.0815968	0.3982373	1.484645	0.4241627	1.108854
15546	-411.2175	-422.1772	10.95968	0.926262	0.0160562	0.0411638	0.0165183	0.3982373	1.448116	0.8427516	1.839892
15552	-409.155	-421.0433	11.88835	0.963395	0.00883201	0.01841	0.00936268	0.3982373	1.389657	1.146236	0.5914743
15558	-410.6505	-423.2516	12.60116	0.96968	0.00236658	0.0185301	0.00942376	0.3727593	0.8329026	1.020161	0.5914743
15564	-410.3819	-421.3804	10.99846	0.950731	0.00920983	0.0187504	0.0213093	0.4159671	1.72272	0.6059426	1.611363
15570	-403.9633	-416.0532	12.08994	0.88971	0.049421	0.0217066	0.0391625	0.4193744	1.609538	0.5775044	0.6031838
15576	-409.0663	-420.9948	11.92857	0.867007	0.0581922	0.0266749	0.0481261	0.4084012	1.507224	0.5816592	0.8616828
15582	-404.2671	-415.8721	11.60504	0.923127	0.00632997	0.019302	0.0512412	0.4084012	1.628907	0.8902767	0.8716
15588	-418.5177	-430.0783	11.56056	0.747489	0.0420376	0.0782443	0.132229	0.3505286	2.259721	0.3178177	0.4612907
15594	-414.5627	-425.5594	10.99668	0.11741	0.318508	0.0903474	0.473734	0.03739213	1.690301	0.4752361	0.1582932
15600	-408.4854	-418.0918	9.606373	0.378108	0.460641	0.0421761	0.119075	0.02509111	1.592225	1.401649	0.1228067
15606	-409.4455	-420.813	11.36747	0.31583	0.506792	0.0542228	0.123156	0.04830926	1.570092	0.8360371	0.2599273
15612	-411.6446	-423.4603	11.81569	0.879011	0.0883174	0.0162734	0.0163983	0.3776647	1.97512	0.8481799	0.3825126
15618	-413.7582	-426.3495	12.59136	0.812726	0.0816576	0.0150462	0.0905698	0.2767694	1.338859	0.7799946	0.3406875
15624	-408.1217	-419.1123	10.99064	0.944957	0.0199801	0.00499518	0.0300682	0.2494498	1.958542	1.645372	0.3406875
15630	-405.5777	-417.4644	11.88676	0.945153	0.00419686	0.0205759	0.0300745	0.3199891	1.859059	0.99334	0.3086428
15636	-408.2044	-419.8133	11.60885	0.883035	0.000946535	0.0248571	0.0911618	0.3016007	1.951588	0.9069282	0.6167433
15642	-405.9801	-417.0258	11.04565	0.870045	0.00157906	0.0191751	0.109201	0.4028538	2.633757	0.6350548	0.6167433
15648	-407.7519	-420.1061	12.35424	0.870045	0.00157906	0.0191751	0.109201	0.3938439	1.363656	0.5051763	0.6167433
15654	-402.4891	-414.5836	12.09445	0.908933	0.00110653	0.0134371	0.0765233	0.3054123	1.733777	0.832253	0.4086754
15660	-404.8429	-416.7695	11.92653	0.881704	0.000798091	0.00969156	0.107806	0.3054123	1.414945	0.9900193	0.7478704
15666	-402.99	-415.1652	12.17516	0.820681	0.000589067	0.0090208	0.16971	0.3418901	1.498308	0.8710302	0.5165662
15672	-407.4693	-420.2599	12.79052	0.853856	0.00102934	0.00938546	0.135729	0.2711537	0.9743879	0.8604286	0.4654363
15678	-409.53	-421.9402	12.41019	0.801646	0.00383087	0.0125811	0.181943	0.4210042	1.347099	0.7455585	0.4654363
15684	-406.9614	-419.1678	12.20644	0.898072	0.0105578	0.0190743	0.0722961	0.3024123	1.543845	0.5358133	0.6411418
15690	-409.5929	-421.2048	11.61186	0.904563	0.0106341	0.011984	0.0728187	0.3024123	1.643289	0.3291971	1.048633
15696	-409.4066	-420.6767	11.27003	0.854054	0.0287518	0.00614891	0.111046	0.3024123	2.061227	0.5111012	1.048633
15702	-413.1067	-424.7318	11.6251	0.785268	0.0592968	0.0126813	0.142753	0.2475542	1.22722	0.8150454	1.423436
15708	-414.8651	-427.4811	12.61596	0.661474	0.194926	0.0257098	0.11789	0.4288676	1.127266	0.9227309	0.2758519
15714	-418.0689	-430.7954	12.72644	0.851833	0.0696924	0.0694577	0.00901653	0.4061162	0.3820335	1.11638	0.7772066
15720	-417.7251	-429.0905	11.3654	0.782709	0.142498	0.0413947	0.0333974	0.7417659	0.2877155	1.11638	2.024792
15726	-410.5423	-422.0799	11.53765	0.869775	0.10182	0.0178587	0.0105457	0.3631942	0.7973453	1.11638	1.63438
15732	-409.2221	-420.8153	11.59321	0.877596	0.0531538	0.019162	0.0500879	0.4299349	0.7883194	1.496494	1.009762
15738	-409.3075	-421.2616	11.95409	0.82286	0.00511586	0.0128026	0.159221	0.4421194	0.9120549	1.090267	1.009762
15744	-408.2042	-421.1673	12.96308	0.818078	0.00539844	0.00850826	0.168016	0.4036123	0.7577602	0.6721219	0.5598679
15750	-407.222	-418.9281	11.7061	0.849033	0.0146267	0.00883021	0.12751	0.3913929	1.321916	0.6721219	1.253948
15756	-409.2379	-419.871	10.6331	0.846763	0.0145876	0.0114802	0.127169	0.3430985	1.336214	0.6263217	2.715463
15762	-415.1437	-427.3274	12.18366	0.16055	0.55387	0.0704417	0.215139	0.1494903	0.8192295	1.558302	0.2366583
15768	-413.3566	-425.5924	12.23579	0.320356	0.400509	0.0418989	0.237236	0.106129	0.9516094	1.264435	0.3252458
15774	-416.4465	-428.1626	11.71604	0.797299	0.0860729	0.0183861	0.0982422	0.3817639	1.040536	1.055231	1.215452
15780	-413.4577	-425.7249	12.26716	0.834069	0.0505018	0.0188704	0.0965591	0.326999	0.9384445	1.055231	0.8029599
15786	-418.1797	-430.5957	12.41595	0.783113	0.0306657	0.0304435	0.155778	0.403066	1.328098	0.5082348	0.5844046
15792	-413.045	-424.7125	11.66751	0.882081	0.0394884	0.0179775	0.0604529	0.5281968	1.168579	0.751816	1.271248
15798	-423.645	-432.6477	9.002722	0.790946	0.0710418	0.0323425	0.105669	0.9874754	0.745007	2.222631	2.199627
15804	-419.6417	-428.8963	9.254605	0.858077	0.0681244	0.0299982	0.0438	0.4911309	0.4578237	1.811662	4.200743
15810	-413.5839	-425.2928	11.70893	0.776454	0.0629001	0.0877082	0.0729375	0.6621941	0.8841409	1.573088	0.4783624
15816	-410.1485	-421.686	11.53746	0.863092	0.041607	0.0142248	0.081076	0.5026565	1.090809	1.103439	1.179416
15822	-407.4757	-419.7147	12.23909	0.844901	0.0373896	0.0018739	0.115836	0.2327852	0.9775739	0.9055692	0.9563404
15828	-410.8348	-423.0569	12.2222	0.771701	0.0263289	0.00282554	0.199144	0.3351936	1.595746	0.68405	0.5087103
15834	-409.8131	-421.8973	12.08419	0.773937	0.058405	0.00551784	0.162141	0.3242496	1.427462	0.68405	0.8071738
15840	-412.3509	-424.6352	12.28426	0.748614	0.0787786	0.00284107	0.169766	0.3317191	1.282965	0.6029164	0.7843431
15846	-411.6082	-422.7581	11.14989	0.783331	0.0642535	0.00380133	0.148614	0.3371971	0.9293944	1.056001	2.067317
15852	-421.7186	-431.2935	9.574846	0.705341	0.13005	0.00169963	0.162909	0.4484733	0.6222378	2.056811	2.737678
15858	-414.6317	-424.9227	10.291	0.793943	0.0790769	0.00143112	0.125549	0.4365604	1.332514	1.060394	2.604898
15864	-420.5126	-431.4114	10.89876	0.572852	0.163041	0.00525085	0.258856	0.4836017	2.129415	0.6115854	1.192622
15870	-410.3259	-422.2877	11.96178	0.813793	0.05853	0.010222	0.117455	0.3668993	1.30474	0.9555361	0.81495
15876	-418.6735	-429.5383	10.86484	0.732569	0.104509	0.0101024	0.152819	0.4826154	1.322235	0.5278114	2.250762
15882	-414.0917	-423.622	9.53033	0.821612	0.0415897	0.00377709	0.133021	0.2180375	1.765722	0.5074967	4.012031
15888	-412.8068	-421.9537	9.146853	0.871763	0.0385422	0.00313744	0.0865569	0.2580395	1.754432	0.5576945	4.854988
15894	-420.9876	-425.8399	4.852283	0.917476	0.059871	0.00290881	0.0197441	0.3450312	2.162664	0.382503	20.38878
15900	-413.9323	-425.4076	11.47532	0.86491	0.0838068	0.00339057	0.047893	0.3781727	1.062101	0.8350966	1.705597
15906	-415.7062	-428.1787	12.47251	0.751371	0.09005	0.0337145	0.124865	0.3630607	0.9372402	1.255296	0.1855224
15912	-407.6774	-420.4661	12.78873	0.900398	0.029681	0.0145943	0.0553262	0.351131	0.7448283	0.6267974	0.7959516
15918	-407.7811	-419.4472	11.66604	0.844976	0.0567537	0.0177483	0.0805218	0.4230893	0.606189	1.266191	1.446696
15924	-405.3368	-417.6306	12.29381	0.882792	0.016119	0.016602	0.0844868	0.4230893	0.2881399	1.433591	0.8996847
15930	-409.6296	-421.7615	12.1319	0.894027	0.0188388	0.0457975	0.0413362	0.4907493	0.3861858	1.433591	0.8996847
15936	-414.5516	-425.9594	11.40782	0.8366	0.0188776	0.0458919	0.0986303	0.6164259	0.1991094	1.537004	1.591699
15942	-414.7253	-425.7643	11.03899	0.900031	0.0433306	0.0208879	0.0357505	0.4570314	0.8272545	1.118722	2.131798
15948	-414.2202	-426.9023	12.6821	0.838777	0.0518604	0.0270981	0.0822648	0.4156679	0.5863662	1.361038	0.2351893
15954	-423.2088	-434.6535	11.4447	0.882388	0.044618	0.0233138	0.0496802	0.4156679	0.8078301	0.8719175	1.990966
15960	-419.6556	-430.2657	10.61015	0.794244	0.0180435	0.136066	0.0516466	0.5938118	0.8767052	0.9664696	2.721065
15966	-416.6618	-427.6642	11.0024	0.815715	0.0628633	0.068379	0.0530428	1.020702	1.089351	0.8174108	1.478396
15972	-427.0355	-435.705	8.669529	0.878777	0.0961703	0.00220906	0.0228439	0.7258656	0.9124321	1.41372	5.157091
15978	-423.4768	-428.867	5.390244	0.830245	0.131868	0.00676171	0.0311253	0.3676305	1.127394	1.556286	17.58646
15984	-415.6794	-427.7118	12.03248	0.76386	0.0320621	0.10704	0.0970375	0.820724	0.1840866	1.426914	0.8660752
15990	-422.5396	-429.288	6.748432	0.72958	0.0648744	0.0246178	0.180927	0.3771412	1.099314	2.356221	7.014551
15996	-409.1762	-420.6053	11.42908	0.821349	0.0730346	0.0280701	0.0775461	0.660303	0.4355191	1.48485	1.323588
16002	-411.0512	-422.0905	11.03927	0.924902	0.016688	0.0316091	0.0268007	0.8102182	0.9768438	0.9489044	1.688424
16008	-409.8941	-421.1134	11.21932	0.963894	0.00222804	0.0269243	0.00695343	0.5234806	1.566763	0.4016106	1.413056
16014	-407.3451	-419.3107	11.9656	0.89515	0.0152533	0.0690586	0.020538	0.3276142	1.977951	0.4016106	0.4151947
16020	-409.8101	-421.9654	12.15537	0.88989	0.0192127	0.0420264	0.0488705	0.5148787	1.44755	0.8888347	0.4151947
16026	-409.282	-421.4881	12.20608	0.897262	0.021994	0.0278431	0.0529007	0.4923324	1.341002	0.9855503	0.4014861
16032	-405.0961	-417.9222	12.82608	0.936074	0.0294935	0.0313219	0.00311064	0.476948	0.2356147	1.058852	0.8189545
16038	-409.2926	-421.1275	11.83489	0.947278	0.0242007	0.0270974	0.00142401	0.5111564	0.572499	1.058852	1.465578
16044	-406.1011	-418.1498	12.04877	0.925266	0.0589144	0.0144289	0.00139092	0.4161048	0.569938	1.058852	1.329548
16050	-406.7094	-418.7579	12.04845	0.932971	0.0398104	0.0263625	0.000855783	0.5304183	0.5286107	1.107599	1.199102
16056	-414.2683	-426.2342	11.96594	0.92915	0.0442639	0.0262545	0.000331196	0.5304183	0.3348838	1.371229	1.159597
16062	-415.6302	-425.8728	10.24256	0.615376	0.256679	0.0493742	0.0785701	0.5202666	1.857331	0.254444	2.066124
16068	-417.0511	-424.8661	7.814962	0.711038	0.201409	0.0536336	0.0339193	0.5202666	1.541617	0.3822933	8.539842
16074	-420.6005	-432.1542	11.55378	0.371184	0.550651	0.0749037	0.00326151	0.3555449	1.23809	0.5237839	1.606818
16080	-415.3211	-427.0171	11.69603	0.216375	0.627448	0.042487	0.11369	0.04308278	1.023935	0.8543858	0.166667
16086	-409.8011	-421.3231	11.522	0.194078	0.632682	0.071198	0.102042	0.05352079	1.382865	0.8543858	0.4649803
16092	-408.624	-419.4262	10.80213	0.420663	0.416419	0.0981264	0.0647917	0.03840491	1.316108	0.932671	0.7595516
16098	-407.6677	-418.6036	10.93593	0.295838	0.548597	0.0769531	0.0786119	0.02985178	1.479329	0.5560681	0.3091753
16104	-415.1102	-425.6102	10.49999	0.803391	0.116065	0.0261053	0.0544386	0.416662	1.722816	0.5496133	2.283056
16110	-417.0294	-428.9257	11.89629	0.0768898	0.391973	0.10715	0.423988	0.08019982	1.145239	1.125988	0.454877
16116	-417.1641	-429.199	12.03492	0.193064	0.542549	0.161021	0.103366	0.08111538	1.223126	0.8450224	0.5237396
16122	-407.0259	-418.6158	11.58987	0.812948	0.0324573	0.0060244	0.14857	0.4543642	1.071578	0.8714201	1.444382
16128	-410.861	-422.7002	11.8392	0.84684	0.0338105	0.00627555	0.113074	0.2796535	1.376594	0.682169	1.120607
16134	-414.7045	-426.9353	12.23081	0.793683	0.0524329	0.0139625	0.139922	0.4081253	0.3273931	1.542513	0.7958715
16140	-423.578	-432.6897	9.111713	0.569337	0.195354	0.0483227	0.186987	0.04511173	0.8728071	1.52791	2.776549
16146	-414.5846	-423.8934	9.308721	0.40258	0.433882	0.0628263	0.100712	0.04511173	1.02843	1.252025	2.776549
16152	-409.8407	-419.5379	9.697181	0.68308	0.224525	0.0475303	0.0448644	0.02381275	1.400622	0.6375282	1.258463
16158	-408.6158	-419.7573	11.14149	0.534675	0.373855	0.0720288	0.0194407	0.03770759	1.260852	0.8592571	0.5269538
16164	-415.5688	-425.3222	9.75345	0.265921	0.559714	0.116492	0.0578735	0.04004861	1.030171	1.137851	2.087115
16170	-411.9513	-422.569	10.61766	0.857457	0.0347775	0.0312596	0.0765061	0.5157807	0.459711	1.612169	2.285786
16176	-412.9185	-422.873	9.954581	0.857422	0.0261234	0.0220344	0.0944197	0.4321167	0.6957088	1.965044	2.285786
16182	-407.8779	-420.9207	13.04276	0.869741	0.0914531	0.00854716	0.0302583	0.3865919	0.513365	1.064193	0.1544696
16188	-413.8911	-426.5742	12.68308	0.788758	0.180009	0.00775132	0.0234819	0.6820229	0.8296059	0.8729922	0.1984163
16194	-408.6836	-420.4565	11.77288	0.787727	0.0430263	0.0591645	0.110082	0.3945367	1.656568	0.3335116	0.8214094
16200	-408.9884	-421.5189	12.53053	0.793055	0.0415698	0.0753493	0.090026	0.515913	1.141368	0.6652666	0.5074003
16206	-407.9622	-419.2593	11.29706	0.90961	0.0224576	0.0407065	0.0272257	0.4090743	1.24806	0.6734987	1.799021
16212	-412.1619	-424.0944	11.93245	0.780143	0.0432394	0.0410899	0.135527	0.3747696	1.790744	0.9837725	0.2985367
16218	-409.3018	-421.154	11.85216	0.930038	0.0270484	0.0145704	0.0283434	0.2915733	2.194098	0.5526977	0.3233211
16224	-411.4504	-422.6428	11.19237	0.944553	0.0274706	0.0147978	0.0131782	0.2264214	2.312149	0.2795875	0.7507614
16230	-411.5751	-424.3035	12.7284	0.898315	0.0309019	0.0278531	0.0429301	0.3836539	0.3500361	1.12501	0.8144473
16236	-409.4191	-421.8673	12.44819	0.805055	0.0276938	0.0249615	0.142289	0.3836539	0.7016432	1.15088	0.7190804
16242	-403.7982	-416.1895	12.39122	0.805055	0.0276938	0.0249615	0.142289	0.3812205	0.927738	0.9940203	0.7190804
16248	-411.4854	-423.3867	11.90131	0.803543	0.02952	0.0249146	0.142022	0.4847099	0.9873973	0.8575754	1.176225
16254	-412.7228	-423.435	10.71212	0.867451	0.0299757	0.00911018	0.0934628	0.5325562	1.51678	1.149787	1.532015
16260	-405.1046	-417.4562	12.35157	0.903474	0.0113861	0.0113792	0.0737602	0.2979613	1.038203	0.9653891	0.7280236
16266	-412.4809	-422.9148	10.43397	0.823348	0.00233645	0.01037	0.163946	0.4904022	1.206658	0.8767699	2.775068
16272	-411.9717	-424.1495	12.17785	0.836371	0.11078	0.0110712	0.0417778	0.6204772	1.259239	0.8767699	0.48671
16278	-415.4319	-427.3289	11.89703	0.83859	0.111074	0.0111006	0.0392349	0.4707159	1.227089	0.8330614	0.9702015
16284	-409.4256	-421.3793	11.95371	0.89079	0.0174287	0.0501043	0.0416771	0.5192075	0.5829775	1.340697	0.9702015
16290	-411.4343	-423.3063	11.87209	0.860249	0.0515756	0.0479268	0.0402482	0.5874844	0.6662431	1.105305	1.180324
16296	-418.134	-430.3166	12.18261	0.769184	0.101971	0.054562	0.0742832	0.5713329	0.3595543	1.407967	0.8292526
16302	-418.2936	-430.3595	12.06594	0.757702	0.0929028	0.124676	0.02472	0.6200016	0.02228376	1.34162	1.327986
16308	-416.2696	-428.2098	11.94019	0.788372	0.0793719	0.106536	0.0257206	0.5176638	0.02402069	1.928701	0.7400226
16314	-419.4042	-430.7595	11.35537	0.815407	0.0545024	0.0831043	0.0469861	0.5320382	1.614357	0.6093421	1.204009
16320	-418.7821	-429.6885	10.9064	0.739142	0.0341528	0.0331148	0.19359	0.9103533	0.6825495	1.513187	1.297244
16326	-419.0265	-429.8872	10.86067	0.653835	0.111738	0.0292929	0.205134	0.7767994	0.5685313	1.513187	1.639888
16332	-415.2601	-424.1527	8.892638	0.891588	0.0291052	0.0272672	0.0520395	0.4752346	0.7985608	1.226176	6.116028
16338	-420.7292	-430.0573	9.328093	0.891588	0.0291052	0.0272672	0.0520395	0.3723845	0.6181213	1.132579	5.968219
16344	-413.1204	-425.0294	11.90901	0.907254	0.00864519	0.0371885	0.0469122	0.4566783	0.4590275	1.579385	0.8882814
16350	-409.9719	-422.0976	12.12573	0.917347	0.00874136	0.0264781	0.047434	0.4566783	0.4389708	1.432108	0.8882814
16356	-408.8955	-421.3008	12.4053	0.885708	0.0303418	0.0321654	0.0517849	0.4566783	0.2911122	1.328827	0.8882814
16362	-415.1102	-425.2199	10.10971	0.927725	0.0160272	0.03235	0.0238981	0.426994	1.596577	0.4182591	3.056238
16368	-420.0722	-430.6955	10.62335	0.8246	0.0985625	0.0588573	0.0179804	0.3596563	0.6141869	1.027218	3.413509
16374	-407.0289	-419.1233	12.09443	0.82867	0.0440453	0.0282909	0.0989942	0.446381	0.6418436	1.155419	1.063974
16380	-409.2327	-421.7672	12.53446	0.893558	0.0323291	0.0259612	0.0481514	0.3584587	0.6952782	0.8354361	0.9595996
16386	-415.8206	-427.6266	11.80603	0.897814	0.0372187	0.0214381	0.0435289	0.4353864	1.186502	0.8331418	1.137476
16392	-416.9477	-428.1151	11.1674	0.509727	0.327321	0.043199	0.119752	0.1107291	1.083344	1.115593	1.504404
16398	-418.4792	-429.9833	11.50408	0.601048	0.121681	0.0160592	0.261211	0.0551071	1.16596	0.717014	0.8176808
16404	-416.2515	-429.0116	12.76014	0.749833	0.161441	0.0259027	0.0628229	0.4835821	0.1377295	1.219951	0.7967608
16410	-413.8487	-425.9227	12.07404	0.748224	0.161095	0.0279932	0.062688	0.4720478	0.1518692	1.485203	1.143829
16416	-414.9388	-426.8543	11.91554	0.859981	0.0526029	0.00346618	0.0839495	0.4984632	0.05924023	1.485203	1.387259
16422	-409.2162	-421.7742	12.55801	0.758721	0.125919	0.00398428	0.111375	0.4644543	0.1624275	1.485203	0.6662936
16428	-411.6221	-422.7418	11.11963	0.824072	0.0715226	0.00447937	0.0999262	0.4534419	0.2723959	1.457893	2.220992
16434	-408.1103	-420.4837	12.37342	0.955963	0.0296596	0.0062313	0.00814591	0.406752	1.561766	0.6869373	0.2892648
16440	-403.6151	-415.8817	12.2666	0.960046	0.0297862	0.00198749	0.0081807	0.2693637	1.691932	0.4827321	0.4486866
16446	-413.9617	-424.7603	10.7986	0.803168	0.0957046	0.0187992	0.0823287	0.2407072	1.768495	0.2788739	1.762022
16452	-410.9168	-422.5874	11.67055	0.902069	0.0388246	0.0369452	0.0221612	0.4506966	0.821237	1.109341	1.375137
16458	-412.0357	-423.8539	11.81822	0.915898	0.0333423	0.0317282	0.0190319	0.5930463	0.8289305	1.336658	0.793849
16464	-412.799	-424.7771	11.97816	0.741126	0.0269799	0.0256739	0.20622	0.4312463	0.9612852	0.6789484	1.308868
16470	-413.948	-426.1001	12.15215	0.824183	0.0876727	0.00975874	0.0783851	0.4549681	0.5707968	1.12935	1.099379
16476	-420.6881	-430.9336	10.24543	0.816921	0.104688	0.000696221	0.0776944	0.3088375	0.832053	1.344484	3.107513
16482	-420.3568	-432.4925	12.13574	0.691961	0.161314	0.00229283	0.144432	0.5954909	1.375639	0.7291955	0.5489825
16488	-418.2893	-429.841	11.55173	0.838506	0.12463	0.00144229	0.035422	0.4271627	0.8539907	0.9356823	1.709155
16494	-417.1179	-429.4142	12.2963	0.858878	0.116429	0.000966118	0.0237274	0.483948	0.6585088	1.100547	0.8721709
16500	-415.501	-427.6715	12.17054	0.833288	0.049187	0.0882316	0.0292935	0.4417301	0.7306497	1.253417	0.7936341
16506	-415.4583	-427.8636	12.4053	0.862532	0.0407025	0.0664437	0.0303215	0.4432216	0.8751134	1.253417	0.422797
16512	-419.5119	-430.6406	11.12871	0.729087	0.0959604	0.0734679	0.101485	0.5879716	0.7738638	1.29711	1.644895
16518	-418.5713	-427.9647	9.393404	0.864798	0.0259015	0.0521366	0.0571636	0.4785086	1.532217	0.4650512	4.479489
16524	-410.5456	-422.2895	11.74389	0.878926	0.0273949	0.0145618	0.0791175	0.3974637	1.069651	1.376733	0.768795
16530	-407.3932	-419.3362	11.94302	0.905215	0.0154425	0.016935	0.0624077	0.3735204	0.3076548	1.450845	1.257769
16536	-411.3412	-422.5767	11.2355	0.847717	0.084361	0.0237191	0.0442029	0.592492	0.5228531	1.782405	1.074901
16542	-407.5068	-420.0159	12.50917	0.875211	0.0163077	0.0610119	0.0474694	0.5205612	0.322429	1.275329	0.7616091
16548	-410.2939	-421.5591	11.26518	0.874181	0.0142885	0.0864327	0.0250975	0.5890928	0.5491358	1.676002	1.177403
16554	-408.7385	-420.5387	11.80018	0.872411	0.0142046	0.0326418	0.0807429	0.3973891	1.200972	1.269483	0.7175147
16560	-414.0525	-426.1672	12.11474	0.733684	0.0981836	0.00584503	0.162288	0.4787442	0.5152607	1.465066	0.7638944
16566	-416.1967	-427.7859	11.58916	0.740018	0.0742656	0.0153903	0.170326	0.5718253	0.9082158	1.675694	0.5272752
16572	-408.5476	-419.9984	11.45077	0.860113	0.00991525	0.0191309	0.110841	0.4427461	1.656423	0.6832967	1.11672
16578	-409.5774	-421.8008	12.22342	0.866271	0.00998624	0.0724321	0.0513105	0.4427461	0.5719141	1.057683	1.11672
16584	-410.7257	-421.5316	10.80584	0.917028	0.0206063	0.0108093	0.0515562	0.6133886	0.33235	1.958111	1.442419
16590	-408.2542	-420.1002	11.84605	0.913286	0.0205223	0.0376824	0.0285095	0.51061	0.4920379	1.463097	1.019966
16596	-406.4489	-418.5077	12.05876	0.899146	0.0202045	0.0525812	0.0280681	0.5395385	0.2499569	1.463097	1.019966
16602	-409.2212	-421.0029	11.78175	0.897022	0.00444068	0.0262865	0.0722508	0.3462313	1.047277	0.7481726	1.462806
16608	-408.4364	-420.7703	12.3339	0.849532	0.00457139	0.0404757	0.105421	0.4398815	1.221228	0.5984536	0.7162565
16614	-408.8434	-420.5442	11.7008	0.912923	0.0116945	0.0449384	0.0304437	0.5358888	0.4075943	1.363755	1.371816
16620	-410.0402	-421.2696	11.2294	0.932295	0.0119426	0.0521771	0.00358499	0.5358888	0.6516004	1.208561	1.871844
16626	-412.1744	-422.5911	10.41677	0.902188	0.0115569	0.0758959	0.0103593	0.4278624	0.7365511	1.200497	3.127831
16632	-410.6494	-422.6713	12.0219	0.860399	0.041017	0.0144915	0.0840921	0.4546123	0.5233437	1.613535	0.6764437
16638	-411.0624	-423.2538	12.19141	0.896794	0.0307523	0.046811	0.025643	0.4546123	0.6316686	1.589418	0.43629
16644	-412.9451	-423.6882	10.74309	0.916776	0.012384	0.0219023	0.0489372	0.36742	1.720801	1.178521	1.398947
16650	-415.0775	-425.7537	10.67618	0.814192	0.0505371	0.0039441	0.131327	0.3428985	1.802115	0.36709	1.958467
16656	-406.6803	-419.1802	12.49991	0.867646	0.0187959	0.00707387	0.106484	0.3059252	1.555595	0.5204206	0.2096969
16662	-408.423	-421.0834	12.66049	0.890855	0.0192986	0.00726308	0.0825832	0.2929367	1.11379	0.7089311	0.558766
16668	-410.8847	-422.3301	11.44544	0.751234	0.043986	0.0165542	0.188226	0.4273057	0.7456432	0.9996919	1.902118
16674	-412.3039	-423.3788	11.07485	0.901835	0.0379241	0.00887876	0.0513625	0.3159237	1.006358	0.9336551	2.250136
16680	-416.448	-426.9617	10.51365	0.873237	0.0532529	0.0511052	0.022405	0.6702943	0.5254555	1.603764	2.129589
16686	-416.1772	-427.7233	11.5461	0.805758	0.0354976	0.0622948	0.0964497	0.7170804	0.6652681	1.407409	1.003223
16692	-415.3792	-427.3513	11.97202	0.822876	0.0362518	0.0423734	0.0984987	0.3825867	0.8945119	1.285687	0.838327
16698	-415.8197	-427.0988	11.27909	0.799453	0.0346527	0.0401736	0.125721	0.4753039	0.5347141	1.496703	1.581622
16704	-416.4545	-427.4184	10.96391	0.779532	0.0261092	0.0391726	0.155186	0.8002394	0.1659063	1.496703	2.017143
16710	-420.0688	-430.4611	10.39233	0.338625	0.176764	0.02084	0.46377	0.2713486	1.607575	0.3755431	2.703353
16716	-413.611	-425.518	11.90699	0.929551	0.0294063	0.0225889	0.0184539	0.2237755	1.757753	0.3103144	0.6389398
16722	-413.4908	-421.973	8.482207	0.932454	0.0225468	0.0124237	0.0325751	0.2778868	2.003052	0.2908317	5.554674
16728	-413.3785	-423.2676	9.889047	0.923499	0.00867189	0.0111825	0.056647	0.6712079	1.825519	0.2268493	2.30041
16734	-410.1712	-422.3992	12.22796	0.958394	0.0037229	0.0106711	0.0272116	0.3701316	1.159549	0.6661598	0.906315
16740	-408.5277	-418.8138	10.28617	0.88102	0.00292209	0.00284227	0.113216	0.2292577	2.011879	0.4377143	2.297464
16746	-414.3607	-425.131	10.77033	0.879642	0.00291752	0.00440216	0.113039	0.2747463	1.666986	0.3313916	2.014221
16752	-414.1254	-425.8716	11.74621	0.928107	0.0236599	0.00876182	0.0394711	0.5209869	1.947113	0.8789676	0.2754631
16758	-415.6257	-425.0368	9.411119	0.813927	0.0536619	0.0305621	0.101849	0.3961207	1.338187	1.333983	3.611363
16764	-413.7111	-425.195	11.48397	0.850319	0.0512195	0.0291711	0.0692907	0.3961207	1.511354	1.170404	0.8352789
16770	-407.4938	-419.7072	12.2134	0.860545	0.0623828	0.0193861	0.057686	0.4203215	1.492453	0.9698935	0.277981
16776	-412.9763	-424.1426	11.16627	0.887432	0.0183121	0.0148277	0.0794287	0.4136167	1.178455	0.8983364	1.843264
16782	-413.3304	-425.6199	12.28951	0.760491	0.00621522	0.0113498	0.221944	0.3922621	1.425545	0.7969337	0.4968868
16788	-406.8222	-418.3312	11.50902	0.836772	0.00683864	0.0271236	0.129266	0.3809622	1.25118	0.7932854	1.476255
16794	-405.6604	-417.6331	11.97272	0.914302	0.0156011	0.00907014	0.0610269	0.3809622	1.717914	0.5104576	0.6522464
16800	-405.2338	-417.4696	12.23578	0.916335	0.0156358	0.00909031	0.0589385	0.2090727	1.435415	0.4545614	0.7138902
16806	-403.3008	-415.3793	12.07852	0.968595	0.0104612	0.00788071	0.0130633	0.2467698	1.962008	0.4493192	0.3447669
16812	-404.5584	-416.6424	12.08405	0.959604	0.0076895	0.00780756	0.0248991	0.2016493	1.720211	0.6599775	0.5462428
16818	-413.0263	-422.9978	9.971445	0.902484	0.0173412	0.0103826	0.069792	0.2200465	2.070764	0.9190615	2.342964
16824	-415.1402	-426.5926	11.45239	0.792278	0.167099	0.00896267	0.0316606	0.3513517	1.052875	1.373297	1.111885
16830	-413.1414	-424.1481	11.00674	0.778656	0.164226	0.0553749	0.00174334	0.376007	0.5983892	1.741143	1.533551
16836	-411.7206	-424.2931	12.57255	0.828725	0.10572	0.0614252	0.00412986	0.453467	0.6833123	1.240203	0.456315
16842	-411.5909	-424.0746	12.48369	0.914902	0.0512903	0.0230543	0.0107533	0.385969	0.70189	0.7520531	1.044471
16848	-409.3001	-420.6022	11.30205	0.817547	0.0231796	0.0640528	0.0952207	0.5077552	1.242547	0.8062786	1.580943
16854	-413.8428	-423.9316	10.08888	0.899566	0.0414399	0.0377399	0.0212539	1.355785	1.257417	0.7255693	2.096753
16860	-417.9644	-430.2785	12.31412	0.605747	0.242894	0.0388179	0.11254	0.3136191	1.58384	0.642836	0.4602031
16866	-421.3321	-432.6485	11.31639	0.589	0.118405	0.0378818	0.254713	0.216326	0.838291	0.7755338	2.347347
16872	-418.3786	-428.5729	10.19426	0.61344	0.124337	0.0397797	0.222443	0.03863	1.124156	0.9945986	1.541475
16878	-415.9853	-428.2596	12.27431	0.168125	0.360302	0.040038	0.431535	0.07401389	0.9315668	1.018231	0.2942555
16884	-410.7766	-420.6076	9.831025	0.852892	0.0995445	0.0207215	0.026842	0.02431525	2.251589	0.4037351	0.2417256
16890	-409.4741	-418.7629	9.288793	0.630351	0.116512	0.0201842	0.232953	0.02178409	2.383949	0.2320049	0.2140392
16896	-415.3459	-425.2342	9.888272	0.387706	0.192993	0.0334335	0.385867	0.02943039	2.327591	0.3235397	0.4432477
16902	-415.1382	-424.2859	9.147639	0.679202	0.210974	0.0357486	0.0740751	0.0288232	2.072966	0.5632872	1.49865
16908	-415.8519	-425.888	10.03612	0.657499	0.204233	0.0665599	0.0717082	0.04916662	1.265004	0.6869814	2.278772
16914	-415.3489	-427.0902	11.74134	0.900487	0.0770147	0.00862143	0.0138768	0.4065244	2.097237	0.2864635	0.1884556
16920	-412.1036	-423.1609	11.0573	0.617998	0.205743	0.0593326	0.116926	0.03309597	0.9971941	1.147661	0.3941195
16926	-416.5526	-426.7979	10.24523	0.249115	0.526347	0.0586742	0.165864	0.04128585	1.619197	0.869489	1.16273
16932	-412.4086	-423.5738	11.16519	0.260502	0.376494	0.0383821	0.324622	0.03272472	1.167762	0.869489	0.169326
16938	-411.9583	-422.7312	10.77288	0.208046	0.690565	0.0701288	0.0312603	0.04573164	1.666672	0.5067226	0.900903
16944	-414.0978	-426.0425	11.94468	0.844468	0.0863229	0.0281707	0.0410385	0.6030579	1.749408	0.5223224	0.4365536
16950	-410.5356	-422.5067	11.97114	0.884825	0.00505131	0.0335919	0.0765313	0.5806879	1.353176	1.124342	0.385393
16956	-410.094	-422.1115	12.01752	0.934568	0.00369679	0.0163479	0.0453874	0.3108003	1.383737	1.262502	0.385393
16962	-404.5629	-417.1537	12.59081	0.925232	0.0219339	0.00790046	0.044934	0.3161633	1.117497	0.9294545	0.4429645
16968	-408.0135	-419.473	11.4595	0.890164	0.0351398	0.0109365	0.0637599	0.3161633	2.019319	1.164811	0.4259422
16974	-409.9225	-421.3254	11.4029	0.849001	0.0302801	0.0176748	0.103044	0.4058576	1.219847	1.164811	1.208649
16980	-415.3427	-427.1372	11.79456	0.936503	0.0107618	0.0106314	0.0421042	0.5569801	1.351799	0.9723927	0.7451379
16986	-411.2144	-423.8408	12.62633	0.819449	0.0513394	0.0410184	0.0881931	0.3860662	1.316372	0.7144989	0.2648675
16992	-410.5195	-422.0935	11.57403	0.764083	0.0636777	0.0111089	0.16113	0.4083979	1.469646	0.6458905	1.235384
16998	-412.1843	-424.2937	12.10938	0.957567	0.025388	0.00693318	0.0101123	0.5560286	1.469646	0.599756	0.5845511
17004	-411.8734	-423.8263	11.95293	0.93499	0.034848	0.0095166	0.0206454	0.5560286	1.346758	1.026828	0.5488147
17010	-408.8681	-421.1683	12.3002	0.770702	0.0743485	0.036281	0.118669	0.4149603	0.7515779	1.252186	0.6752612
17016	-410.3119	-422.6707	12.35884	0.833255	0.00452918	0.0308353	0.13138	0.4848315	0.268191	1.555583	0.6466425
17022	-407.5423	-419.2119	11.66966	0.164738	0.59317	0.121718	0.120375	0.05243746	0.4336832	1.61463	0.1875643
17028	-408.6792	-420.2875	11.60828	0.0243559	0.675251	0.151081	0.149312	0.05492944	0.4357742	1.61463	0.1343583
17034	-411.9538	-423.4687	11.5149	0.857052	0.00650673	0.0358508	0.100591	0.575923	0.5619392	1.28935	1.465643
17040	-413.7931	-424.0659	10.27287	0.856567	0.00743223	0.0234612	0.11254	0.575923	1.21978	1.152051	2.441762
17046	-413.9084	-425.2214	11.31304	0.824077	0.00715032	0.0605019	0.108271	0.5602205	0.3021071	2.232942	0.5919331
17052	-415.7696	-425.8284	10.0588	0.768056	0.0306724	0.0234857	0.177786	0.5602205	0.256771	2.232942	2.010159
17058	-410.8243	-421.9808	11.15645	0.754653	0.0353657	0.0146166	0.195365	0.4978742	0.2447263	1.648362	1.80669
17064	-416.6148	-427.4275	10.81276	0.819973	0.0105158	0.0117995	0.157712	0.5116121	0.3343956	1.740892	1.948279
17070	-410.1145	-421.3363	11.22183	0.876385	0.00873713	0.0126113	0.102267	0.5454837	1.148858	1.450849	0.9680698
17076	-413.3577	-423.8572	10.49951	0.920647	0.00259655	0.0128858	0.0638702	0.3423356	0.9949727	1.270043	2.55269
17082	-417.2154	-428.3777	11.16231	0.927475	0.00296017	0.0116786	0.0578866	0.3423356	1.367841	1.270043	1.226904
17088	-410.2605	-422.1045	11.84399	0.859453	0.00298682	0.0145953	0.122965	0.4475237	0.7190046	1.42784	0.903721
17094	-410.4603	-422.2922	11.83188	0.859453	0.00298682	0.0145953	0.122965	0.5015505	0.8056646	1.328282	0.903721
17100	-409.5074	-421.8022	12.29482	0.832948	0.00514172	0.0181948	0.143716	0.5015505	0.2567849	1.493866	0.7807907
17106	-408.772	-421.0656	12.29357	0.821215	0.00501045	0.0337275	0.140047	0.4714491	0.6652491	1.317979	0.637845
17112	-410.3958	-422.5233	12.12749	0.927689	0.00769349	0.0408572	0.0237608	0.2901503	1.266079	0.9432487	0.7472154
17118	-407.676	-420.0048	12.32883	0.895955	0.00743032	0.0386445	0.0579699	0.3277461	1.500193	0.554739	0.5504567
17124	-405.1036	-417.597	12.49336	0.936359	0.00185935	0.0205672	0.0412141	0.2787127	1.31142	0.7921428	0.4781103
17130	-425.2346	-434.5485	9.313857	0.673546	0.0611615	0.209377	0.0559154	0.7246757	1.976302	0.3048848	3.094435
17136	-418.6477	-428.8035	10.15579	0.706553	0.0641587	0.0970713	0.132217	0.3793316	1.570618	0.5838829	3.094435
17142	-411.5218	-423.0188	11.49698	0.835642	0.031911	0.0771391	0.0553075	0.5240172	1.26521	1.086414	1.038158
17148	-411.7916	-423.9121	12.12055	0.771069	0.163672	0.0534275	0.0118316	0.5026904	1.402449	0.7365872	0.6246583
17154	-417.7977	-429.2019	11.40412	0.71876	0.0883935	0.049803	0.143043	0.5026904	1.1338	1.179681	1.184313
17160	-410.2755	-422.9247	12.64927	0.869618	0.00789362	0.00414208	0.118346	0.2840374	1.209644	0.5279123	0.5448345
17166	-408.7826	-420.3629	11.5803	0.893265	0.00321933	0.00425471	0.0992613	0.2547376	1.984141	0.4361815	0.8227466
17172	-411.471	-421.8837	10.41273	0.951479	0.00396215	0.0106026	0.0339561	0.2550392	1.991884	0.2710937	1.954848
17178	-413.5757	-425.4282	11.85255	0.917571	0.00495604	0.0102248	0.0672478	0.2055588	1.744266	0.5216886	0.7854275
17184	-414.9196	-426.1973	11.27773	0.229064	0.512547	0.0764988	0.181891	0.06049844	0.8647473	1.716438	0.2246356
17190	-413.3098	-424.1585	10.84866	0.572822	0.2872	0.0380577	0.101921	0.03283156	0.7933995	1.486044	0.1701805
17196	-415.2075	-425.7884	10.58084	0.561665	0.281606	0.0373165	0.119412	0.05042482	1.237016	1.486044	0.7627602
17202	-407.0879	-418.9472	11.85922	0.95361	0.00518055	0.00990696	0.031302	0.2412288	2.138337	0.5982317	0.3865672
17208	-406.3948	-418.224	11.82927	0.972314	0.0018595	0.0140809	0.0117452	0.2824925	2.048987	0.435562	0.5188849
17214	-405.4367	-417.7071	12.27039	0.969765	0.00896635	0.014044	0.00722503	0.3249411	1.784236	0.5134534	0.2773332
17220	-413.1177	-424.9459	11.82822	0.846262	0.0303705	0.0396115	0.0837562	0.5165129	1.784236	0.4136073	0.5918719
17226	-410.2708	-421.6992	11.42837	0.915717	0.0127815	0.00670219	0.0647991	0.4010349	1.663067	0.673049	1.177374
17232	-406.6252	-418.9621	12.33691	0.911664	0.00451252	0.00873032	0.0750928	0.2930379	1.329711	0.9772071	0.4502351
17238	-407.0704	-419.1484	12.07797	0.896042	0.011695	0.00960931	0.0826534	0.2930379	1.758882	0.4988928	0.5646527
17244	-407.1802	-419.3799	12.19973	0.100233	0.704888	0.133612	0.0612665	0.0549027	0.2395105	1.241553	0.1133566
17250	-409.0713	-421.4517	12.38034	0.144568	0.504432	0.147615	0.203385	0.05082708	0.1531074	1.241553	0.1743171
17256	-409.1853	-421.6979	12.51268	0.136666	0.692064	0.106092	0.0651785	0.08561165	0.2263178	1.426682	0.1423085
17262	-409.3136	-421.3974	12.08378	0.895528	0.00778026	0.00392608	0.0927653	0.2795499	1.052023	1.303397	0.6188945
17268	-410.0669	-422.247	12.18007	0.910354	0.00942125	0.00305384	0.0771711	0.2888493	0.9256886	1.21581	0.7443573
17274	-411.9096	-423.4875	11.57783	0.252287	0.562369	0.0763942	0.108951	0.04370687	0.9104097	1.022952	0.1309583
17280	-413.8058	-425.4099	11.60415	0.415809	0.488621	0.066376	0.029194	0.04370687	1.113661	0.9297433	0.2043413
17286	-408.7131	-420.025	11.31189	0.410452	0.48143	0.0552959	0.0528218	0.0284092	0.7448962	0.9297433	0.1656618
17292	-413.0038	-425.6135	12.60975	0.79677	0.0645161	0.0152249	0.123489	0.3358514	0.845132	0.9835512	0.6310419
17298	-416.9769	-427.4255	10.44864	0.832343	0.0295199	0.0191375	0.119	0.4825239	1.517063	1.310896	1.678072
17304	-414.0189	-426.0952	12.07634	0.742393	0.128843	0.0201128	0.108651	0.3981555	1.010267	1.492538	0.3316866
17310	-415.6448	-426.8099	11.1651	0.888361	0.0227878	0.0547502	0.0341006	0.4495852	1.000434	1.136864	1.723955
17316	-417.898	-428.0972	10.1992	0.900815	0.0231072	0.0414994	0.0345786	0.7003996	0.877368	1.136864	2.912974
17322	-415.1831	-427.4682	12.28514	0.932998	0.0239328	0.00725512	0.035814	0.5658997	1.201293	0.7175842	0.6094128
17328	-415.9084	-428.5515	12.64304	0.821226	0.135781	0.0364959	0.00649707	0.5243686	1.035933	0.8518149	0.3460042
17334	-413.5182	-425.7447	12.22648	0.802577	0.132698	0.0193367	0.0453883	0.510454	1.143894	0.9017544	0.0987662
17340	-414.6415	-425.9972	11.35567	0.431704	0.343389	0.0342835	0.190624	0.09764162	0.8244414	1.969103	0.2126739
17346	-415.9059	-426.6105	10.70451	0.104749	0.501153	0.0615865	0.332512	0.05260051	0.5347745	2.214479	0.2052368
17352	-419.2944	-431.8251	12.53062	0.78898	0.15413	0.00229475	0.0545953	0.2788356	1.528292	0.4078162	0.2511708
17358	-422.614	-435.4344	12.82047	0.924669	0.0457425	0.00633963	0.0232489	0.3458268	0.9667168	0.6225407	0.5603316
17364	-415.8577	-426.6372	10.77947	0.795901	0.061946	0.0125986	0.129555	0.6000926	0.5142628	2.489859	0.4685781
17370	-414.513	-426.4343	11.92133	0.898085	0.061163	0.00842335	0.0323291	0.2480488	1.546174	0.4177613	0.9103789
17376	-415.4103	-427.8122	12.40188	0.890292	0.0471314	0.00791518	0.0546619	0.2480488	1.563583	0.4177613	0.4269751
17382	-415.5356	-426.2383	10.70275	0.712724	0.0630055	0.0127351	0.211535	0.543798	0.6408571	2.050353	1.146612
17388	-413.6107	-424.2359	10.62518	0.814382	0.0719921	0.0327467	0.0808797	0.543798	0.7184269	2.050353	1.146612
17394	-412.7707	-423.7393	10.96861	0.848636	0.0336317	0.00269101	0.115041	0.3426002	0.555765	2.050353	1.146612
17400	-414.8302	-423.228	8.397835	0.90042	0.0509204	0.0197381	0.0289212	0.2471056	1.920022	0.3106146	6.057738
17406	-424.1005	-436.0952	11.99474	0.470177	0.431279	0.0377615	0.0607826	0.8321374	1.560314	0.5666471	0.2432895
17412	-413.9632	-423.6012	9.63806	0.906392	0.02769	0.0155743	0.0503436	0.5478552	0.6307539	1.070826	4.944483
17418	-411.2464	-423.5138	12.26743	0.896173	0.0190124	0.0492322	0.035582	0.5527676	0.212222	0.949711	1.459621
17424	-412.3382	-423.9678	11.62967	0.840664	0.0273911	0.115459	0.0164859	0.5834922	0.294234	1.408791	1.459621
17430	-417.914	-427.9442	10.03022	0.831846	0.047768	0.0544531	0.0659325	0.5834922	0.8023928	1.46998	2.84471
17436	-418.8145	-428.2481	9.433588	0.865614	0.0309622	0.0265964	0.0768274	0.5242246	0.8326808	1.691918	3.398775
17442	-420.4267	-430.8396	10.41291	0.810016	0.0838516	0.0720282	0.0341045	0.5676496	0.9187901	1.080063	2.826969
17448	-415.0483	-427.1515	12.10315	0.849611	0.0808591	0.033447	0.0360827	0.5538482	1.298535	0.9422087	0.5327174
17454	-412.7754	-421.5614	8.786019	0.931545	0.0111783	0.00538019	0.0518966	0.3532794	1.593387	0.4745421	6.038596
17460	-414.886	-426.5469	11.66087	0.946024	0.012084	0.0165729	0.0253185	0.8043057	1.891822	0.3779623	0.2256878
17466	-413.0118	-425.3169	12.3051	0.835564	0.025985	0.0356377	0.102814	0.5348707	1.158685	0.9128681	0.5173987
17472	-409.8086	-422.8667	13.05803	0.670467	0.273959	0.0103327	0.0452414	0.5558454	0.2585656	1.162594	0.1695004
17478	-413.3722	-426.4195	13.04725	0.72057	0.179773	0.00824614	0.0914109	0.5057734	0.2891831	1.189695	0.1695004
17484	-411.3124	-424.1233	12.81091	0.708794	0.0966407	0.00811138	0.186454	0.5379423	0.05336819	1.189695	0.07805821
17490	-416.1558	-425.1508	8.994998	0.820905	0.035421	0.00904521	0.134628	0.2573523	2.135573	0.1789273	3.600948
17496	-410.4963	-421.9389	11.44256	0.765491	0.0443988	0.00258507	0.187525	0.257084	2.222425	0.2860675	0.6120936
17502	-410.531	-421.3004	10.76941	0.841653	0.0339382	0.00197601	0.122432	0.2329741	1.586654	0.6274468	2.18936
17508	-409.9966	-422.3956	12.39901	0.827662	0.115017	0.0122927	0.0450278	0.3223741	1.586654	0.5213424	0.3944517
17514	-411.0679	-423.2754	12.20758	0.871656	0.0730772	0.0198331	0.0354342	0.4631103	1.695941	0.3774235	0.2907469
17520	-409.0948	-420.8747	11.77992	0.952524	0.027032	0.00733646	0.0131075	0.438334	2.041624	0.3050621	0.3573584
17526	-408.3567	-419.9392	11.5825	0.886293	0.041351	0.00671824	0.065638	0.2662593	2.03493	0.2051371	0.128776
17532	-409.017	-421.1101	12.09306	0.872617	0.068396	0.00728998	0.0516975	0.2523728	1.708152	0.4733206	0.6054245
17538	-408.3923	-420.5279	12.13555	0.875483	0.0471654	0.0230848	0.0542672	0.2777275	1.546731	0.4435528	0.7093981
17544	-407.5742	-420.0285	12.45426	0.797024	0.041002	0.00406265	0.157911	0.2763181	1.613262	0.5076794	0.3002376
17550	-405.969	-417.1116	11.14262	0.91419	0.0163413	0.00175097	0.0677181	0.3228689	1.710134	0.5076794	1.560378
17556	-410.9057	-419.9578	9.05206	0.811412	0.0973005	0.00192811	0.0893591	0.4519028	1.810831	0.4670226	4.672113
17562	-414.8318	-423.1623	8.33049	0.894422	0.0626197	0.00860903	0.0343492	0.2639923	1.810831	0.4838659	6.803625
17568	-415.0131	-423.8837	8.870533	0.817025	0.0897869	0.0181877	0.0750006	0.2825423	1.063226	0.8907519	6.803625
17574	-414.6776	-425.2947	10.61717	0.789015	0.148139	0.0248716	0.0379746	0.7142376	0.5677176	1.715408	1.677936
17580	-418.3052	-429.7053	11.4001	0.84793	0.0943429	0.043573	0.0141539	0.5273475	1.070504	1.476933	0.8549748
17586	-411.509	-424.0678	12.55882	0.8223	0.103619	0.026134	0.0479469	0.3694328	0.9971113	0.9110846	0.5778244
17592	-412.0259	-423.0368	11.01088	0.844169	0.0406924	0.042719	0.07242	0.6431305	1.929547	0.2353997	0.909383
17598	-417.1868	-426.9975	9.810623	0.737469	0.00885027	0.0295197	0.224161	0.878307	1.758468	0.3584385	2.47961
17604	-407.4755	-419.2528	11.77728	0.911693	0.0329886	0.0105976	0.0447209	0.3633376	1.481966	0.4748486	1.083523
17610	-412.9622	-424.7409	11.77873	0.849316	0.0308552	0.0205189	0.0993103	0.456239	1.53863	0.4725296	0.945139
17616	-414.7614	-424.8647	10.10329	0.827573	0.043243	0.0496073	0.0795769	0.4109591	1.66144	0.4756174	3.004964
17622	-415.6256	-425.876	10.25038	0.886146	0.0494163	0.0372511	0.0271861	1.117223	0.8528269	1.416919	1.772772
17628	-419.6131	-430.2603	10.64718	0.676675	0.106893	0.0304232	0.186008	0.5795123	0.6533703	1.578998	1.95229
17634	-413.7327	-426.0668	12.33406	0.750531	0.0552624	0.153362	0.0408445	0.5028415	1.323795	0.5531931	0.5726651
17640	-406.9842	-419.2265	12.24232	0.887841	0.0399789	0.0378572	0.0343225	0.3365481	0.8997247	0.9981909	0.9152668
17646	-405.149	-416.9673	11.81833	0.909512	0.0162784	0.0353992	0.0388101	0.382953	0.8428181	1.225391	1.114398
17652	-409.4542	-420.7471	11.29291	0.879607	0.00484548	0.0313479	0.0841998	0.5245532	0.9008978	1.225391	1.480582
17658	-409.7109	-421.5594	11.84856	0.910313	0.00501463	0.0342703	0.0504021	0.4051008	0.9008978	1.075359	1.180013
17664	-411.941	-424.262	12.32096	0.852684	0.0145319	0.0926906	0.0400937	0.4777076	0.767508	1.106555	0.7439079
17670	-411.746	-424.285	12.53905	0.84214	0.0293006	0.0880376	0.0405223	0.4808463	0.5376476	1.205061	0.6466054
17676	-412.024	-423.3515	11.32748	0.89986	0.0374921	0.0515398	0.011108	0.6129736	0.5815367	1.419921	1.424931
17682	-410.3047	-421.701	11.39623	0.715148	0.144616	0.0304651	0.109771	0.07444023	1.351883	1.091724	0.7141227
17688	-410.9687	-422.1733	11.20464	0.452417	0.405731	0.0262174	0.115634	0.05913443	1.105082	1.364704	0.6133278
17694	-411.0562	-422.2521	11.19595	0.252722	0.553695	0.0357786	0.157805	0.06652611	0.8022814	1.640077	0.09401138
17700	-410.6318	-421.2174	10.58553	0.172211	0.440105	0.0284386	0.359246	0.03507772	1.539182	1.032963	0.1172256
17706	-407.5672	-418.9512	11.38401	0.0754039	0.630093	0.0945398	0.199963	0.05579063	1.286419	1.069796	0.1172256
17712	-409.8677	-421.3631	11.49543	0.0697224	0.454958	0.110952	0.364368	0.05123361	1.261568	0.9375769	0.1290103
17718	-417.8996	-429.7353	11.83571	0.096909	0.586398	0.0308265	0.285866	0.06957944	1.200328	0.7296528	0.09199613
17724	-416.9437	-428.8275	11.88375	0.123041	0.538666	0.191176	0.147117	0.1032974	0.8929394	1.578708	0.2991723
17730	-418.6994	-426.5869	7.887582	0.286999	0.303374	0.00324035	0.406387	0.1041639	2.529393	0.1761562	4.445042
17736	-411.5514	-421.6098	10.05841	0.613904	0.314351	0.000661304	0.0710831	0.08256027	2.529393	0.116313	0.6757565
17742	-418.6004	-426.7649	8.164516	0.775819	0.133708	0.000642309	0.0898309	0.09172031	2.911168	0.1003384	2.382189
17748	-415.9552	-425.6312	9.675962	0.447427	0.243917	0.00173437	0.306922	0.09585175	2.179129	0.1724319	1.899011
17754	-411.49	-422.9982	11.5082	0.536785	0.403855	0.0151851	0.0441749	0.1439173	2.07379	0.1813811	0.2121758
17760	-408.07	-419.1388	11.06887	0.818137	0.0931464	0.00692801	0.0817886	0.05217996	1.90212	0.244467	0.2121758
17766	-408.7546	-419.6487	10.89404	0.399201	0.319799	0.0298379	0.251162	0.04222419	1.90212	0.2953934	0.2049425
17772	-413.061	-423.5265	10.46552	0.252558	0.442121	0.0365396	0.268781	0.04046123	1.961727	0.2509957	0.5813171
17778	-412.3028	-422.4229	10.12018	0.387714	0.372975	0.0286399	0.210671	0.0208896	1.413687	0.547145	0.101089
17784	-409.9838	-420.3625	10.37864	0.821697	0.0215795	0.00294884	0.153775	0.2973479	1.374411	0.7824472	2.960023
17790	-415.5925	-427.7647	12.17225	0.702298	0.0182364	0.00383715	0.275629	0.3870254	1.309616	0.5850133	0.8335694
17796	-409.3467	-421.4296	12.08291	0.911434	0.0250308	0.0134477	0.0500871	0.3392102	1.441118	0.7234838	0.7650573
17802	-409.1201	-421.7267	12.60661	0.774395	0.0413265	0.00853674	0.175741	0.3392102	1.374204	0.7091427	0.2465755
17808	-410.1999	-420.4005	10.20061	0.873935	0.0164831	0.00675343	0.102829	0.2758325	1.654104	0.9523851	2.581031
17814	-410.5038	-422.6038	12.09999	0.895618	0.013648	0.00559184	0.0851421	0.3625452	1.61061	0.5604499	0.6404234
17820	-411.2596	-422.9661	11.70652	0.904239	0.0396291	0.0316046	0.0245277	0.6753599	0.8820352	1.059603	1.08295
17826	-408.1074	-419.812	11.70462	0.853781	0.0325872	0.0639788	0.0496526	0.5794302	1.125811	0.7868657	1.194444
17832	-407.3999	-420.1484	12.74845	0.919809	0.00507764	0.00330908	0.0718038	0.3959905	0.5838671	0.9237761	0.7587083
17838	-414.458	-424.9225	10.46449	0.871806	0.00613536	0.00537724	0.116681	0.5781224	0.8584092	1.394727	2.257841
17844	-413.5572	-424.452	10.89477	0.763618	0.00808653	0.00708731	0.221209	0.4797804	0.9542987	1.587226	1.394562
17850	-416.3324	-427.5005	11.1681	0.200685	0.494609	0.102395	0.202312	0.07317387	0.05816928	2.108006	0.8397407
17856	-409.6313	-421.337	11.70576	0.0952432	0.616252	0.119406	0.169099	0.04605951	0.2367587	1.637415	0.2188093
17862	-408.3456	-419.4916	11.14605	0.242656	0.515915	0.0745819	0.166847	0.03597495	0.1943759	1.594614	0.09517505
17868	-407.448	-418.6361	11.18811	0.42785	0.351404	0.0616731	0.159073	0.06143847	0.234295	2.1647	0.1590792
17874	-409.1555	-420.6033	11.44784	0.4284	0.132453	0.0160017	0.423145	0.06889368	0.08677298	2.1647	0.1590792
17880	-411.3745	-422.6072	11.2327	0.696727	0.0693274	0.0124672	0.221478	0.06889368	0.3019114	2.1647	0.1590792
17886	-411.5888	-422.6849	11.09613	0.70217	0.0700087	0.00781915	0.220002	0.056378	0.3678149	2.078339	0.1590792
17892	-411.3662	-422.7668	11.40063	0.815783	0.0475321	0.0539905	0.0826944	0.7142182	0.9558213	1.065673	1.277348
17898	-416.8262	-428.4134	11.58723	0.714898	0.109291	0.0270455	0.148765	1.157256	0.7994818	1.219097	0.6293201
17904	-410.9086	-421.8328	10.92422	0.384352	0.383246	0.0878837	0.144518	0.05796561	0.5888162	1.974152	0.5422122
17910	-408.6359	-420.5705	11.93457	0.279905	0.565734	0.103805	0.0505565	0.08579767	0.4586083	1.710397	0.1576931
17916	-411.0919	-423.7298	12.63788	0.257072	0.225184	0.0534507	0.464293	0.08871282	0.1848673	1.373535	0.138358
17922	-411.3993	-422.2527	10.8534	0.835772	0.0478859	0.0417347	0.0746071	0.3843265	1.190653	1.478218	1.437356
17928	-411.3436	-423.7567	12.41301	0.762177	0.0436692	0.0380597	0.156094	0.4583781	0.7979792	1.334542	0.3692313
17934	-412.6962	-424.713	12.01684	0.392387	0.150742	0.019031	0.437839	0.07898305	0.2273703	1.800676	0.3383524
17940	-405.3204	-417.0022	11.68173	0.388594	0.133005	0.0167918	0.461609	0.04889095	0.8239604	1.163738	0.1408464
17946	-408.5764	-419.9458	11.3694	0.171653	0.068102	0.0124781	0.747767	0.04872814	0.8939994	1.378828	0.1489017
17952	-408.7757	-419.9054	11.12969	0.308725	0.155658	0.0177705	0.517846	0.04341991	0.6574316	1.668688	0.1768515
17958	-414.4323	-426.0906	11.65835	0.203053	0.0449431	0.0116879	0.740316	0.08347687	0.6210078	1.368527	0.06714567
17964	-415.3806	-426.3995	11.01892	0.7317	0.134628	0.00443397	0.129238	0.5932115	0.5456419	1.70333	1.402759
17970	-409.7075	-421.3382	11.63071	0.421323	0.269659	0.0372715	0.271746	0.06199655	0.5490862	1.710192	0.2664719
17976	-411.3766	-422.7799	11.40323	0.424111	0.271444	0.0309017	0.273544	0.06199655	0.4154087	1.710192	0.6838215
17982	-416.9986	-426.2693	9.270673	0.488652	0.42777	0.0328979	0.0506803	0.08166298	0.89549	2.081155	2.224639
17988	-414.4807	-424.5227	10.04206	0.256449	0.652307	0.0438657	0.0473778	0.05766111	1.530629	0.628544	2.188014
17994	-410.2238	-422.092	11.86825	0.841371	0.00335715	0.0149408	0.140331	0.2982541	1.960048	0.3783827	0.5365394
18000	-414.2764	-424.747	10.47059	0.503533	0.372813	0.0685264	0.0551274	0.1132703	1.768879	0.7108192	1.980107
18006	-408.0826	-419.6125	11.52986	0.316447	0.529119	0.0896934	0.0647414	0.06834038	1.385451	0.7354677	0.7825724
18012	-415.2473	-425.7072	10.45992	0.0409002	0.811773	0.0161704	0.131157	0.1588642	1.613731	0.46187	2.527789
18018	-415.1355	-425.6368	10.50136	0.692568	0.137607	0.0214713	0.148354	0.04310467	1.788841	0.27614	0.8323565
18024	-411.7785	-422.0096	10.23106	0.620713	0.227081	0.0192436	0.132962	0.0807114	1.51301	0.4694186	2.436666
18030	-410.7236	-419.357	8.633387	0.855386	0.0602198	0.00220243	0.0821919	0.2622609	1.621348	0.5115481	6.487303
18036	-412.6225	-422.4106	9.788046	0.658574	0.0480812	0.000341295	0.293003	0.3799854	2.143122	0.179059	2.200827
18042	-410.6985	-420.596	9.897471	0.787102	0.0186053	0.000309992	0.193982	0.3080443	2.404921	0.1320639	1.51668
18048	-412.2126	-422.1656	9.952986	0.655031	0.048636	0.00024984	0.296083	0.3080443	2.093853	0.3200173	2.535692
18054	-419.8625	-427.4329	7.570442	0.789025	0.00596891	0.0169129	0.188093	0.4616137	0.6334827	2.112946	6.862372
18060	-413.3091	-423.9538	10.64467	0.886783	0.00242878	0.0288227	0.0819658	0.4067088	0.5268831	2.120888	1.358178
18066	-410.5554	-421.5216	10.96627	0.886547	0.0132165	0.0329898	0.0672461	0.4516236	0.473107	2.120888	1.031979
18072	-409.3326	-420.5684	11.23577	0.802768	0.0162123	0.000161414	0.180858	0.1967074	2.379182	0.2087424	0.1309562
18078	-411.239	-421.3898	10.15078	0.735233	0.0148484	0.000147835	0.24977	0.2316135	2.379182	0.1646523	1.44773
18084	-406.7371	-419.2633	12.52619	0.832883	0.0197373	0.0153067	0.132073	0.6056822	0.1162095	1.340634	0.7810007
18090	-404.9143	-416.7297	11.81535	0.855727	0.0155051	0.0344374	0.094331	0.5528663	0.1938134	1.664619	1.031896
18096	-411.9822	-422.3991	10.41692	0.873665	0.019285	0.00677544	0.100274	0.71171	0.1101153	1.875132	2.243714
18102	-410.9808	-423.1078	12.127	0.838448	0.0833247	0.00390542	0.0743216	0.6127804	0.1040976	1.6721	0.7447873
18108	-408.9188	-421.7891	12.87036	0.82082	0.0607394	0.00490898	0.113531	0.4724395	0.4386005	0.8888738	0.7447873
18114	-415.9115	-427.807	11.89548	0.225301	0.63144	0.0240848	0.119174	0.294383	1.939598	0.2818512	0.426722
18120	-406.2186	-418.3486	12.13005	0.939415	0.0343805	0.00524854	0.0209562	0.3232205	1.007862	1.219352	0.6950492
18126	-408.7873	-419.558	10.7708	0.871174	0.031883	0.00438141	0.0925615	0.2649372	0.99053	1.749292	1.406851
18132	-418.9265	-428.5971	9.670619	0.0634071	0.665664	0.113405	0.157524	0.02924857	1.509515	0.7089877	1.50101
18138	-415.06	-425.8689	10.80891	0.0441345	0.644593	0.226992	0.0842807	0.0534806	1.509515	0.5983962	1.193386
18144	-414.2029	-426.353	12.15014	0.106763	0.615735	0.1332	0.144302	0.1198081	1.019602	1.336855	0.323473
18150	-413.3661	-426.0557	12.68962	0.151866	0.77235	0.0266661	0.0491181	0.1275055	0.8781893	0.9763582	0.1654028
18156	-412.5825	-423.3597	10.7772	0.415697	0.562224	0.0136747	0.00840366	0.0889804	1.2048	0.6898696	2.126995
18162	-417.3426	-426.0088	8.666177	0.810518	0.0364472	0.0187391	0.134295	0.2432109	1.87796	0.3004383	5.450294
18168	-417.3681	-425.1657	7.797651	0.786978	0.0777342	0.00592082	0.129366	0.4626027	1.87796	0.5288028	7.792783
18174	-408.8675	-421.2378	12.37024	0.922524	0.0241946	0.0120153	0.0412661	0.3424521	0.7968997	1.275214	0.5929392
18180	-408.4115	-420.1718	11.76024	0.857434	0.0224875	0.0101797	0.109898	0.3682949	1.388315	1.243731	0.6293992
18186	-409.5434	-421.5594	12.01599	0.758335	0.038119	0.0172559	0.18629	0.2906853	1.819847	0.6357135	0.5361243
18192	-406.7946	-418.8199	12.02533	0.871931	0.0315551	0.0118495	0.0846641	0.3641395	1.703325	0.7414044	0.5435363
18198	-414.1721	-424.3271	10.15495	0.934149	0.0338067	0.0114103	0.0206341	0.4110058	1.426793	1.0087	2.789985
18204	-405.7509	-416.8839	11.13304	0.910719	0.0237982	0.00835277	0.0571295	0.4475216	1.116518	1.145147	1.612722
18210	-410.5926	-422.5558	11.96325	0.826962	0.031815	0.0524476	0.0887757	0.3625133	1.839966	0.7031121	0.4942224
18216	-409.7057	-421.1148	11.40913	0.907839	0.00273406	0.057519	0.0319076	0.4252272	2.016629	0.3683956	0.8280598
18222	-410.9997	-422.2893	11.2896	0.940153	0.021176	0.0204239	0.0182469	0.4252272	2.103968	0.3310556	0.8280598
18228	-416.6195	-428.0714	11.45191	0.954746	0.0215047	0.00483365	0.0189154	0.2581905	2.40934	0.3353769	0.4792849
18234	-409.9271	-421.9551	12.02799	0.853288	0.0675085	0.0108988	0.0683048	0.2990499	1.936266	0.3042055	0.2345552
18240	-414.0252	-426.1088	12.08359	0.753494	0.000532356	0.0101509	0.235823	0.386935	0.815503	0.931739	1.189853
18246	-420.8896	-432.5326	11.64297	0.794887	0.000577896	0.0109969	0.193538	0.3581825	1.245585	1.224185	0.9065068
18252	-416.0673	-428.6294	12.56209	0.761578	0.173737	0.0227629	0.0419224	0.5464317	0.4393312	1.429275	0.3706847
18258	-408.6481	-420.8001	12.15199	0.843266	0.0581695	0.0112825	0.0872821	0.3065631	1.00013	0.9616915	0.9567524
18264	-411.1091	-422.6993	11.59019	0.912018	0.00222359	0.0247269	0.0610319	0.4057371	1.141649	0.9132589	1.372928
18270	-410.985	-423.2572	12.27218	0.916817	0.00223529	0.0382324	0.042715	0.4777358	0.9533881	0.6934964	0.9578415
18276	-410.4909	-422.6169	12.12602	0.911351	0.00730041	0.0132252	0.0681237	0.3553439	1.329284	0.7253724	0.8191069
18282	-411.975	-423.1419	11.16694	0.86576	0.0069352	0.00433955	0.122965	0.3717426	1.483123	1.000818	1.401806
18288	-408.4925	-420.9568	12.46435	0.841967	0.0128897	0.00552006	0.139624	0.3784206	1.069856	0.8714432	0.6250849
18294	-417.4519	-429.7422	12.29026	0.834545	0.00730955	0.0309849	0.127161	0.4842686	1.060039	1.181162	0.3949623
18300	-415.4596	-426.889	11.42937	0.893457	0.00634962	0.0273737	0.0728199	0.3893846	1.534816	1.12088	0.9249951
18306	-417.5817	-429.6763	12.09461	0.829442	0.123161	0.00460677	0.0427895	0.618007	1.074704	0.555873	0.9249951
18312	-413.2909	-424.4759	11.18499	0.877151	0.038694	0.000975459	0.0831795	0.3492136	2.295567	0.188087	0.5373617
18318	-411.0148	-422.2266	11.21173	0.913232	0.0210173	0.00138229	0.064368	0.2467474	2.226423	0.1917768	0.6268518
18324	-419.443	-431.0816	11.63856	0.302193	0.303457	0.13431	0.26004	0.05141171	1.332192	0.7125924	0.455059
18330	-418.394	-430.2764	11.88247	0.372316	0.564511	0.00772233	0.0554512	0.1004599	1.06123	0.9661827	0.8717837
18336	-418.9049	-430.5112	11.60638	0.38511	0.533628	0.0201135	0.061149	0.1047403	1.092293	1.098417	1.005553
18342	-413.4813	-425.9706	12.4893	0.922739	0.0562783	0.00270525	0.018277	0.3346535	1.396898	0.8376705	0.2186089
18348	-411.4898	-423.8938	12.40403	0.932446	0.0451797	0.00303216	0.0193423	0.3120605	0.9478373	1.107928	0.6185051
18354	-408.1186	-420.3673	12.24873	0.852429	0.0413026	0.000168621	0.1061	0.3960941	1.489228	0.9335128	0.1915845
18360	-408.2496	-421.0083	12.75873	0.764938	0.0263304	0.000192251	0.208539	0.3332769	0.6378825	1.256779	0.1646629
18366	-407.3614	-419.695	12.33357	0.804089	0.027678	0.000177013	0.168056	0.3332769	1.012161	1.256779	0.1428705
18372	-410.3817	-421.7287	11.34698	0.856898	0.0328606	0.000746005	0.109495	0.4802851	0.7946403	1.70946	0.910402
18378	-422.0534	-429.8887	7.835238	0.852191	0.0381732	0.000741907	0.108894	0.5983567	0.9948239	3.229912	1.778344
18384	-416.0725	-427.904	11.83145	0.701717	0.233341	0.0458184	0.0191244	0.07469666	0.7948867	1.408228	0.4692259
18390	-408.0495	-420.0899	12.04045	0.837464	0.0325921	0.00180372	0.12814	0.3122453	0.8525379	1.562058	0.5162558
18396	-407.6329	-420.0163	12.38334	0.838116	0.0326174	0.00102702	0.12824	0.3122453	0.9633411	0.9597003	0.7678281
18402	-411.8079	-423.9679	12.16004	0.936838	0.0112966	0.00104834	0.0508173	0.3725975	0.8523273	1.23241	0.7678281
18408	-408.381	-421.5229	13.14192	0.775398	0.0404003	0.00107418	0.183128	0.4204628	0.5471753	0.9173475	0.1622466
18414	-421.0975	-432.1429	11.04541	0.241882	0.585045	0.115237	0.0578355	0.04856376	0.4508276	1.721529	0.7186907
18420	-417.1975	-428.3845	11.18706	0.541992	0.216158	0.0319602	0.209891	0.1162721	1.222193	1.34848	1.062848
18426	-416.1853	-427.6302	11.44497	0.354472	0.481645	0.0555657	0.108317	0.07590382	0.7800847	1.495361	0.7590139
18432	-416.7328	-427.8225	11.08978	0.57201	0.365903	0.0303764	0.031711	0.04493124	1.115397	1.394984	0.1817256
18438	-418.6789	-430.1681	11.48915	0.295724	0.365373	0.146793	0.19211	0.04434321	0.5033448	1.554903	0.323875
18444	-418.027	-429.451	11.42407	0.407029	0.339082	0.124234	0.129654	0.03487464	0.6364385	1.269484	0.2576948
18450	-419.3863	-430.6974	11.31103	0.837493	0.017156	0.0502061	0.0951444	0.3914018	1.078746	1.776866	0.6588014
18456	-421.2841	-432.1626	10.87851	0.844774	0.0173051	0.0506426	0.0872781	0.4336362	0.7524239	1.776866	1.389311
18462	-410.0394	-421.1067	11.06732	0.369631	0.350396	0.0450688	0.234904	0.05643393	1.052439	1.594746	0.1402399
18468	-412.5811	-423.2132	10.63214	0.561052	0.212994	0.0194608	0.206493	0.05355071	1.112771	1.650677	0.6847308
18474	-409.2445	-420.3514	11.1069	0.47399	0.302916	0.0261479	0.196946	0.04829827	0.7011437	1.662171	0.1281981
18480	-417.8595	-425.9401	8.080595	0.842085	0.0578341	0.00900938	0.0910717	0.5465141	0.5526993	1.689406	7.180823
18486	-416.2529	-428.2273	11.97438	0.856295	0.0602552	0.0591096	0.0243397	0.5465141	0.1626376	2.005876	0.4303797
18492	-410.2936	-420.3426	10.049	0.565696	0.127467	0.0110031	0.295833	0.02985775	1.103004	1.366343	0.8696067
18498	-407.8063	-418.1698	10.36347	0.474881	0.176819	0.0151149	0.333185	0.02985775	1.308798	0.9142693	0.07423083
18504	-416.4245	-427.516	11.09143	0.905028	0.0455565	0.0297402	0.019675	0.3069204	1.606198	0.9127373	1.490113
18510	-413.0914	-425.4189	12.32751	0.8844	0.0677251	0.0391755	0.00869952	0.3572455	1.030351	0.9127373	0.772492
18516	-409.9162	-421.3361	11.4199	0.904199	0.0561259	0.032466	0.00720956	0.3755477	1.129518	1.129738	1.358223
18522	-408.4319	-419.7581	11.32615	0.93654	0.0186533	0.0336272	0.0111794	0.389483	1.31664	0.8573142	1.546214
18528	-408.4901	-420.7251	12.23503	0.848717	0.0399693	0.00511698	0.106196	0.389483	1.574895	0.5962867	0.5155097
18534	-412.1372	-424.5105	12.37332	0.748231	0.08157	0.00463652	0.165562	0.3323231	1.169819	1.178891	0.2991437
18540	-407.9508	-420.0896	12.13886	0.761928	0.0686169	0.00108009	0.168375	0.5316226	0.5234069	1.697955	0.1777305
18546	-411.0221	-422.6509	11.62878	0.766498	0.0690284	0.000828307	0.163645	0.3577725	0.9381609	1.489677	0.894041
18552	-411.6204	-422.9125	11.29212	0.913569	0.0357983	0.00774642	0.0428864	0.3725818	1.401553	1.104346	1.233936
18558	-412.6893	-424.6268	11.93744	0.931133	0.0399883	0.00789535	0.0209837	0.3713197	0.6283225	1.177996	1.283711
18564	-414.4034	-426.8048	12.40136	0.877982	0.0857058	0.0278064	0.00850621	0.4287155	1.552179	0.6219022	0.2531974
18570	-404.9759	-417.0066	12.03069	0.944277	0.00787879	0.0220275	0.0258168	0.4016264	1.47573	0.7773438	0.7033268
18576	-410.3561	-421.8045	11.44842	0.912546	0.0148856	0.0274574	0.0451109	0.3426433	2.215341	0.4804446	0.7033268
18582	-408.348	-420.1626	11.81457	0.852237	0.0129897	0.0256428	0.109131	0.3002072	1.71589	0.563775	0.8459035
18588	-408.2383	-420.0657	11.82745	0.853595	0.0255758	0.011525	0.109305	0.2832525	2.168511	0.6892524	0.3246934
18594	-410.8495	-421.8336	10.98415	0.850763	0.00655378	0.0177486	0.124935	0.3156188	1.846025	0.7248709	1.499858
18600	-406.9152	-418.7421	11.8269	0.903328	0.0141092	0.0135791	0.0689837	0.3070037	1.50352	0.6734664	0.9981874
18606	-407.2962	-419.5634	12.26716	0.888216	0.0379992	0.0121354	0.0616497	0.2939842	1.099177	0.6032088	0.9981874
18612	-412.328	-421.9011	9.573142	0.561689	0.423554	0.00477402	0.00998312	0.06146802	2.11954	0.1841318	1.675882
18618	-407.9271	-419.8257	11.8986	0.928908	0.0683442	0.00114801	0.00159985	0.2364763	2.042202	0.2877795	0.3018264
18624	-415.4913	-425.1595	9.668194	0.559376	0.425126	0.00554661	0.00995167	0.1476583	1.823474	0.2040422	2.92937
18630	-414.6496	-424.6216	9.972044	0.858947	0.0626722	0.055837	0.0225439	0.5567325	0.913821	1.458995	2.826996
18636	-412.9529	-424.5123	11.55938	0.853697	0.0403369	0.0316131	0.0743525	0.4158863	0.9213927	0.8409146	1.731015
18642	-407.8433	-419.265	11.42161	0.880848	0.0416198	0.00692419	0.0706078	0.4158863	1.489681	1.025796	1.056674
18648	-411.2426	-422.3537	11.11116	0.858218	0.0405505	0.00426266	0.096969	0.2874241	1.264905	0.9766237	1.816295
18654	-416.9438	-429.3136	12.36979	0.359804	0.61972	0.00048295	0.0199928	0.2503805	1.24618	0.8541812	0.61862
18660	-414.7927	-425.2775	10.48484	0.886394	0.0601362	0.00293076	0.0505395	0.5955369	0.9456061	1.296311	2.254857
18666	-409.2481	-421.342	12.09384	0.8047	0.125644	0.0108619	0.0587944	0.3872408	0.7719535	1.296311	0.8229637
18672	-415.8376	-426.7332	10.89568	0.733965	0.119033	0.0328122	0.11419	0.4674312	0.9934756	1.258925	1.871942
18678	-417.9646	-429.0723	11.10768	0.865584	0.0482232	0.00845609	0.0777372	0.28607	0.9795626	1.258925	1.789244
18684	-418.3999	-428.548	10.14807	0.813244	0.0822263	0.00259781	0.101932	0.5494857	0.6896091	1.98097	1.844527
18690	-420.1088	-427.9527	7.843914	0.662966	0.258919	0.0647933	0.0133212	0.4659366	1.250557	0.5662431	9.734879
18696	-424.6467	-435.4359	10.78921	0.707579	0.0891337	0.170205	0.0330831	0.4659366	1.400015	0.6787253	2.19956
18702	-420.1883	-432.853	12.66477	0.674374	0.0700565	0.0421425	0.213427	0.4762487	0.375295	0.9386663	0.9571721
18708	-411.1795	-422.7607	11.58118	0.904475	0.0199624	0.0442456	0.0313167	0.3383573	1.136728	0.6688321	1.654815
18714	-417.7328	-426.1827	8.44991	0.831659	0.0685444	0.0705949	0.0292014	0.3195368	1.343943	0.6211128	7.704732
18720	-415.5214	-427.6067	12.08522	0.918931	0.0406331	0.0255506	0.014885	0.4484892	1.821272	0.6008888	0.1830779
18726	-412.4734	-423.9794	11.50607	0.913917	0.0404114	0.0281083	0.0175633	0.420221	0.9399469	1.401685	1.078984
18732	-410.6211	-422.6401	12.01892	0.954009	0.02812	0.00462791	0.0132434	0.4348564	1.29759	0.9104653	0.752973
18738	-407.5645	-418.9358	11.37138	0.947105	0.0279165	0.0118313	0.0131476	0.2933838	1.420422	0.9984616	1.299013
18744	-406.5458	-418.7603	12.21445	0.953201	0.0280962	0.00547024	0.0132322	0.2973695	1.420422	0.744209	0.6688118
18750	-407.3755	-419.2614	11.88589	0.948449	0.0317679	0.0132316	0.00655156	0.3029496	2.091564	0.3614721	0.1769344
18756	-412.7743	-424.4881	11.71388	0.965862	0.0229903	0.00720614	0.00394125	0.2792223	2.024909	0.4806916	0.6614724
18762	-419.3934	-428.4088	9.015329	0.947744	0.00250982	0.045879	0.00386732	0.6821829	2.397011	0.2317665	2.756983
18768	-414.1917	-423.3143	9.122571	0.92705	0.00206835	0.0466506	0.0242307	0.4439996	1.813791	0.3318243	4.375132
18774	-417.209	-429.5285	12.31957	0.807748	0.117612	0.0261419	0.0484988	0.4048004	1.544966	0.6714243	0.4112678
18780	-415.1422	-426.6154	11.47321	0.814426	0.0452539	0.0415483	0.0987722	0.2698655	1.925412	0.258054	0.8183899
18786	-412.3679	-423.9072	11.53928	0.818228	0.0229019	0.00741339	0.151456	0.2375021	1.925412	0.431641	0.06900763
18792	-412.6056	-425.2452	12.63959	0.892822	0.0249898	0.00694838	0.0752398	0.3307973	1.388612	0.431641	0.311375
18798	-417.5063	-429.3918	11.88549	0.763256	0.106416	0.0476172	0.0827108	0.5279217	1.982336	0.4225058	0.2700515
18804	-415.5743	-427.3506	11.77637	0.680435	0.288967	0.0202914	0.0103065	0.8178327	0.5531687	1.450263	0.7319995
18810	-413.5154	-424.585	11.06959	0.77241	0.00346321	0.0302019	0.193925	0.4458945	1.640435	0.6575453	1.566885
18816	-412.7843	-425.3725	12.58816	0.790465	0.0146074	0.0262673	0.168661	0.3048084	0.9236423	0.9409394	0.6319064
18822	-403.4779	-415.7905	12.31257	0.949492	0.0189646	0.00165275	0.0298902	0.2363364	1.667177	0.364169	0.1699425
18828	-411.7115	-422.8909	11.17944	0.7305	0.0664648	0.00200182	0.201033	0.236379	2.153535	0.2808561	0.9201033
18834	-409.1975	-420.633	11.43549	0.920315	0.0402629	0.0238267	0.0155958	0.3584328	0.7611634	1.594324	1.123074
18840	-414.6353	-425.8554	11.22016	0.916253	0.0461339	0.0270984	0.0105145	0.340486	0.9487253	1.523638	1.267032
18846	-409.286	-420.8499	11.56393	0.896799	0.0648483	0.028061	0.0102913	0.4868703	0.83098	1.028999	1.544215
18852	-408.5839	-420.8323	12.24836	0.890086	0.079361	0.0156227	0.0149306	0.4183829	1.099115	0.9991624	0.6579032
18858	-410.3151	-423.1786	12.86348	0.769309	0.190866	0.0242094	0.0156151	0.4183829	0.4763003	0.9772129	0.09227721
18864	-412.8514	-424.8306	11.97911	0.766709	0.190221	0.0163515	0.0267179	0.5663639	1.034756	1.295096	0.5201154
18870	-411.0333	-422.8293	11.79598	0.856168	0.0694936	0.0130094	0.0613289	0.3122674	0.8644276	1.786066	0.1464983
18876	-407.3076	-418.5456	11.23806	0.828344	0.0307322	0.0125866	0.128337	0.3080959	1.018008	1.853004	0.7336892
18882	-409.285	-421.1852	11.90021	0.866101	0.0271008	0.0110993	0.0956989	0.3545188	1.722176	0.9182242	0.5174734
18888	-410.6718	-422.8284	12.15666	0.877315	0.0429093	0.0374126	0.0423634	0.337972	1.265104	0.6729503	0.8914605
18894	-410.4726	-422.4398	11.96715	0.799696	0.039113	0.0341026	0.127088	0.452621	1.357263	1.058986	0.5918264
18900	-411.8914	-422.6633	10.77185	0.878568	0.0775446	0.0197705	0.0241172	0.4964598	1.162325	1.397401	1.568364
18906	-410.9966	-422.6992	11.70264	0.736848	0.0747825	0.0336839	0.154686	0.4964598	0.4637086	1.721514	0.8543787
18912	-415.2501	-424.9866	9.736528	0.742405	0.0590728	0.013957	0.184565	0.2130302	1.099956	1.056936	4.19813
18918	-409.4233	-421.8808	12.45751	0.783514	0.135364	0.0154625	0.0656592	0.3383804	1.207527	0.654026	0.6681634
18924	-414.9087	-425.8938	10.98511	0.856635	0.0740636	0.0227865	0.0465145	0.5932906	1.117303	0.9221896	1.899471
18930	-418.8148	-429.4255	10.61069	0.472646	0.406486	0.0850147	0.035854	0.04398332	0.5162514	1.308585	1.550798
18936	-411.7738	-421.2822	9.508339	0.558445	0.30844	0.0907526	0.0423625	0.02155145	1.387786	1.34649	0.6215857
18942	-412.1642	-422.8077	10.64358	0.863656	0.039462	0.00475193	0.09213	0.553916	1.04957	0.9570623	2.481806
18948	-411.8101	-423.2519	11.44175	0.836642	0.00738238	0.00460329	0.151373	0.3661955	1.44464	0.7078287	1.410206
18954	-407.8346	-419.663	11.82837	0.939902	0.00829353	0.00517144	0.0466327	0.2651469	1.397612	0.6867112	1.110704
18960	-411.2134	-422.2547	11.04134	0.9047	0.0175178	0.0109232	0.0668587	0.3160028	1.665404	1.436896	0.8512385
18966	-407.2641	-418.9879	11.72379	0.764762	0.0120265	0.0214878	0.201724	0.5693668	0.7159039	1.436896	0.8939665
18972	-413.037	-424.534	11.49695	0.835071	0.00159812	0.0294936	0.133837	0.6544656	1.758181	0.3885193	0.782373
18978	-409.8743	-421.4012	11.52694	0.898365	0.00209817	0.0409651	0.058572	0.2985158	1.527188	0.5342247	1.341558
18984	-407.4763	-419.5889	12.11268	0.932019	0.00217678	0.00613003	0.0596742	0.2724164	1.782432	0.5498107	0.5091229
18990	-407.2939	-418.537	11.24302	0.900543	0.0130047	0.00805351	0.0783988	0.2724164	2.0361	0.9031015	0.8971153
18996	-407.3877	-419.456	12.06828	0.921076	0.0119738	0.00770873	0.0592415	0.289864	1.329986	0.9503295	0.7365421
19002	-412.4128	-423.8738	11.46093	0.918857	0.0143537	0.00769016	0.0590988	0.289864	1.029401	0.8507358	1.81461
19008	-409.2787	-421.9309	12.65226	0.894555	0.0241476	0.00314522	0.0781518	0.3412847	1.118961	0.8507358	0.4334174
19014	-415.0702	-427.0469	11.97669	0.825272	0.0774088	0.0369835	0.0603352	0.4261207	1.994373	0.5721148	0.2389197
19020	-419.7849	-431.5614	11.77643	0.928108	0.0104228	0.0141773	0.0472924	0.2810331	1.425868	0.6893834	1.130145
19026	-415.3207	-426.6663	11.34563	0.928108	0.0104228	0.0141773	0.0472924	0.3143747	1.546087	1.303699	0.8367915
19032	-411.224	-422.9786	11.75463	0.455055	0.107447	0.021719	0.415779	0.06899367	0.497731	1.590019	0.1195409
19038	-410.7933	-422.5851	11.79185	0.149879	0.0234117	0.00385357	0.822855	0.07168617	0.2189283	1.853586	0.147326
19044	-418.3191	-429.4962	11.1771	0.650231	0.183413	0.0292811	0.137075	0.05577926	1.133336	0.7863337	1.142794
19050	-415.9677	-426.4626	10.49493	0.427793	0.300056	0.0479028	0.224249	0.03244388	1.070413	1.057874	0.9413056
19056	-408.6391	-419.6709	11.03187	0.582662	0.257282	0.0410741	0.118982	0.03244388	0.7776989	1.358431	0.3442288
19062	-413.8218	-425.833	12.01113	0.507775	0.383093	0.0409019	0.0682301	0.08123422	0.9082377	1.331599	0.2033714
19068	-412.5605	-424.3318	11.77129	0.453963	0.342494	0.0365673	0.166976	0.05957462	0.8643679	1.331599	0.2108323
19074	-415.1316	-427.259	12.12741	0.509375	0.3843	0.0410308	0.0652937	0.09278415	0.622095	1.331599	0.6141685
19080	-412.5241	-423.4868	10.9627	0.759161	0.143879	0.0200633	0.0768967	0.04881837	0.7955072	1.331599	0.9765571
19086	-417.3249	-425.5732	8.248337	0.364405	0.487664	0.0675726	0.0803585	0.02841512	1.636536	0.4975347	3.432882
19092	-415.037	-426.9157	11.87872	0.434792	0.379272	0.104995	0.0809409	0.08529323	1.207068	0.8955517	0.685762
19098	-413.8619	-425.7212	11.85934	0.220054	0.26252	0.0531392	0.464287	0.04902491	1.15135	0.7603108	0.2370962
19104	-406.8121	-418.3893	11.57729	0.0563482	0.386901	0.0418517	0.514899	0.03944563	0.8515129	1.040653	0.1665145
19110	-414.0793	-425.8072	11.7279	0.307006	0.553407	0.0710427	0.068544	0.1417601	0.2596718	2.194891	0.3841763
19116	-412.8566	-425.0469	12.19028	0.424462	0.290435	0.0915406	0.193563	0.05545615	0.4476124	1.226745	0.1673637
19122	-417.5116	-428.282	10.77031	0.0131368	0.608831	0.0567322	0.3213	0.04533203	1.638354	0.4609725	0.06896559
19128	-420.7998	-431.7085	10.90868	0.0536391	0.590549	0.117243	0.238569	0.05543446	1.558516	0.7865479	0.9763158
19134	-411.197	-421.6796	10.48261	0.61724	0.197361	0.034539	0.15086	0.02940716	1.368718	0.9363194	0.09875432
19140	-411.2025	-422.0508	10.84825	0.527934	0.203485	0.0423722	0.226209	0.02196995	0.672796	0.8285267	0.1085194
19146	-415.2643	-425.8133	10.54897	0.201215	0.345796	0.0685755	0.384414	0.02196995	1.076857	0.7906416	0.1242513
19152	-412.9502	-425.6297	12.67954	0.492712	0.237893	0.0692119	0.200183	0.1260579	0.3818663	1.416651	0.1697472
19158	-412.7306	-425.5286	12.79804	0.178589	0.609291	0.0722296	0.139891	0.1269399	0.100692	1.579411	0.222591
19164	-416.9673	-428.5709	11.60359	0.30916	0.470916	0.121947	0.0979766	0.04635767	0.5824946	1.462886	0.2911503
19170	-415.2863	-426.3854	11.09916	0.122659	0.640978	0.165985	0.0703782	0.05217119	0.8210037	1.237806	1.006378
19176	-414.8178	-425.0721	10.25434	0.207736	0.639097	0.14826	0.00490651	0.04593419	0.9070405	1.145979	1.809861
19182	-418.0857	-428.8128	10.72709	0.109329	0.78493	0.0915826	0.014159	0.07467889	0.8081766	1.081936	2.085348
19188	-414.0901	-425.4283	11.33815	0.142474	0.795404	0.0477742	0.0143479	0.03899008	0.9011694	1.240483	0.210534
19194	-409.9636	-420.7565	10.79288	0.344718	0.342492	0.129745	0.183045	0.03899008	0.446342	1.671573	0.08276185
19200	-411.6061	-422.432	10.82584	0.264829	0.531969	0.092019	0.111182	0.03899008	0.8792069	1.210338	0.8928741
19206	-413.9647	-424.1891	10.22435	0.130617	0.499841	0.0507021	0.318841	0.03507223	1.383609	1.452459	0.5575554
19212	-408.2135	-418.6082	10.39477	0.0831913	0.443709	0.0421288	0.430971	0.03507223	1.148072	1.447352	0.1010415
19218	-411.3385	-422.1227	10.78425	0.0605789	0.323104	0.0464247	0.569893	0.03506499	0.8556129	1.387107	0.1040938
19224	-412.3388	-422.221	9.882195	0.061144	0.456463	0.0468578	0.435535	0.026627	1.466101	1.292532	0.1058079
19230	-411.7226	-421.4934	9.770812	0.187049	0.67587	0.0693808	0.0677006	0.026627	1.894995	0.9863502	0.1018407
19236	-417.7462	-429.1948	11.44861	0.463574	0.472346	0.0324329	0.0316475	0.06030196	1.305154	0.9863502	0.1018407
19242	-408.3222	-419.3494	11.02725	0.490928	0.399608	0.0343467	0.0751173	0.04746787	0.8287997	1.285161	0.07001491
19248	-411.4658	-422.3336	10.8678	0.16433	0.593081	0.0571283	0.185461	0.03887767	1.422527	1.183956	0.3235628
19254	-409.9083	-421.7269	11.81869	0.25366	0.467316	0.0460006	0.233024	0.05884166	1.258075	0.754983	0.1341957
19260	-413.1215	-423.9945	10.87302	0.329847	0.352711	0.0128007	0.304642	0.03308115	1.401766	0.9690562	0.3509065
19266	-411.6035	-422.3921	10.78859	0.190412	0.486096	0.047951	0.275542	0.03201804	1.16475	1.205544	0.3760548
19272	-411.4168	-423.7573	12.34042	0.0987198	0.535206	0.0409394	0.325135	0.1169817	0.9575386	1.205544	0.3519866
19278	-411.0591	-422.4547	11.39562	0.596879	0.283319	0.0643026	0.0554999	0.0430641	1.151951	1.076566	0.1988659
19284	-417.4166	-428.3314	10.91481	0.810425	0.0827234	0.023404	0.0834478	0.2416753	1.51271	0.5649037	2.120378
19290	-414.1922	-425.9987	11.80649	0.802531	0.0502988	0.023176	0.123994	0.4782071	0.9304209	1.365376	0.785308
19296	-414.6473	-426.5163	11.86903	0.851438	0.0378414	0.0174361	0.0932845	0.445099	1.385485	1.22919	0.479501
19302	-408.6515	-420.0945	11.44295	0.789878	0.0489788	0.0253766	0.135767	0.577081	0.4656835	1.79949	0.9162702
19308	-411.0993	-422.7344	11.63509	0.807044	0.0283098	0.0259281	0.138718	0.577081	0.3743681	1.729132	0.9162702
19314	-419.4902	-427.7268	8.236572	0.790058	0.120376	0.0179928	0.0715728	0.3903165	1.553983	0.5482229	7.627486
19320	-405.1647	-416.9373	11.77255	0.834172	0.0327279	0.0296386	0.103461	0.5568629	0.6025477	1.602194	0.755699
19326	-409.7973	-421.5639	11.76664	0.855255	0.0339261	0.00357004	0.107249	0.4227411	0.7568127	1.182239	1.277974
19332	-411.2429	-423.7408	12.49793	0.833314	0.0427602	0.0306011	0.0933245	0.3442463	1.238474	0.9910858	0.3020491
19338	-408.0443	-419.7597	11.71542	0.859718	0.044115	0.0315707	0.0645962	0.5484561	1.522026	0.5283685	0.9335558
19344	-407.4189	-419.4134	11.99447	0.89799	0.0174737	0.017065	0.0674718	0.2986324	1.833094	0.2531876	0.3741201
19350	-408.7784	-420.6022	11.82381	0.765798	0.0139702	0.00629851	0.213934	0.4042377	1.282461	0.7962265	1.077954
19356	-408.7599	-421.043	12.28315	0.968441	0.00654973	0.0164042	0.0086049	0.4042377	1.140151	0.6589107	0.8484221
19362	-408.6519	-420.8848	12.23285	0.904933	0.00105026	0.0616683	0.0323484	0.4042377	1.054594	1.141188	0.5830512
19368	-409.247	-421.4052	12.15821	0.857611	0.00099534	0.0805352	0.0608583	0.4730781	1.013552	1.227318	0.5378164
19374	-407.078	-419.2819	12.20391	0.902445	0.00182727	0.0371901	0.0585373	0.3972656	1.10254	1.227318	0.4718911
19380	-406.8173	-419.1445	12.32723	0.915126	0.000961367	0.0326001	0.0513126	0.3972656	0.3690028	1.372819	0.8862944
19386	-408.0835	-420.7569	12.67336	0.914764	0.00327691	0.0336694	0.0482894	0.3364394	0.5581499	1.215686	0.6031619
19392	-411.3794	-422.1509	10.77154	0.928166	0.0147727	0.0270199	0.0300416	0.3799754	0.7041911	1.215686	2.639394
19398	-411.0488	-422.7901	11.74129	0.841716	0.106377	0.0145287	0.0373774	0.5903639	0.587046	1.448405	0.9670221
19404	-403.1894	-414.0953	10.90597	0.900278	0.00980986	0.0046358	0.0852763	0.2158747	2.721539	0.1669759	0.2045337
19410	-410.5661	-419.6006	9.034595	0.937739	0.00793348	0.00482869	0.0494988	0.2143357	2.828641	0.1185286	1.968008
19416	-409.9051	-418.4465	8.541432	0.950575	0.0197158	0.00270935	0.0269993	0.2372601	2.807292	0.05667285	1.848964
19422	-415.654	-427.402	11.74801	0.87725	0.0570814	0.0632557	0.00241267	0.5249658	1.202544	1.09048	0.8472945
19428	-410.9443	-423.3165	12.37221	0.893022	0.046287	0.0586232	0.00206767	0.4496043	1.247947	0.7211046	0.5904638
19434	-411.7127	-423.5226	11.80994	0.742978	0.237539	0.01394	0.00554364	0.4906132	1.531193	0.5729705	0.8814267
19440	-411.6875	-422.8946	11.20706	0.824652	0.03545	0.0305624	0.109336	0.2872725	2.553438	0.2038048	0.2975925
19446	-414.6464	-426.7885	12.14208	0.831588	0.0511162	0.0263961	0.0909001	0.4610619	1.414751	1.067803	0.3092905
19452	-411.6906	-423.8214	12.13085	0.89779	0.00589251	0.0927664	0.00355112	0.764639	1.358877	0.5986193	0.455146
19458	-416.7332	-426.2272	9.49397	0.937862	0.0151344	0.0466594	0.000343901	0.5761507	1.69788	0.5114158	3.743277
19464	-428.3001	-436.9111	8.611004	0.760969	0.00200217	0.1505	0.086529	3.214856	1.005532	1.949648	0.886859
19470	-418.7113	-428.6695	9.958299	0.936618	0.0516181	0.0110983	0.000665972	0.2416827	1.49471	0.7018623	3.597328
19476	-417.862	-430.398	12.53602	0.875079	0.102582	0.0220559	0.000283731	0.3415421	1.246741	0.7018623	0.1194415
19482	-415.939	-424.3325	8.393468	0.940052	6.34572e-05	0.0154701	0.044415	0.4462326	1.609923	1.038791	5.91809
19488	-409.0719	-420.5273	11.4554	0.890048	9.25907e-05	0.0222452	0.0876142	0.4753115	1.098343	1.470084	0.8335343
19494	-411.4102	-422.2985	10.88827	0.928066	0.000221484	0.0118655	0.0598468	0.3563609	1.953444	1.244067	0.9304745
19500	-413.3796	-425.3435	11.96395	0.851451	0.0438192	0.0163876	0.0883422	0.8155233	0.8252423	1.337993	0.1486992
19506	-412.9685	-424.2108	11.24234	0.673738	0.104881	0.00993277	0.211447	0.5515213	1.192007	0.8180889	1.648804
19512	-412.705	-423.4865	10.78148	0.852855	0.0553441	0.00524134	0.0865595	0.6730572	1.572686	0.6239134	1.73445
19518	-412.1077	-423.811	11.70331	0.774666	0.111454	0.0352558	0.0786238	0.3971518	1.51628	0.407614	1.078271
19524	-416.7636	-427.984	11.22039	0.243152	0.691621	0.0338043	0.031422	0.1213616	2.209843	0.160408	0.2700353
19530	-414.5087	-426.3014	11.79271	0.908779	0.0527206	0.0215377	0.0169622	0.3511992	1.576665	0.4563665	0.9783855
19536	-415.0087	-424.0746	9.065925	0.934653	0.0124628	0.0281501	0.0247338	0.6350688	1.431691	0.6946805	4.943414
19542	-412.4905	-423.1691	10.67861	0.893042	0.0538091	0.0295163	0.0236327	0.3722931	1.201332	0.6946805	2.771654
19548	-414.1605	-425.5729	11.41243	0.653318	0.296809	0.0153877	0.0344856	0.6211626	1.389627	0.4358708	1.297461
19554	-414.8503	-426.4282	11.57785	0.771268	0.130781	0.0320694	0.0658824	0.2856349	1.527314	0.6554666	1.249677
19560	-415.9718	-428.2631	12.29129	0.834352	0.0726301	0.0217468	0.0712711	0.3646107	1.064049	0.9358245	0.7497179
19566	-413.459	-425.6886	12.22961	0.716633	0.203902	0.0219519	0.0575132	0.439427	1.00599	0.7918018	0.9206894
19572	-413.5027	-424.9339	11.43121	0.833977	0.0411119	0.0118249	0.113086	0.5011291	0.2571836	1.992157	0.9302961
19578	-408.9209	-421.3593	12.43843	0.863592	0.0326837	0.0752734	0.0284509	0.5011291	0.1327413	1.255881	1.058502
19584	-414.8008	-424.8861	10.08528	0.87376	0.0251976	0.0733274	0.0277154	0.7133843	0.1281981	1.491311	3.637054
19590	-410.1475	-421.2887	11.14119	0.888093	0.00452611	0.105968	0.00141224	0.7133843	0.06126833	1.710269	1.666504
19596	-409.5038	-421.7296	12.22581	0.823333	0.118011	0.0514945	0.00716128	0.4370471	0.6411911	1.462083	0.5805727
19602	-406.7397	-418.8693	12.12961	0.909144	0.0396501	0.0449543	0.00625175	0.4793589	0.8022397	1.024396	0.9781149
19608	-411.3971	-422.6513	11.25422	0.880818	0.0384147	0.0714968	0.00927034	0.4587167	0.9291402	1.645561	0.9781149
19614	-409.7855	-422.1847	12.39928	0.882811	0.0385017	0.0195914	0.0590956	0.4830311	0.8484984	0.9889889	0.7044918
19620	-406.7882	-418.8216	12.03337	0.878112	0.0439172	0.0105625	0.0674078	0.3291021	0.9873329	0.9173485	1.1194
19626	-407.276	-419.4578	12.18175	0.83798	0.0295178	0.0179499	0.114552	0.3872689	0.8053891	0.770764	1.236636
19632	-407.3806	-419.8991	12.51856	0.891514	0.0169451	0.02578	0.0657604	0.4415438	0.8117123	1.089392	0.5649474
19638	-409.2344	-421.9582	12.72382	0.943588	0.00818099	0.00630542	0.0419253	0.3387413	1.081978	0.7282374	0.4927812
19644	-407.2488	-419.4229	12.17414	0.878835	0.0175717	0.0135432	0.0900502	0.4002739	1.251605	0.9147711	0.6747757
19650	-410.3007	-423.5671	13.26642	0.769018	0.140334	0.0118509	0.0787977	0.4002739	0.2207256	0.8244912	0.6891698
19656	-407.6316	-420.231	12.59945	0.835434	0.0495516	0.00341555	0.111598	0.4002739	0.6281392	0.8674705	0.903597
19662	-406.8978	-419.7366	12.83871	0.922552	0.0285137	0.00377172	0.0451626	0.3921415	0.5899464	0.8548915	0.7275605
19668	-405.2863	-418.1277	12.84137	0.863806	0.0391129	0.00176055	0.0953201	0.3936647	0.5860321	0.8548915	0.7275605
19674	-415.0295	-426.0937	11.06421	0.780894	0.0248102	0.0339078	0.160388	0.4227106	1.163814	0.8990529	1.983898
19680	-410.7426	-421.2385	10.49593	0.922735	0.0611071	0.0133093	0.00284845	0.6390881	1.37061	0.4970079	2.485153
19686	-411.8762	-423.201	11.32474	0.822884	0.126654	0.0110216	0.0394399	0.5437987	0.7283454	0.8342342	2.135316
19692	-413.9694	-426.3759	12.40645	0.760259	0.0751529	0.0804755	0.0841131	0.3477951	1.637574	0.4960225	0.2475614
19698	-411.807	-423.4564	11.6494	0.815847	0.053378	0.0571585	0.0736168	0.3994458	1.195066	0.7008436	1.432392
19704	-415.5912	-425.8696	10.27836	0.838072	0.0588841	0.0732368	0.0298073	0.4062243	2.4337	0.1397477	1.042797
19710	-412.2388	-421.2464	9.007554	0.769853	0.0920905	0.0355276	0.102529	0.2991281	2.62005	0.08245824	1.893884
19716	-421.2903	-429.5256	8.235243	0.85636	0.105323	0.0153816	0.0229353	1.02605	2.388666	0.08219018	2.297074
19722	-414.6024	-426.2929	11.69046	0.77889	0.112583	0.0193369	0.08919	0.3949742	1.28161	0.4823545	1.364322
19728	-416.2648	-426.8048	10.53991	0.827117	0.0570662	0.0176971	0.09812	0.3371309	1.071834	1.481833	2.006437
19734	-405.4196	-417.9796	12.56001	0.873304	0.0485575	0.0217645	0.0563745	0.4133985	1.17875	0.5636312	0.5739347
19740	-421.7802	-431.9307	10.15054	0.900796	0.0688686	0.0151731	0.0151618	0.9062531	1.598194	0.2382418	1.951302
19746	-415.0517	-426.8641	11.81232	0.953097	0.0268194	0.00840913	0.0116747	0.5352479	1.854148	0.2495575	0.2050844
19752	-414.827	-423.9441	9.117106	0.83252	0.0762344	0.00255819	0.0886877	0.4853145	1.833183	0.3147185	4.224324
19758	-409.4598	-420.1875	10.72772	0.798498	0.0633957	0.00436995	0.133737	0.3383069	1.031608	1.080262	2.485494
19764	-404.1017	-416.2804	12.1787	0.943571	0.00966638	0.0119648	0.0347978	0.3019307	1.156007	0.7561798	0.9470033
19770	-410.0208	-421.6371	11.61624	0.838208	0.00660317	0.00832616	0.146863	0.4436695	1.535118	0.6732035	1.075907
19776	-407.1849	-417.7507	10.56576	0.9391	0.00878188	0.0110734	0.0410446	0.4574886	2.060883	0.2131206	1.376838
19782	-404.8329	-416.6611	11.82823	0.962856	0.00900403	0.0113535	0.0167861	0.2406934	1.801355	0.3578214	0.7209497
19788	-409.5123	-420.9162	11.40391	0.917381	0.0155812	0.0108173	0.05622	0.2295413	1.316658	0.5815167	1.729424
19794	-408.4436	-419.5878	11.14417	0.898752	0.0152648	0.0309052	0.0550783	0.3417716	1.332851	0.6242052	1.98311
19800	-414.2357	-426.6123	12.37661	0.866254	0.0201643	0.0408247	0.0727565	0.3399076	1.112849	0.5469044	0.8679574
19806	-411.5815	-421.8679	10.28636	0.892707	0.0145485	0.0402512	0.0524936	0.3997513	1.656169	0.4158526	2.708157
19812	-418.619	-426.6745	8.055471	0.871186	0.0254251	0.0794528	0.0239358	0.3997513	1.453671	0.5019885	8.519909
19818	-410.218	-422.6315	12.41352	0.884684	0.022709	0.0247493	0.0678579	0.3750276	1.608155	0.5019885	0.2742571
19824	-421.8723	-432.039	10.16662	0.698616	0.11373	0.145277	0.0423772	1.097025	1.340448	0.8846384	2.044627
19830	-413.3125	-423.5774	10.26484	0.742579	0.229988	0.0186076	0.00882488	0.05215915	1.602176	0.7473724	1.58282
19836	-419.261	-427.0969	7.835895	0.718307	0.210983	0.0673458	0.00336438	0.02810567	1.388522	1.360416	3.295441
19842	-410.3209	-420.8204	10.4995	0.751621	0.186032	0.0593814	0.0029665	0.03663601	1.365249	0.9301685	0.9436009
19848	-408.1347	-418.2551	10.12042	0.812443	0.160924	0.0251996	0.00143363	0.04493261	0.9094994	1.66736	1.160724
19854	-410.4917	-420.1792	9.687535	0.779938	0.18884	0.0295712	0.00165068	0.03646982	1.346984	1.235961	1.470765
19860	-413.8247	-422.42	8.595252	0.458629	0.434143	0.0989606	0.00826712	0.03575021	1.397497	1.873381	1.65348
19866	-414.9549	-424.1273	9.172405	0.542084	0.183037	0.0417223	0.233157	0.02512683	1.371253	1.881018	0.5079736
19872	-411.046	-421.3711	10.32501	0.435788	0.256195	0.0521048	0.255912	0.02788774	1.400311	1.008356	0.6146471
19878	-412.0669	-423.6527	11.5858	0.22557	0.493981	0.0765754	0.203874	0.04483448	1.351152	0.5700714	0.168146
19884	-407.1648	-418.3913	11.22655	0.0497167	0.394634	0.061175	0.494474	0.04372126	1.290123	0.9561574	0.1213711
19890	-424.8493	-431.3846	6.535324	0.686361	0.0919347	0.124788	0.0969155	1.20802	1.194331	0.7487957	11.80768
19896	-422.8461	-429.0023	6.156211	0.825556	0.0903671	0.06225	0.0218268	1.092096	1.072179	0.8752935	14.14443
19902	-412.9423	-423.0557	10.11346	0.856853	0.00759062	0.0468384	0.0887177	0.5098363	0.6172747	1.466375	3.148931
19908	-415.0209	-424.5808	9.559969	0.968165	0.00870393	0.00357919	0.019552	0.3082248	1.444323	1.029178	3.908633
19914	-414.709	-423.5414	8.832378	0.886951	0.00797382	0.00599692	0.0990778	0.4413545	1.376337	0.6624084	6.186025
19920	-418.0788	-427.7117	9.632967	0.753163	0.0283734	0.101685	0.116779	0.5278577	0.9229347	1.060166	4.382068
19926	-414.9309	-424.9518	10.02096	0.830926	0.014868	0.0504677	0.103738	0.4552729	1.116154	0.9760663	3.542225
19932	-413.7354	-425.0812	11.3458	0.277687	0.620761	0.0228128	0.0787392	0.03634162	1.087734	0.7475402	0.5286554
19938	-414.3108	-425.5293	11.21851	0.125019	0.487146	0.129547	0.258288	0.02830401	1.07139	0.6969168	0.235255
19944	-411.9041	-424.3123	12.40818	0.26012	0.471681	0.023457	0.244742	0.06533799	0.5387177	1.141611	0.3169677
19950	-410.102	-420.7511	10.64911	0.131441	0.381921	0.0414883	0.44515	0.03446898	1.554903	0.5099896	0.08283644
19956	-409.7588	-419.9723	10.21351	0.113508	0.201691	0.035828	0.648973	0.03696039	0.793478	2.078458	0.2117522
19962	-413.5677	-426.0026	12.43492	0.239932	0.426331	0.0757326	0.258004	0.05837822	0.4563151	1.096127	0.2117522
19968	-411.6399	-423.0451	11.40519	0.189909	0.286595	0.0229658	0.50053	0.03849742	0.8390157	0.8341247	0.08735562
19974	-411.8759	-422.7689	10.89295	0.215486	0.325195	0.0260589	0.43326	0.02701991	0.9738274	1.022343	0.1559404
19980	-413.7282	-424.8392	11.11104	0.338624	0.276613	0.0221658	0.362597	0.03899563	1.067416	0.6898973	0.07043338
19986	-415.7809	-427.9615	12.18057	0.28629	0.226224	0.0497629	0.437723	0.07078436	0.6084514	1.352674	0.2411979
19992	-409.1911	-421.6169	12.42588	0.90647	0.054262	0.0365577	0.00270994	0.3891777	0.7835741	0.9455118	0.8622304
19998	-406.5895	-418.2052	11.61564	0.873315	0.0468292	0.03155	0.048306	0.3891777	1.254585	0.9433892	1.206996
20004	-409.4712	-421.1273	11.65616	0.852588	0.0457178	0.052039	0.0496548	0.5867674	1.334436	1.263505	0.5596432
20010	-413.6048	-425.1379	11.53314	0.508286	0.38002	0.0362066	0.0754876	0.07866648	0.08916939	1.737832	1.050812
20016	-416.5877	-427.8914	11.30373	0.531666	0.261345	0.0279527	0.179036	0.06482495	0.06865964	2.165186	0.5080768
20022	-409.9362	-421.5564	11.62011	0.43837	0.199575	0.0263992	0.335656	0.0641555	0.161486	2.005982	0.2350854
20028	-414.6883	-425.8919	11.20357	0.601694	0.128541	0.0297117	0.240053	0.06480377	0.1277991	2.305672	0.2350854
20034	-415.8111	-426.5876	10.77653	0.638543	0.0428092	0.0099337	0.308714	0.05768492	0.1622458	1.723487	1.49217
20040	-417.9224	-428.0033	10.08089	0.266475	0.592699	0.0997167	0.0411089	0.1427425	1.035518	1.123093	3.321513
20046	-416.1392	-427.3896	11.25046	0.543425	0.401863	0.0387408	0.0159711	0.2867011	0.9302871	0.9763297	2.073218
20052	-416.0222	-425.882	9.859821	0.817497	0.0962716	0.00749171	0.0787397	0.0392376	0.1928842	1.216773	3.014714
20058	-411.1393	-421.6725	10.53315	0.875826	0.0590944	0.00553039	0.0595494	0.0392376	0.2116475	1.391693	1.705412
20064	-411.1045	-421.863	10.75848	0.778153	0.0614573	0.00575152	0.154638	0.0550398	0.400398	1.391693	1.705412
20070	-409.9256	-421.2675	11.34187	0.852055	0.0590617	0.0117423	0.0771415	0.04695964	0.5221502	1.391693	0.7553736
20076	-411.2237	-422.9328	11.70907	0.887937	0.044737	0.00889433	0.0584317	0.04684663	0.1520178	1.391693	0.7553736
20082	-425.0711	-435.8067	10.73568	0.148504	0.673783	0.0869127	0.090801	0.5296557	1.677417	0.4176024	1.863525
20088	-416.9486	-427.743	10.79437	0.649916	0.174173	0.022933	0.152978	0.3631065	1.791966	0.4497345	1.849006
20094	-411.4381	-424.0793	12.64126	0.242346	0.116742	0.00536496	0.635547	0.07155475	0.644384	0.7186539	0.1323147
20100	-412.554	-424.862	12.30803	0.430453	0.0744605	0.00829794	0.486789	0.09134254	0.468587	1.439671	0.1442278
20106	-409.0779	-421.2356	12.15769	0.427792	0.325075	0.00674976	0.240383	0.07657874	1.346544	0.6458082	0.1887619
20112	-414.3798	-426.5659	12.18613	0.267564	0.195186	0.0117011	0.525549	0.1124375	1.650887	0.5357595	0.2170764
20118	-412.0581	-424.3088	12.25075	0.197741	0.27309	0.0177605	0.511408	0.0858203	1.245737	0.6153179	0.1339909
20124	-412.7138	-424.5012	11.7874	0.225963	0.377083	0.0592243	0.33773	0.062198	1.486691	0.5614021	0.1511994
20130	-416.883	-428.2877	11.40468	0.217811	0.399556	0.0570876	0.325545	0.04476525	1.262782	1.004529	0.1945359
20136	-418.7647	-428.5888	9.824136	0.240297	0.544979	0.0948827	0.119841	0.02257151	1.460595	1.338086	0.2503487
20142	-409.681	-421.1471	11.46609	0.129977	0.216494	0.01731	0.636219	0.0609708	0.9447417	1.438287	0.1401929
20148	-413.9349	-425.6064	11.67148	0.189963	0.486301	0.0128228	0.310913	0.0609708	0.6461816	1.551093	0.1636913
20154	-416.1197	-427.6374	11.51771	0.226944	0.400717	0.0299719	0.342367	0.04220798	1.060725	0.8409007	0.1224872
20160	-415.9886	-427.9367	11.94811	0.21174	0.375802	0.0117276	0.40073	0.0531128	1.060725	0.8409007	0.1841253
20166	-410.0655	-422.3925	12.32695	0.186513	0.402623	0.0144219	0.396441	0.08559515	1.060725	0.8801317	0.1577941
20172	-410.1988	-420.202	10.00324	0.141904	0.427935	0.0312716	0.398889	0.02375313	1.359893	0.3777014	0.06484712
20178	-413.4037	-425.1715	11.76777	0.213697	0.644439	0.0623486	0.0795153	0.04267264	1.091661	0.7165106	0.2141207
20184	-419.952	-432.2325	12.28046	0.0849198	0.727462	0.0119094	0.175708	0.2156698	1.706994	0.3213264	0.2674229
20190	-418.6116	-428.8663	10.2547	0.511252	0.233079	0.0377086	0.21796	0.03689749	0.9638719	1.193186	1.338385
20196	-413.3791	-425.4484	12.0693	0.601277	0.342509	0.0324089	0.0238054	0.0813914	1.006899	1.193186	0.3324647
20202	-420.2733	-431.7197	11.44644	0.763625	0.0124169	0.14675	0.0772086	0.7070464	0.02417465	1.739519	1.316351
20208	-415.6919	-426.6906	10.99865	0.934776	0.0151999	0.0149296	0.0350942	0.5556442	0.1164562	1.692569	2.022012
20214	-417.9289	-429.9969	12.06802	0.396366	0.4465	0.0405344	0.116599	0.1583755	0.741324	1.34107	0.814151
20220	-416.0872	-428.0328	11.94562	0.812779	0.0942985	0.0104806	0.0824423	0.5021971	0.04458709	1.692569	1.063526
20226	-415.9196	-426.8085	10.88886	0.906292	0.0275605	0.00472602	0.0614213	0.6309082	0.1772236	1.995078	1.440603
20232	-423.813	-433.2249	9.411944	0.881557	0.035356	0.00458629	0.0785003	1.810406	0.803902	1.518774	1.961956
20238	-427.0689	-436.1596	9.0907	0.717699	0.133701	0.0104853	0.138115	1.353003	0.8927349	1.080386	3.823567
20244	-416.861	-428.0107	11.14966	0.756514	0.00439162	0.00671055	0.232384	0.5886947	0.3786375	1.502319	1.780395
20250	-412.4673	-423.2513	10.784	0.829257	0.0221649	0.00359975	0.144979	0.2896617	1.28552	0.8901267	2.339828
20256	-411.4967	-422.4534	10.95672	0.910894	0.013148	0.00395413	0.0720036	0.4214017	1.271937	1.215552	1.56933
20262	-408.4052	-420.678	12.27279	0.811312	0.00809106	0.00230477	0.178292	0.4214017	1.145618	0.9445854	0.6384204
20268	-407.3042	-419.6015	12.29731	0.833954	0.00261481	0.0126444	0.150787	0.4293102	1.031985	0.9445854	0.7158843
20274	-405.4998	-417.7553	12.25548	0.802033	0.00310654	0.0157163	0.179144	0.4163441	0.7910713	1.005094	0.9420451
20280	-405.376	-416.7619	11.38586	0.865924	0.00489522	0.010419	0.118762	0.3281423	1.481275	1.118567	1.068065
20286	-404.3359	-416.2492	11.9133	0.895896	0.00506466	0.00755843	0.0914805	0.2975537	1.186119	0.9031667	1.068065
20292	-410.6969	-422.8988	12.20198	0.921508	0.00533646	0.00796407	0.0651916	0.2250441	1.694977	0.4657638	0.5073014
20298	-410.1541	-421.7647	11.61055	0.783554	0.0449139	0.0377411	0.133791	0.4096993	1.843702	0.4657638	0.8520409
20304	-410.6939	-422.1327	11.4388	0.887827	0.023866	0.0427636	0.0455436	0.3846269	1.441379	0.8539354	1.285448
20310	-416.4513	-426.2332	9.781835	0.928717	0.0285878	0.0319082	0.0107872	0.4159255	1.368899	0.8610964	3.781648
20316	-412.4035	-421.8526	9.449103	0.932341	0.0247972	0.0320327	0.0108293	0.8257996	1.14912	1.00392	3.781648
20322	-411.0463	-422.3407	11.29439	0.910913	0.0376465	0.0133343	0.0381058	0.8257996	0.6724551	1.278937	1.307976
20328	-409.2622	-420.747	11.4848	0.857708	0.0295151	0.0104542	0.102323	0.6516287	1.080506	0.8906299	1.307976
20334	-406.4552	-418.578	12.1228	0.868645	0.0305619	0.00934329	0.0914494	0.3836518	1.057431	0.6411096	1.115549
20340	-406.1317	-418.3458	12.21411	0.85228	0.0260492	0.00916726	0.112504	0.3235323	1.217561	0.8857388	0.7457412
20346	-414.8209	-427.5548	12.73383	0.727663	0.11346	0.0573174	0.101559	0.3765275	1.100128	0.6934938	0.4572702
20352	-411.7712	-424.1986	12.42739	0.763478	0.119044	0.0601385	0.0573395	0.3790702	1.446249	0.6015238	0.4572702
20358	-409.79	-421.7814	11.9914	0.861472	0.0929507	0.000806253	0.0447711	0.2968224	1.446249	0.516256	0.9444211
20364	-429.0836	-436.0463	6.962685	0.720566	0.0886211	0.0985825	0.0922306	1.107586	1.495109	0.5964134	9.624604
20370	-412.387	-422.6466	10.2596	0.848203	0.041706	0.0281836	0.0819069	0.6005235	1.007007	1.013143	2.992002
20376	-414.7538	-424.4121	9.658265	0.873446	0.0429472	0.0239723	0.0596347	0.7420787	0.494374	1.679527	3.225698
20382	-405.2599	-416.663	11.40304	0.886796	0.0436036	0.00972281	0.0598779	0.4442363	1.07751	1.293162	1.161948
20388	-409.6374	-421.502	11.86457	0.794481	0.0402799	0.0385294	0.12671	0.5563893	1.335037	1.149091	0.5171411
20394	-420.4488	-431.3822	10.93332	0.829365	0.0548797	0.063929	0.0518265	0.7073369	0.9389768	0.9715591	1.982069
20400	-409.1617	-421.1128	11.95113	0.806858	0.0254552	0.0589278	0.108759	0.45482	0.9119023	1.488796	0.5342535
20406	-406.4244	-417.6985	11.27413	0.887185	0.0187333	0.0140429	0.0800388	0.3538941	1.100168	1.400155	1.211283
20412	-404.1531	-415.8771	11.72398	0.91405	0.0235395	0.0176457	0.0447648	0.3763074	0.7906726	1.442219	0.9935549
20418	-404.4493	-416.4506	12.00127	0.942999	0.00948515	0.0182046	0.0293109	0.4372789	1.291304	0.9583469	0.7313935
20424	-405.1366	-416.8524	11.7158	0.899916	0.0090518	0.0173729	0.0736592	0.34607	0.9992146	1.282196	1.017576
20430	-404.3582	-416.2717	11.91355	0.903516	0.0142023	0.00832799	0.0739538	0.3674508	1.277738	0.951662	0.8906472
20436	-409.0612	-421.0342	11.97292	0.939451	0.0147672	0.00450435	0.0412778	0.5057575	1.073516	0.9669253	0.896024
20442	-407.182	-419.7289	12.54687	0.931274	0.0146387	0.0131684	0.0409185	0.398131	0.9507	0.6550013	0.7840528
20448	-410.3397	-422.2662	11.92641	0.935298	0.0162457	0.00736072	0.0410953	0.2656238	1.226663	0.8839025	1.040106
20454	-403.8455	-415.2043	11.35882	0.85278	0.0175173	0.0101097	0.119593	0.3889842	1.007893	1.69249	0.7961874
20460	-409.6829	-420.994	11.31105	0.795071	0.0163319	0.0565467	0.132051	0.4290713	1.116102	1.394743	1.099381
20466	-409.2492	-421.3811	12.13191	0.931017	0.00618522	0.0214154	0.0413828	0.3436956	0.9517305	1.276993	0.6692373
20472	-416.8609	-427.7897	10.92886	0.776048	0.00515568	0.00423017	0.214566	0.3436956	1.589155	1.824468	0.5033832
20478	-413.6552	-426.2225	12.5673	0.867429	0.00319234	0.00724615	0.122133	0.3436956	0.787292	1.19408	0.5036664
20484	-414.8361	-424.9311	10.09503	0.833149	0.132629	0.0252553	0.00896571	0.8331535	0.9804282	0.9545654	2.99779
20490	-414.1143	-424.4506	10.33629	0.897821	0.0413748	0.0153886	0.0454158	0.2578517	0.6682116	1.83015	2.215353
20496	-409.1422	-421.3302	12.18808	0.906828	0.0557049	0.0112949	0.0261717	0.3296857	1.461985	0.9556027	0.4705688
20502	-407.5308	-420.4676	12.93684	0.863234	0.0645685	0.00756998	0.0646272	0.325779	1.043191	0.710279	0.2929392
20508	-408.9855	-420.5993	11.61387	0.900919	0.0349988	0.00645421	0.0576276	0.2558572	1.159244	1.353912	0.90833
20514	-412.2253	-422.966	10.74063	0.852526	0.0331188	0.00610751	0.108248	0.5089924	1.642731	0.4353956	1.937144
20520	-415.9358	-428.0303	12.09447	0.862144	0.055014	0.0249443	0.0578974	0.4746681	1.48505	0.9519507	0.4215349
20526	-408.9793	-421.4856	12.50623	0.876211	0.0582953	0.0216166	0.043877	0.2909569	1.488608	0.7104233	0.2971736
20532	-407.566	-419.3037	11.73767	0.784797	0.029618	0.00643495	0.17915	0.4292343	0.7849399	1.41173	0.9805729
20538	-407.3969	-418.9706	11.57373	0.802257	0.0559209	0.0265516	0.115271	0.4582151	0.9488965	1.594232	0.7196629
20544	-412.1302	-423.3282	11.19797	0.828873	0.0488067	0.0279358	0.0943844	0.3757281	0.4443604	1.21487	2.394635
20550	-411.5311	-422.6872	11.15611	0.825516	0.0402123	0.0278226	0.10645	0.3757281	0.7612523	1.21487	2.009655
20556	-412.4907	-423.6088	11.11808	0.787375	0.0421809	0.0283246	0.142119	0.3757281	1.026106	1.095787	1.889017
20562	-413.064	-425.3698	12.30574	0.855295	0.0244079	0.0154661	0.104831	0.3737365	1.310894	0.8138254	0.5947045
20568	-417.1275	-430.0527	12.92516	0.922609	0.0127155	0.0100629	0.0546124	0.2885009	0.8232801	0.84962	0.4867344
20574	-409.3713	-421.7116	12.34024	0.905536	0.00159633	0.00883821	0.0840298	0.3465071	1.206063	0.8924138	0.6184487
20580	-409.5397	-421.4364	11.8967	0.83377	0.0116829	0.00689796	0.147649	0.3220812	1.946589	0.6690531	0.4988995
20586	-406.7131	-418.7724	12.05929	0.869828	0.0241647	0.00669731	0.0993103	0.4099938	1.656721	0.7270934	0.5287498
20592	-410.7649	-422.6234	11.85855	0.876743	0.0474448	0.0271918	0.0486199	0.4205938	0.6366017	1.239946	1.237483
20598	-410.143	-422.3971	12.25419	0.85767	0.0742601	0.0205078	0.0475622	0.4205938	1.064034	0.6623319	0.9351955
20604	-411.1167	-421.8579	10.74117	0.874688	0.0592121	0.0252309	0.0408687	0.4542732	1.414999	0.5704124	2.323074
20610	-411.6192	-422.4623	10.84312	0.904498	0.00712714	0.029326	0.0590491	0.2404452	1.387591	0.6944252	2.323074
20616	-416.9723	-426.4165	9.444223	0.911537	0.0117071	0.0406996	0.0360561	0.509715	1.359591	0.6944252	4.550949
20622	-415.3645	-425.6621	10.29758	0.855808	0.0203615	0.0382113	0.0856194	0.3175804	1.343998	0.6944252	3.22992
20628	-418.251	-430.5302	12.27915	0.781771	0.0186	0.114967	0.0846629	0.5251723	1.102505	0.5359682	0.8160166
20634	-409.9566	-421.5534	11.5968	0.7937	0.0104097	0.112813	0.0830773	0.6023754	1.101265	0.8173008	1.286092
20640	-410.883	-423.0689	12.18589	0.921986	0.00585087	0.063408	0.00875551	0.5118064	0.9273184	1.299922	0.4702025
20646	-406.544	-418.8302	12.28624	0.920176	0.00467505	0.0632836	0.0118654	0.4598577	1.307227	0.7587763	0.5833808
20652	-417.4359	-427.867	10.43107	0.226345	0.679217	0.069121	0.0253166	0.1179808	0.2257578	2.528157	1.093178
20658	-409.8149	-422.0115	12.19665	0.30277	0.615077	0.0385774	0.0435762	0.1647158	0.7679448	1.570628	0.3727288
20664	-411.3063	-423.4617	12.15534	0.0252631	0.601617	0.136978	0.236141	0.05688704	0.1322868	1.521591	0.165344
20670	-415.6453	-426.9989	11.35367	0.06013	0.736415	0.0985584	0.104897	0.05688704	0.2611612	1.992906	0.165344
20676	-412.0598	-424.1587	12.09895	0.0400647	0.490423	0.0656696	0.403843	0.1304426	0.3592959	1.899044	0.2260039
20682	-411.8211	-423.3878	11.56671	0.810453	0.171659	0.0103018	0.00758649	0.3661371	1.978552	0.2725052	0.6569569
20688	-407.0858	-418.9964	11.91059	0.92094	0.0478285	0.00310116	0.0281299	0.3661371	1.847137	0.668136	0.5551128
20694	-405.6647	-417.4766	11.81186	0.81276	0.0637119	0.00403137	0.119497	0.3661371	1.503277	0.7762952	0.9142274
20700	-408.2717	-420.0588	11.78706	0.0025226	0.550734	0.124786	0.321957	0.05187253	1.098132	0.9828518	0.2260039
20706	-411.3193	-423.0429	11.72359	0.00276046	0.436901	0.133299	0.427039	0.05232194	1.376486	0.7294855	0.2173714
20712	-418.6181	-429.7017	11.08364	0.0110766	0.556791	0.215571	0.216562	0.04811845	1.501193	0.9231036	0.5995449
20718	-413.9221	-425.0734	11.15126	0.00880764	0.360566	0.0916128	0.539014	0.05329625	0.6359747	1.693557	0.1086037
20724	-407.4593	-419.2175	11.75811	0.0150762	0.417908	0.076289	0.490727	0.04281758	0.7354401	0.8830514	0.1086037
20730	-408.5622	-419.9953	11.4331	0.0656416	0.5767	0.0891215	0.268537	0.03495304	0.7615836	1.03781	0.1378294
20736	-412.4244	-423.4919	11.0675	0.116353	0.375892	0.0468139	0.460941	0.03419605	1.340413	0.7590711	0.1378294
20742	-411.238	-421.558	10.32001	0.146148	0.50975	0.0588016	0.285301	0.03233961	1.049407	1.320244	0.07600378
20748	-410.7493	-421.7824	11.0331	0.118318	0.459682	0.0819733	0.340027	0.03548853	1.056138	1.264975	0.2343435
20754	-412.4756	-424.2396	11.76404	0.192825	0.399254	0.0383288	0.369593	0.1095122	0.2141784	2.14856	0.3068127
20760	-408.5982	-420.5701	11.97184	0.150563	0.674364	0.137075	0.0379975	0.04968771	0.2500868	1.456047	0.1651336
20766	-406.9088	-418.8347	11.9259	0.0590873	0.758835	0.104958	0.077119	0.06853744	0.3749267	1.649072	0.1651336
20772	-414.1	-425.5727	11.47264	0.106122	0.75886	0.104962	0.0300565	0.0635451	0.2025105	2.056557	0.3224658
20778	-424.2835	-435.3666	11.08318	0.0417629	0.494877	0.319301	0.144059	0.06382887	0.6186455	2.056557	0.2561241
20784	-411.0082	-420.7688	9.760558	0.477381	0.249939	0.0196475	0.253033	0.0360688	0.9592191	2.172745	0.1416028
20790	-417.3564	-427.8056	10.4492	0.67852	0.217758	0.0236438	0.0800784	0.07736931	0.8761554	1.875996	1.136073
20796	-415.9035	-427.8427	11.9392	0.649092	0.171332	0.0359447	0.143631	0.07736931	0.2204599	1.848674	0.3341702
20802	-414.0968	-424.4427	10.34589	0.396375	0.434937	0.0541367	0.114551	0.03101227	1.981551	0.8294241	0.3077602
20808	-408.108	-418.7905	10.6825	0.337444	0.454519	0.0524345	0.155602	0.02576498	1.380438	0.7949164	0.2093856
20814	-411.9032	-422.5638	10.66061	0.528896	0.21674	0.0402632	0.214101	0.02498862	1.29329	0.7949164	0.1618748
20820	-412.5966	-423.3277	10.73101	0.313183	0.533296	0.0326351	0.120886	0.02498862	1.292358	0.7949164	0.239268
20826	-411.4826	-423.7063	12.22375	0.476116	0.417386	0.0667314	0.0397668	0.08985128	1.081688	1.056149	0.3326785
20832	-411.4269	-421.9195	10.49255	0.351455	0.516399	0.0632738	0.0688717	0.04656623	0.9775577	1.866061	0.4952581
20838	-421.3556	-432.6144	11.2589	0.0204131	0.697382	0.138154	0.144051	0.06480615	0.3727436	2.063368	0.3964637
20844	-416.2574	-427.4506	11.19317	0.355359	0.49029	0.0929883	0.0613633	0.06441304	1.015034	1.664758	0.3964637
20850	-411.2035	-422.3236	11.12008	0.570054	0.22611	0.0528609	0.150975	0.06134038	0.0003907891	1.948879	1.0129
20856	-408.8395	-420.57	11.73046	0.440824	0.263701	0.052092	0.243382	0.07166445	0.00167091	1.948879	0.1111594
20862	-408.7589	-420.5779	11.81896	0.542562	0.269987	0.0533337	0.134117	0.07872632	0.0007384024	2.058385	0.1610744
20868	-412.009	-423.319	11.31001	0.237277	0.408497	0.0690843	0.285142	0.07104782	0.0009705832	2.37185	0.283921
20874	-414.3756	-425.4855	11.10989	0.377138	0.444953	0.109806	0.0681026	0.06612967	0.005339603	2.37185	0.137076
20880	-413.4081	-424.3339	10.92578	0.38515	0.454405	0.0908958	0.0695493	0.06612967	0.004669265	2.17785	0.9314882
20886	-406.6288	-417.0229	10.39404	0.839985	0.114277	0.0228591	0.0228789	0.06192186	0.002707617	2.366247	1.10713
20892	-408.877	-419.3284	10.45144	0.743544	0.189703	0.0379467	0.0288068	0.06548855	0.001052746	2.366247	1.10713
20898	-408.6022	-420.5471	11.9449	0.683321	0.174338	0.0348732	0.107468	0.06548855	0.003975833	1.854035	0.1573544
20904	-408.0533	-419.2102	11.1569	0.256832	0.478129	0.0956412	0.169398	0.05473369	0.003548358	2.204508	0.131117
20910	-412.929	-422.4628	9.533764	0.902209	0.0216383	0.00708133	0.0690718	0.2276343	2.523564	0.1234136	1.765217
20916	-415.8718	-426.361	10.48918	0.856419	0.0181981	0.0168078	0.108575	0.2687676	2.523564	0.1234136	0.7401255
20922	-409.4757	-420.3562	10.8805	0.954682	0.00628294	0.0015498	0.0374857	0.2233407	2.523564	0.1357319	0.4226994
20928	-405.8763	-417.1141	11.23775	0.869623	0.00663795	0.000555202	0.123183	0.1996118	2.423066	0.2040385	0.4227219
20934	-403.4438	-414.5945	11.15074	0.86309	0.0086945	0.000544121	0.127671	0.1996118	2.383043	0.2145942	0.5810838
20940	-408.6232	-417.5606	8.937358	0.91646	0.000975907	0.000700133	0.0818637	0.1805248	2.356754	0.1155646	2.718195
20946	-406.5945	-418.883	12.28854	0.849008	0.001448	0.00126812	0.148276	0.3729511	1.617073	0.7085647	0.3672376
20952	-416.8708	-429.5858	12.71496	0.00125075	0.934848	0.0428562	0.0210455	0.1186697	0.9212468	0.8107936	0.1474437
20958	-417.1903	-429.0706	11.88036	0.00116889	0.956008	0.0231554	0.019668	0.05728075	1.345588	0.6977363	0.2643705
20964	-420.4777	-432.3234	11.84575	0.0189335	0.24401	0.0659909	0.671066	0.05479029	1.113828	0.9278181	0.1777086
20970	-411.5086	-422.3522	10.8436	0.0232926	0.841946	0.0506514	0.0841096	0.03431727	1.12771	1.138747	0.5473932
20976	-410.0775	-421.3062	11.22865	0.0757612	0.574103	0.0365545	0.313581	0.04544528	1.424753	1.015988	0.1766973
20982	-407.5689	-417.7222	10.15328	0.0525474	0.616204	0.0540841	0.277164	0.03116005	1.488209	0.5966153	0.05466269
20988	-410.1082	-420.4049	10.29678	0.0113678	0.171861	0.0450631	0.771708	0.03736882	1.228689	0.9755061	0.04951594
20994	-412.379	-424.0895	11.71045	0.00435089	0.535158	0.0320253	0.428466	0.06876472	1.131049	1.207976	0.1497155
21000	-408.4298	-419.5696	11.13983	0.0110768	0.585199	0.0815325	0.322191	0.04224225	1.096386	1.124793	0.1088901
21006	-407.3546	-419.1575	11.80284	0.0135615	0.638548	0.108877	0.239013	0.05324649	0.9080101	1.166688	0.2097625
21012	-408.4202	-419.4354	11.01518	0.0122995	0.485285	0.0827446	0.419671	0.0445742	1.023611	1.369818	0.1140146
21018	-408.5908	-419.9546	11.36381	0.00895805	0.39588	0.0557543	0.539408	0.06264506	0.7791247	1.678912	0.1516816
21024	-412.4005	-423.1361	10.73555	0.0170487	0.618352	0.10611	0.258489	0.07173628	0.5862924	2.288397	0.4624517
21030	-409.2715	-420.7175	11.44603	0.038195	0.734935	0.0619256	0.164944	0.07176115	1.268379	1.417551	0.224026
21036	-413.941	-426.1661	12.22509	0.499272	0.427184	0.0532081	0.0203365	0.06383354	0.7916717	1.073381	0.2364326
21042	-417.5049	-429.1256	11.62066	0.703934	0.145358	0.0963495	0.0543584	0.7027836	0.04456605	1.491331	1.487913
21048	-416.6235	-427.2717	10.64827	0.854043	0.11637	0.0181566	0.0114312	0.9454264	0.03070833	1.674134	2.095674
21054	-416.819	-427.3388	10.51978	0.647878	0.281456	0.0430176	0.0276479	0.8842875	0.3976535	1.674134	1.86276
21060	-418.974	-431.6927	12.71875	0.497564	0.431492	0.023807	0.0471373	0.1967711	0.3526276	1.421448	0.5198179
21066	-415.2591	-427.173	11.91391	0.381644	0.307229	0.0165105	0.294616	0.1491381	0.8741457	0.9784219	1.226804
21072	-409.3552	-421.1577	11.80251	0.0136487	0.698582	0.168715	0.119055	0.0477545	0.9870868	0.9101192	0.1614438
21078	-412.6121	-423.8615	11.24946	0.0599464	0.43204	0.22618	0.281834	0.04535947	0.7992421	1.498409	0.1614438
21084	-409.8438	-421.426	11.58224	0.0294874	0.749167	0.126831	0.0945152	0.05521281	0.6969004	1.39915	0.1194831
21090	-418.0338	-429.2376	11.20387	0.311238	0.47711	0.121597	0.0900552	0.0652296	0.3597717	1.482772	1.303011
21096	-416.8441	-427.7098	10.8657	0.502859	0.292788	0.0444494	0.159903	0.06636465	1.127202	1.482772	0.07193867
21102	-413.5902	-423.4187	9.828441	0.41931	0.142691	0.0123252	0.425674	0.03448988	1.050502	2.078961	0.1803053
21108	-412.9652	-422.6521	9.686875	0.667344	0.098608	0.0179154	0.216133	0.06104583	0.5599202	2.565364	0.9242704
21114	-410.6345	-420.4643	9.82988	0.652519	0.106242	0.0299071	0.211332	0.05990148	0.2798241	2.764453	0.7266329
21120	-412.5244	-422.257	9.732605	0.389577	0.48516	0.0912387	0.0340244	0.02347862	2.033833	0.6252128	0.5786116
21126	-408.6987	-419.7297	11.03101	0.0802541	0.790554	0.102454	0.0267383	0.04351725	1.189435	1.134037	0.1016287
21132	-408.7932	-420.7116	11.91846	0.0958177	0.830716	0.0453698	0.0280967	0.0431553	0.9504728	0.7319479	0.2243296
21138	-413.0673	-424.374	11.30669	0.507627	0.306083	0.0658411	0.120449	0.04469326	1.555777	0.4472827	0.460311
21144	-413.9649	-425.6022	11.63731	0.520344	0.291177	0.0371248	0.151353	0.08595084	1.218414	0.9985622	0.8175294
21150	-410.9763	-420.7206	9.744265	0.644486	0.160326	0.0287248	0.166464	0.04792674	0.9794421	1.72006	1.503477
21156	-408.8296	-420.3299	11.50033	0.242142	0.478731	0.100781	0.178347	0.04075444	1.034939	1.038248	0.2380344
21162	-410.1549	-421.6175	11.46265	0.022917	0.611491	0.113107	0.252485	0.0459862	0.7988912	1.368662	0.356805
21168	-411.7299	-422.8316	11.10169	0.0122391	0.829426	0.137802	0.0205329	0.03938527	0.7126591	1.543893	0.1663089
21174	-413.4808	-425.5272	12.04639	0.0129028	0.798981	0.145275	0.042842	0.05510445	0.1527754	1.535487	0.1491822
21180	-414.7898	-426.6945	11.90471	0.0138397	0.856994	0.083214	0.0459527	0.06272497	0.04400932	1.737413	0.1184566
21186	-411.754	-423.7714	12.01738	0.0132838	0.822572	0.155341	0.00880247	0.06565221	0.04258706	1.737413	0.1352888
21192	-406.881	-418.5016	11.6206	0.431458	0.488085	0.075251	0.00520609	0.05470553	0.2342886	1.737413	0.1308204
21198	-412.3375	-423.6193	11.28178	0.257596	0.600076	0.138827	0.00350148	0.06447731	0.9182464	1.498241	0.09946706
21204	-411.6258	-422.329	10.70318	0.821861	0.0379751	0.0147995	0.125364	0.4799514	0.6963424	1.466499	2.159177
21210	-414.5044	-424.0474	9.543	0.033581	0.7437	0.119228	0.103492	0.03481111	1.250745	2.14703	0.3428432
21216	-418.8736	-428.0504	9.176861	0.020522	0.773012	0.20174	0.0047263	0.03660956	1.204861	2.453472	0.1815094
21222	-419.4984	-429.2081	9.709626	0.0298125	0.750495	0.212584	0.00710843	0.02861913	1.699006	1.473072	0.4214403
21228	-421.5203	-431.87	10.34972	0.0632006	0.74061	0.18249	0.0136997	0.02861913	1.517604	0.9817401	0.5431518
21234	-419.3685	-430.312	10.94346	0.698126	0.17116	0.0375262	0.0931874	0.4398787	2.385705	0.1765109	0.5730448
21240	-411.4884	-422.9864	11.49801	0.792696	0.130423	0.0369585	0.0399233	0.4436458	2.131101	0.2024466	0.1910517
21246	-409.0007	-419.122	10.12131	0.887651	0.0389372	0.0101095	0.0633019	0.2938903	2.131101	0.3552512	2.291973
21252	-408.153	-418.4591	10.30607	0.904878	0.0153837	0.0115671	0.0681709	0.2938903	2.250604	0.1870799	1.505096
21258	-411.902	-421.355	9.453011	0.868234	0.0539933	0.0371557	0.0406175	0.325988	2.24548	0.167866	2.532615
21264	-418.2168	-425.0323	6.815522	0.900556	0.0187754	0.0385389	0.0421296	0.3630937	2.452074	0.1760375	8.108279
21270	-410.3241	-420.1136	9.789446	0.871404	0.0548432	0.0167915	0.0569617	0.4177926	2.45875	0.2163441	1.885894
21276	-418.2698	-427.8414	9.571661	0.701883	0.16166	0.043232	0.0932249	0.6228022	2.362164	0.3318495	2.303762
21282	-417.3186	-430.0048	12.68617	0.0903894	0.697882	0.0020589	0.20967	0.176012	0.7844562	1.18379	0.1676269
21288	-412.7066	-424.8671	12.16054	0.0975535	0.888007	0.00134344	0.0130965	0.1351789	1.0985	1.074134	0.6247487
21294	-416.6218	-427.1278	10.50602	0.762352	0.0876958	0.0816541	0.068298	0.8159759	2.407086	0.229447	0.7473062
21300	-410.906	-422.4518	11.54584	0.846759	0.074622	0.0025431	0.0760756	0.2808515	2.333059	0.4952933	0.5276483
21306	-406.8349	-418.564	11.72911	0.857357	0.0610422	0.00364043	0.0779608	0.3149921	1.585658	0.7786801	0.9450318
21312	-417.7434	-428.5822	10.83872	0.779023	0.0831969	0.00330782	0.134472	0.4743833	1.182302	1.080815	1.956689
21318	-412.5079	-422.3273	9.819414	0.789383	0.0482228	0.00289993	0.159494	0.2800448	1.458583	0.9378147	3.577438
21324	-410.1054	-422.3757	12.27027	0.856263	0.0606946	0.00364993	0.079392	0.2758103	1.35945	1.011241	0.4591839
21330	-406.375	-418.7209	12.34593	0.856263	0.0606946	0.00364993	0.079392	0.3164767	1.231293	0.7802809	0.6913488
21336	-407.2142	-419.8721	12.65785	0.901866	0.0700912	0.00783556	0.020207	0.2750209	1.212649	0.7783561	0.4193728
21342	-405.7881	-418.2555	12.4674	0.901866	0.0700912	0.00783556	0.020207	0.3192516	1.414551	0.7353837	0.4193728
21348	-408.3027	-421.2053	12.90263	0.89885	0.0698567	0.00780935	0.0234842	0.3509364	0.8034089	0.8201438	0.5194851
21354	-410.1038	-422.481	12.37723	0.796699	0.047865	0.00692184	0.148514	0.3509364	1.457814	0.8674641	0.3236121
21360	-405.4201	-417.3473	11.92721	0.909636	0.0236426	0.00422394	0.0624972	0.4008677	1.445307	0.7002961	0.8791361
21366	-409.9698	-421.4636	11.49379	0.851818	0.0385606	0.00107076	0.10855	0.4008677	1.537705	0.7002961	1.225382
21372	-406.5049	-418.9039	12.39899	0.848931	0.0418192	0.00106713	0.108182	0.3429034	0.8438727	0.9306984	0.8764102
21378	-410.251	-421.9384	11.68747	0.833831	0.039817	0.0233489	0.103003	0.3507051	1.540392	1.321828	0.4712746
21384	-409.2803	-421.3391	12.05878	0.86497	0.0119379	0.0265536	0.0965385	0.3503127	1.329832	0.6968829	0.9032303
21390	-413.001	-425.6714	12.67033	0.863887	0.011923	0.0265203	0.09767	0.3503127	1.011543	0.6850456	0.6299648
21396	-414.0556	-426.2897	12.23416	0.809065	0.0233694	0.0196343	0.147931	0.4586422	0.6721821	0.7229127	1.289741
21402	-413.8346	-426.3181	12.48356	0.851024	0.018728	0.0166744	0.113573	0.3661432	0.9619979	0.8361347	0.7453409
21408	-414.2091	-425.5217	11.31261	0.886285	0.0178343	0.0158787	0.0800016	0.330329	2.092638	0.2302052	0.7325801
21414	-411.9223	-423.9916	12.06928	0.774634	0.0997083	0.0264507	0.0992073	0.3142586	1.788037	0.2737624	0.374045
21420	-411.1004	-423.7393	12.63887	0.856615	0.11884	0.0113283	0.0132165	0.6217913	1.08198	0.5640755	0.374045
21426	-409.1079	-421.7936	12.68567	0.93198	0.0559717	0.0055506	0.0064976	0.3068394	1.265418	0.6232554	0.4147743
21432	-408.5439	-420.391	11.84714	0.920221	0.0552655	0.00675153	0.0177615	0.3068394	1.603148	0.323179	0.8477755
21438	-407.1337	-418.8202	11.68646	0.939323	0.0508877	0.00317567	0.0066139	0.2656121	1.603148	0.382203	1.069022
21444	-409.1287	-421.2703	12.14159	0.937349	0.053006	0.000601542	0.00904328	0.4152002	1.747957	0.4122594	0.1553324
21450	-408.3979	-420.3115	11.91361	0.90799	0.0620662	0.00213754	0.0278063	0.3121723	1.747457	0.3791548	0.6903236
21456	-413.6994	-423.9955	10.29606	0.908715	0.0621158	0.00134087	0.0278285	0.2986412	1.402643	0.839088	2.97732
21462	-412.4894	-422.7634	10.27396	0.785533	0.111608	0.0016112	0.101248	0.3691063	1.400521	0.7460629	3.061433
21468	-407.7453	-419.6274	11.88206	0.863887	0.0646199	0.00544673	0.0660468	0.3566295	1.49394	0.734125	0.8893904
21474	-409.6165	-422.2595	12.64303	0.919408	0.0579632	0.00579679	0.0168323	0.3322365	1.296206	0.7751784	0.2295621
21480	-410.8153	-423.3418	12.52652	0.930412	0.0456975	0.0112101	0.0126805	0.3063893	1.385298	0.8332741	0.2608099
21486	-415.7515	-427.2772	11.52569	0.668716	0.223084	0.0462978	0.0619031	0.5238817	1.148477	0.6978268	1.494912
21492	-411.0817	-423.1531	12.07136	0.137573	0.530551	0.0647637	0.267112	0.05769428	1.183529	0.6582548	0.2436842
21498	-413.7682	-425.5541	11.78598	0.21905	0.499907	0.0663966	0.214647	0.0441209	0.6247997	1.05884	0.5350826
21504	-410.7821	-421.7108	10.92865	0.0719542	0.313483	0.0416361	0.572927	0.02720373	0.7325947	1.090026	0.1137741
21510	-411.5459	-422.4855	10.93955	0.391909	0.242619	0.0293651	0.336107	0.03946911	1.167163	1.129775	0.1030544
21516	-415.3749	-426.7933	11.41839	0.232109	0.3876	0.168398	0.211892	0.03946911	0.6424155	1.129775	0.0962428
21522	-411.264	-421.8254	10.56143	0.603316	0.299347	0.023061	0.074276	0.02308255	0.8460054	1.17241	0.1430451
21528	-410.3852	-421.6334	11.24815	0.277534	0.547806	0.0455167	0.129144	0.03321493	1.038461	0.8364348	0.1315186
21534	-412.6294	-424.0842	11.45475	0.908947	0.0668776	0.0175709	0.00660478	0.4916607	0.9088467	1.520547	0.9374309
21540	-411.5666	-422.7296	11.16294	0.0808863	0.566763	0.0347947	0.317556	0.0365143	1.373929	0.8397602	0.1842865
21546	-414.1782	-426.0126	11.83435	0.111936	0.497588	0.0882136	0.302262	0.0644226	0.9401147	1.237226	0.1635372
21552	-412.1837	-423.4116	11.22785	0.854084	0.0143954	0.0459841	0.0855361	0.4916607	0.950549	1.114532	1.688789
21558	-404.7336	-416.7431	12.00952	0.908799	0.0255478	0.0135788	0.0520748	0.5267515	1.344582	0.7996525	0.719759
21564	-408.0048	-420.7253	12.7205	0.883166	0.039262	0.0131958	0.0643761	0.2789477	1.340402	0.5875438	0.2781362
21570	-413.9041	-424.7887	10.88458	0.648364	0.13197	0.0574395	0.162227	0.7436529	1.639015	0.4400072	1.465348
21576	-419.2867	-427.6134	8.326705	0.55833	0.302054	0.0563022	0.0833133	0.5897153	1.619381	0.4400072	6.594522
21582	-419.0304	-431.0544	12.02395	0.213441	0.585022	0.126847	0.0746897	0.2723326	1.485519	0.328678	0.8081807
21588	-418.4114	-429.7445	11.33307	0.0276793	0.391437	0.0539104	0.526973	0.06961015	1.239079	0.598944	1.211013
21594	-414.4023	-426.0272	11.62492	0.885404	0.014545	0.0607488	0.0393024	0.465439	1.337816	0.8317154	1.140376
21600	-414.7274	-426.1529	11.42549	0.865743	0.0349246	0.066134	0.0331982	0.4936818	1.310568	0.8114886	1.3721
21606	-406.7954	-419.5022	12.7068	0.898745	0.0365415	0.02903	0.0356838	0.4018816	0.8959181	0.8114886	0.5879952
21612	-410.1428	-422.9609	12.81805	0.847246	0.100689	0.0209271	0.0311376	0.4018816	0.4193337	1.04556	0.7305537
21618	-405.131	-417.3736	12.2426	0.937663	0.0216745	0.0137326	0.0269298	0.3717512	0.6332507	1.375637	0.7305537
21624	-410.6973	-422.6311	11.93383	0.947478	0.0273944	0.0138764	0.0112511	0.5584144	1.174935	1.292118	0.4344407
21630	-408.1575	-420.6365	12.47899	0.965516	0.0293406	0.00292103	0.00222218	0.2455807	1.286643	0.8954171	0.4344407
21636	-407.5701	-419.634	12.06389	0.957917	0.0273007	0.0124778	0.00230439	0.417751	0.6128839	1.372528	0.8884945
21642	-408.8921	-421.1253	12.23325	0.911874	0.0564273	0.0288119	0.00288662	0.417751	0.8703863	0.9512044	0.9364843
21648	-416.9997	-429.3532	12.35341	0.839916	0.0876789	0.0633419	0.00906278	0.5328741	1.173153	0.7680759	0.5720619
21654	-415.2637	-426.7782	11.51454	0.890526	0.0531477	0.0295111	0.0268156	0.5404601	0.9289248	1.325767	1.060827
21660	-419.4802	-432.2963	12.81607	0.0278746	0.447334	0.0565465	0.468245	0.1956603	1.008623	0.670321	0.1225893
21666	-414.3451	-426.2032	11.85806	0.00894251	0.609466	0.0362853	0.345306	0.04867267	1.08717	0.670321	0.1441877
21672	-409.8776	-423.2897	13.41205	0.882529	0.0504127	0.0113531	0.0557052	0.4014429	0.3468162	0.6725139	0.5243949
21678	-405.1021	-417.8481	12.74597	0.857917	0.0798854	0.0110365	0.0511606	0.4365882	0.6634357	0.9658312	0.6147865
21684	-411.4678	-423.5239	12.05615	0.885587	0.0566196	0.0203375	0.0374555	0.4667084	0.8562342	0.9658312	1.068669
21690	-411.6103	-423.136	11.52567	0.890491	0.0569331	0.0204501	0.0321258	0.4667084	1.205418	1.11457	1.096368
21696	-416.0935	-427.0242	10.93067	0.831587	0.0949279	0.0191053	0.0543801	0.4350109	0.8004999	1.593139	1.570001
21702	-419.538	-431.8633	12.32534	0.534906	0.0984528	0.00069757	0.365943	0.1847558	1.665138	0.3850862	0.3286533
21708	-409.5478	-421.8321	12.28423	0.601112	0.110638	0.00046874	0.287781	0.3210354	1.761282	0.4322375	0.223641
21714	-407.9843	-419.6528	11.66859	0.839965	0.108113	0.000547694	0.0513749	0.4632396	2.104968	0.2839221	0.3503616
21720	-403.4345	-415.316	11.88148	0.875167	0.0194795	0.00191337	0.103441	0.2805603	1.470063	0.8499052	0.8692068
21726	-411.1583	-422.9703	11.81202	0.793996	0.0176728	0.00173591	0.186595	0.3582586	1.441903	1.380792	0.3465046
21732	-422.2832	-433.0926	10.80936	0.78768	0.180891	0.0028859	0.0285437	0.7471165	1.601588	0.2938315	1.462544
21738	-419.5132	-431.2863	11.77312	0.903687	0.0602544	0.00331093	0.0327475	0.4373293	1.939061	0.4158805	0.5707342
21744	-407.262	-418.0697	10.80773	0.857942	0.0106095	0.00358798	0.127861	0.3097917	2.124224	0.3296937	1.389998
21750	-411.3275	-419.1644	7.836919	0.828142	0.0333268	0.0151109	0.12342	0.394228	1.785868	0.3454054	7.966629
21756	-406.5973	-418.5294	11.93217	0.853546	0.0465184	0.0155744	0.0843611	0.3813347	1.995298	0.3239367	0.2971375
21762	-414.1384	-424.9049	10.76648	0.831275	0.0201075	0.000832132	0.147786	0.2768112	1.663517	0.8846042	1.860017
21768	-409.7561	-422.0046	12.24851	0.834504	0.0276855	0.00042567	0.137385	0.2041295	1.328407	1.144919	0.190379
21774	-411.3638	-423.3044	11.94054	0.837721	0.0972545	0.0132336	0.0517908	0.2740157	1.002364	0.9606428	1.182959
21780	-415.8008	-427.5395	11.73871	0.782755	0.0705514	0.0112636	0.13543	0.5230361	0.9938142	0.9389363	1.224813
21786	-418.803	-428.5188	9.715834	0.716764	0.0710588	0.0162916	0.195885	0.3840919	1.136184	0.9006365	4.369383
21792	-408.3083	-420.7231	12.41479	0.804322	0.0327475	0.00805461	0.154876	0.2939633	1.350871	0.7561022	0.5376909
21798	-405.6495	-417.6668	12.01736	0.903453	0.0367835	0.0118706	0.0478928	0.2654528	1.345288	0.5476168	1.024216
21804	-405.6004	-417.3177	11.71725	0.895736	0.0669844	0.0171444	0.0201351	0.3415012	1.291815	0.8246941	1.206171
21810	-420.0107	-430.5997	10.58906	0.756355	0.00461886	0.136452	0.102574	0.5408506	0.9779099	1.626988	1.586508
21816	-415.3056	-426.5042	11.1986	0.801135	0.00539198	0.0817201	0.111753	0.7700783	0.9999494	0.8876078	1.586508
21822	-416.1428	-425.683	9.540152	0.613572	0.0937214	0.0176438	0.275063	0.3726266	1.128286	1.491693	3.41996
21828	-411.498	-422.9904	11.49248	0.785692	0.048952	0.0225932	0.142763	0.3667037	1.165091	0.7808812	1.620431
21834	-415.6383	-426.0018	10.36347	0.85117	0.0671529	0.0162553	0.065422	0.8176414	1.122213	0.7266856	2.65754
21840	-411.1072	-423.515	12.40783	0.869789	0.0636801	0.0609871	0.00554347	0.4924343	0.6248829	0.9559486	0.9327005
21846	-411.8716	-423.5157	11.64411	0.889176	0.0647791	0.0437227	0.00232193	0.4210152	0.9539642	1.070974	1.333343
21852	-413.8302	-425.9848	12.15465	0.892837	0.0412878	0.0627463	0.0031286	0.4210152	1.065949	1.070974	0.705412
21858	-417.4788	-429.6422	12.16339	0.852485	0.0857685	0.0447018	0.0170451	0.4692825	1.591009	0.4141238	0.4992035
21864	-411.7025	-424.1934	12.49087	0.818421	0.0386877	0.0812816	0.0616096	0.545917	1.342577	0.4459026	0.3269309
21870	-415.514	-425.9025	10.38846	0.692152	0.178394	0.0691628	0.0602911	0.545917	1.446634	0.610451	2.649274
21876	-412.9572	-423.1157	10.15853	0.802232	0.121689	0.0410262	0.0350533	0.3786763	1.475716	0.9457598	2.847395
21882	-419.2027	-428.7424	9.53971	0.786047	0.0361719	0.0544663	0.123315	0.4863697	1.002488	1.00966	4.613322
21888	-412.4687	-424.1835	11.71482	0.779978	0.06847	0.0188564	0.132696	0.4031367	1.600606	0.8663613	0.8173383
21894	-410.645	-422.8554	12.21035	0.819171	0.0562733	0.0154975	0.109059	0.2621509	1.514226	0.3198724	0.5969176
21900	-410.3624	-422.4828	12.12039	0.825453	0.0567049	0.00794675	0.109895	0.4390185	1.839812	0.562078	0.2732594
21906	-409.9314	-421.875	11.94356	0.758325	0.0520934	0.0073005	0.182281	0.2975273	2.017947	0.5963715	0.1511492
21912	-409.8123	-422.1644	12.35208	0.779977	0.0553546	0.00634114	0.158327	0.3091541	1.352474	0.7188708	0.1031979
21918	-408.0466	-420.6381	12.59154	0.773682	0.0497526	0.0056994	0.170866	0.4085949	1.191565	0.7733759	0.1474935
21924	-409.3283	-421.4012	12.07287	0.785695	0.0349982	0.0057879	0.173519	0.4284974	1.409581	0.7576188	0.7167761
21930	-415.711	-426.8596	11.1486	0.712478	0.147486	0.00661754	0.133418	0.2802649	1.000506	0.6716169	2.455379
21936	-406.9911	-419.3824	12.39127	0.838076	0.08306	0.00372682	0.0751376	0.3544279	1.339509	0.7427158	0.5474239
21942	-406.2292	-418.61	12.38078	0.815995	0.0620322	0.00278332	0.11919	0.3946359	0.8277679	1.252362	0.5421004
21948	-413.9224	-422.9956	9.073219	0.942184	0.0209721	0.00413695	0.0327074	0.3046031	1.239417	1.247834	4.856536
21954	-416.8028	-427.7171	10.91423	0.711354	0.161898	0.0256151	0.101133	0.5740215	0.8059903	1.317054	1.859481
21960	-413.6322	-424.6487	11.01645	0.768264	0.0948348	0.0214189	0.115482	0.5222603	0.6761964	1.805545	1.183762
21966	-414.7176	-425.4885	10.77086	0.777371	0.0959589	0.00440545	0.122264	0.5990445	0.6556476	1.805545	1.386774
21972	-415.2195	-427.9826	12.76311	0.548999	0.171397	0.0189389	0.260665	0.1294796	0.413749	1.379745	0.2378543
21978	-413.0976	-424.9483	11.85076	0.0547052	0.469012	0.0971835	0.379099	0.08967916	0.345914	1.779414	0.1173063
21984	-421.1992	-433.7034	12.50418	0.0753671	0.251405	0.0829838	0.590244	0.1018748	0.5181258	1.344407	0.3832289
21990	-411.8357	-424.0399	12.20421	0.0356112	0.695423	0.111125	0.15784	0.07457933	0.8965249	1.122029	0.2125855
21996	-415.8006	-426.6398	10.83924	0.0304976	0.759585	0.165355	0.0445629	0.05371587	1.429638	0.8647072	1.078978
22002	-411.4172	-423.1887	11.77151	0.0160315	0.825288	0.100893	0.0577882	0.07145006	1.400094	0.9977145	0.1867162
22008	-409.3076	-421.762	12.45443	0.195677	0.687955	0.0284245	0.0879431	0.0922271	1.23052	0.6260377	0.2229196
22014	-409.9388	-421.1082	11.16942	0.328684	0.623328	0.0235748	0.0244133	0.05790314	1.639705	0.7487716	0.08820888
22020	-414.2667	-424.8594	10.59274	0.420091	0.477245	0.0714612	0.0312027	0.02549424	1.554876	0.3909462	0.2926525
22026	-408.4241	-418.4687	10.04455	0.116053	0.736258	0.0983194	0.0493695	0.02070628	1.382065	0.7496988	0.1009085
22032	-411.0489	-422.7738	11.7249	0.196488	0.678688	0.107519	0.0173045	0.04029195	0.5283931	1.080789	0.1147684
22038	-416.8007	-426.6581	9.857424	0.231068	0.600006	0.126441	0.0424859	0.0309669	0.5050974	2.335396	0.2407134
22044	-414.7384	-423.4749	8.736506	0.400347	0.455842	0.0768636	0.0669477	0.02072125	1.562826	0.9376386	1.646257
22050	-411.9386	-422.4893	10.55077	0.0932003	0.444891	0.123827	0.338081	0.04463115	0.907679	1.551393	0.07174603
22056	-411.5437	-422.4832	10.93948	0.689521	0.271785	0.0328957	0.00579858	0.04721975	1.129645	1.551393	0.3335998
22062	-410.5467	-420.8924	10.34568	0.71482	0.233097	0.0483791	0.00370366	0.02911516	1.137116	1.488472	0.3335998
22068	-408.9974	-420.4016	11.40414	0.489796	0.416812	0.0865092	0.00688293	0.04117203	1.180225	0.7118651	0.5683929
22074	-412.4273	-424.6545	12.22721	0.810339	0.170253	0.0184696	0.000938489	0.5287457	0.4175398	1.169509	1.058581
22080	-409.7153	-421.9219	12.20664	0.761632	0.225984	0.0116851	0.000699071	0.5633246	0.4502581	1.127262	1.058581
22086	-412.0965	-424.1775	12.08105	0.758114	0.22494	0.01682	0.000126142	0.5004854	0.3870957	1.127262	1.325862
22092	-412.4327	-422.3555	9.92282	0.128388	0.593256	0.0410059	0.237351	0.02197451	1.934897	0.5011908	0.3924935
22098	-409.9556	-421.5725	11.61691	0.0322123	0.517989	0.0127983	0.437	0.0455516	1.31305	0.744386	0.2781349
22104	-410.5096	-422.0724	11.56282	0.0185714	0.57025	0.0101387	0.40104	0.04639744	1.411425	0.6995581	0.2138011
22110	-417.781	-429.4661	11.68517	0.463943	0.256677	0.0341748	0.245206	0.07118078	0.4580668	1.5206	0.7502999
22116	-413.8629	-424.6539	10.79103	0.781176	0.135352	0.0137642	0.069708	0.0539538	0.9615678	1.239741	1.216101
22122	-409.7455	-421.2331	11.48753	0.731544	0.140257	0.0401864	0.0880129	0.04235511	0.3659541	1.162552	0.9086528
22128	-410.7563	-421.8476	11.09133	0.561839	0.252019	0.0498026	0.13634	0.04235511	0.5204899	1.059702	1.272762
22134	-411.7104	-422.7782	11.06781	0.50589	0.31474	0.067098	0.112271	0.04495995	1.291415	1.265002	0.3608465
22140	-407.1676	-417.2679	10.10031	0.494483	0.307644	0.0634733	0.1344	0.03362347	0.9817026	1.281801	0.05151405
22146	-407.2372	-418.3738	11.13664	0.138179	0.652331	0.141046	0.0684444	0.04715708	0.5531954	1.554939	0.08774965
22152	-420.4793	-428.5727	8.093438	0.318587	0.27084	0.0300134	0.380559	0.1180679	0.3111393	4.312526	0.2507202
22158	-421.4617	-429.7487	8.286967	0.341724	0.41357	0.0573222	0.187384	0.1432339	0.2099663	4.312526	0.2507202
22164	-414.7735	-423.9959	9.222427	0.0886249	0.351618	0.0661735	0.493583	0.03822454	0.5923693	2.80653	0.1513744
22170	-415.9072	-425.8816	9.974389	0.0164921	0.601239	0.141201	0.241068	0.04543887	0.5845725	2.427673	0.1225896
22176	-415.2131	-425.2737	10.06062	0.0135335	0.739994	0.17725	0.0692218	0.04082239	0.5360205	2.31701	0.1225896
22182	-409.966	-422.1588	12.1928	0.55739	0.303918	0.0498326	0.0888597	0.0946382	1.46878	0.421054	0.3784936
22188	-412.1864	-423.7102	11.52384	0.400387	0.422285	0.0538608	0.123468	0.08230782	1.352287	0.706434	0.9966377
22194	-414.8797	-425.8373	10.9576	0.621532	0.253921	0.0154921	0.109055	0.09167266	0.871421	1.300374	1.598825
22200	-413.1909	-423.8726	10.68174	0.649879	0.259966	0.026288	0.0638668	0.04586069	0.05892741	2.299004	0.5480709
22206	-413.1189	-424.596	11.47712	0.361593	0.475372	0.098052	0.0649835	0.07443031	0.02877645	2.106573	0.1070872
22212	-414.2477	-426.7285	12.48082	0.714951	0.17697	0.0417279	0.066351	0.6723101	0.9267723	0.9818812	0.1838995
22218	-419.0783	-430.9073	11.82903	0.894061	0.0652089	0.00857579	0.0321538	0.9439631	0.6832134	1.49955	0.1838995
22224	-413.6533	-423.006	9.35273	0.0759409	0.335328	0.0717807	0.51695	0.04370768	0.7006347	2.727321	0.1291116
22230	-411.8809	-421.2552	9.37437	0.848892	0.0866935	0.0185494	0.045865	0.4784561	0.8873561	1.251005	4.656912
22236	-415.6258	-426.7492	11.12341	0.870581	0.0629319	0.0190233	0.0474641	0.5395553	0.205151	1.794333	1.590019
22242	-410.4877	-422.2275	11.73981	0.795789	0.107033	0.0293034	0.0678742	0.611761	0.08220738	1.596898	1.26094
22248	-412.5937	-423.2056	10.61188	0.788418	0.106042	0.029032	0.0765085	0.5791475	0.2405316	1.916295	1.909824
22254	-421.8837	-433.2245	11.34076	0.516056	0.276992	0.0709177	0.136035	0.05520243	1.421406	1.079982	0.4219291
22260	-409.1859	-421.0516	11.86573	0.748538	0.0312519	0.0275635	0.192647	0.544959	0.02498215	1.907298	0.8135568
22266	-409.3695	-420.3628	10.99332	0.845386	0.0293355	0.00793581	0.117342	0.544959	0.1766613	1.784576	1.794701
22272	-408.9925	-420.329	11.33653	0.874795	0.0587002	0.0241591	0.0423456	0.6411097	0.242202	1.597278	1.4978
22278	-408.6082	-420.2912	11.68298	0.863335	0.0592303	0.0215837	0.0558513	0.4580507	0.3259086	1.597278	1.227221
22284	-409.6011	-420.9487	11.34761	0.886128	0.0345442	0.00252003	0.0768081	0.4580507	0.9375524	1.30952	1.336511
22290	-409.97	-421.6943	11.72426	0.828844	0.0323111	0.00235712	0.136488	0.4154587	0.7754158	1.30952	1.148041
22296	-405.8955	-417.4758	11.58027	0.805317	0.00743101	0.00317891	0.184073	0.3836691	1.046354	1.226711	1.148041
22302	-411.8284	-423.4336	11.60524	0.787049	0.00708561	0.00793476	0.19793	0.3654387	1.277351	1.007128	1.148041
22308	-407.3572	-418.9498	11.59256	0.876967	0.00490125	0.00586442	0.112267	0.380615	1.284594	1.429278	0.6576525
22314	-404.4332	-416.4837	12.05053	0.873398	0.00504345	0.00603457	0.115524	0.3538702	1.323902	1.023777	0.6576525
22320	-410.2199	-420.3658	10.14593	0.947943	0.00843933	0.00848586	0.0351318	0.3820694	2.343168	0.289162	1.801016
22326	-405.8293	-417.2506	11.42131	0.902767	0.0161064	0.00792304	0.0732031	0.3101081	2.574852	0.694851	0.2958504
22332	-408.1571	-418.8797	10.72257	0.914803	0.0054445	0.00683572	0.0729168	0.3101081	2.424317	1.238279	0.6719122
22338	-402.9981	-414.468	11.46992	0.96088	0.00571873	0.0111727	0.0222288	0.2830411	2.359467	0.7789372	0.4612535
22344	-406.1589	-417.7774	11.61852	0.246437	0.325694	0.0299496	0.39792	0.05026278	0.7179138	1.196158	0.1033998
22350	-409.6336	-421.1307	11.4971	0.674549	0.148649	0.0305656	0.146236	0.05026278	0.881148	1.366669	0.3458282
22356	-416.7664	-428.6535	11.88711	0.391814	0.404308	0.0294825	0.174395	0.08957242	0.9172942	1.35278	0.510307
22362	-413.0832	-422.7836	9.700383	0.787066	0.0215387	0.0062298	0.185165	0.230472	1.901133	0.7811572	3.23203
22368	-404.232	-415.8013	11.56924	0.941649	0.025769	0.00241699	0.0301647	0.2902563	2.012812	0.2867532	0.6846305
22374	-415.8922	-426.763	10.87079	0.581329	0.221338	0.0296642	0.167669	0.0706719	1.00062	1.03014	1.659397
22380	-410.3531	-418.5926	8.239442	0.797899	0.0604613	0.00954246	0.132097	0.2831359	2.051057	0.3401154	6.201136
22386	-413.8715	-422.3468	8.475247	0.818926	0.039181	0.00390887	0.137984	0.2040103	1.759291	0.3513232	6.349632
22392	-417.785	-429.2504	11.46544	0.529941	0.243389	0.010724	0.215945	0.07264695	0.9128985	0.9945805	0.05468475
22398	-411.9889	-423.1699	11.18099	0.658004	0.193804	0.00853921	0.139653	0.07159496	1.113119	0.9945805	1.232141
22404	-409.3522	-421.1442	11.79196	0.746791	0.153253	0.00817055	0.0917857	0.06008324	1.137481	0.7791531	0.6204563
22410	-407.4007	-418.385	10.98425	0.830899	0.092412	0.0397514	0.0369377	0.3064996	2.474517	0.162458	0.4890627
22416	-407.0844	-418.3275	11.24313	0.839069	0.0933207	0.0401423	0.0274679	0.4259319	2.049904	0.2081796	0.7156641
22422	-407.7793	-419.888	12.1087	0.842479	0.0925625	0.0268314	0.038127	0.5585893	1.441188	0.4878952	0.6262201
22428	-414.6105	-426.6044	11.99387	0.743928	0.0544589	0.0779571	0.123656	0.4737541	1.629535	0.4260003	0.6262201
22434	-409.3203	-420.6695	11.34919	0.931759	0.00226686	0.0188239	0.0471501	0.2556679	2.397881	0.1940012	0.2585074
22440	-415.0648	-426.738	11.67317	0.848276	0.088661	0.0590881	0.0039752	0.4445661	1.146206	1.125949	1.015126
22446	-413.1708	-425.7199	12.54916	0.889229	0.0446633	0.0619407	0.00416711	0.4325151	1.164144	0.8514767	0.4161742
22452	-405.5782	-417.7877	12.20952	0.933098	0.00851239	0.0124008	0.0459886	0.5251159	0.7892521	0.9396487	0.9490134
22458	-405.8643	-417.9123	12.04799	0.884414	0.0159906	0.00848606	0.0911092	0.392013	1.075721	0.9396487	0.9490134
22464	-409.0583	-421.3511	12.29281	0.864542	0.0237926	0.0016399	0.110025	0.392013	1.054713	1.216662	0.4464627
22470	-410.6121	-422.9446	12.33254	0.923453	0.0271367	0.00112972	0.0482803	0.392013	0.8249604	1.122568	0.735425
22476	-410.7898	-423.2438	12.45396	0.79062	0.0266694	0.00164504	0.181066	0.3878772	0.9722324	1.122568	0.4803952
22482	-410.6379	-421.6671	11.02916	0.837472	0.00751895	0.00235271	0.152657	0.4898583	0.9657097	1.805884	0.9097989
22488	-412.9213	-423.585	10.6637	0.753197	0.0107662	0.0174519	0.218585	0.4898583	0.5559083	2.006765	1.411492
22494	-413.1564	-423.8364	10.67999	0.88504	0.00511674	0.00152715	0.108316	0.4697677	1.079935	1.524365	1.608095
22500	-418.1412	-429.7672	11.62603	0.824311	0.0157054	0.12843	0.0315534	1.171592	1.230499	0.7555669	0.5962344
22506	-416.5184	-427.898	11.37963	0.85447	0.0367269	0.0760957	0.0327078	0.9801435	1.230499	0.6400244	1.079524
22512	-411.3759	-421.7946	10.41866	0.821374	0.0457396	0.0018788	0.131008	0.4473611	0.2654773	2.214049	1.718579
22518	-409.9452	-420.7328	10.78764	0.810664	0.0234246	0.00124674	0.164665	0.5229801	0.08859704	2.214049	1.404677
22524	-412.6084	-423.0859	10.47747	0.783864	0.0390758	0.0350286	0.142031	0.6515913	0.6403771	1.786556	1.716896
22530	-411.2317	-422.5444	11.31268	0.839483	0.0393009	0.0590663	0.0621501	0.515713	0.5974645	1.695814	1.127159
22536	-410.1592	-420.6238	10.46458	0.773216	0.0170255	0.00833063	0.201428	0.5416935	0.699478	1.818462	1.745017
22542	-406.0305	-417.1533	11.12279	0.831996	0.033621	0.00376026	0.130622	0.5416935	0.8096752	1.247104	1.741461
22548	-407.3342	-418.1181	10.78387	0.802667	0.0324358	0.0036277	0.161269	0.3921521	1.372671	1.177023	1.741461
22554	-414.9886	-425.4574	10.46872	0.274703	0.624688	0.0870802	0.0135293	0.1458912	1.305877	0.7612041	2.790741
22560	-415.0535	-424.619	9.565581	0.663773	0.0501474	0.000893779	0.285186	0.2828676	1.324051	0.7833165	4.621957
22566	-415.1461	-427.6838	12.53767	0.738785	0.034919	0.0123899	0.213906	0.2828676	1.352497	0.7833165	0.3895657
22572	-416.0763	-428.5613	12.48498	0.820878	0.109584	0.0292099	0.0403281	0.3537441	0.8958685	1.157736	0.5123442
22578	-417.8042	-429.6519	11.84778	0.700187	0.23432	0.0522064	0.0132867	0.4652002	0.6994588	1.731646	0.5059131
22584	-411.5849	-423.2536	11.66875	0.896561	0.0153155	0.0603139	0.0278095	0.5340569	0.7389333	1.731646	0.5754007
22590	-414.0989	-424.6778	10.57892	0.882384	0.00589273	0.0740715	0.0376519	0.7215265	0.204557	2.11776	1.441704
22596	-411.2787	-422.4556	11.17684	0.85761	0.00173306	0.104062	0.0365948	0.6184626	0.083162	1.884708	1.421338
22602	-413.1075	-424.63	11.52247	0.822455	0.00086274	0.107208	0.069474	0.7365976	0.06860017	2.114519	0.6114347
22608	-412.8498	-423.7803	10.9305	0.910975	8.86107e-05	0.0711509	0.0177859	0.7445871	0.01900288	1.520336	2.304442
22614	-416.4881	-427.9408	11.4527	0.822892	0.00121933	0.124708	0.0511813	0.7445871	0.01230302	1.520336	1.626113
22620	-412.4297	-423.8839	11.45426	0.75424	0.115541	0.00296816	0.127251	0.5315552	0.2809997	1.92825	0.9476508
22626	-406.1965	-417.6891	11.49265	0.834896	0.0519312	0.00133408	0.111839	0.5161267	0.1891751	1.974699	0.9476508
22632	-410.9544	-422.1868	11.23242	0.81499	0.0584625	0.000643377	0.125904	0.5161267	0.1372251	1.999328	1.230059
22638	-411.0994	-423.5177	12.4183	0.738779	0.118886	0.000723642	0.141612	0.3663939	0.7202092	1.45054	0.1695118
22644	-408.8762	-421.4887	12.61253	0.872877	0.0680269	0.002629	0.0564675	0.3106869	1.163774	0.8801322	0.1507611
22650	-408.3317	-419.6482	11.31647	0.865567	0.0379615	0.000828121	0.0956435	0.2663932	1.499737	0.7479838	1.519162
22656	-407.1823	-419.1671	11.98484	0.856614	0.0128804	0.000280543	0.130225	0.2663932	1.760383	0.6988436	0.5991512
22662	-405.6006	-418.2012	12.60052	0.807745	0.0227867	0.000364299	0.169104	0.3145595	1.182322	0.567336	0.5991512
22668	-410.3745	-421.4584	11.08393	0.706883	0.0571279	0.000318809	0.235671	0.2494837	1.398761	0.9931313	1.67156
22674	-408.7647	-421.1369	12.37214	0.728088	0.0288423	0.000328553	0.242741	0.2494837	0.9523572	0.9931313	0.77398
22680	-407.5773	-419.8927	12.31542	0.889132	0.0352219	0.0029541	0.0726916	0.2813806	1.036808	0.9357279	0.7958781
22686	-411.1973	-422.0879	10.89054	0.793155	0.0697956	0.00903367	0.128016	0.4744156	1.065147	1.720494	1.086376
22692	-407.8557	-419.5309	11.67523	0.757915	0.191587	0.0194254	0.0310727	0.06665958	1.55776	0.456848	0.5350375
22698	-413.3972	-422.5026	9.10548	0.82235	0.101408	0.0210768	0.0551652	0.4523677	1.338566	1.056701	4.795844
22704	-409.3885	-420.5846	11.19602	0.941956	0.0401859	0.00462437	0.0132334	0.4169738	1.564906	0.754068	1.472678
22710	-410.1796	-421.6872	11.50758	0.810402	0.136825	0.0136659	0.0391074	0.07978418	1.673838	0.4818083	0.7405823
22716	-411.6151	-421.7401	10.12501	0.684378	0.115548	0.00699549	0.193079	0.05176694	1.598226	0.4403209	1.85449
22722	-412.9846	-424.4722	11.48758	0.358338	0.523101	0.0339531	0.0846078	0.04957323	1.409556	0.909882	0.2928881
22728	-413.2511	-425.7851	12.53396	0.12845	0.579233	0.116669	0.175648	0.1494747	1.344493	0.6795798	0.1713899
22734	-412.2723	-423.8683	11.59597	0.184656	0.670333	0.0419933	0.103018	0.04268944	0.9009646	0.8450363	0.6062253
22740	-411.1366	-422.8619	11.72528	0.368194	0.486013	0.0456527	0.10014	0.05056991	1.236006	0.7873411	0.1631176
22746	-408.6111	-419.7096	11.09855	0.252849	0.333757	0.0313509	0.382043	0.04040704	0.6850146	1.58725	0.1631176
22752	-408.9588	-420.6805	11.72176	0.254582	0.334022	0.0701933	0.341202	0.05179513	0.4284836	1.58725	0.2170013
22758	-408.5021	-420.0048	11.50262	0.120267	0.425455	0.0503585	0.403919	0.03575054	0.552589	1.148447	0.1236537
22764	-407.7079	-418.8788	11.17096	0.228071	0.618321	0.127629	0.025978	0.04613966	1.167931	1.342189	0.2809849
22770	-408.5432	-420.0842	11.54099	0.168912	0.720272	0.0714872	0.0393292	0.04613966	0.7183659	1.394939	0.2025175
22776	-406.626	-417.1521	10.52611	0.861164	0.0556837	0.0122652	0.0708874	0.02715553	1.296406	0.9168645	0.5649719
22782	-411.1264	-421.2987	10.17223	0.866961	0.0884602	0.0226191	0.02196	0.02715553	1.123974	1.391046	0.5599528
22788	-413.8536	-422.94	9.086392	0.643232	0.204053	0.0390666	0.113649	0.03155682	1.529179	1.179402	1.802445
22794	-409.2992	-419.9709	10.67164	0.634166	0.29033	0.0307021	0.0448023	0.04850059	1.274465	1.509837	0.1114489
22800	-407.279	-419.488	12.20895	0.883467	0.0100537	0.0284501	0.078029	0.5167757	1.237012	0.6796772	0.7156402
22806	-404.7774	-417.5566	12.77925	0.950611	0.0108178	0.0243318	0.0142396	0.3315354	1.194485	0.6796772	0.3329349
22812	-415.3738	-427.0686	11.69488	0.797418	0.0340935	0.106396	0.0620921	0.464331	1.137385	0.6726524	1.397212
22818	-411.5621	-420.9443	9.382269	0.863511	0.0369193	0.0323315	0.0672384	0.4379237	1.504671	0.546415	4.643809
22824	-418.6133	-430.6973	12.08396	0.453899	0.478156	0.0565119	0.0114334	0.06565667	0.925769	0.7862815	0.6239987
22830	-416.9744	-428.0496	11.07517	0.0877576	0.798742	0.0944012	0.0190991	0.03434851	1.167177	1.057686	0.3471456
22836	-417.4168	-428.6951	11.2783	0.240999	0.72806	0.025825	0.00511582	0.06271143	1.297211	1.035491	0.7807174
22842	-415.8218	-427.5846	11.76275	0.402182	0.33392	0.0567417	0.207157	0.09859704	1.753232	0.3876106	0.5469844
22848	-422.9794	-432.0729	9.093476	0.108972	0.463221	0.0787135	0.349093	0.05147816	1.753232	0.2561849	2.862794
22854	-410.5854	-420.1602	9.574763	0.699356	0.240737	0.05403	0.00587697	0.04838774	0.9620549	2.122667	1.072203
22860	-410.5015	-420.726	10.22442	0.408109	0.463972	0.116177	0.0117414	0.04053112	0.7405305	2.054108	0.1164729
22866	-412.1979	-421.2781	9.080146	0.695536	0.209786	0.0574722	0.0372063	0.0420864	0.2651111	2.716502	1.151587
22872	-410.8169	-421.0113	10.19444	0.581807	0.293069	0.074036	0.0510879	0.04391693	0.4880224	2.370232	0.1442815
22878	-407.197	-416.7144	9.517416	0.837121	0.128102	0.0203598	0.0144167	0.04391693	0.8655299	2.53445	0.4786742
22884	-413.4296	-424.7565	11.3269	0.823296	0.0829324	0.00753805	0.0862335	0.6005277	1.51521	0.7163763	1.208622
22890	-408.4032	-419.3276	10.92442	0.883683	0.00890814	0.0148502	0.0925586	0.3576377	1.094253	1.767822	1.056243
22896	-405.3565	-417.9445	12.58799	0.847768	0.00844588	0.0140796	0.129707	0.3264956	1.064694	0.9975265	0.4258988
22902	-402.3972	-415.0873	12.69013	0.942258	0.00676519	0.0116173	0.0393596	0.2846629	1.285233	0.6082152	0.4033311
22908	-409.7848	-422.5418	12.75696	0.945766	0.011427	0.025637	0.01717	0.4025341	1.1345	0.6323507	0.4033311
22914	-413.6465	-424.4226	10.77613	0.939115	0.0494327	0.00945016	0.00200251	1.212788	0.3954342	1.212639	1.891713
22920	-409.164	-420.5508	11.38685	0.80149	0.164177	0.0182913	0.0160422	0.504492	0.9730128	1.011328	1.586277
22926	-412.9793	-423.4561	10.47674	0.804272	0.161875	0.018035	0.0158174	0.8402391	0.4407486	1.63316	1.997014
22932	-412.8923	-423.6012	10.70885	0.741857	0.189419	0.0166354	0.0520884	0.5416424	0.460302	1.663033	2.024487
22938	-420.2872	-428.7963	8.509072	0.863911	0.0506809	0.0151691	0.0702388	1.154465	0.6407311	1.340733	5.374068
22944	-416.7709	-429.0324	12.26149	0.735	0.0532308	0.0286326	0.183137	0.2932541	0.9238647	0.6249723	1.175716
22950	-416.9586	-429.613	12.65436	0.664543	0.148488	0.0384944	0.148475	0.2932541	1.177078	0.5965328	0.5538275
22956	-415.756	-427.8745	12.11847	0.283688	0.541356	0.0403727	0.134583	0.1113	1.177078	0.7041414	0.7951403
22962	-414.1819	-425.6369	11.45497	0.604234	0.282029	0.0314161	0.0823204	0.08242849	1.145472	0.8190678	1.201921
22968	-414.7888	-425.3514	10.56262	0.374125	0.389375	0.0495849	0.186916	0.02514262	1.416393	0.531127	0.5088783
22974	-411.271	-421.6437	10.37269	0.274807	0.513746	0.065423	0.146024	0.02514262	1.467307	0.5704856	0.6359329
22980	-409.4001	-420.5292	11.12907	0.322364	0.455363	0.035088	0.187185	0.03292424	1.082519	0.9727929	0.151659
22986	-410.995	-421.0539	10.05891	0.479563	0.388865	0.0379213	0.0936508	0.03292424	1.001533	1.429468	1.025416
22992	-411.3817	-422.1918	10.81008	0.136401	0.648182	0.0632093	0.152207	0.02758545	1.125032	1.058493	0.2126007
22998	-413.3973	-424.1186	10.72131	0.287052	0.443958	0.0648261	0.204164	0.04142458	1.537642	0.8828999	0.7642787
23004	-414.3829	-425.5731	11.19028	0.187411	0.673472	0.0983395	0.0407775	0.04544538	1.304627	1.125699	0.1541761
23010	-411.4856	-423.0754	11.58983	0.151822	0.782982	0.0460858	0.01911	0.05483964	0.790305	1.459613	0.3054513
23016	-415.0386	-427.3471	12.30844	0.358841	0.451356	0.0748397	0.114963	0.07876694	0.8905225	1.037386	0.3646001
23022	-414.3572	-425.5575	11.20031	0.829627	0.00223222	0.0259788	0.142162	0.3316099	1.235776	0.9968276	1.690212
23028	-411.8026	-421.9688	10.16616	0.876724	0.000915242	0.0154093	0.106951	0.4546879	1.52218	0.9963766	2.580502
23034	-408.0291	-420.1734	12.14433	0.952628	0.00211339	0.00983821	0.0354207	0.4147938	1.008079	0.6403789	1.11768
23040	-406.704	-419.3899	12.68585	0.823003	0.000989246	0.0238568	0.152151	0.3627057	1.079107	0.6403789	0.5632108
23046	-405.4473	-417.7793	12.33196	0.931848	0.0120811	0.0270119	0.0290589	0.3173329	1.275531	0.628516	0.7447559
23052	-423.1499	-433.8503	10.70036	0.597457	0.206338	0.0767636	0.119442	1.110409	0.3877695	1.20699	2.142724
23058	-416.589	-428.7131	12.12409	0.687376	0.190323	0.0815432	0.0407575	0.6125058	0.5787643	1.20699	0.8717702
23064	-415.7017	-427.4492	11.74757	0.861056	0.0203104	0.0709694	0.0476646	0.5564311	0.2181479	2.075053	0.4900428
23070	-423.5523	-435.9376	12.38522	0.887265	0.0255293	0.0124177	0.074788	0.4129454	0.1704772	1.718035	0.5635223
23076	-422.5489	-434.9832	12.43426	0.798568	0.0149685	0.0497892	0.136674	0.4129454	0.1419801	1.718035	0.5436216
23082	-416.2414	-427.0192	10.77779	0.752699	0.0931802	0.0312764	0.122845	0.6192695	1.379966	0.650918	2.046897
23088	-417.6	-427.6291	10.02915	0.817624	0.0259609	0.0364257	0.11999	0.5965663	1.366999	1.323865	2.253637
23094	-417.0772	-428.7323	11.65514	0.764637	0.0335436	0.0273423	0.174477	0.3888062	0.8236485	1.764179	0.5936737
23100	-412.309	-423.9491	11.64004	0.714484	0.0969346	0.0255488	0.163033	0.4647647	0.3742681	1.764179	0.9738036
23106	-410.3077	-421.4387	11.131	0.831002	0.0404537	0.0106623	0.117882	0.4738446	0.7891673	1.649033	1.229318
23112	-415.7111	-425.5675	9.856434	0.884906	0.0065232	0.0366427	0.0719279	0.5675366	0.2002168	2.746399	1.320715
23118	-415.7804	-424.9784	9.198016	0.887288	0.00473014	0.0269634	0.0810181	0.4769246	0.720357	2.035213	3.209533
23124	-412.7578	-423.1662	10.40838	0.819298	0.00436769	0.0155923	0.160742	0.5251913	0.7881543	1.511136	2.298177
23130	-409.7717	-421.4943	11.7226	0.860997	0.00379756	0.0197798	0.115425	0.5251913	0.8545293	0.8186718	1.510841
23136	-419.6854	-430.5192	10.83377	0.793976	0.0460667	0.0535172	0.10644	0.5903403	0.7075661	1.23527	2.210262
23142	-415.3158	-425.6494	10.33353	0.125077	0.641768	0.0504249	0.18273	0.04078436	1.666938	0.5297516	0.05288664
23148	-415.9153	-426.3407	10.42537	0.259204	0.380074	0.115522	0.245199	0.03174975	1.849428	0.5365412	0.1090583
23154	-410.2148	-422.3197	12.10487	0.934804	0.00802684	0.0340512	0.0231178	0.406616	0.7671003	1.141153	0.9794965
23160	-414.212	-424.3085	10.09648	0.221255	0.48534	0.089327	0.204078	0.0548922	2.526279	0.1283033	0.2762502
23166	-414.7944	-426.0854	11.29102	0.448114	0.396387	0.0473416	0.108158	0.07054464	1.819344	0.713312	0.6390726
23172	-410.0125	-421.3315	11.31893	0.928354	0.00150468	0.0142807	0.0558604	0.4998465	1.701368	0.9933047	0.9020643
23178	-405.3914	-417.3207	11.92931	0.888923	0.0113922	0.0102029	0.089482	0.3785398	1.430235	0.7132031	0.9020643
23184	-410.6188	-421.596	10.9772	0.875183	0.00222523	0.00520884	0.117383	0.2323879	1.983914	0.4870232	1.457767
23190	-412.687	-425.0608	12.37381	0.763035	0.129503	0.0015263	0.105936	0.2961952	0.8805075	1.055987	0.7703557
23196	-411.6822	-423.6844	12.00212	0.795694	0.0832025	0.00120487	0.119899	0.3279825	0.6992328	1.055987	1.314862
23202	-414.4726	-426.1607	11.68817	0.546452	0.236771	0.0643027	0.152474	0.06479559	1.667799	0.4450816	0.3690613
23208	-415.9631	-425.8499	9.886771	0.600266	0.224456	0.0519928	0.123285	0.07494839	1.804212	0.3609913	2.354954
23214	-415.392	-427.4526	12.06064	0.66914	0.255749	0.0320365	0.0430748	0.131023	1.804212	0.3450028	0.2718005
23220	-412.4953	-424.0453	11.54993	0.685993	0.237004	0.0328434	0.0441597	0.08732846	1.484535	0.5267515	0.9511343
23226	-413.1163	-425.439	12.32271	0.492425	0.137072	0.0329529	0.33755	0.07169423	1.001875	0.7672073	0.4031323
23232	-416.458	-427.6902	11.23228	0.414697	0.0975968	0.0148091	0.472897	0.04261013	1.246193	0.7348682	0.6976891
23238	-423.8393	-432.9206	9.081267	0.671278	0.157982	0.0239717	0.146769	0.03679826	1.628324	0.3935784	2.648368
23244	-420.3775	-431.5197	11.14218	0.665542	0.0756097	0.0172997	0.241549	0.3104719	2.381801	0.3078391	0.7585767
23250	-413.5722	-425.5373	11.96519	0.156	0.519434	0.0659117	0.258654	0.08000143	0.8069156	1.104512	0.08589495
23256	-412.8045	-424.7648	11.96034	0.18116	0.672118	0.0445778	0.102144	0.054966	0.7237485	1.1678	0.1606467
23262	-410.8335	-422.8541	12.02055	0.826324	0.052583	0.0399709	0.0811226	0.4451644	0.6947058	1.552987	0.6023165
23268	-407.7534	-419.7592	12.00583	0.829682	0.0527967	0.00779212	0.109729	0.4108668	1.441098	0.9642988	0.6023165
23274	-408.3186	-420.7538	12.43512	0.739692	0.0470702	0.00694696	0.206291	0.3385503	1.260876	1.03671	0.2130451
23280	-411.7263	-424.2168	12.49047	0.835186	0.0491236	0.00725001	0.10844	0.3477646	1.35274	0.5092727	0.1194749
23286	-415.8082	-427.5347	11.72643	0.977859	0.00360653	0.00596525	0.0125689	0.3380837	1.449325	0.8956442	0.9763849
23292	-412.4647	-422.6609	10.19627	0.95519	0.00352293	0.0245527	0.016734	0.4044583	1.016411	1.173731	3.114378
23298	-412.4996	-424.107	11.60737	0.878005	0.00281353	0.0180322	0.101149	0.4044583	1.108368	0.8057362	1.494534
23304	-413.98	-425.5091	11.52907	0.576765	0.29463	0.0401246	0.0884801	0.04612981	1.392213	0.7109467	0.1742558
23310	-417.6044	-429.9408	12.33633	0.809828	0.0162729	0.0391847	0.134714	0.4905613	1.087313	0.7870964	0.6971226
23316	-423.7782	-434.3005	10.52224	0.643046	0.0490261	0.0629327	0.244995	1.392048	1.159288	0.9895821	1.373195
23322	-417.4166	-428.1185	10.70192	0.61295	0.308044	0.0220842	0.0569218	0.5221103	0.7688966	1.710889	1.583831
23328	-423.0338	-434.6361	11.60228	0.58381	0.353141	0.0210286	0.0420202	1.228689	1.404877	0.4294999	0.481398
23334	-414.4213	-424.172	9.750738	0.786892	0.116023	0.0189302	0.0781545	0.5293202	0.7170087	1.49163	3.522521
23340	-411.1382	-423.5586	12.42036	0.751919	0.138961	0.0226728	0.0864463	0.4037481	0.8814664	1.193464	0.5113113
23346	-411.5028	-423.7434	12.24056	0.783762	0.0997681	0.00601238	0.110458	0.4605818	0.8876758	1.193464	0.6291264
23352	-409.3595	-420.7935	11.43408	0.765562	0.0880048	0.0385405	0.107893	0.4640279	0.9828892	1.271947	1.237007
23358	-408.2279	-420.5549	12.327	0.845872	0.0771815	0.0338006	0.0431458	0.4239421	1.140582	0.8549744	0.6649815
23364	-410.9536	-421.344	10.39035	0.806107	0.0428344	0.0022556	0.148803	0.5722097	0.6121176	2.231895	1.181746
23370	-409.3739	-421.9291	12.55526	0.903465	0.0480078	0.0016961	0.0468307	0.4370671	0.4272448	1.546722	0.1934927
23376	-412.2365	-424.2119	11.97543	0.807307	0.0395152	0.00168608	0.151492	0.459278	0.9606951	1.171936	0.8360823
23382	-409.423	-421.4926	12.06963	0.887309	0.043431	0.00185317	0.0674072	0.3997753	0.8527491	1.207941	0.8606938
23388	-409.5856	-422.2101	12.62445	0.7713	0.0811377	0.00188795	0.145674	0.3741692	0.76768	1.286156	0.2225908
23394	-416.4181	-427.3133	10.89518	0.841222	0.00719648	0.134747	0.0168345	0.5817309	1.068989	0.8598912	2.174882
23400	-429.5285	-440.2462	10.71771	0.0716409	0.819518	0.054212	0.0546288	0.2629038	1.442912	0.419814	2.493837
23406	-425.3813	-436.703	11.32166	0.145471	0.420493	0.0401631	0.393873	0.2045362	1.191847	0.6889684	1.919032
23412	-422.1153	-431.5506	9.435234	0.572092	0.115662	0.128825	0.18342	2.181736	1.277454	0.5253879	2.163493
23418	-424.2083	-431.0905	6.882134	0.669937	0.144622	0.105413	0.0800274	1.044909	1.354529	0.5490923	10.74213
23424	-417.5038	-429.5711	12.06735	0.259386	0.172546	0.0461959	0.521872	0.06471536	0.7453154	1.262545	0.2295318
23430	-412.5409	-423.0865	10.54558	0.12924	0.431622	0.0772275	0.36191	0.02560406	1.021254	1.271755	0.3065455
23436	-412.1058	-423.6953	11.58945	0.133006	0.453884	0.0406547	0.372455	0.05457287	1.601608	0.6482798	0.2929278
23442	-414.3042	-425.4723	11.16809	0.450646	0.360741	0.137745	0.0508693	0.05387264	1.179423	0.8036033	1.052026
23448	-415.949	-427.4232	11.4742	0.282822	0.397208	0.164972	0.154998	0.1106164	1.256233	0.7670351	1.326019
23454	-414.5419	-426.5605	12.01866	0.0865546	0.674653	0.0556413	0.183151	0.1935133	1.173864	0.7103299	1.106715
23460	-416.9661	-429.7501	12.78406	0.379073	0.488922	0.0222469	0.109758	0.2611075	1.256233	0.6260227	0.3064459
23466	-412.0522	-423.8487	11.7965	0.657749	0.201606	0.0513331	0.0893119	0.06586114	1.555709	0.7244147	0.2364862
23472	-416.0879	-426.761	10.67306	0.499737	0.360251	0.0156126	0.124399	0.0378725	0.690665	1.315979	1.066082
23478	-406.5797	-417.8552	11.27554	0.733669	0.167394	0.0268707	0.0720667	0.03746203	1.446384	0.6137151	0.3255374
23484	-413.1658	-424.6377	11.47182	0.181298	0.683685	0.0477423	0.0872749	0.04504479	1.349127	0.7988106	0.3784938
23490	-418.5045	-430.2293	11.7248	0.865991	0.0162251	0.0242759	0.0935083	0.4074833	1.808284	0.6012938	0.7635527
23496	-416.8195	-428.6631	11.84361	0.919617	0.0192984	0.0288741	0.0322108	0.5459925	1.850387	0.6138028	0.4766783
23502	-415.3173	-427.5076	12.19035	0.817005	0.0548093	0.0229545	0.105231	0.2954788	1.797571	0.6138028	0.3808354
23508	-414.0022	-424.7623	10.76007	0.864852	0.0647313	0.0300881	0.0403289	0.5676483	1.706078	0.3912587	1.731537
23514	-414.076	-425.48	11.40407	0.881951	0.0462396	0.030683	0.0411263	0.6555721	1.611617	0.5200615	1.043453
23520	-412.7169	-424.6413	11.92435	0.954131	0.0256314	0.0127539	0.00748412	0.351228	1.194616	0.874042	1.043453
23526	-416.1689	-428.0246	11.85572	0.769128	0.101216	0.049867	0.0797892	0.3695802	1.771864	0.6313137	0.6924765
23532	-417.9314	-429.0462	11.11485	0.851663	0.0898536	0.0442691	0.0142141	0.5104189	1.742685	0.6729136	1.318648
23538	-413.1592	-425.1191	11.95995	0.898497	0.0435258	0.0393588	0.0186182	0.4516167	1.794686	0.4685559	0.5301608
23544	-406.0478	-418.6181	12.57031	0.899833	0.0435905	0.00265746	0.0539194	0.3715217	1.446228	0.5745928	0.2600949
23550	-408.2593	-420.0719	11.81256	0.904079	0.0385792	0.000430767	0.0569114	0.305288	1.914482	0.4698412	0.6623936
23556	-409.1356	-421.7766	12.64096	0.848138	0.0604513	0.0022335	0.0891768	0.2662371	1.429897	0.5688238	0.2360068
23562	-414.8222	-426.6697	11.84752	0.510304	0.447606	0.028928	0.0131626	0.4236399	1.448934	0.6749629	0.9476838
23568	-417.4494	-428.9766	11.52716	0.649608	0.331442	0.0148438	0.00410636	0.3634363	1.448934	0.8477189	1.205384
23574	-408.8517	-420.4091	11.55748	0.820672	0.0737307	0.0108277	0.0947695	0.5530639	1.095488	0.8169736	1.393036
23580	-409.5916	-420.8514	11.25978	0.867398	0.0281465	0.0107106	0.0937444	0.5671264	0.8262927	1.088242	1.743444
23586	-411.0056	-422.0506	11.04503	0.788198	0.0555866	0.0211523	0.135063	0.3236734	0.9616739	1.505006	1.487586
23592	-405.4894	-417.9337	12.44422	0.869525	0.0531263	0.0093362	0.0680123	0.3236734	1.263898	0.9224556	0.445694
23598	-406.5029	-418.4222	11.91927	0.869199	0.0218413	0.00844971	0.10051	0.479778	0.792856	1.322989	0.8586016
23604	-411.6724	-422.5236	10.85116	0.829301	0.0496947	0.00607301	0.114931	0.6107335	0.401235	2.028429	1.204043
23610	-411.334	-422.5165	11.18246	0.847123	0.01714	0.00901138	0.126725	0.6107335	0.5272206	1.716216	1.204043
23616	-410.1219	-421.1384	11.0165	0.896161	0.00918703	0.0511729	0.0434788	0.5843828	0.9609409	1.47064	1.308189
23622	-409.459	-420.6309	11.17191	0.812409	0.0235821	0.0664399	0.0975688	0.6304068	0.9624148	1.396545	1.191157
23628	-410.3631	-422.7493	12.38625	0.805598	0.0218219	0.075829	0.0967509	0.5583174	1.17304	0.8771095	0.4258021
23634	-411.2323	-421.6976	10.46532	0.907543	0.0103265	0.0395172	0.0426133	0.4952734	0.859811	1.580732	2.030791
23640	-413.7108	-423.6211	9.910304	0.882702	0.0131048	0.0839699	0.0202237	0.7218242	1.368797	0.9589444	2.848437
23646	-416.1336	-427.4654	11.3318	0.85542	0.043607	0.0813746	0.0195987	0.4698911	1.368797	0.8123606	1.437528
23652	-411.9584	-424.6494	12.691	0.749776	0.15749	0.0755554	0.0171783	0.4698911	1.226093	0.4609197	0.3188815
23658	-411.1877	-422.6959	11.50821	0.698124	0.184168	0.035206	0.0825016	0.8903529	1.183821	0.7478655	1.028218
23664	-409.3769	-421.7665	12.38955	0.839972	0.0365687	0.0125091	0.110951	0.4236203	0.5596763	0.9361323	1.100744
23670	-423.2104	-428.0618	4.85149	0.217526	0.328953	0.0256969	0.427824	0.1814548	2.034172	0.2497686	20.17266
23676	-425.1576	-431.182	6.024371	0.440881	0.304238	0.0299453	0.224936	0.2377972	1.935879	0.3210691	14.90316
23682	-415.3319	-426.2119	10.88008	0.395027	0.465607	0.0268309	0.112535	0.05501138	1.935879	0.2595198	0.5814605
23688	-417.1281	-427.1672	10.03911	0.0815774	0.634964	0.12999	0.153468	0.03777881	2.113171	0.1331932	0.3486899
23694	-421.0872	-431.9948	10.90761	0.805491	0.00598779	0.0745376	0.113984	1.069176	0.1189851	1.768234	1.35092
23700	-412.726	-423.9404	11.21443	0.849068	0.0228663	0.0785701	0.0494954	0.5768424	0.2900417	1.540487	1.761553
23706	-414.5972	-425.8133	11.21613	0.821172	0.0268029	0.0759887	0.0760361	0.4469253	0.7307613	1.780136	1.035246
23712	-408.9656	-420.3777	11.41218	0.863522	0.0245581	0.0319628	0.0799574	0.4697395	0.7672537	1.52219	1.143128
23718	-410.0982	-421.1191	11.02089	0.811145	0.0877777	0.00904385	0.0920339	0.2933468	1.032686	1.19765	1.922191
23724	-406.35	-418.7331	12.38311	0.866013	0.0937152	0.00965561	0.0306161	0.3818467	1.559985	0.5945997	0.3779214
23730	-406.4226	-418.6919	12.26924	0.845195	0.0262046	0.0066748	0.121926	0.2707599	1.357619	0.8804352	0.1081129
23736	-407.4779	-419.662	12.18414	0.845195	0.0262046	0.0066748	0.121926	0.3163277	1.689814	0.7628443	0.1545408
23742	-411.4096	-422.7585	11.34887	0.789012	0.0483203	0.02551	0.137157	0.5408392	1.015787	0.793885	1.770747
23748	-415.2955	-428.109	12.81344	0.838111	0.0482927	0.0178145	0.0957818	0.4543042	0.9353579	0.8909178	0.2736917
23754	-416.2939	-427.9037	11.60981	0.824919	0.0672121	0.02502	0.0828485	0.4543042	2.192916	0.6371225	0.4482753
23760	-413.4864	-425.7838	12.29738	0.824919	0.0672121	0.02502	0.0828485	0.5406854	1.092792	0.9647198	0.5362848
23766	-418.2451	-430.2632	12.01811	0.842548	0.0188252	0.0321544	0.106473	0.560433	1.466079	0.9944423	0.3831687
23772	-415.7828	-427.8477	12.06488	0.84563	0.0152352	0.0322721	0.106862	0.4403471	1.207824	1.071072	0.6396098
23778	-418.4594	-430.2606	11.80121	0.79467	0.0754327	0.0362429	0.0936541	0.4186522	0.6327262	1.525184	0.9296919
23784	-420.3578	-426.2412	5.88342	0.101056	0.725472	0.142083	0.0313888	0.04602739	1.577675	0.5384878	12.7066
23790	-419.4631	-424.5417	5.078583	0.420828	0.409496	0.0604902	0.109185	0.07785409	1.580031	0.5231127	19.91999
23796	-424.9042	-431.6944	6.790273	0.118805	0.755619	0.0547545	0.0708218	0.09676526	1.453107	0.7240322	12.07917
23802	-413.424	-425.5218	12.09786	0.819748	0.159917	0.00641454	0.0139209	0.3243417	1.086052	0.9424948	0.9342897
23808	-419.8191	-432.0563	12.2372	0.921339	0.0159993	0.013215	0.0494469	0.7444962	1.266592	0.6567265	0.4375361
23814	-406.3062	-417.6577	11.35154	0.925306	0.0160682	0.00896642	0.0496598	0.3333227	1.266592	0.6010654	1.818059
23820	-405.7246	-417.8865	12.16194	0.768949	0.0175508	0.00979375	0.203707	0.2449252	1.535662	0.9020319	0.4993095
23826	-405.4876	-417.7366	12.24895	0.818155	0.0850631	0.0065169	0.0902649	0.5103683	1.301406	0.9020319	0.4646438
23832	-410.1679	-421.4808	11.31287	0.899895	0.0733695	0.00716799	0.0195679	0.5695549	1.30684	1.019567	1.210014
23838	-415.7348	-426.1223	10.38742	0.838623	0.0617284	0.00886466	0.0907836	0.3417696	1.126075	1.886551	1.424704
23844	-407.6157	-419.3304	11.71474	0.828384	0.0656452	0.00942714	0.0965441	0.3732538	0.8759509	1.835059	0.1645864
23850	-409.9318	-421.6097	11.67795	0.828833	0.0704706	0.0103484	0.0903477	0.2919585	0.9020788	1.757032	0.5645896
23856	-407.5485	-419.6141	12.06565	0.879953	0.058989	0.00608206	0.0549759	0.3555888	1.30308	0.963157	0.7187268
23862	-405.9101	-418.3725	12.46245	0.89181	0.0868806	0.0026216	0.0186881	0.3555888	1.356546	0.6183486	0.5243829
23868	-408.9099	-421.2192	12.30936	0.823963	0.025541	0.00181855	0.148678	0.4021301	1.129204	0.6345532	0.8460849
23874	-407.1095	-419.6084	12.49892	0.768403	0.0431585	0.00419338	0.184246	0.3148122	1.419927	0.7663682	0.1808592
23880	-411.0211	-423.3834	12.36236	0.829617	0.0305213	0.00452744	0.135334	0.327293	1.367155	0.6073803	0.6318533
23886	-405.4157	-417.545	12.12928	0.888431	0.0202972	0.00127232	0.0899995	0.250647	1.630918	0.6292059	0.618654
23892	-409.1248	-420.2986	11.17381	0.807229	0.0350249	0.00244296	0.155303	0.3572761	1.623796	1.094252	1.147658
23898	-409.9371	-422.0918	12.1547	0.786457	0.0473527	0.000908991	0.165281	0.3933486	1.329348	1.033066	0.5142414
23904	-406.7055	-418.5226	11.81705	0.92288	0.0484512	0.00402082	0.0246476	0.3516551	1.077746	1.250243	0.8747101
23910	-414.0476	-425.8749	11.82732	0.89018	0.0295052	0.00244855	0.0778661	0.2775721	1.714565	1.068782	0.1297125
23916	-404.9872	-416.8145	11.82737	0.872688	0.0497624	0.00407949	0.0734702	0.3212962	2.225977	0.4426614	0.2507528
23922	-405.5296	-416.964	11.43438	0.884287	0.0170681	0.0109275	0.0877176	0.3990172	1.954904	0.5959074	0.9104235
23928	-405.7068	-417.6721	11.96535	0.853501	0.0216092	0.0138348	0.111055	0.2858317	2.087273	0.4957792	0.3246868
23934	-413.1304	-423.6957	10.56533	0.843902	0.0326127	0.0136792	0.109806	0.3274153	1.945111	0.8028047	1.814448
23940	-410.2896	-422.6351	12.34553	0.830705	0.027935	0.0117172	0.129642	0.3212221	1.384565	0.8460039	0.4932824
23946	-413.7599	-425.4932	11.73328	0.871979	0.029323	0.0122994	0.0863992	0.3752501	0.9954364	1.772951	0.309114
23952	-408.7046	-420.1928	11.4882	0.871961	0.0329992	0.0138821	0.0811581	0.3635463	1.369339	1.693429	0.2932777
23958	-411.0851	-422.8454	11.76028	0.847501	0.0320735	0.0134927	0.106933	0.350702	1.453133	1.443696	0.2347726
23964	-406.3566	-418.8965	12.53988	0.861924	0.0125302	0.0242526	0.101294	0.350702	0.9878924	1.10846	0.4181602
23970	-409.3156	-421.4243	12.10872	0.878393	0.0053322	0.0247161	0.0915589	0.3375022	1.237015	0.9410533	0.7718585
23976	-406.0937	-418.1437	12.04997	0.871487	0.00296868	0.013367	0.112177	0.274753	1.642752	0.9664196	0.4394667
23982	-407.2748	-419.2559	11.9811	0.793612	0.00247238	0.0128949	0.191021	0.3379069	1.472005	0.7043217	0.8445686
23988	-410.5663	-422.334	11.76777	0.78881	0.00421854	0.0128169	0.194154	0.3430132	1.263998	1.126482	0.8864749
23994	-407.752	-419.1854	11.4334	0.846279	0.00159953	0.00505956	0.147062	0.3659505	1.501111	1.116865	0.9766813
24000	-408.7362	-419.9458	11.2096	0.782778	0.00308771	0.00784177	0.206293	0.3860224	1.149641	0.9374535	1.808976
24006	-406.9573	-418.2586	11.30122	0.855104	0.00337301	0.00565361	0.135869	0.3860224	1.493248	0.9374535	1.297296
24012	-408.6669	-419.8585	11.19164	0.855706	0.00267143	0.00565759	0.135965	0.2340613	1.697013	0.7523547	1.431631
24018	-416.2369	-428.3322	12.09534	0.868967	0.0459829	0.00574526	0.0793052	0.3480039	0.8030721	0.6752913	1.431631
24024	-411.591	-421.9618	10.37089	0.957302	0.0298509	0.0062756	0.00657177	0.379489	1.54283	0.4836555	2.804644
24030	-407.345	-418.9472	11.60222	0.930935	0.0290287	0.0360518	0.00398478	0.3822759	1.353402	0.5458339	1.390512
24036	-409.1476	-421.4871	12.33954	0.902468	0.0433078	0.0488278	0.00539691	0.3822759	0.8805066	0.7303042	1.026929
24042	-410.9895	-423.4622	12.47275	0.92133	0.020357	0.0498483	0.00846489	0.3308831	0.7502599	0.7795914	1.026929
24048	-413.2183	-425.2752	12.05691	0.916254	0.0257544	0.0495737	0.00841825	0.4361711	0.7504044	1.133183	1.026929
24054	-406.7732	-419.3037	12.53055	0.954684	0.0109385	0.0256059	0.00877134	0.3741071	0.9297602	0.9790783	0.6046075
24060	-411.2363	-423.1277	11.89137	0.81726	0.0112187	0.0295478	0.141974	0.3741071	1.365434	0.8792644	0.8858877
24066	-410.179	-421.9261	11.74706	0.950112	0.00673596	0.0252346	0.0179176	0.3741071	1.216121	1.48378	0.5110982
24072	-409.2203	-421.3627	12.14237	0.959196	0.00402267	0.0250082	0.011773	0.3296471	0.9066453	1.433316	0.5220794
24078	-414.4272	-426.0213	11.59414	0.972454	0.00386268	0.00147629	0.0222066	0.1821719	1.177919	1.065109	1.214842
24084	-408.9275	-420.5234	11.59587	0.795856	0.00385635	0.00147388	0.198814	0.4319182	1.018651	1.274572	1.058777
24090	-411.6332	-423.2532	11.62005	0.795532	0.000807318	0.00403904	0.199621	0.3022805	1.084718	0.778869	1.612631
24096	-408.0716	-419.8102	11.73864	0.952296	0.00231487	0.00483495	0.0405545	0.3022805	1.141059	0.778869	1.409217
24102	-410.1112	-421.5615	11.45026	0.93482	0.00227239	0.00426191	0.0586462	0.3243427	1.189993	0.5962632	1.798777
24108	-412.0462	-423.3854	11.33919	0.875224	0.0566627	0.0132061	0.0549074	0.4706403	0.9420431	0.6708975	2.072128
24114	-410.3094	-421.9209	11.61151	0.933712	0.00222225	0.0116328	0.0524334	0.2162133	1.514767	0.4151373	1.250077
24120	-415.4256	-426.9041	11.47849	0.901354	0.0529665	0.00113547	0.0445439	0.3969606	1.240761	0.9536653	1.353412
24126	-410.5973	-422.8212	12.22382	0.936824	0.0222522	0.00244579	0.0384783	0.2142618	1.607358	0.4370251	0.1127935
24132	-409.8581	-422.0928	12.23472	0.971709	0.0099647	0.00109525	0.0172309	0.2198288	1.472149	0.8752756	0.1247575
24138	-411.5082	-424.0179	12.50967	0.889224	0.0282351	0.00943487	0.0731063	0.2331004	1.474777	0.7183772	0.1973987
24144	-413.0448	-425.8139	12.76911	0.755668	0.208851	0.00696081	0.0285203	0.4189002	0.8074932	1.077848	0.194709
24150	-411.4404	-423.7087	12.26826	0.7978	0.184749	0.00377683	0.0136739	0.4189002	0.8412526	1.433944	0.1651565
24156	-415.3075	-426.8982	11.59071	0.609005	0.361809	0.00252217	0.0266639	0.6630971	1.705076	0.6669231	0.7195653
24162	-409.769	-422.4801	12.71104	0.891491	0.0521085	0.0490254	0.00737516	0.3976538	0.05123784	1.031566	1.221863
24168	-413.033	-425.1751	12.14211	0.773428	0.160546	0.064373	0.00165336	0.5940233	0.1180799	1.410349	1.081593
24174	-411.6045	-424.3989	12.79439	0.817458	0.129346	0.0518632	0.00133206	0.6114696	0.0633285	0.8481628	1.081593
24180	-414.5618	-427.1198	12.55798	0.678788	0.187766	0.129937	0.00350863	0.6207195	0.1639306	1.222314	0.8277077
24186	-410.363	-422.4291	12.06609	0.827761	0.100784	0.0697443	0.00171031	0.6207195	0.1276651	1.456966	1.058802
24192	-422.6915	-431.6536	8.962089	0.676088	0.26555	0.0569649	0.00139692	0.9946358	0.4392035	2.508441	2.046623
24198	-414.2586	-426.8929	12.63435	0.793425	0.175515	0.00329215	0.0277684	0.5182809	0.07255111	1.705402	0.2713724
24204	-412.0672	-423.5034	11.43614	0.772341	0.0917234	0.0189086	0.117027	0.3285414	2.065457	0.284128	0.7395073
24210	-413.6468	-424.6552	11.0084	0.781695	0.0838141	0.0187077	0.115783	0.3285414	2.065457	0.2179224	1.02618
24216	-410.308	-422.1191	11.81102	0.787257	0.0772955	0.0188408	0.116607	0.349403	1.37039	0.5576109	1.169432
24222	-413.1555	-426.2443	13.08877	0.810103	0.169037	0.0131358	0.0077243	0.4203958	0.2167118	1.279735	0.1666136
24228	-409.8588	-422.1754	12.31656	0.827034	0.127306	0.0385085	0.00715145	0.5366376	0.312444	1.584914	0.1135772
24234	-418.0961	-429.0027	10.90659	0.781901	0.0882837	0.0533377	0.0764775	0.8706629	1.03464	0.6533032	1.981351
24240	-411.6846	-421.8549	10.1703	0.871391	0.0177622	0.0034873	0.10736	0.309306	2.156024	0.2162632	1.885182
24246	-406.9058	-417.8882	10.98245	0.899676	0.0306462	0.00491414	0.0647638	0.2843585	1.082388	1.498645	1.45074
24252	-406.0371	-418.6554	12.6183	0.899676	0.0306462	0.00491414	0.0647638	0.3601838	1.282253	0.6403139	0.1480926
24258	-407.6713	-419.8795	12.20825	0.778667	0.0434317	0.00696429	0.170937	0.3601838	1.391523	1.026846	0.1480926
24264	-413.1608	-424.582	11.42121	0.542699	0.363926	0.00800454	0.0853704	0.07038626	1.759881	0.2767528	0.4974915
24270	-407.9861	-419.5738	11.58768	0.874374	0.0407089	0.00259345	0.0823233	0.2746766	2.345767	0.2866202	0.2035399
24276	-410.7308	-422.9223	12.19153	0.883632	0.03622	0.0221255	0.0580222	0.3114392	1.798606	0.461925	0.3933889
24282	-405.0139	-417.2033	12.18939	0.861152	0.0432758	0.0263836	0.0691887	0.4952046	1.590196	0.700243	0.3936854
24288	-407.846	-420.3154	12.46945	0.781411	0.054555	0.0457383	0.118296	0.338045	1.375606	0.6340457	0.5039102
24294	-403.8171	-416.4303	12.61319	0.890722	0.0235794	0.0146153	0.0710833	0.4433628	0.960039	0.7855775	0.5994551
24300	-414.0381	-426.5066	12.46854	0.0668406	0.799159	0.0668246	0.0671755	0.1062856	0.837801	1.184908	0.2517722
24306	-410.4217	-421.3383	10.91658	0.0453846	0.66587	0.0989255	0.189819	0.03428544	0.9674467	1.241605	0.1229194
24312	-411.0393	-422.6144	11.57513	0.25703	0.401352	0.0624493	0.279169	0.05187603	1.150289	1.121575	0.3154774
24318	-411.73	-423.2207	11.49064	0.43772	0.29228	0.0316749	0.238325	0.0654407	1.613288	0.8947221	0.4407415
24324	-412.9068	-424.3621	11.45529	0.89859	0.0277323	0.0542549	0.019423	0.5564868	2.225691	0.3471531	0.4403799
24330	-409.9238	-421.5456	11.62177	0.923679	0.0215063	0.0220121	0.0328029	0.4056539	2.06631	0.4268008	0.6243914
24336	-406.293	-418.5575	12.26449	0.916267	0.0271169	0.019109	0.037507	0.4276449	1.68835	0.5997785	0.2962728
24342	-409.2937	-420.996	11.70231	0.817463	0.0464445	0.0295175	0.106574	0.5587273	0.7561227	1.321628	1.03181
24348	-412.8932	-424.3331	11.43982	0.792586	0.0842167	0.0198665	0.103331	0.3973743	0.5669921	1.12984	1.997165
24354	-412.0907	-422.3253	10.23459	0.832105	0.0662992	0.0202491	0.0813469	0.5156009	1.317166	0.8739733	2.881724
24360	-419.0301	-431.0752	12.0451	0.162925	0.737514	0.0654961	0.0340653	0.1348942	1.289118	0.5293528	0.9165163
24366	-421.9332	-429.2839	7.350688	0.0983328	0.511301	0.046274	0.344092	0.04037916	1.289118	0.5941494	7.618381
24372	-414.7612	-426.3784	11.61724	0.856409	0.00749768	0.0111271	0.124967	0.4294007	1.157366	1.165924	1.028804
24378	-411.186	-423.227	12.04099	0.863071	0.0090962	0.0134994	0.114333	0.444355	1.062043	1.330386	0.508699
24384	-409.4887	-421.4394	11.95067	0.92113	0.0134322	0.024509	0.040929	0.4657196	0.4495896	1.312694	1.199837
24390	-408.3513	-420.9283	12.57706	0.972415	0.01418	0.00630467	0.00709997	0.4657196	0.3199312	1.194374	0.8428876
24396	-409.5383	-421.1202	11.58183	0.960007	0.0207712	0.00732434	0.0118979	0.3703344	0.9098724	1.091754	1.475264
24402	-407.0159	-418.1497	11.13388	0.870368	0.0188317	0.0251244	0.0856759	0.3703344	1.188622	1.207141	1.520328
24408	-406.9099	-418.9603	12.0504	0.87124	0.00107886	0.0276296	0.100052	0.4471533	0.3001627	1.790717	0.6306212
24414	-420.1607	-431.7518	11.59109	0.811774	0.0308047	0.0824615	0.0749595	0.4789323	1.302254	1.370409	0.6306212
24420	-408.6366	-421.3306	12.69396	0.881421	0.0232147	0.0569057	0.0384584	0.3864535	1.010411	0.8793117	0.4439265
24426	-409.2929	-421.7509	12.45794	0.918378	0.024188	0.017363	0.0400709	0.3210031	0.8456019	0.7371897	0.9809127
24432	-411.9266	-423.9044	11.97782	0.918378	0.024188	0.017363	0.0400709	0.3009749	0.9896535	0.9419795	1.166262
24438	-409.7584	-421.8746	12.11625	0.845662	0.0222729	0.0159882	0.116077	0.4428425	0.6421128	1.302487	0.8724341
24444	-409.0237	-421.5306	12.50687	0.845662	0.0222729	0.0159882	0.116077	0.3894864	0.9245792	1.017886	0.5835664
24450	-407.2708	-419.6194	12.34864	0.906476	0.00247935	0.00685824	0.0841862	0.3830493	0.9064112	1.231518	0.5301718
24456	-405.4665	-417.9425	12.476	0.907558	0.00128868	0.00686643	0.0842867	0.3523887	1.254948	0.8079913	0.5030272
24462	-405.1711	-417.9168	12.74572	0.90619	0.00239112	0.00725959	0.0841596	0.3523887	0.8195786	0.9856198	0.5121185
24468	-410.7632	-422.2245	11.46124	0.943839	0.00249046	0.00302838	0.0506418	0.3523887	1.161823	1.498344	0.8323274
24474	-403.9911	-416.5979	12.60677	0.922833	0.00169892	0.0215351	0.0539334	0.3594417	0.790221	1.146505	0.5049012
24480	-404.9518	-417.0206	12.06884	0.92494	0.00476862	0.0215843	0.0487071	0.3009877	1.103293	0.7618035	1.107381
24486	-409.5718	-421.0248	11.45294	0.929333	0.0137545	0.0107911	0.0461216	0.4142532	1.874162	1.042457	0.638837
24492	-418.5953	-426.61	8.014693	0.750156	0.0974951	0.0132551	0.139094	0.4793037	1.313142	1.14116	7.411547
24498	-416.9737	-428.8018	11.82817	0.603712	0.250879	0.0152124	0.130196	0.3867532	0.873896	1.520904	0.7039761
24504	-410.9655	-422.6943	11.72877	0.812686	0.0230064	0.0344402	0.129867	0.5391098	0.8237226	1.445747	0.804243
24510	-408.826	-419.2065	10.38049	0.84701	0.0372291	0.0160073	0.0997539	0.5391098	0.4307206	2.296835	1.315386
24516	-407.1415	-418.2265	11.08498	0.78153	0.0143382	0.00315015	0.200981	0.5170412	0.6030964	2.123292	0.7246029
24522	-413.5293	-425.1707	11.6414	0.640846	0.0680146	0.0116354	0.279504	0.5170412	0.1684427	2.30566	0.2361169
24528	-413.3893	-423.2483	9.859048	0.906481	0.0474233	0.0164584	0.0296371	0.5948736	0.6554141	2.30566	1.571924
24534	-410.8043	-422.9085	12.10421	0.890566	0.0455574	0.0161694	0.0477074	0.5441382	0.7244905	1.349196	0.6552091
24540	-407.7785	-418.9768	11.19824	0.910554	0.0137651	0.0279699	0.0477106	0.3875131	0.8139637	1.36556	1.64298
24546	-409.4484	-421.8113	12.36288	0.933972	0.00381959	0.0286892	0.0335194	0.2732743	1.580545	0.4998377	0.4644731
24552	-408.9585	-421.0371	12.07852	0.88238	0.000967284	0.0256791	0.0909737	0.3187845	1.43118	0.8761888	0.6822952
24558	-407.8143	-420.0686	12.25423	0.942149	0.00073387	0.0100286	0.0470888	0.2286114	1.43118	0.4408429	0.7060047
24564	-415.9262	-428.0632	12.13704	0.703575	0.000548038	0.00406642	0.29181	0.2285109	1.361749	0.6626262	0.849297
24570	-416.5672	-424.5731	8.005913	0.871934	0.0291339	0.0299448	0.068987	0.3805381	2.80772	0.1266459	3.627172
24576	-412.9803	-423.0377	10.05735	0.77454	0.0371016	0.0266	0.161758	0.2893588	2.776157	0.06013912	0.2769121
24582	-414.2024	-424.2877	10.0853	0.851197	0.024487	0.017556	0.10676	0.2132932	2.134289	0.1334353	1.629678
24588	-412.3694	-423.4224	11.05298	0.821816	0.0945119	0.01695	0.0667224	0.60313	2.244017	0.184501	0.4705845
24594	-420.5364	-432.3803	11.84388	0.835253	0.0318965	0.0143219	0.118529	0.2350382	1.86534	0.3006711	0.5881453
24600	-412.2835	-423.5969	11.31344	0.878279	0.0312939	0.0100584	0.0803683	0.2899075	1.365946	0.4890568	1.790189
24606	-410.7229	-422.8108	12.08792	0.873082	0.0967232	0.00632158	0.023873	0.2706829	1.561834	0.3850074	0.7185301
24612	-423.0016	-431.4516	8.449993	0.758024	0.00847865	0.129108	0.10439	0.8790459	1.555528	0.9255973	5.08401
24618	-419.2758	-430.1053	10.82946	0.657813	0.224075	0.054238	0.0638738	0.4276147	0.8236304	1.192131	2.353982
24624	-412.2354	-423.3576	11.1222	0.926932	0.0098374	0.0160367	0.0471936	0.2897025	1.324437	0.8920658	1.825442
24630	-406.1405	-418.8715	12.73101	0.926124	0.00307383	0.0179572	0.0528454	0.2897025	0.9858935	0.5747629	0.6701565
24636	-410.3319	-422.6121	12.28019	0.899858	0.0187276	0.0174479	0.063966	0.4122758	1.520957	0.6275266	0.4936767
24642	-412.8608	-422.1347	9.273951	0.9558	0.0185234	0.00311289	0.0225632	0.26021	1.84357	0.7651781	4.17561
24648	-409.7948	-421.0199	11.2251	0.931212	0.0180469	0.00681869	0.043922	0.2707534	1.830501	1.329617	0.6659495
24654	-407.5328	-419.1306	11.5978	0.841235	0.0155317	0.00615985	0.137073	0.4085968	1.034361	1.593511	0.6597149
24660	-407.5731	-419.2783	11.70521	0.907696	0.0211648	0.0066465	0.0644924	0.4085968	0.8827278	1.389658	0.9619742
24666	-408.2954	-419.742	11.44656	0.848371	0.0463289	0.00918199	0.0961181	0.4085968	0.848605	1.609468	0.9619742
24672	-411.614	-423.2587	11.64469	0.782112	0.0401207	0.00982907	0.167938	0.484584	1.578471	1.341686	0.288933
24678	-409.0069	-420.618	11.61111	0.691341	0.0568348	0.0139238	0.2379	0.3099163	1.025489	1.629262	0.6745704
24684	-404.6418	-416.7178	12.07597	0.918396	0.017332	0.0203976	0.0438747	0.454715	0.7902435	1.21762	0.8563989
24690	-407.4297	-418.5117	11.08198	0.787566	0.014863	0.036347	0.161224	0.4443763	0.9632223	1.951273	0.6992837
24696	-405.3025	-415.9842	10.68166	0.83282	0.00570409	0.0297066	0.131769	0.4443763	0.9634196	1.872772	1.210981
24702	-409.588	-420.3461	10.75807	0.852936	0.00852893	0.0254864	0.113049	0.4443763	1.314869	1.872772	0.7828067
24708	-405.2667	-416.8462	11.57955	0.889664	0.01019	0.0112802	0.0888659	0.3455322	0.888281	1.485462	1.005698
24714	-409.3364	-421.1936	11.85718	0.919245	0.0199261	0.0116553	0.0491734	0.2567989	1.306638	0.8584697	1.052109
24720	-408.2992	-419.6671	11.36786	0.789327	0.0171099	0.010008	0.183555	0.3144064	1.027774	1.151795	1.551733
24726	-404.2654	-416.8599	12.59443	0.846126	0.0214094	0.00864987	0.123814	0.3144064	0.9549113	0.9263715	0.6047065
24732	-406.4553	-419.143	12.6877	0.864191	0.0852574	0.00883455	0.0417167	0.3144064	1.027969	1.027573	0.305488
24738	-408.5429	-421.0569	12.51399	0.818947	0.120734	0.00837202	0.0519469	0.4868477	1.331125	0.6084209	0.3759391
24744	-411.5536	-422.237	10.68337	0.832944	0.0916161	0.0226053	0.0528348	0.3292232	1.918095	0.3684683	1.811699
24750	-413.6232	-426.4495	12.82632	0.69357	0.0762862	0.0188228	0.211321	0.2894072	1.143781	0.6388088	0.3932486
24756	-412.6885	-425.335	12.64652	0.626332	0.26603	0.0346214	0.0730167	0.1550419	1.286319	0.6542653	0.1935213
24762	-410.2109	-422.7239	12.51304	0.939111	0.028574	0.0122278	0.0200871	0.3880739	1.4723	0.3895367	0.2524703
24768	-407.5441	-420.2691	12.72507	0.92045	0.0240515	0.00547412	0.0500247	0.3880739	0.995417	0.6534004	0.5814404
24774	-410.9978	-423.4149	12.41711	0.908918	0.0237502	0.0187197	0.0486125	0.6053412	0.6767535	0.8179572	0.8771213
24780	-416.3286	-428.2177	11.88914	0.275717	0.684546	0.0180053	0.0217312	0.09467242	1.335537	0.8732413	0.6463935
24786	-418.7445	-429.1551	10.41062	0.489132	0.417613	0.0267791	0.0664758	0.09197403	1.348906	0.8732413	2.289656
24792	-409.8647	-422.0642	12.19955	0.958777	0.000748789	0.0160541	0.0244197	0.3540136	0.9245422	0.9371683	0.979671
24798	-407.8069	-420.3864	12.57948	0.951981	0.00157097	0.0184238	0.0280243	0.3540136	0.9597708	0.8453612	0.6580503
24804	-407.8752	-420.2561	12.38088	0.953215	0.000886119	0.0300911	0.0158073	0.3540136	1.292502	0.6724824	0.6418303
24810	-411.2521	-422.7315	11.47939	0.887267	0.00666734	0.0695371	0.0365288	0.4431007	1.173806	1.194719	1.10595
24816	-408.6555	-420.179	11.52348	0.875583	0.00449141	0.0686214	0.0513042	0.4484239	0.7999375	1.408041	1.170965
24822	-405.8542	-418.0859	12.23168	0.862573	0.0192837	0.0676018	0.0505418	0.4577987	1.045856	0.9294233	0.7532693
24828	-409.1053	-421.9729	12.8676	0.858661	0.0191963	0.0672952	0.054848	0.4364607	0.4999079	0.8493157	0.7532693
24834	-415.7732	-427.8342	12.06101	0.726809	0.169803	0.0569617	0.0464258	0.6352087	0.8083645	1.149105	0.7532693
24840	-408.8975	-421.3494	12.45186	0.800248	0.0739404	0.0101647	0.115647	0.5250514	0.4637445	1.211624	0.7498677
24846	-410.3965	-422.6031	12.20659	0.892876	0.0412433	0.00842385	0.0574569	0.4132464	0.7924204	1.211624	0.772155
24852	-414.2745	-425.8424	11.56785	0.705229	0.262865	0.0314325	0.000473237	0.2333922	2.111512	0.1748985	0.2619347
24858	-410.4085	-421.6657	11.25719	0.771278	0.19062	0.0305631	0.00753858	0.4178126	2.23218	0.1540169	0.3060707
24864	-409.7574	-421.7194	11.96203	0.899898	0.0026041	0.0597714	0.0377263	0.5395633	0.2496888	1.785156	0.683298
24870	-413.0511	-424.7393	11.68815	0.873224	0.00252691	0.0579997	0.0662494	0.5395633	0.7488134	1.785156	0.4647661
24876	-409.8065	-421.9199	12.11338	0.86417	0.0128689	0.0573983	0.0655625	0.4683823	1.1033	1.280955	0.4301776
24882	-409.8916	-422.4206	12.52905	0.804938	0.0119869	0.0534641	0.129611	0.4683823	0.9395643	0.898118	0.5897069
24888	-408.0347	-419.5272	11.49249	0.936857	0.0230116	0.0109899	0.0291414	0.4182874	1.305251	0.8435314	1.354261
24894	-405.692	-418.0242	12.33219	0.826861	0.020803	0.00704725	0.145289	0.2856607	1.305251	0.6859378	0.7034777
24900	-408.2543	-419.9613	11.70695	0.920089	0.0257164	0.00798057	0.0462145	0.3925046	0.6556484	1.886338	0.1189936
24906	-407.8481	-419.842	11.99388	0.90448	0.0260198	0.0227404	0.0467598	0.4137216	1.204756	0.861741	0.9253758
24912	-403.8925	-416.532	12.63958	0.924956	0.0266088	0.0145181	0.0339173	0.4137216	0.7967947	0.9580585	0.6156828
24918	-407.7273	-419.8807	12.15344	0.919077	0.0132952	0.0557661	0.011862	0.3466651	1.105566	0.9219157	0.8661946
24924	-411.5787	-424.2703	12.69155	0.900497	0.0130264	0.0787271	0.00774965	0.4212529	0.9251595	0.9599018	0.4271221
24930	-411.9519	-422.3606	10.40872	0.824782	0.100173	0.0486255	0.0264198	0.4212529	1.234819	0.9599018	2.753688
24936	-411.6894	-423.2024	11.51302	0.675256	0.19323	0.0474366	0.0840766	0.6019796	0.9524894	0.8516021	1.517433
24942	-416.9746	-426.755	9.780437	0.472815	0.389268	0.0432213	0.0946952	0.05254304	0.752392	0.9055327	3.37741
24948	-415.697	-426.8739	11.17693	0.466552	0.343163	0.0873848	0.102901	0.04770808	0.8189745	0.9055327	1.182471
24954	-411.7325	-421.5397	9.807226	0.136714	0.766084	0.0654553	0.0317464	0.08037514	1.599016	0.6213995	2.922163
24960	-412.9287	-422.3614	9.432665	0.436875	0.491138	0.0158808	0.0561062	0.05876765	1.432017	0.6683517	3.308367
24966	-420.6164	-427.415	6.798524	0.226825	0.592477	0.039835	0.140863	0.07623604	1.540105	0.6348022	11.10242
24972	-416.2498	-427.7639	11.51414	0.633075	0.109143	0.165225	0.0925566	0.5841049	1.881202	0.3093766	0.654118
24978	-416.208	-427.0791	10.87107	0.645534	0.115491	0.171557	0.0674183	0.6783913	1.98096	0.3496261	1.128793
24984	-408.5394	-420.0334	11.49398	0.880365	0.0820288	0.00809102	0.0295152	0.2945016	1.113035	1.515955	0.8560834
24990	-405.3677	-417.4602	12.09246	0.871692	0.0812207	0.0140157	0.0330717	0.3022886	1.870164	0.7684929	0.2463345
24996	-411.9078	-423.4058	11.49798	0.871692	0.0812207	0.0140157	0.0330717	0.3083672	1.870164	0.5561342	1.003049
25002	-411.3942	-419.7462	8.35197	0.531898	0.251	0.0165259	0.200577	0.02479521	1.905823	0.2856355	2.263129
25008	-411.8596	-423.7412	11.88158	0.66257	0.244933	0.0228251	0.0696719	0.09393366	1.349895	0.4122561	0.7969238
25014	-412.6697	-424.6377	11.96792	0.894974	0.0196891	0.0111677	0.0741687	0.3481871	1.089303	1.435365	0.126667
25020	-406.3735	-418.2369	11.86347	0.894974	0.0196891	0.0111677	0.0741687	0.3983991	0.9140425	1.015448	1.222533
25026	-404.625	-416.582	11.95703	0.903109	0.00747073	0.0117022	0.0777182	0.3185042	1.282529	0.6756399	1.083083
25032	-408.0686	-420.6413	12.57271	0.772222	0.0769107	0.00885345	0.142014	0.2993656	1.436152	0.6592275	0.1984553
25038	-409.1801	-421.6402	12.46013	0.675846	0.0852763	0.00137119	0.237506	0.2993656	1.326544	0.9585731	0.200995
25044	-414.1872	-425.6541	11.46685	0.834028	0.000348502	0.0101599	0.155463	0.3321953	1.764823	0.511154	1.134698
25050	-411.1329	-421.635	10.50216	0.923006	0.00089208	0.00312927	0.0729729	0.2962428	1.533077	1.03799	2.183153
25056	-408.5833	-419.8955	11.31223	0.843203	0.00246246	0.00275565	0.151579	0.2952506	1.462827	1.088531	1.215176
25062	-407.8827	-419.7508	11.86814	0.791148	0.00143229	0.00258553	0.204834	0.2682462	1.49537	0.641879	0.9931301
25068	-406.1321	-418.7926	12.66057	0.924546	0.00633364	0.00489796	0.0642227	0.3312529	1.106515	0.7906805	0.4935222
25074	-407.4928	-420.1605	12.66776	0.954781	0.00911557	0.00419713	0.0319067	0.346877	0.8638532	1.040915	0.4935222
25080	-417.9397	-425.3449	7.405155	0.676436	0.0561965	0.00865026	0.258717	0.2993629	1.279656	1.757572	7.356394
25086	-406.7151	-418.8558	12.14072	0.809089	0.0639669	0.00210474	0.124839	0.2993629	1.306866	0.8436276	0.7757037
25092	-407.5262	-419.4621	11.93585	0.909386	0.0124917	0.01319	0.0649324	0.2993629	1.550065	0.7249054	0.8209704
25098	-407.5528	-418.3937	10.84089	0.885225	0.0121598	0.00906305	0.0935524	0.2728924	1.280584	0.9296936	2.221631
25104	-413.0818	-422.8633	9.781498	0.893624	0.0122927	0.00830951	0.0857741	0.4250813	2.354397	0.5237726	2.403287
25110	-409.5618	-419.587	10.02521	0.826328	0.0429371	0.0317193	0.0990159	0.462079	0.992413	1.133406	3.446554
25116	-409.9028	-421.525	11.62222	0.828977	0.154649	0.014781	0.00159327	0.5956587	0.2981339	1.230663	1.711367
25122	-408.6854	-420.9188	12.23338	0.83171	0.0250337	0.0382647	0.104991	0.4259251	0.9981437	1.242728	0.5041798
25128	-413.2456	-426.0462	12.8006	0.900906	0.00514451	0.00467471	0.0892752	0.3302042	0.6023413	0.7007789	0.8997014
25134	-404.7845	-417.214	12.42947	0.843045	0.0108067	0.00348958	0.142659	0.3620731	1.339067	0.4054672	0.5725302
25140	-415.394	-426.2129	10.81889	0.908651	0.0179057	0.0565154	0.0169279	0.4897488	0.2248707	1.790185	2.020539
25146	-405.7611	-418.0621	12.30098	0.947276	0.00844294	0.0287237	0.0155578	0.3634181	0.8749186	0.8046537	1.033803
25152	-414.159	-425.4344	11.27542	0.858653	0.0199334	0.0748072	0.0466059	0.5898275	1.349875	1.115513	1.075906
25158	-413.3615	-423.7709	10.40946	0.925789	0.0127462	0.0437703	0.0176947	0.4249004	1.914992	0.3362388	2.042304
25164	-407.9683	-419.841	11.87263	0.943131	0.012985	0.0258576	0.0180261	0.4483826	1.83508	0.395159	0.5558592
25170	-413.2412	-425.0724	11.83126	0.867907	0.0291341	0.00502669	0.0979321	0.2610709	1.196072	0.5970374	1.36648
25176	-410.4625	-421.5046	11.0421	0.790309	0.0396525	0.00688401	0.163155	0.3271203	1.528537	0.4908551	1.906729
25182	-412.1624	-423.5039	11.34152	0.866728	0.0152884	0.00174912	0.116235	0.3176129	1.807096	0.3489118	1.170234
25188	-414.5207	-423.9182	9.39747	0.934457	0.0182005	0.00159575	0.0457473	0.2548083	1.807096	0.4623936	4.20684
25194	-412.5781	-424.6385	12.06042	0.865395	0.0723777	0.0122271	0.0500006	0.6088976	1.724953	0.4219032	0.2536484
25200	-408.9653	-421.527	12.56171	0.881975	0.0440334	0.0051021	0.0688896	0.254362	1.507792	0.4247313	0.2536484
25206	-411.3321	-423.7872	12.45508	0.899492	0.0449079	0.00962082	0.0459789	0.3223582	1.507792	0.4247313	0.1552261
25212	-417.8258	-426.3522	8.526431	0.835051	0.0895879	0.0115312	0.0638302	0.8605675	1.495585	0.4821152	5.658413
25218	-418.214	-429.8435	11.6295	0.487366	0.417685	0.0264846	0.0684643	0.6538159	2.044107	0.4381311	0.3899721
25224	-411.1381	-422.0333	10.8952	0.843546	0.021166	0.023735	0.111553	0.3829557	1.359864	0.7137472	2.182931
25230	-415.1014	-426.6852	11.58386	0.863257	0.0578103	0.0515472	0.0273857	0.6187463	1.174391	0.6942378	1.292099
25236	-409.0331	-421.3593	12.32621	0.902244	0.053116	0.0194776	0.0251619	0.2930479	1.541849	0.5614888	0.527497
25242	-411.3244	-423.6556	12.33121	0.924256	0.0442142	0.00323477	0.0282946	0.3746841	1.179764	0.492035	0.8273287
25248	-411.7699	-423.6892	11.91933	0.845544	0.0404488	0.00295929	0.111047	0.2938659	1.658095	0.323705	0.08638502
25254	-411.5126	-423.867	12.35444	0.792855	0.0732276	0.00689107	0.127027	0.3486066	1.57673	0.5108583	0.1441819
25260	-417.8762	-430.421	12.54479	0.711705	0.0727998	0.0432062	0.172289	0.338869	1.189477	0.796099	0.1222328
25266	-417.7506	-430.3283	12.57777	0.740442	0.0781989	0.0322626	0.149097	0.4905122	1.231165	0.700782	0.1749987
25272	-416.4251	-424.3195	7.894406	0.916231	0.00335735	0.00768268	0.0727294	0.4686604	1.928106	0.4626333	7.320687
25278	-410.9192	-422.1145	11.19526	0.917516	0.00195865	0.00769346	0.0728315	0.5823125	1.533211	0.4975882	1.434911
25284	-420.551	-432.3803	11.82931	0.840386	0.00977104	0.0143162	0.135526	0.29046	1.344839	0.3228045	1.129635
25290	-416.1646	-428.3778	12.21323	0.0553071	0.832943	0.0613715	0.0503781	0.1414961	1.567023	0.4071827	0.4912487
25296	-418.2643	-428.8334	10.56907	0.528679	0.34721	0.07053	0.0535817	0.1487786	1.549708	0.3965039	2.39319
25302	-415.4012	-427.8595	12.4583	0.324455	0.413277	0.0516385	0.21063	0.1257199	1.440683	0.5030708	0.2149676
25308	-413.8521	-426.1286	12.2765	0.183521	0.676921	0.0333176	0.106241	0.0960196	1.357334	0.6349435	0.4040983
25314	-411.3343	-422.1847	10.85045	0.240551	0.536223	0.0909361	0.13229	0.03370488	1.759013	0.4351839	0.2509313
25320	-415.6115	-427.939	12.3275	0.747631	0.0478372	0.0773268	0.127205	0.5629074	0.2337069	1.120766	1.16529
25326	-414.7055	-425.6322	10.92669	0.787152	0.0609009	0.0180171	0.13393	0.5629074	0.6755202	1.08632	2.407325
25332	-412.1202	-422.8479	10.72767	0.86162	0.0473676	0.0197216	0.0712912	0.3651574	1.795533	0.5338044	1.93291
25338	-414.667	-426.2263	11.55926	0.876552	0.0137434	0.0200634	0.0896409	0.5010118	1.697303	0.4551952	0.9594821
25344	-410.2216	-421.0578	10.83623	0.914236	0.0633523	0.00592609	0.0164858	0.03700412	0.4651269	1.108058	1.357735
25350	-408.8367	-419.7687	10.93197	0.673748	0.200852	0.0132022	0.112198	0.03213059	1.089791	1.013465	0.5346857
25356	-415.2553	-426.0686	10.81335	0.615833	0.172515	0.0447105	0.166942	0.05248399	0.6724162	1.18187	1.556324
25362	-411.827	-423.7269	11.89992	0.527293	0.170255	0.0265476	0.275905	0.06624645	0.2022436	1.754353	0.1564471
25368	-408.8901	-420.8475	11.95745	0.262337	0.0721534	0.00921681	0.656293	0.07653618	0.2984614	1.754353	0.1674583
25374	-410.4922	-422.0807	11.58854	0.347712	0.297992	0.0337251	0.320571	0.06437635	0.7656266	1.569578	0.1674583
25380	-418.6874	-430.7937	12.10633	0.542476	0.0880891	0.00119138	0.368243	0.2280252	1.649583	0.7548982	0.5531315
25386	-412.7695	-425.1588	12.38936	0.918156	0.0692146	0.000936105	0.0116934	0.2371748	1.649583	0.5460112	0.181946
25392	-413.2001	-425.2261	12.02595	0.412027	0.42292	0.0314226	0.13363	0.05133269	1.07617	0.6307955	0.1836404
25398	-413.9149	-424.5983	10.68333	0.480512	0.358977	0.0278174	0.132694	0.04873453	1.45413	0.6519119	1.249084
25404	-404.321	-417.0926	12.77166	0.88839	0.00557106	0.0220619	0.0839767	0.330853	1.016934	0.6433414	0.5597118
25410	-407.3453	-420.3641	13.01885	0.878952	0.0547625	0.00184039	0.0644447	0.2909088	0.863747	0.626724	0.4933301
25416	-407.5793	-420.2786	12.69924	0.906312	0.0466684	0.00182891	0.0451904	0.3934639	0.8388017	0.8242488	0.6466501
25422	-412.2042	-424.6002	12.39603	0.769449	0.131657	0.00169207	0.0972018	0.3706014	1.108619	0.9469733	0.5943199
25428	-406.9802	-419.3806	12.40039	0.864554	0.0466508	0.00216036	0.086635	0.4413134	1.225844	0.6254947	0.0990856
25434	-410.236	-422.9144	12.67843	0.875596	0.0513353	0.0220085	0.0510598	0.3916132	0.8398192	0.7274187	0.7316402
25440	-410.9215	-423.1296	12.20806	0.917447	0.0231189	0.0364395	0.0229949	0.3505495	1.364798	0.9948999	0.49663
25446	-411.8608	-422.6906	10.82982	0.917447	0.0231189	0.0364395	0.0229949	0.4798118	1.515377	0.7904489	1.876467
25452	-407.2201	-420.0128	12.79269	0.898573	0.0285782	0.0388394	0.0340094	0.4619405	0.6102704	0.881604	0.6714959
25458	-416.5737	-428.7014	12.12765	0.608953	0.0970418	0.238742	0.0552638	0.7641802	0.7908171	1.05857	0.6714959
25464	-414.4326	-426.0545	11.62195	0.697811	0.111202	0.110526	0.0804612	0.453858	0.9915184	0.7342749	1.621705
25470	-424.8429	-432.4299	7.587024	0.836103	0.0388968	0.0573448	0.0676557	0.7702339	2.237128	0.1123949	4.659487
25476	-429.0961	-435.5065	6.410358	0.955799	0.00950234	0.0192973	0.0154015	1.403683	2.237128	0.1985201	7.103151
25482	-422.5005	-433.0399	10.53937	0.820966	0.0125899	0.0885837	0.0778603	0.6387951	1.764509	0.4217003	1.859649
25488	-428.8956	-438.2624	9.366784	0.683433	0.0132411	0.191608	0.111717	1.642614	1.941502	0.2125753	1.573499
25494	-409.3967	-421.4218	12.0251	0.815656	0.0354355	0.0162801	0.132628	0.4413341	0.4529073	1.249424	1.223606
25500	-411.9059	-424.0771	12.17124	0.79767	0.101716	0.0503837	0.0502294	0.5876057	1.205931	0.8057596	0.634235
25506	-413.424	-425.0999	11.67587	0.822356	0.0688218	0.0340898	0.0747323	0.3656655	0.8834574	0.7633765	1.756703
25512	-407.2537	-419.4618	12.20808	0.897541	0.0035018	0.0064601	0.0924968	0.4060967	0.6859419	1.043999	1.063722
25518	-409.238	-420.4983	11.26033	0.866469	0.0158945	0.0121992	0.105438	0.3920038	0.6442561	1.823457	1.063722
25524	-412.8928	-424.6868	11.79405	0.790742	0.0788738	0.0642328	0.0661511	0.3726664	1.052138	0.8694834	1.318565
25530	-413.0946	-425.5955	12.50086	0.0803939	0.433811	0.0553643	0.430431	0.08666609	1.123408	0.6638061	0.2728174
25536	-413.3977	-424.8345	11.43683	0.164391	0.704378	0.0623375	0.0688941	0.1176955	1.199841	0.6526209	1.54974
25542	-410.2867	-422.2755	11.98878	0.0280788	0.837582	0.0549238	0.0794156	0.1124093	1.640276	0.3230409	0.1365464
25548	-414.5432	-424.8159	10.27274	0.598251	0.330341	0.0385826	0.0328252	0.02860543	1.40084	0.4771081	1.005276
25554	-417.8495	-428.8995	11.04997	0.137988	0.710414	0.0909376	0.06066	0.04711878	1.818348	0.2982243	0.4075543
25560	-422.7161	-428.4505	5.734402	0.783379	0.082021	0.00344892	0.131151	0.3666354	1.287457	0.9127026	19.06052
25566	-407.6099	-418.9083	11.2984	0.879385	0.0782716	0.0038716	0.0384717	0.2517883	1.343078	0.9461393	1.536248
25572	-419.186	-430.1224	10.93649	0.426333	0.288286	0.0372303	0.248151	0.1252601	1.061089	0.9376931	2.141873
25578	-420.444	-432.1916	11.74767	0.471574	0.327217	0.102517	0.0986924	0.08197069	1.23548	0.9217453	0.7305032
25584	-412.4619	-424.4617	11.9998	0.366403	0.478754	0.0279079	0.126936	0.1369576	1.585991	0.822746	0.5435167
25590	-416.4209	-428.0057	11.58474	0.297504	0.576769	0.0226601	0.103067	0.1262641	1.562226	1.111913	0.6613484
25596	-412.0744	-424.5775	12.50301	0.749726	0.153518	0.0208725	0.0758835	0.4331415	0.7963769	1.115087	0.5750503
25602	-417.9249	-428.0745	10.14965	0.724751	0.185374	0.0165187	0.0733557	0.4495166	0.6524435	1.648679	2.720456
25608	-411.6604	-423.0863	11.4259	0.772837	0.104971	0.000975724	0.121216	0.4212709	1.639558	0.5646469	1.230058
25614	-414.3865	-425.8094	11.42295	0.420648	0.336838	0.105463	0.137051	0.05075113	1.476262	0.6842505	0.528816
25620	-413.2241	-422.9348	9.710681	0.745449	0.0454667	0.00233504	0.206749	0.2935612	1.655089	1.285774	2.763208
25626	-417.0946	-426.7731	9.678421	0.748679	0.0643155	0.0034676	0.183538	0.285285	1.316162	0.7648552	4.421878
25632	-413.4362	-424.289	10.85285	0.752592	0.0210688	0.0588113	0.167527	0.3863724	1.67597	0.3152632	1.789736
25638	-417.7992	-429.2245	11.42529	0.532227	0.254408	0.0415908	0.171774	0.6983914	1.723534	0.4141002	0.8516595
25644	-416.818	-425.9848	9.166879	0.757781	0.00665276	0.0354519	0.200115	0.4723596	0.987206	1.179958	5.104675
25650	-414.5488	-426.0743	11.52542	0.798091	0.0250017	0.00929091	0.167616	0.4752593	0.8556981	1.762921	0.6141493
25656	-414.2246	-426.1494	11.92473	0.814867	0.00328763	0.0094862	0.17236	0.4396828	0.3596027	1.540465	1.039284
25662	-414.0708	-425.5049	11.43404	0.819644	0.00510839	0.00187707	0.17337	0.4396828	0.7773647	1.540465	1.113813
25668	-410.6456	-422.4992	11.85366	0.887607	0.00553196	0.00203271	0.104829	0.5456298	1.02032	0.9125829	1.078239
25674	-414.4834	-426.4323	11.94896	0.912037	0.00568422	0.0157536	0.0665255	0.2772763	1.904281	0.9125829	0.2710099
25680	-410.9431	-422.3041	11.36097	0.912125	0.00558774	0.0157551	0.066532	0.2772763	1.670875	0.4959135	1.376774
25686	-412.5264	-423.7948	11.2684	0.905239	0.00280352	0.0190306	0.0729265	0.3107439	1.510409	0.6910773	1.586369
25692	-407.009	-419.2793	12.27025	0.897895	0.0200344	0.0097362	0.0723348	0.3107439	1.510409	0.9730844	0.2829864
25698	-405.066	-417.5591	12.4931	0.889626	0.026436	0.0128472	0.0710907	0.4232682	1.065137	0.6925628	0.687723
25704	-405.2322	-416.7183	11.48606	0.915313	0.0472393	0.0132181	0.0242299	0.4232682	1.186445	0.9286932	1.406502
25710	-409.2243	-421.0059	11.78163	0.125247	0.595081	0.00478745	0.274885	0.0699618	1.317538	0.5494562	0.08969216
25716	-407.2103	-419.3942	12.18392	0.485752	0.245496	0.0101799	0.258572	0.0699618	0.8879476	0.9150151	0.1215929
25722	-410.0894	-421.8271	11.73764	0.111425	0.461746	0.0191471	0.407681	0.04481343	0.9317534	0.9150151	0.1453277
25728	-411.3313	-424.067	12.73569	0.219464	0.424598	0.0451075	0.310831	0.07081566	0.4939034	0.8404339	0.1453277
25734	-412.1724	-423.7015	11.52912	0.136326	0.394438	0.0626471	0.406589	0.0639808	1.074519	1.397716	0.1867307
25740	-407.8175	-419.1068	11.28939	0.611629	0.242162	0.0393385	0.106871	0.04678825	1.121445	1.077892	0.1080112
25746	-417.6166	-429.7963	12.17975	0.487158	0.468811	0.0166031	0.0274284	0.1292991	1.075776	1.077892	0.1046494
25752	-418.1384	-430.1518	12.01336	0.881337	0.0771316	0.0391925	0.00233938	0.2723525	1.152932	0.5842287	1.217409
25758	-415.901	-428.5047	12.60367	0.866762	0.0652243	0.0670581	0.000955973	0.3076256	1.385066	0.5842287	0.3854428
25764	-413.1664	-424.4554	11.28897	0.254051	0.511683	0.00772248	0.226544	0.09847626	1.686644	0.5464894	1.095098
25770	-411.3738	-421.6458	10.27202	0.559082	0.169443	0.00894905	0.262526	0.02757803	1.686644	0.6555773	0.6372165
25776	-410.5863	-420.4392	9.852898	0.876719	0.04075	0.00265418	0.0798771	0.02757803	1.858313	0.2186698	0.6592494
25782	-424.0972	-434.3028	10.20556	0.729843	0.0845595	0.169528	0.016069	0.6294116	1.669847	1.732776	0.989255
25788	-412.8872	-424.4234	11.53627	0.851783	0.0695579	0.0146187	0.0640409	0.3253935	1.756813	0.8500114	0.9067876
25794	-423.0985	-430.4728	7.374216	0.516684	0.199092	0.0590747	0.225149	0.09373917	2.966841	0.04214163	2.381094
25800	-415.8856	-426.7165	10.83098	0.596121	0.309125	0.0318247	0.0629291	0.4104612	1.282617	0.6778663	2.381102
25806	-417.3858	-429.3289	11.94318	0.406549	0.385693	0.00632556	0.201432	0.2197578	1.136465	0.9702378	1.028414
25812	-413.4255	-424.4995	11.074	0.801051	0.0457904	0.0894505	0.0637084	0.5722488	0.4372966	1.459888	1.895659
25818	-413.877	-425.6447	11.76767	0.830358	0.035937	0.0462923	0.0874127	0.4475353	0.0861202	1.473058	1.602847
25824	-417.7127	-428.6697	10.95694	0.658363	0.267263	0.0137459	0.0606282	0.1238369	0.008892541	1.949258	1.791791
25830	-406.3437	-418.781	12.43735	0.851778	0.0781425	0.0172291	0.0528506	0.4743296	0.2344887	1.346266	0.8745303
25836	-410.4057	-422.9904	12.58475	0.797262	0.0890825	0.0196411	0.0940143	0.5700699	0.2487867	1.129074	0.8745303
25842	-408.0208	-420.6387	12.61781	0.863869	0.0194127	0.0148495	0.101869	0.4593347	0.2168442	1.171558	0.9350019
25848	-407.8436	-419.9938	12.15024	0.864676	0.0192976	0.0147615	0.101265	0.497724	0.06906375	1.570117	1.008137
25854	-412.9821	-424.5926	11.61057	0.82688	0.0114699	0.0225224	0.139128	0.497724	0.04617527	1.320143	2.040171
25860	-413.0939	-424.72	11.62612	0.71842	0.0521822	0.00832356	0.221074	0.3202746	0.6487878	1.709873	0.9070273
25866	-407.6288	-419.7098	12.08096	0.826514	0.0372702	0.00797868	0.128237	0.3528775	1.102647	1.457816	0.3006141
25872	-407.126	-419.3089	12.18292	0.811048	0.0365727	0.00831615	0.144063	0.3399577	0.7227105	1.258712	0.8619216
25878	-406.7677	-418.7082	11.94043	0.846262	0.00103675	0.00238264	0.150318	0.3651215	1.205904	1.118939	0.7697309
25884	-411.2189	-422.7727	11.55383	0.7737	0.00598913	0.00386296	0.216447	0.4311951	1.051414	1.413019	0.8958988
25890	-407.5626	-419.2746	11.71203	0.898427	0.0173721	0.00284067	0.0813606	0.5997638	0.1321765	1.675684	1.134902
25896	-414.7487	-425.4484	10.69971	0.863055	0.0583957	0.00039224	0.0781574	0.4474181	0.4324224	1.962485	1.6386
25902	-414.5461	-425.3585	10.81237	0.71856	0.197445	0.00104398	0.0829509	0.5687328	0.7277256	1.962485	1.053671
25908	-418.4808	-429.9541	11.47326	0.692371	0.244581	0.000276683	0.0627708	0.7206673	0.2373068	1.962485	0.7312861
25914	-412.3045	-422.9447	10.64022	0.66401	0.234563	0.000988551	0.100439	0.5087957	0.6463079	1.962485	1.389527
25920	-414.2773	-424.7811	10.50377	0.711939	0.205782	0.000678419	0.0816003	0.3252057	0.4781421	1.962485	1.949031
25926	-411.2532	-420.7431	9.489878	0.838725	0.0932098	0.000773811	0.0672913	0.3112881	0.6470024	1.646449	4.11096
25932	-409.3674	-420.4983	11.13091	0.812593	0.113471	0.000443598	0.0734928	0.4681646	0.9053496	1.103489	1.912424
25938	-411.1572	-422.7558	11.59865	0.765617	0.106911	0.000131569	0.12734	0.4077186	1.187207	0.7925393	1.422352
25944	-418.3718	-428.4323	10.06056	0.734132	0.0331873	0.00521061	0.227471	0.2259746	1.682841	0.9725118	2.722243
25950	-417.7952	-428.8275	11.03235	0.905522	0.0389904	0.00489729	0.0505906	0.4112261	1.310356	0.8715157	1.878464
25956	-417.0576	-429.3756	12.31803	0.92146	0.0396767	0.0035483	0.0353151	0.4592409	1.408483	0.6122501	0.5311656
25962	-415.2878	-423.7662	8.4784	0.775133	0.0710576	0.0169218	0.136887	0.4360561	2.085926	0.2215197	4.802167
25968	-417.9009	-427.5991	9.698184	0.464633	0.443144	0.0143243	0.0778982	0.4360561	2.20918	0.2215197	2.348621
25974	-413.3128	-423.4175	10.10468	0.918076	0.0275441	0.0134466	0.0409333	0.4365293	1.764259	0.3493061	2.708066
25980	-416.8467	-428.4385	11.59171	0.81063	0.0661671	0.000211011	0.122992	0.2019913	1.828003	1.199987	0.4478069
25986	-406.1145	-417.3644	11.24995	0.859247	0.0101608	0.000223667	0.130369	0.2869484	1.334806	0.816106	1.732249
25992	-408.1161	-419.4662	11.3501	0.886082	0.0218798	0.0227129	0.069325	0.3992936	1.47731	0.7117732	1.444694
25998	-410.1172	-421.5202	11.40291	0.86404	0.0241932	0.02129	0.0904768	0.4199033	1.24245	0.8686554	1.501866
26004	-409.7548	-421.6751	11.92035	0.697867	0.0652231	0.000910659	0.236	0.3996473	0.7827855	1.786759	0.2362845
26010	-413.7354	-423.8104	10.07496	0.814526	0.0267944	0.00296399	0.155716	0.4616029	1.611326	1.434181	1.856869
26016	-404.8664	-416.8496	11.98328	0.85244	0.03059	0.00284799	0.114122	0.4074302	0.9665234	1.165412	0.8754863
26022	-409.0397	-420.6932	11.65343	0.846641	0.0101359	0.000275023	0.142949	0.5166639	0.6612734	1.336692	1.205602
26028	-414.6679	-426.1617	11.49379	0.850683	0.0178577	0.000276336	0.131183	0.7319957	0.6849677	1.329274	1.121262
26034	-411.9686	-423.3494	11.38075	0.773457	0.0375968	0.00250282	0.186444	0.5097043	0.6262901	2.108213	0.1424869
26040	-410.4821	-422.4683	11.9862	0.82789	0.0770924	0.00109371	0.0939242	0.4066642	1.649595	1.027264	0.190199
26046	-411.0586	-422.7783	11.71966	0.841875	0.0370311	0.000805492	0.120288	0.2380118	1.210662	0.6854972	1.431348
26052	-407.2513	-419.5203	12.26905	0.817966	0.0471908	0.00102648	0.133817	0.3037201	1.611183	0.5861481	0.504762
26058	-409.6732	-422.1521	12.47893	0.788734	0.0280487	0.00425536	0.178962	0.2514611	1.107654	1.0141	0.1256432
26064	-412.8346	-423.5995	10.76493	0.842367	0.0219022	0.000156413	0.135574	0.2400932	1.361255	0.9401572	2.203612
26070	-408.2346	-419.2287	10.9941	0.873894	0.0227219	0.000738507	0.102646	0.2558517	1.361255	0.760815	2.09104
26076	-413.6324	-422.7733	9.140876	0.857794	0.0288851	0.00227769	0.111043	0.2304246	1.325818	0.8703154	5.447674
26082	-411.9155	-424.0405	12.12499	0.808844	0.164399	0.00160939	0.0251481	0.5797929	1.426024	0.7054835	0.5403785
26088	-409.3575	-421.574	12.21651	0.898135	0.0667533	0.00718726	0.0279243	0.4397984	1.440055	0.6605875	0.5962621
26094	-403.1546	-415.7239	12.56932	0.875056	0.00078192	0.0224607	0.101702	0.3013094	1.106132	0.7933544	0.5962621
26100	-407.5247	-419.8892	12.36443	0.874831	0.00103878	0.0224549	0.101675	0.3603991	0.6466765	0.9130265	1.111998
26106	-406.7465	-419.2627	12.51629	0.896605	0.000971282	0.0188939	0.0835299	0.3704507	0.770745	0.9998881	0.7516324
26112	-408.6973	-420.767	12.06962	0.902825	0.00158155	0.062199	0.0333948	0.4070183	0.6477592	1.108277	1.174491
26118	-414.4757	-426.5341	12.05843	0.885725	0.000777383	0.0807355	0.0327623	0.4070183	0.5280181	1.026547	1.411838
26124	-412.2006	-424.5256	12.32493	0.897702	0.00732	0.0728442	0.0221334	0.4911075	0.7908474	0.9058387	0.898106
26130	-418.0517	-428.4654	10.41371	0.70413	0.0752518	0.00675482	0.213864	0.7089427	0.7899755	1.608305	1.848547
26136	-421.5001	-431.6004	10.10027	0.754381	0.0806222	0.00636944	0.158628	0.3541907	1.294198	1.308979	2.620577
26142	-419.2971	-430.7164	11.4193	0.864555	0.0988133	0.00103317	0.0355984	0.4105744	0.2664799	1.586113	1.662039
26148	-416.3877	-428.7372	12.34951	0.834624	0.0759793	0.00137528	0.0880216	0.4934714	0.3577421	1.215584	0.9776032
26154	-407.2011	-419.6259	12.42479	0.768148	0.0603019	0.00284531	0.168705	0.3287338	0.8102387	1.011167	0.8173378
26160	-411.5254	-422.3814	10.85595	0.767534	0.0610489	0.00062191	0.170795	0.3287338	1.000669	1.862503	1.101011
26166	-406.5677	-417.866	11.29832	0.787359	0.036164	0.0012704	0.175207	0.2862901	1.000669	1.24811	1.54737
26172	-416.1004	-426.549	10.44859	0.873401	0.0212051	0.00266013	0.102734	0.5087107	1.073305	1.449116	1.985609
26178	-411.1351	-421.203	10.06786	0.794038	0.148351	0.00557393	0.052037	0.280298	1.226152	0.8500459	3.692382
26184	-408.6113	-419.9023	11.29099	0.778666	0.100496	0.0057893	0.115049	0.3862126	1.09274	0.9173913	1.801198
26190	-415.0289	-427.3894	12.36052	0.721648	0.107133	0.0994023	0.0718165	0.5679709	0.1742355	1.436041	0.8048371
26196	-417.4784	-427.3971	9.918673	0.733541	0.050025	0.140445	0.0759891	0.6123449	0.3553401	1.751829	3.076754
26202	-410.21	-421.1323	10.92228	0.922635	0.00426135	0.0473928	0.0257105	0.6072621	0.462279	1.408162	2.105275
26208	-410.9683	-422.4581	11.48976	0.905413	0.00923152	0.0468212	0.0385344	0.8680118	0.6048101	1.336298	1.052564
26214	-417.3534	-428.5915	11.23802	0.854931	0.00691231	0.0112459	0.126911	0.3355714	0.6489514	1.336298	1.892713
26220	-416.0828	-427.6838	11.60101	0.811141	0.0852189	0.0104407	0.0931994	0.6713165	0.7709825	1.030386	1.350638
26226	-418.4046	-427.8115	9.406974	0.712579	0.1692	0.0207297	0.0974912	0.3154423	0.6575115	1.776956	3.88271
26232	-410.4017	-422.5609	12.15917	0.81411	0.0829299	0.00467446	0.0982854	0.4309559	0.2567698	1.547332	0.9073029
26238	-409.6531	-421.8913	12.23825	0.693219	0.105951	0.00319727	0.197632	0.4081604	0.08219222	2.003133	0.1683282
26244	-408.5956	-420.4904	11.89474	0.869412	0.0325304	0.0157741	0.0822838	0.4226534	1.995741	0.565316	0.4097706
26250	-405.6261	-417.2502	11.62409	0.867484	0.0231384	0.00128943	0.108088	0.4956893	0.1589228	1.991818	0.8441084
26256	-409.0415	-419.9811	10.93959	0.864115	0.0230485	0.00516835	0.107669	0.5081625	0.07842447	1.926511	1.772104
26262	-407.8696	-419.5541	11.68451	0.815823	0.0298191	0.00658596	0.147772	0.4875106	0.1592247	2.009462	0.7685159
26268	-404.8764	-416.7653	11.88886	0.849207	0.0164507	0.00685547	0.127487	0.4835914	0.3416758	1.748402	0.7685159
26274	-412.1613	-421.9336	9.772283	0.836603	0.0731945	0.0135479	0.0766551	0.2918466	1.381264	0.503241	4.302414
26280	-412.1949	-423.5705	11.37559	0.784676	0.0720924	0.0169423	0.126289	0.3948187	1.261827	0.8483861	1.556082
26286	-408.816	-420.1514	11.33533	0.860812	0.0210075	0.0203342	0.0978464	0.4746592	1.282673	0.8483861	1.494144
26292	-412.9034	-424.9386	12.03519	0.797434	0.00463828	0.0561983	0.141729	0.5975848	0.593418	1.144767	1.031179
26298	-413.507	-422.0618	8.554862	0.935365	0.0204263	0.027917	0.0162921	0.3579848	1.551683	0.994497	5.959029
26304	-411.693	-423.1359	11.4429	0.856195	0.0513938	0.00115132	0.0912595	0.6066567	1.718427	0.6337151	0.9203939
26310	-409.2349	-419.8181	10.58315	0.867582	0.0520773	0.00165741	0.0786829	0.2787908	1.742926	0.9836359	1.874741
26316	-411.3372	-421.8461	10.50894	0.844578	0.0381125	0.0202899	0.0970194	0.3209238	1.560776	0.6100196	2.58996
26322	-425.1301	-436.3829	11.25275	0.204336	0.555589	0.0116096	0.228466	0.08628936	1.1511	0.6398418	1.588653
26328	-420.1063	-430.5317	10.42539	0.664834	0.220837	0.00396753	0.110362	0.1093854	1.558704	0.4920969	2.405213
26334	-413.8898	-424.0019	10.11211	0.791693	0.0251795	0.0110178	0.17211	0.3120503	1.778665	0.6376517	2.862463
26340	-415.3414	-424.3679	9.02655	0.780029	0.0623667	0.0134366	0.144168	0.5619296	1.176265	0.9656179	5.316507
26346	-412.0475	-423.8762	11.82871	0.722833	0.0700459	0.0126791	0.194442	0.4694436	0.7705486	0.9565126	1.411235
26352	-410.7968	-422.7057	11.90897	0.798496	0.0297502	0.0579991	0.113755	0.7794946	1.223757	0.7362115	0.7198198
26358	-409.3324	-421.0753	11.74295	0.884882	0.0222844	0.0434443	0.0493896	0.5606123	0.5017914	1.299275	1.282312
26364	-415.0736	-425.5222	10.44866	0.78602	0.0197947	0.137765	0.0564205	0.8204348	1.027422	1.570364	1.44065
26370	-409.8735	-420.9256	11.05212	0.889212	0.00501163	0.0615636	0.044213	0.6888466	0.4390193	1.895411	1.075833
26376	-408.5658	-420.5487	11.98294	0.859757	0.0150414	0.0595244	0.0656773	0.3958923	0.90975	1.005378	1.114471
26382	-410.6663	-423.0386	12.37233	0.863197	0.0151016	0.0557618	0.0659401	0.5130585	0.7294566	0.9386293	0.8613265
26388	-412.0656	-423.6683	11.60278	0.876336	0.00686098	0.0566106	0.0601928	0.4546671	1.006362	1.420776	0.8613265
26394	-406.5591	-418.2503	11.6912	0.89849	0.0348249	0.0214182	0.0452668	0.2342974	1.783306	0.2650293	0.7581902
26400	-409.6533	-421.6437	11.99035	0.918521	0.0175784	0.0100326	0.0538682	0.3769377	1.838693	0.4662774	0.5204021
26406	-410.645	-423.2379	12.59288	0.870374	0.0620486	0.0165328	0.0510446	0.3968263	1.220785	0.5300022	0.5204021
26412	-412.1989	-422.9821	10.78311	0.883341	0.062973	0.0167791	0.0369067	0.3824375	1.309787	0.9340062	2.170413
26418	-405.5259	-417.921	12.39504	0.951586	0.023803	0.0109277	0.013683	0.2696883	1.07292	0.8353364	0.7714714
26424	-409.2388	-421.8067	12.56793	0.874127	0.0571623	0.0262427	0.0424679	0.3178419	1.252747	0.7844333	0.4506309
26430	-407.8519	-420.4697	12.61787	0.834698	0.00918126	0.0170022	0.139119	0.3736827	1.296547	0.7612488	0.2941314
26436	-408.5734	-420.9964	12.42294	0.839338	0.00635462	0.0163237	0.137984	0.3202841	1.564929	0.585885	0.3777602
26442	-407.9294	-420.1139	12.1845	0.955581	0.0285292	0.00132248	0.0145676	0.3673094	1.563609	0.6854462	0.5548314
26448	-410.6162	-421.4091	10.79293	0.913821	0.0272825	0.00126468	0.0576316	0.3259282	0.8934174	1.732037	0.04235028
26454	-411.1798	-422.1073	10.92755	0.638383	0.0118179	0.000694701	0.349105	0.4774534	1.255074	1.664005	0.06762418
26460	-410.0252	-422.4947	12.46945	0.815575	0.000395022	0.0114752	0.172555	0.2803814	1.092002	0.6732699	0.7832993
26466	-410.6421	-421.4885	10.84639	0.925365	0.000436379	0.0126766	0.0615218	0.4697467	1.504587	0.5975542	2.020969
26472	-412.7288	-424.9498	12.22103	0.848262	0.0500377	0.00112909	0.100572	0.3096555	1.468111	1.048688	0.3194562
26478	-415.4601	-426.1102	10.65015	0.897379	0.0336705	0.0012753	0.0676749	0.3138435	1.234532	1.961689	0.9338397
26484	-409.7922	-422.8467	13.05449	0.864947	0.000204516	0.00421577	0.130633	0.4032268	0.5323906	0.7800561	0.6241993
26490	-408.1355	-420.6034	12.4679	0.861577	0.0075884	0.000710434	0.130124	0.3277185	0.9950415	0.987691	0.6241993
26496	-408.0123	-419.6616	11.64932	0.836059	0.0161816	0.000689393	0.14707	0.293233	1.391147	1.129678	0.9001681
26502	-408.8226	-420.2992	11.47657	0.837595	0.0129773	0.00055288	0.148874	0.293233	1.630155	1.246774	0.7071675
26508	-410.0151	-421.4262	11.41118	0.837595	0.0129773	0.00055288	0.148874	0.4462105	2.087935	0.3286226	0.7071675
26514	-405.8424	-416.2403	10.39785	0.875625	0.00990507	0.00083983	0.11363	0.207758	2.270087	0.2438851	1.546939
26520	-405.4753	-416.9812	11.50584	0.890656	0.0365355	0.00824629	0.064562	0.2522523	2.185878	0.1851031	0.329763
26526	-406.4916	-417.9964	11.5048	0.85254	0.0349719	0.00789338	0.104595	0.2930662	2.185878	0.1798172	0.2403866
26532	-413.0467	-423.5795	10.53279	0.881568	0.0396796	0.00207708	0.0766751	0.550002	0.5006414	2.063125	1.457402
26538	-416.3084	-428.6755	12.36702	0.861783	0.0908272	0.00551633	0.0418739	0.3678756	0.7522017	1.290578	0.6037039
26544	-413.7641	-424.6697	10.90563	0.839557	0.0248348	0.00536089	0.130248	0.2504512	2.363347	0.3190458	1.035933
26550	-417.3028	-425.4468	8.144005	0.917435	0.0158445	0.0402994	0.0264209	0.540565	1.272096	0.9447633	7.576795
26556	-413.761	-423.8641	10.10309	0.89752	0.0282195	0.0409672	0.033293	0.4301975	1.109755	1.079232	3.256864
26562	-404.3357	-415.2747	10.93901	0.922627	0.0365472	0.0068849	0.0339412	0.2568761	2.677708	0.1586512	0.2471957
26568	-415.1084	-426.7132	11.60479	0.756459	0.0705188	0.101815	0.0712076	0.7207978	1.723227	0.6144105	0.6531566
26574	-412.3292	-424.5949	12.26566	0.768718	0.0663919	0.0187294	0.14616	0.3569836	1.458349	1.003999	0.2751187
26580	-406.2185	-418.0114	11.79296	0.917796	0.0270708	0.00318003	0.0519533	0.3238223	1.41497	0.6952069	1.101687
26586	-411.1776	-423.0858	11.90825	0.814289	0.0240178	0.00209833	0.159595	0.2202466	1.530155	0.5693557	0.9389876
26592	-410.4881	-421.8189	11.33079	0.92998	0.00177111	0.000573219	0.0676757	0.1925226	1.983481	0.6006216	1.034203
26598	-408.1834	-419.9376	11.75417	0.970078	0.00589119	0.00130788	0.0227225	0.1921591	1.907433	0.913373	0.4991143
26604	-408.796	-421.221	12.42508	0.77586	0.0592651	0.0346557	0.130219	0.5650622	0.6984724	1.106144	0.627798
26610	-416.1679	-426.4654	10.29745	0.817248	0.0463517	0.0345549	0.101845	0.6801358	0.8514215	1.403169	2.33758
26616	-413.3084	-424.9934	11.68497	0.883767	0.0444229	0.018192	0.0536182	0.6085242	1.353048	0.7847385	0.9528907
26622	-417.1308	-429.8305	12.69972	0.883343	0.0653962	0.0282555	0.0230057	0.2341089	1.373569	0.5085195	0.2191313
26628	-409.4345	-422.4197	12.98525	0.883343	0.0653962	0.0282555	0.0230057	0.3279727	1.025057	0.6539527	0.2191313
26634	-412.1283	-423.1345	11.00623	0.696028	0.0491194	0.0019345	0.252918	0.3443514	1.185422	1.057979	1.909292
26640	-413.634	-424.4672	10.83317	0.815761	0.071086	0.0366117	0.076541	0.729151	1.571706	0.4632804	1.628758
26646	-409.8805	-421.94	12.05945	0.868046	0.0493635	0.0304699	0.0521207	0.3376429	1.571425	0.4632804	0.7355027
26652	-412.4207	-424.6494	12.22862	0.761763	0.145841	0.0433378	0.0490585	0.5997258	0.6828725	1.494919	0.2736268
26658	-413.9133	-424.9517	11.03841	0.78758	0.150784	0.0379778	0.0236577	0.5134513	0.3502268	1.756092	1.615566
26664	-413.8336	-423.7682	9.934583	0.852779	0.0782943	0.0424703	0.0264563	0.7643591	0.3309102	2.374778	1.52624
26670	-414.2571	-427.3077	13.05055	0.754453	0.0921379	0.0532753	0.100134	0.394718	0.3466789	0.9781765	0.6496224
26676	-409.8694	-422.7481	12.87874	0.850338	0.0561583	0.0324714	0.0610321	0.394718	0.3003914	0.7007315	1.076277
26682	-408.8234	-421.2863	12.46297	0.750775	0.158066	0.0335439	0.0576155	0.4901519	1.10909	0.7373545	0.5893591
26688	-411.067	-423.4551	12.38807	0.750775	0.158066	0.0335439	0.0576155	0.4959819	0.3992146	1.349447	0.7400188
26694	-411.695	-421.7796	10.08461	0.861136	0.00744284	0.0023083	0.129113	0.4247694	0.4674724	2.516969	1.339026
26700	-409.3913	-421.2727	11.88141	0.861253	0.00719675	0.00241999	0.129131	0.483468	0.2139098	1.832381	0.7820987
26706	-416.4274	-425.4268	8.999453	0.851525	0.0125417	0.00218972	0.133744	0.672398	0.2892046	2.703615	2.228133
26712	-410.0666	-420.852	10.78539	0.810028	0.0119131	0.00250551	0.175553	0.4259205	0.9695895	1.436394	1.807799
26718	-407.7185	-418.7617	11.04318	0.906117	0.020355	0.00101135	0.0725164	0.4438064	0.8341205	1.640701	1.319244
26724	-411.1739	-422.1043	10.93041	0.804713	0.0747425	0.000898171	0.119647	0.6904311	0.11641	1.985295	1.407611
26730	-409.7912	-423.0304	13.23919	0.804369	0.0747106	0.00132453	0.119596	0.435358	0.03480521	1.016224	0.6966553
26736	-410.1622	-423.3117	13.1495	0.874396	0.0349619	0.00447022	0.0861722	0.4845853	0.01464642	1.016224	0.7563279
26742	-407.6403	-418.9205	11.28024	0.931813	0.042505	0.00968095	0.0160006	0.3834455	1.802341	1.285969	0.6324002
26748	-409.6381	-420.9941	11.35603	0.863805	0.049591	0.0228123	0.0637919	0.3881502	1.328659	1.557559	0.6726004
26754	-413.7362	-425.5603	11.82403	0.769055	0.0441515	0.0111649	0.175629	0.4027661	1.178627	1.439813	0.5062877
26760	-404.8401	-416.6293	11.78922	0.876286	0.0185699	0.0126565	0.0924876	0.2847452	1.582694	0.689467	0.95724
26766	-413.6638	-425.7811	12.11723	0.921924	0.0198797	0.0133157	0.0448805	0.2906931	1.789172	0.6286848	0.4681974
26772	-408.0655	-420.2789	12.21341	0.849335	0.0334989	0.0122672	0.104899	0.2906931	1.546345	0.6074567	0.6197764
26778	-411.3329	-423.5477	12.21487	0.917632	0.0358953	0.0132537	0.0332185	0.2906931	0.901993	0.7753317	0.05457848
26784	-413.3637	-425.0984	11.73479	0.816848	0.0859346	0.0369054	0.0603116	0.9743042	0.7363897	1.021649	0.9285727
26790	-409.633	-421.9035	12.27052	0.777614	0.107072	0.0401672	0.0751466	0.3864667	1.231762	0.6182061	0.8037277
26796	-411.1009	-422.2459	11.14509	0.779654	0.10609	0.0397986	0.0744571	0.5234502	1.260348	0.795462	1.74056
26802	-405.0863	-417.6268	12.54056	0.842309	0.00640585	0.00338143	0.147904	0.3667575	0.5925689	1.152295	0.7456945
26808	-405.778	-417.8284	12.05044	0.941167	0.00715768	0.00285795	0.0488177	0.3667575	1.472397	0.6837896	0.7698241
26814	-409.8016	-422.3507	12.54908	0.850679	0.0308744	0.0568077	0.0616387	0.4463238	1.230411	0.6158655	0.4891473
26820	-416.8937	-424.905	8.011388	0.933104	0.0179602	0.0255137	0.023422	0.414179	2.099128	0.2168524	5.915773
26826	-427.3919	-434.5416	7.149698	0.934569	0.0179884	0.0255538	0.0218892	0.3178627	1.805049	0.514505	10.74569
26832	-408.7199	-420.9287	12.20876	0.921673	0.0177402	0.0239287	0.0366579	0.304209	1.805049	0.3773675	0.3165674
26838	-411.585	-422.8175	11.23251	0.915836	0.0176279	0.0237771	0.0427589	0.3614511	1.805049	0.2381359	1.090014
26844	-409.5335	-420.9779	11.44444	0.831948	0.0926075	0.0116915	0.063753	0.428573	1.265436	0.6432021	1.593763
26850	-418.6453	-429.5975	10.95214	0.356832	0.476596	0.0270024	0.139569	0.0525004	1.522358	0.6499842	0.9907101
26856	-417.1455	-429.6271	12.48161	0.465199	0.417096	0.0595445	0.0581605	0.2683231	1.093842	0.7559153	0.7257046
26862	-411.3755	-423.547	12.17149	0.272303	0.627004	0.0505037	0.0501888	0.07294172	0.9268576	0.9250473	0.5227088
26868	-422.1647	-434.6332	12.46843	0.221484	0.459659	0.0702201	0.248637	0.102232	0.3844083	0.9250473	1.010765
26874	-411.3562	-423.6048	12.24862	0.807624	0.0625863	0.000419097	0.12937	0.3682036	1.761421	0.5652886	0.3010405
26880	-412.8712	-423.7766	10.90538	0.770702	0.0272073	0.0103129	0.191778	0.3260508	2.467354	0.495836	0.9949369
26886	-404.7201	-416.3368	11.61663	0.868262	0.0228088	0.00864566	0.100283	0.299765	2.24442	0.8936246	0.2771979
26892	-406.8888	-419.3189	12.4301	0.890919	0.023404	0.00887127	0.0768054	0.3184372	0.9469016	1.113649	0.5854207
26898	-408.4246	-420.0104	11.58575	0.953936	0.0115661	0.0108644	0.0236338	0.2636364	2.349159	0.3451806	0.4089548
26904	-406.1864	-417.5088	11.32236	0.904143	0.0185526	0.014143	0.0631616	0.3321036	2.162999	0.341039	0.8183326
26910	-405.8921	-417.4533	11.56117	0.882523	0.0210567	0.0146789	0.0817412	0.2684656	2.162999	0.1935108	0.3184896
26916	-415.1242	-426.0734	10.94921	0.93443	0.0193522	0.0199279	0.0262894	0.2804931	2.580484	0.1744521	0.4749079
26922	-410.7941	-420.5572	9.763133	0.899887	0.0629214	0.0136124	0.0235793	0.265437	3.145333	0.08159474	0.5254858
26928	-414.2002	-423.3635	9.163292	0.897032	0.0660822	0.0135692	0.0233171	0.3188053	3.145333	0.07896918	1.060139
26934	-412.4632	-422.052	9.588821	0.899798	0.0295213	0.00254228	0.0681383	0.3105915	3.241365	0.0609674	0.2962102
26940	-403.1989	-413.3811	10.18221	0.908396	0.0167038	0.00269403	0.0722057	0.2234998	3.023464	0.1000038	0.1662881
26946	-404.8579	-416.0976	11.23974	0.912307	0.0146478	0.00052818	0.0725166	0.2210432	2.360198	0.1712061	0.1662881
26952	-407.8728	-419.2367	11.36396	0.872415	0.033871	0.000982695	0.0927312	0.4006253	2.357447	0.2229304	0.189839
26958	-410.1057	-422.1612	12.05553	0.849242	0.0331716	0.000962402	0.116624	0.2490988	1.744018	0.5429584	0.6050593
26964	-407.5008	-418.5416	11.04088	0.849157	0.0331682	0.00106245	0.116613	0.3298535	1.690613	0.5864745	1.6852
26970	-411.4927	-423.5628	12.07009	0.824909	0.0608182	0.000989588	0.113283	0.3913978	1.162153	1.33857	0.410296
26976	-408.1222	-419.1156	10.99337	0.922539	0.0148846	0.000878252	0.0616977	0.3625039	1.133188	1.596608	1.190054
26982	-411.3433	-422.0514	10.70808	0.799462	0.0144223	0.0024206	0.183695	0.2532478	1.179461	1.230464	2.103812
26988	-410.658	-420.632	9.973918	0.778262	0.0140398	0.00235641	0.205342	0.2474243	2.186771	0.7375355	2.387997
26994	-422.2182	-430.1214	7.903152	0.901764	0.0361231	0.0425967	0.0195159	0.2986162	1.518098	0.8400574	8.499
27000	-417.8118	-427.8459	10.03408	0.704287	0.244179	0.020452	0.0310815	0.1561274	2.785439	0.06568501	0.3165765
27006	-422.1332	-432.8242	10.69099	0.33065	0.367435	0.0450563	0.256859	0.2222653	2.188387	0.1233098	0.8631171
27012	-420.8251	-431.862	11.03696	0.331659	0.479305	0.0342028	0.154833	0.0781037	2.20423	0.1911141	0.2358074
27018	-424.7477	-434.0647	9.317013	0.390988	0.404741	0.0726647	0.131606	0.06616063	2.342431	0.1185416	1.436912
27024	-431.6062	-441.6319	10.02568	0.351724	0.438361	0.0298116	0.180104	0.02145854	1.378338	0.2610237	0.6355052
27030	-419.0854	-431.123	12.03761	0.656228	0.166794	0.00943234	0.167546	0.1102439	1.631482	0.3618222	0.4467015
27036	-419.7169	-430.1558	10.43897	0.398576	0.493932	0.00572896	0.101763	0.259978	1.360223	0.6703861	3.015268
27042	-415.8996	-426.5651	10.66555	0.717406	0.0493997	0.00118582	0.232009	0.3203539	1.30077	0.9841938	2.34207
27048	-414.0477	-425.3604	11.31268	0.907651	0.0362732	0.0010498	0.0550255	0.3392303	1.739027	0.6604201	1.276171
27054	-409.8538	-421.8715	12.01773	0.868386	0.0319626	0.00202996	0.097621	0.2515424	1.739027	0.4693389	0.6471014
27060	-410.2445	-421.8219	11.57733	0.893392	0.032883	0.0017748	0.0719504	0.3549503	1.938274	0.4270599	0.825661
27066	-412.1339	-423.9946	11.86071	0.80215	0.0295247	0.000596096	0.16773	0.271901	2.095004	0.5033588	0.1400383
27072	-411.8643	-423.6388	11.77453	0.882715	0.0103789	0.000395663	0.10651	0.2598445	1.942628	0.5057745	0.6859131
27078	-411.0484	-422.6834	11.63498	0.842925	0.00991109	0.000377827	0.146786	0.2740123	2.330506	0.6343244	0.155699
27084	-407.2848	-419.3164	12.03162	0.855813	0.00909784	0.000346825	0.134742	0.187149	1.601993	0.4310643	0.7254285
27090	-405.4491	-416.8242	11.37512	0.829638	0.00881958	0.000336217	0.161206	0.187149	2.028318	0.1887801	0.6206213
27096	-407.277	-417.7496	10.47251	0.931745	0.00990505	0.000377597	0.0579725	0.2051856	2.393341	0.2026252	1.208864
27102	-412.5025	-423.1209	10.61835	0.794869	0.0089473	0.00276382	0.19342	0.1870025	2.481849	0.1573535	0.7946061
27108	-409.2227	-421.223	12.00026	0.834874	0.0104036	0.00321368	0.151509	0.2044699	1.94878	0.3136549	0.325336
27114	-414.4482	-425.6369	11.18872	0.740198	0.0627449	0.00673097	0.190326	0.2286573	1.94878	0.3044832	1.149489
27120	-415.4784	-425.5463	10.0679	0.833217	0.0469086	0.00308305	0.116792	0.2286573	2.508343	0.1484062	1.315103
27126	-416.4777	-427.4489	10.97121	0.839037	0.0376908	0.00566465	0.117608	0.3652343	2.597946	0.1804991	0.405666
27132	-414.0387	-426.096	12.05729	0.572283	0.220787	0.0178777	0.189053	0.09344398	1.536978	0.685139	0.3993828
27138	-409.6574	-420.4191	10.76167	0.228307	0.356796	0.0433685	0.371528	0.0308526	1.546964	0.6574022	0.1358982
27144	-408.7798	-421.1244	12.34466	0.914432	0.0292624	0.0437924	0.0125132	0.3652513	1.288106	0.5825972	0.7068
27150	-413.2933	-424.9425	11.64918	0.733413	0.0965637	0.144511	0.0255122	0.4842081	1.195832	0.8450333	1.234121
27156	-415.9659	-426.9802	11.01421	0.672888	0.0983872	0.111346	0.11738	0.8145243	0.7109851	1.529062	1.234121
27162	-416.9834	-428.0686	11.08528	0.920312	0.0582771	5.86421e-05	0.0213521	0.38872	1.610021	0.2474904	1.459568
27168	-414.5722	-422.8875	8.315278	0.849706	0.0555645	1.9975e-05	0.0947094	0.3408643	2.09359	0.1818469	5.062131
27174	-411.666	-423.3292	11.66328	0.864607	0.0398719	1.22004e-05	0.0955087	0.2568504	2.09359	0.1973935	0.2648532
27180	-409.7298	-421.9186	12.18886	0.892211	0.0244766	7.45247e-05	0.0832376	0.2836544	1.632343	0.3529486	0.1193005
27186	-410.2255	-422.2835	12.058	0.832095	0.0522988	0.000159236	0.115447	0.2999612	1.297786	0.3495331	0.06535112
27192	-410.8667	-423.2103	12.34353	0.749209	0.0402444	0.000122534	0.210424	0.2301408	1.53316	0.5007964	0.1190665
27198	-416.4207	-428.6918	12.27114	0.599503	0.0806534	0.000200175	0.319644	0.09915136	1.255163	0.3726137	0.1190665
27204	-429.3006	-439.9446	10.64404	0.482587	0.366075	0.0594886	0.0918497	2.284046	1.201138	1.140359	0.2017686
27210	-414.7843	-427.4512	12.66694	0.816954	0.106738	0.0436886	0.032619	0.6329801	1.001352	0.7654902	0.2586625
27216	-413.2951	-425.3286	12.03355	0.857869	0.120165	0.0180237	0.00394189	0.600804	1.635577	0.6707475	0.4148676
27222	-422.9783	-431.9019	8.923598	0.643353	0.0477836	0.00839114	0.300472	0.4173914	0.8777648	2.501001	2.330839
27228	-416.3099	-427.3931	11.08312	0.769053	0.0571197	0.0146534	0.159174	0.5423485	1.067037	1.329133	1.366396
27234	-405.5536	-418.0111	12.45755	0.88672	0.050152	0.0215076	0.04162	0.541037	0.4542247	1.151683	0.8037357
27240	-410.56	-421.3254	10.76543	0.896055	0.0318106	0.0103026	0.0618322	0.3654214	1.155194	0.9988579	2.344707
27246	-406.004	-417.6003	11.5963	0.90724	0.0276563	0.0113462	0.0537573	0.3399454	1.035702	0.6723579	1.757012
27252	-407.9828	-420.3629	12.38017	0.910338	0.0266345	0.0308884	0.0321395	0.352135	0.8537122	0.7623794	1.014315
27258	-418.2429	-430.2381	11.9952	0.878248	0.0384888	0.0630842	0.0201793	0.7344714	0.9111676	0.650662	1.031939
27264	-414.431	-427.0025	12.5715	0.742144	0.152953	0.0878505	0.017052	0.5723283	1.082409	0.650662	0.4740247
27270	-414.3545	-423.2308	8.87636	0.800182	0.0125344	0.0307198	0.156564	0.427567	0.5039961	3.394223	1.036737
27276	-408.4153	-420.2316	11.8163	0.874055	0.0129627	0.0317694	0.0812128	0.4722463	0.413035	1.560215	1.036737
27282	-413.8275	-424.8104	10.98281	0.744323	0.0415864	0.0384735	0.175617	0.5946215	0.2039016	2.473421	0.6051734
27288	-412.6787	-423.0652	10.38643	0.925448	0.0181388	0.0197916	0.0366214	0.403483	0.5334252	2.473421	1.04351
27294	-415.4085	-426.456	11.04755	0.829018	0.0351926	0.0682941	0.0674948	0.7005515	0.7238979	1.76924	0.9659386
27300	-418.3131	-427.7882	9.475156	0.881879	0.100411	0.00845639	0.00925307	0.5800455	1.560573	0.6522975	3.964674
27306	-415.0834	-425.3211	10.2377	0.818468	0.119852	0.0236027	0.0380772	0.422601	1.145589	0.8575514	3.345003
27312	-417.6026	-429.6886	12.08592	0.70347	0.113104	0.0228393	0.160587	0.3654971	0.9068288	1.075631	0.9637306
27318	-422.1973	-430.33	8.132737	0.828435	0.0793934	0.00785255	0.0843186	0.4149793	1.213876	1.191471	7.361896
27324	-412.9902	-424.0965	11.10623	0.90182	0.0689703	0.0194853	0.00972396	0.3605797	1.479812	0.8552419	1.64243
27330	-406.3459	-418.1406	11.79467	0.928832	0.035237	0.0117835	0.0241476	0.3483638	0.9649101	0.5689999	1.64243
27336	-407.7411	-418.0812	10.34012	0.84894	0.0569073	0.00247753	0.0916752	0.304938	1.775743	0.3136675	2.423652
27342	-410.5228	-422.6925	12.1697	0.866236	0.0395689	0.000651605	0.093543	0.1957182	1.638917	0.3465981	0.5200451
27348	-405.7976	-418.0896	12.29204	0.891293	0.032157	0.000529549	0.0760209	0.1920678	1.738154	0.5090028	0.1929457
27354	-412.1356	-423.8952	11.75966	0.700022	0.0590982	0.000822169	0.240058	0.3012289	1.031257	1.266486	0.9858575
27360	-414.9729	-426.3256	11.35275	0.658766	0.163454	0.0163036	0.161476	0.08155906	0.9794216	1.017954	1.287064
27366	-411.3935	-423.011	11.61748	0.198004	0.509965	0.0553278	0.236704	0.04161341	0.5944813	1.342671	0.2492878
27372	-409.8155	-421.1132	11.2977	0.927814	0.0204759	0.00976779	0.0419419	0.2487628	1.606656	0.4617447	1.522789
27378	-408.4003	-419.326	10.92562	0.958031	0.0182797	0.0100859	0.0136033	0.3361977	1.127642	0.9020083	2.314524
27384	-407.5935	-419.104	11.51045	0.910085	0.023639	0.0276588	0.0386168	0.4010499	1.05184	1.237789	1.18677
27390	-407.7789	-420.0626	12.28366	0.902227	0.0130217	0.000779715	0.083972	0.2986311	1.604249	0.6501146	0.4744799
27396	-408.5954	-419.1389	10.54355	0.828315	0.00949906	0.00208491	0.160101	0.2687502	2.140748	0.3554424	1.726437
27402	-412.2933	-422.689	10.39568	0.960247	0.00244883	0.0307106	0.00659365	0.2882972	1.906935	0.213143	1.916516
27408	-421.0661	-429.9355	8.869387	0.617916	0.255431	0.113375	0.0132778	0.6300585	2.450296	0.1159341	2.284648
27414	-410.8771	-422.3539	11.47682	0.904997	0.00564364	0.00234338	0.0870162	0.2387145	2.262371	0.2361879	0.1415839
27420	-415.6164	-426.9495	11.33311	0.205445	0.591997	0.0352409	0.167317	0.06822843	0.9644146	1.455076	0.6495182
27426	-409.0503	-421.2037	12.1534	0.257934	0.373627	0.0500567	0.318382	0.06632804	0.6777325	1.217486	0.1661297
27432	-409.1438	-418.9815	9.837759	0.906174	0.00642293	0.00654243	0.0808608	0.2975879	2.441865	0.2481728	2.051198
27438	-406.4136	-417.5335	11.11985	0.906694	0.0176524	0.00654619	0.0691076	0.2464185	2.625218	0.1944199	0.2776724
27444	-402.8909	-414.6537	11.76286	0.959934	0.00758002	0.00281096	0.0296751	0.2062768	2.013567	0.2202916	0.3374306
27450	-401.4049	-413.3288	11.92387	0.94689	0.0121803	0.00277277	0.0381569	0.2099379	2.013567	0.3355323	0.3816317
27456	-404.0968	-416.5057	12.40893	0.890458	0.0356692	0.00500449	0.0688683	0.3482075	1.073267	1.02817	0.5543866
27462	-413.8478	-424.0609	10.21306	0.812096	0.0325302	0.00456409	0.15081	0.3633608	1.111441	0.8874628	3.492843
27468	-401.584	-413.5939	12.00988	0.923137	0.0147489	0.00713105	0.0549827	0.2528399	1.918102	0.7596909	0.3688878
27474	-403.1678	-415.3934	12.22557	0.943219	0.00796843	0.0030953	0.045717	0.2528399	1.76609	0.4641581	0.4115535
27480	-408.3726	-420.0208	11.64818	0.910362	0.0134775	0.00523527	0.0709251	0.2903217	2.36569	0.6815194	0.2177396
27486	-404.9285	-416.5846	11.65605	0.861397	0.0127526	0.00495368	0.120897	0.284776	1.868042	0.8928869	0.6689385
27492	-407.4464	-419.6164	12.16994	0.914475	0.0156872	0.0060902	0.0637478	0.3049823	1.615792	0.975417	0.2603364
27498	-407.905	-419.6465	11.74151	0.890084	0.0152688	0.00592777	0.088719	0.2959418	1.197927	1.362592	0.7293036
27504	-408.1995	-419.8452	11.6457	0.888445	0.0152406	0.00591685	0.0903971	0.2959418	1.749853	1.070561	0.6223003
27510	-410.4166	-422.3701	11.9535	0.888445	0.0152406	0.00591685	0.0903971	0.2420153	1.600181	0.987098	0.5618037
27516	-408.8234	-420.9563	12.13289	0.836221	0.0468639	0.00213786	0.114777	0.4109571	1.271459	1.048601	0.5618037
27522	-405.5692	-417.1301	11.56086	0.885335	0.0134401	0.000745836	0.100479	0.2590806	2.373644	0.8163302	0.2238839
27528	-409.1088	-420.5342	11.42546	0.901277	0.0136821	0.00230938	0.0827311	0.3253736	2.13187	0.486776	0.8148244
27534	-417.5342	-429.6184	12.08417	0.361372	0.532416	0.0918488	0.0143636	0.1077341	1.249452	1.16404	0.2234676
27540	-414.1132	-425.6732	11.56005	0.645562	0.283969	0.0603719	0.010098	0.05257333	1.131829	1.11329	0.158867
27546	-414.2414	-424.3632	10.12178	0.398643	0.531986	0.0673309	0.00203958	0.04654205	1.642948	0.5880821	1.63858
27552	-410.9172	-421.9583	11.04106	0.692554	0.268197	0.0386408	0.000608603	0.03049874	1.371348	0.55133	0.3675836
27558	-414.8775	-424.3392	9.461715	0.304959	0.630109	0.0645009	0.000431385	0.03049874	1.499939	0.5719731	1.92234
27564	-407.6431	-419.0237	11.38059	0.0671948	0.649653	0.159021	0.124132	0.04804143	0.02708681	1.980965	0.1501534
27570	-410.7781	-422.2612	11.48311	0.0932529	0.69902	0.094499	0.113228	0.04804143	0.05452436	1.56601	0.07244301
27576	-408.6776	-420.2294	11.55179	0.2442	0.610524	0.0781042	0.0671718	0.06782669	0.1476035	2.073069	0.1830857
27582	-409.2082	-420.3299	11.12175	0.108898	0.532968	0.101084	0.25705	0.06817916	0.6183581	2.073069	0.2403721
27588	-410.2568	-422.1566	11.89973	0.0817854	0.649244	0.0759174	0.193053	0.05083459	0.5584288	1.284135	0.3937241
27594	-412.3703	-423.5488	11.1785	0.852155	0.102142	0.0335348	0.0121681	0.7230991	1.215424	0.770175	1.524263
27600	-409.1152	-421.0305	11.91521	0.358977	0.544355	0.0216217	0.0750459	0.08156382	1.276267	0.6555357	0.7108693
27606	-410.231	-420.9578	10.72683	0.570001	0.353325	0.0242648	0.0524093	0.04943512	1.242982	1.182357	0.9595684
27612	-411.7758	-421.816	10.04019	0.634344	0.276869	0.0238915	0.0648958	0.03562873	1.750157	1.143792	0.7647663
27618	-407.7727	-418.1433	10.37056	0.457513	0.45445	0.0392152	0.0488219	0.03147524	1.270185	1.434564	0.3797063
27624	-407.2091	-418.3405	11.13138	0.492841	0.412324	0.0422433	0.0525919	0.03900353	0.7225913	1.384587	0.115596
27630	-409.457	-421.4208	11.96377	0.968052	0.00363035	0.00317492	0.0251425	0.1972205	1.267471	0.7703992	1.031056
27636	-410.8243	-423.2229	12.39856	0.890794	0.0686462	0.0196764	0.0208836	0.3567773	1.38242	0.8095772	0.4469188
27642	-408.2384	-420.3035	12.06508	0.949061	0.0247557	0.012702	0.0134813	0.386629	1.850849	0.5771017	0.4123581
27648	-416.2522	-427.2025	10.95029	0.966308	0.0147587	0.0112606	0.00767228	0.5394394	2.038122	0.715189	1.122473
27654	-411.8044	-423.2295	11.42517	0.941104	0.0143738	0.0312076	0.0133145	0.425968	2.118006	0.4175208	0.74126
27660	-407.1763	-419.2374	12.06113	0.936079	0.0103441	0.031041	0.0225358	0.3554562	1.549403	0.4508683	0.74126
27666	-411.5743	-423.7836	12.20927	0.821499	0.00824109	0.00500806	0.165252	0.4555888	0.7737513	1.021237	0.9532327
27672	-407.2041	-419.2465	12.04231	0.902648	0.00905515	0.00550276	0.0827944	0.2742295	1.359528	0.6067958	0.967687
27678	-409.4851	-421.2758	11.79068	0.841215	0.0768539	0.00477119	0.0771596	0.2993941	1.518316	0.7196792	0.9969512
27684	-412.5318	-424.6149	12.08307	0.830539	0.0758785	0.00246682	0.091116	0.2729555	0.981182	0.9559753	1.06214
27690	-407.9298	-419.9274	11.99753	0.828063	0.0485569	0.00144976	0.12193	0.3353961	1.181301	0.788773	1.06214
27696	-406.6463	-418.4432	11.79685	0.922513	0.0194334	0.000682157	0.0573719	0.2887178	1.405087	0.788773	1.06214
27702	-410.2894	-421.8032	11.51374	0.920801	0.0193974	0.00741722	0.0523849	0.5032965	1.520791	0.788773	1.06214
27708	-416.6359	-426.6961	10.06027	0.963133	0.0149869	0.00510147	0.016779	0.2961834	1.581715	0.5884134	3.328575
27714	-412.8512	-424.8335	11.98236	0.189913	0.646358	0.0906144	0.0731149	0.05643664	0.7241249	1.134378	0.444106
27720	-408.8207	-421.396	12.57529	0.866268	0.0198578	0.0105717	0.103303	0.2425706	1.20442	0.7415167	0.5415589
27726	-408.5527	-420.811	12.25829	0.844038	0.0193482	0.0103004	0.126314	0.2651246	1.574765	0.4931794	0.5753717
27732	-409.9313	-421.0782	11.14686	0.770752	0.0205706	0.0138685	0.194809	0.3870223	1.808821	0.7832809	1.261091
27738	-404.3155	-415.5658	11.25029	0.825775	0.0156334	0.0105399	0.148052	0.2596048	1.735601	0.3688493	1.384767
27744	-405.1802	-416.6302	11.45005	0.832675	0.0243086	0.0269367	0.116079	0.3841545	1.907746	0.3356241	0.9007917
27750	-406.2624	-417.7109	11.44855	0.828352	0.0100716	0.0304324	0.131144	0.4214616	1.219668	0.9277237	1.414161
27756	-417.9412	-429.5662	11.62508	0.781024	0.018222	0.0683797	0.132375	0.4350686	1.144921	1.012202	1.199831
27762	-414.6767	-426.6812	12.00444	0.746981	0.048183	0.0235762	0.181259	0.4060175	1.21882	0.6235413	1.060001
27768	-416.4272	-426.2288	9.801624	0.726036	0.112335	0.0834525	0.0781762	0.3543147	0.8940708	1.258947	3.954063
27774	-413.4024	-424.1418	10.73932	0.887233	0.0642491	0.0218853	0.0266327	0.365917	1.591166	0.2819962	2.009066
27780	-411.8287	-422.8996	11.07095	0.856036	0.0802532	0.00394864	0.0597618	0.3674068	2.374572	0.2752228	0.7545478
27786	-410.9755	-422.1698	11.19433	0.831212	0.0853434	0.00517169	0.0782724	0.4943226	2.356111	0.2765899	0.549422
27792	-407.3222	-419.1619	11.8397	0.885879	0.00455522	0.0387914	0.0707748	0.3725959	0.9497788	1.47029	0.6955645
27798	-405.0264	-417.0532	12.0268	0.896589	0.00461029	0.0271705	0.0716305	0.3089568	1.431999	0.9945852	0.6311618
27804	-404.3617	-416.9023	12.54059	0.921469	0.0244791	0.00815352	0.0458983	0.4612422	1.26538	0.7342077	0.1681286
27810	-414.7857	-426.8203	12.03458	0.208541	0.733085	0.0260279	0.0323462	0.1344196	1.43346	0.5306137	0.7858188
27816	-418.0245	-427.7557	9.73117	0.0599702	0.678109	0.128298	0.133623	0.0861079	1.587442	0.5433468	3.200621
27822	-413.6354	-422.0234	8.38792	0.961738	0.0250831	0.00115851	0.0120203	0.2715099	1.662141	0.7660917	6.761099
27828	-409.6681	-421.2759	11.60782	0.957516	0.027851	0.00128635	0.0133467	0.2899247	1.539411	0.7099105	1.172452
27834	-409.5784	-422.0512	12.47281	0.623067	0.257047	0.00894423	0.110942	0.4831069	0.9021448	0.9183558	0.6477742
27840	-411.1376	-424.0432	12.90559	0.642015	0.296415	0.018983	0.0425868	0.492488	0.9463915	0.7042256	0.2628469
27846	-413.8957	-425.6765	11.7808	0.679104	0.242004	0.0118491	0.0670431	0.8895715	0.9395666	1.020136	0.7729656
27852	-417.4319	-427.3681	9.936233	0.434716	0.402231	0.0126692	0.150384	0.04972208	1.45246	0.409511	2.226687
27858	-421.6914	-430.9838	9.292408	0.579481	0.133794	0.0129573	0.273767	0.06368987	1.201068	0.829532	3.959859
27864	-414.7633	-424.4917	9.728395	0.538943	0.344888	0.0488623	0.0673072	0.1015292	0.284404	2.007642	2.868282
27870	-412.3048	-423.0705	10.76571	0.548402	0.321932	0.0456099	0.0840562	0.07490673	0.3402255	2.007642	1.131852
27876	-411.9962	-423.1171	11.12086	0.245757	0.569475	0.0973488	0.0874198	0.04299106	0.4114441	1.60836	0.691918
27882	-414.0348	-425.6733	11.63851	0.208078	0.717232	0.0360768	0.0386134	0.05202445	0.9569199	1.22756	0.3356682
27888	-410.4368	-421.632	11.19524	0.344193	0.470829	0.0893478	0.0956298	0.05197761	0.5841321	1.702426	0.5507354
27894	-406.3849	-418.082	11.69705	0.930728	0.0136333	0.0252857	0.0303528	0.2421371	2.115288	0.2525958	0.4039732
27900	-409.7951	-421.464	11.66886	0.836102	0.0234522	0.07213	0.0683152	0.5185465	2.066855	0.3299686	0.4039732
27906	-413.4501	-424.8898	11.4397	0.785102	0.0705764	0.0680101	0.0763114	0.538266	2.066855	0.3643022	0.6445154
27912	-408.1368	-419.17	11.03322	0.887214	0.0137989	0.0316975	0.0672894	0.3433082	1.885853	0.370225	1.422068
27918	-415.5106	-427.7598	12.2493	0.834599	0.0377687	0.0181783	0.109454	0.2880923	1.694376	0.649097	0.4193272
27924	-415.989	-425.8804	9.891455	0.851523	0.044178	0.0188355	0.0854633	0.47018	1.574556	0.5700143	3.4163
27930	-416.8795	-426.9844	10.10485	0.831757	0.0317237	0.0497212	0.0867982	0.47018	1.326399	0.6627989	3.4163
27936	-411.4067	-423.0995	11.69286	0.91525	0.0166407	0.00423677	0.0638728	0.3245818	1.395434	0.6627989	1.244991
27942	-410.5939	-422.1892	11.59529	0.87398	0.0193836	0.000465957	0.10617	0.2627168	1.438721	0.7836105	1.248175
27948	-413.7487	-424.3766	10.62787	0.842582	0.0177461	0.000345484	0.139326	0.2439137	1.349454	1.184025	2.055311
27954	-410.3901	-422.2104	11.82024	0.898481	0.0237968	0.000368404	0.077354	0.2439137	1.346082	1.103254	0.8147517
27960	-412.2552	-422.5369	10.28164	0.895094	0.0237071	0.000866519	0.0803323	0.2439137	1.244616	0.6910715	3.473772
27966	-415.4639	-424.4395	8.975651	0.91903	0.00996553	0.000757734	0.0702471	0.1815547	1.907323	0.3494198	4.696144
27972	-410.9446	-421.5916	10.64699	0.80674	0.027187	0.020512	0.145561	0.386653	1.556529	0.7924291	2.177064
27978	-407.7951	-419.2769	11.4818	0.834876	0.023188	0.0155456	0.12639	0.2990831	1.466758	0.7207737	1.376848
27984	-405.5965	-418.0886	12.49212	0.8256	0.0586333	0.00954147	0.106225	0.298347	1.53557	0.6241781	0.2020062
27990	-411.2255	-424.3686	13.14312	0.822327	0.0724786	0.0136097	0.091585	0.3480252	0.2752794	1.079196	0.5643445
27996	-407.2965	-419.3367	12.04018	0.83991	0.0541785	0.012368	0.0935433	0.427074	0.7170997	1.036199	1.19496
28002	-408.8415	-419.8692	11.02776	0.858185	0.00444074	0.00869558	0.128678	0.444007	1.720966	1.435404	0.7196021
28008	-401.5399	-413.5085	11.96853	0.858185	0.00444074	0.00869558	0.128678	0.379954	0.8996429	1.446287	0.6456645
28014	-406.6732	-418.4625	11.7894	0.920773	0.00749903	0.00897118	0.0627566	0.3783177	1.927801	0.6812711	0.5786496
28020	-410.0329	-421.7416	11.70862	0.822694	0.00609383	0.00385736	0.167355	0.3783177	1.230849	1.529	0.4705664
28026	-407.504	-418.2373	10.73329	0.86472	0.00496278	0.00336709	0.12695	0.3566301	1.819182	1.4275	0.9895612
28032	-414.0261	-421.6838	7.657701	0.861198	0.00494257	0.00742581	0.126433	0.3118149	1.870478	2.992792	1.722588
28038	-410.9591	-421.6324	10.67331	0.8733	0.018294	0.00298544	0.105421	0.2545881	2.259628	0.4952674	1.493095
28044	-411.5238	-423.0747	11.55088	0.905379	0.00120788	0.0379315	0.0554821	0.5381137	0.6437435	1.268873	1.404498
28050	-409.7071	-420.9922	11.28511	0.933526	0.0172601	0.00884897	0.0403646	0.3498509	1.625334	0.4493571	1.467332
28056	-407.9381	-420.5667	12.62854	0.845212	0.0174501	0.00801182	0.129326	0.3221515	1.21662	0.8247286	0.3852432
28062	-411.9477	-423.977	12.02931	0.838592	0.0220817	0.00794907	0.131378	0.2676052	1.013605	1.206499	0.8198529
28068	-415.8561	-425.1544	9.298302	0.827995	0.0689914	0.00454716	0.0984664	0.383383	1.365089	0.9372018	4.706781
28074	-414.847	-426.8277	11.98077	0.916077	0.0215239	0.00334988	0.0590496	0.4179996	0.8517737	0.8929165	1.270479
28080	-414.1343	-424.0703	9.935945	0.888622	0.035328	0.00408268	0.0719669	0.2102411	1.734127	0.4508747	3.290957
28086	-415.6039	-427.0403	11.43637	0.895178	0.0102577	0.00638655	0.0881773	0.5311603	1.205327	1.601489	0.1198327
28092	-410.7568	-423.2191	12.46236	0.864452	0.0406957	0.00640601	0.088446	0.542187	0.4952163	1.435113	0.1506984
28098	-421.326	-431.0084	9.682313	0.722677	0.0270085	0.00445341	0.245861	0.2113376	0.9455319	1.366892	3.886612
28104	-413.6611	-425.3097	11.64857	0.853356	0.0199983	0.116381	0.0102645	0.6073527	0.2604446	1.144097	1.835742
28110	-417.99	-430.1812	12.19119	0.544543	0.112456	0.01207	0.330931	0.522486	1.527325	0.705595	0.1474565
28116	-413.8938	-426.623	12.72918	0.655718	0.163595	0.0145343	0.166152	0.3197748	1.187602	0.6908251	0.1544552
28122	-414.2629	-424.7456	10.48262	0.810753	0.0949553	0.0129451	0.0813461	0.4123462	1.125496	0.5574968	3.262978
28128	-413.7376	-425.5128	11.7752	0.833273	0.106293	0.00829684	0.0521368	0.4609936	1.167081	0.6655775	1.283057
28134	-418.0567	-430.0406	11.98385	0.607014	0.107303	0.0847417	0.200942	0.3772873	1.270109	0.582756	1.066859
28140	-420.5812	-431.6539	11.0727	0.794489	0.0968967	0.00144751	0.107167	0.420322	1.134625	1.302512	1.473053
28146	-407.3382	-418.5591	11.22091	0.843656	0.0716353	0.00187269	0.0828358	0.3636632	0.9983522	1.330194	1.473053
28152	-414.0123	-425.4272	11.41493	0.833945	0.0708108	0.0014121	0.0938321	0.3722165	1.2912	1.060425	1.271713
28158	-419.4823	-429.1115	9.629177	0.828653	0.0719654	0.00198434	0.0973971	0.5479677	0.7280574	1.528883	3.599621
28164	-409.865	-421.4554	11.5904	0.889683	0.075834	0.00209102	0.0323921	0.5000957	0.7196659	1.175625	1.442083
28170	-411.418	-422.9695	11.55146	0.82229	0.0766967	0.00343096	0.0975823	0.5000957	0.6581865	1.133699	1.615032
28176	-408.7238	-421.6797	12.95591	0.839184	0.0782725	0.00350146	0.0790416	0.37357	0.7662702	0.901102	0.1527449
28182	-411.5007	-422.3945	10.89376	0.952616	0.0145518	0.0207767	0.0120555	0.3401209	1.581326	0.5956504	2.00076
28188	-412.2687	-422.7198	10.45108	0.704844	0.176718	0.0619885	0.0564488	0.351224	1.268449	0.6244104	3.117813
28194	-413.2967	-425.1248	11.82809	0.704884	0.193305	0.0490982	0.0527128	0.5879039	1.316332	0.7443575	0.8971682
28200	-412.2522	-423.9624	11.71015	0.814593	0.0591763	0.0751601	0.0510709	0.5547904	2.016251	0.4400347	0.4486237
28206	-411.4966	-423.4178	11.92118	0.850324	0.0365928	0.0673314	0.0457513	0.4547519	1.769104	0.3148637	0.5016814
28212	-420.1503	-428.4667	8.316406	0.874104	0.0376162	0.0692143	0.0190658	0.9384866	1.683344	0.3338012	5.341739
28218	-420.2832	-429.9429	9.659671	0.835554	0.0540364	0.0962846	0.0141251	0.4577301	1.683344	0.2855018	3.438955
28224	-409.2757	-420.0584	10.78264	0.899204	0.0467708	0.0106469	0.043378	0.512978	1.258819	0.5420847	2.414956
28230	-409.9649	-422.5737	12.60884	0.727129	0.173484	0.0314132	0.0679733	0.512978	1.193544	0.7122136	0.3273702
28236	-411.965	-424.8235	12.85849	0.817098	0.111304	0.020154	0.0514439	0.4148768	0.6060137	0.8370236	0.6892975
28242	-409.6989	-421.4732	11.77433	0.784856	0.0962614	0.0193587	0.0995242	0.3874995	1.356523	0.5190119	1.198436
28248	-410.5802	-421.8048	11.22451	0.935764	0.0280277	0.00723048	0.0289777	0.3945193	1.152824	0.7406672	1.981117
28254	-412.544	-423.006	10.46209	0.897101	0.00813991	0.00750278	0.0872561	0.8137107	0.435448	1.752351	1.840214
28260	-409.2662	-419.852	10.58582	0.923088	0.00573224	0.0226022	0.0485779	0.3724808	1.584868	0.7991314	2.231701
28266	-407.0574	-418.3388	11.28141	0.899668	0.0275344	0.0341187	0.0386785	0.351177	1.935224	0.4387894	1.129296
28272	-408.4228	-420.7829	12.36014	0.8878	0.00867349	0.00552699	0.0979992	0.351177	1.240404	0.5744523	0.7488801
28278	-411.3396	-422.3857	11.04606	0.916464	0.00895353	0.00660443	0.0679781	0.3271134	1.723039	0.4592399	1.653453
28284	-415.7387	-428.2738	12.53501	0.913098	0.0141893	0.00658017	0.0661324	0.4644991	1.330572	0.4798887	0.4017924
28290	-414.1858	-426.5247	12.33895	0.830446	0.0732556	0.007946	0.0883524	0.5893342	1.034354	0.7485313	0.6747115
28296	-411.0882	-423.4177	12.32949	0.866055	0.0389936	0.00695343	0.0879978	0.3487761	1.07877	0.9842964	0.6664505
28302	-406.8851	-419.4657	12.58066	0.842476	0.0403861	0.025998	0.0911403	0.4142433	0.8233544	0.9349914	0.6664505
28308	-410.2386	-421.4381	11.19946	0.822823	0.0627717	0.0253915	0.0890142	0.4142433	1.528132	1.423148	0.780158
28314	-408.4015	-420.5116	12.11013	0.803002	0.0679555	0.0070921	0.121951	0.4142433	1.128641	1.226652	0.5262212
28320	-406.9275	-418.6773	11.74977	0.898309	0.0199765	0.00449095	0.0772231	0.4357156	1.701364	0.9712808	0.5706743
28326	-410.4396	-422.0415	11.6019	0.772211	0.0471376	0.00746835	0.173183	0.3169954	1.085257	0.9992864	1.402178
28332	-412.6982	-424.1966	11.49841	0.726779	0.0423153	0.00811177	0.222794	0.3169954	1.877382	0.9124622	0.7796471
28338	-410.5715	-421.8936	11.3221	0.938018	0.0208153	0.00724164	0.0339254	0.335443	1.429276	1.303212	0.9624497
28344	-409.0821	-420.8788	11.79673	0.809894	0.0354725	0.0121572	0.142477	0.3016547	2.070257	0.8897145	0.2557135
28350	-404.4573	-417.2671	12.80982	0.926724	0.00459982	0.00602451	0.0626515	0.3112586	1.146102	0.6993211	0.3601576
28356	-404.9037	-416.4323	11.52867	0.929338	0.00179177	0.00604151	0.0628283	0.2946731	1.54548	0.8909148	1.106264
28362	-404.6353	-416.81	12.17469	0.938512	0.00941461	0.00847803	0.0435955	0.2598691	1.736247	0.4510934	0.4947109
28368	-406.8005	-419.2256	12.42519	0.931667	0.0119497	0.00917976	0.0472039	0.2982225	1.307043	0.8356794	0.5107327
28374	-413.5503	-424.5786	11.02833	0.499389	0.37758	0.00632793	0.116704	0.1015591	2.264712	0.2020929	0.5101005
28380	-413.8629	-424.8299	10.96692	0.868163	0.0158101	0.014899	0.101128	0.3667091	1.095999	1.982798	0.7003203
28386	-407.6096	-419.6604	12.05076	0.873683	0.0214543	0.020218	0.0846448	0.3713447	0.6111327	1.322568	1.002813
28392	-414.5916	-425.0543	10.46265	0.886037	0.0305197	0.0517279	0.0317153	0.4543321	0.7678085	2.27183	1.005073
28398	-415.7449	-426.8407	11.09576	0.872994	0.0348978	0.063273	0.0288356	0.4824405	0.9483314	1.774142	0.9135264
28404	-418.4632	-428.0419	9.57874	0.139214	0.389803	0.0701032	0.40088	0.1260785	2.04726	0.2106394	2.632808
28410	-416.3934	-427.2124	10.819	0.176533	0.477153	0.124562	0.221752	0.07125379	2.177756	0.1526167	0.3126974
28416	-426.6276	-433.696	7.068379	0.27296	0.530282	0.0630009	0.133756	0.07666977	2.177756	0.1865147	6.878194
28422	-415.5769	-428.1093	12.53244	0.638931	0.251608	0.0060451	0.103416	0.3472094	0.6541425	1.159895	0.7001359
28428	-410.0815	-422.2608	12.17936	0.82497	0.0899131	0.0162026	0.0689138	0.58453	0.3394758	1.159895	1.140111
28434	-413.5282	-426.5083	12.98004	0.824341	0.0898445	0.0161903	0.0696243	0.4404483	0.4163508	0.9198563	0.6646058
28440	-410.6642	-420.4157	9.751471	0.0414994	0.827158	0.0509453	0.0803969	0.03680746	2.289221	0.1540375	0.5462956
28446	-411.7904	-422.257	10.46668	0.519853	0.29987	0.0506392	0.129638	0.06370608	2.289221	0.1323144	0.3633502
28452	-416.539	-427.8311	11.29211	0.905646	0.0303647	0.00535877	0.0586307	0.385757	1.494579	1.115333	1.112568
28458	-412.2613	-423.6129	11.35168	0.92943	0.0311621	0.033486	0.0059222	0.385757	1.435014	1.115333	1.112568
28464	-408.5903	-420.5947	12.00438	0.810546	0.0307356	0.0206182	0.1381	0.373828	0.869228	1.294682	0.8275218
28470	-410.4915	-422.1143	11.62282	0.883082	0.0334861	0.0209545	0.0624775	0.373828	1.166275	1.32546	0.8722779
28476	-414.4041	-425.4519	11.04775	0.888069	0.0099023	0.0210728	0.0809559	0.4355962	0.8503146	1.540091	1.459171
28482	-419.0168	-430.2101	11.19338	0.836667	0.003429	0.0860042	0.0739002	0.5921429	0.3086538	1.757789	1.387246
28488	-409.7362	-421.5385	11.8023	0.907905	0.00525905	0.00629167	0.0805446	0.5921429	0.1428564	1.757789	0.9237916
28494	-407.6491	-419.3475	11.69836	0.899899	0.00209486	0.0181719	0.0798344	0.5201133	0.2374068	1.757789	1.00677
28500	-408.1965	-420.162	11.96551	0.885123	0.00206046	0.0342928	0.0785236	0.4668137	0.4267685	1.273962	1.258049
28506	-410.9439	-422.201	11.25709	0.900281	0.00342085	0.0114735	0.0848246	0.4668137	0.7777418	1.604782	1.179868
28512	-411.6308	-423.3442	11.71337	0.831678	0.0108047	0.0273144	0.130203	0.5225057	0.5323009	1.344407	1.262846
28518	-414.6074	-425.3786	10.77114	0.770067	0.0197408	0.0248753	0.185317	0.4640156	0.8681795	1.996664	1.008244
28524	-412.2641	-423.3959	11.13185	0.79542	0.0208317	0.02625	0.157498	0.407853	0.3917993	1.927517	1.29003
28530	-414.1518	-424.6709	10.5191	0.805808	0.00804402	0.0265928	0.159555	0.5569466	0.8379227	2.146174	0.9707796
28536	-419.6226	-429.665	10.04247	0.762305	0.00760974	0.0251571	0.204928	0.5569466	0.2361624	2.8223	0.9707796
28542	-418.2795	-428.2177	9.938127	0.863943	0.0137078	0.0107698	0.111579	0.5569466	0.1932926	2.911456	0.9707796
28548	-419.6816	-429.7054	10.02373	0.854364	0.0146729	0.011528	0.119435	0.4643539	0.5580742	2.382006	1.507186
28554	-414.2399	-426.8669	12.62702	0.836078	0.00519389	0.0156137	0.143114	0.4593917	0.08357285	1.49214	0.67144
28560	-414.2111	-426.7399	12.52876	0.748743	0.202821	0.0146108	0.0338248	0.4051058	0.8145581	1.272912	0.1766684
28566	-410.4359	-422.0764	11.64048	0.422831	0.385457	0.0448336	0.146878	0.04124671	1.178116	0.6015706	0.3793464
28572	-418.8613	-430.2714	11.41009	0.637322	0.0301015	0.0125367	0.32004	0.2775651	1.13325	1.260699	1.25806
28578	-410.6991	-422.2308	11.53174	0.733364	0.0572734	0.0167381	0.192625	0.4115493	1.069771	1.260699	1.107812
28584	-408.8523	-421.3538	12.50154	0.910316	0.0239857	0.0342055	0.0314926	0.4249231	0.8648105	1.274462	0.275463
28590	-406.1563	-417.95	11.79375	0.914406	0.0244824	0.0160797	0.0450319	0.4624101	1.216471	1.228778	0.6997862
28596	-408.6598	-420.5202	11.86045	0.914106	0.00512336	0.0357539	0.0450171	0.3870625	1.496382	1.066305	0.608564
28602	-405.6373	-418.2006	12.56337	0.948261	0.00137146	0.0370899	0.0132779	0.3234745	1.183096	0.8736115	0.4511037
28608	-406.7387	-418.421	11.68231	0.954776	0.00138088	0.0373447	0.00649797	0.3861872	1.605701	0.9191214	0.8125764
28614	-413.6292	-425.6252	11.99602	0.843431	0.00471462	0.0650007	0.0868532	0.6080063	1.436245	0.7042376	0.626546
28620	-415.3348	-427.0592	11.72443	0.796546	0.0163642	0.105064	0.0820252	0.5386894	1.397316	0.5493342	1.056108
28626	-408.9262	-421.0273	12.10106	0.943204	0.0193771	0.0167036	0.0207148	0.4280646	1.60582	0.5493342	0.5947838
28632	-406.0618	-418.7529	12.69108	0.937018	0.0234884	0.0333015	0.00619211	0.3332586	0.8008981	0.6773363	0.8243274
28638	-407.2255	-419.5761	12.35054	0.93491	0.028102	0.0332266	0.00376122	0.459288	0.986184	0.9514166	0.6765424
28644	-409.3545	-421.5132	12.15869	0.950167	0.0122416	0.0337688	0.0038226	0.3750534	1.359348	0.5944582	0.8052291
28650	-410.5536	-421.492	10.93842	0.391854	0.44611	0.1059	0.0561358	0.03218829	0.9927588	0.645919	0.07066952
28656	-408.0924	-418.473	10.38059	0.268499	0.60702	0.0702395	0.0542409	0.02575805	1.593865	0.645919	0.1217677
28662	-413.3183	-425.2451	11.92685	0.848249	0.119101	0.0248428	0.00780728	0.4568477	1.435759	0.5522342	0.8967874
28668	-410.9196	-422.0728	11.15315	0.958615	0.0086177	0.0280751	0.00469232	0.3460949	1.049211	1.507874	1.249744
28674	-411.0008	-420.8618	9.861014	0.523585	0.318072	0.0910531	0.0672895	0.05067472	0.9867168	2.079434	0.8826624
28680	-410.6047	-422.0922	11.48754	0.635955	0.167252	0.0478785	0.148914	0.05528269	0.928047	1.438991	0.3063538
28686	-413.9988	-424.3123	10.31351	0.730607	0.0535221	0.0135702	0.202301	0.04005748	1.638615	0.7026605	1.155457
28692	-418.2631	-430.1861	11.92296	0.740613	0.129327	0.0191597	0.1109	0.9014298	1.487477	0.4109	0.1655058
28698	-410.6956	-423.328	12.63239	0.735353	0.125145	0.0110414	0.128461	0.4355091	1.271881	0.4582946	0.1646432
28704	-416.3688	-428.3322	11.9634	0.586296	0.234406	0.0206815	0.158616	0.4355091	1.18872	0.8871051	0.9306046
28710	-407.987	-420.404	12.41705	0.91444	0.0497777	0.0311971	0.00458526	0.3888249	1.181711	0.6624705	0.6921007
28716	-411.8642	-424.491	12.62671	0.817436	0.0887814	0.0723999	0.0213828	0.3888249	1.181711	0.870051	0.3160455
28722	-404.8578	-417.5784	12.72063	0.937464	0.0100569	0.0114226	0.0410562	0.2785206	1.250162	0.4069442	0.4115451
28728	-414.2188	-425.9988	11.78002	0.768594	0.0232543	0.0183171	0.189835	0.3452934	1.250162	1.19896	0.8070117
28734	-405.2575	-417.0177	11.76026	0.849925	0.0280867	0.00893525	0.113053	0.4351961	0.5460609	1.733383	0.7604749
28740	-412.8956	-425.1193	12.22372	0.685271	0.0560224	0.0069639	0.251743	0.3452934	1.657793	0.8387874	0.226191
28746	-412.0972	-423.6388	11.54162	0.796306	0.0600651	0.00746644	0.136162	0.3112378	2.064183	0.5381205	0.7735285
28752	-411.311	-423.3064	11.99546	0.772539	0.0779005	0.0247826	0.124778	0.4594899	0.5244204	1.733383	0.5358801
28758	-409.6142	-419.6823	10.06811	0.713975	0.0610626	0.00428607	0.220676	0.4594899	0.5764442	2.510081	1.215889
28764	-414.9765	-426.5492	11.57268	0.834948	0.0925251	0.0282131	0.0443136	0.5064907	0.8790804	1.539046	0.8135463
28770	-416.1434	-427.9387	11.79532	0.61162	0.181736	0.080385	0.126259	0.5109584	1.265276	0.8884595	0.9478727
28776	-418.0056	-430.4273	12.42172	0.52778	0.293903	0.0693659	0.108951	0.1910463	0.5759407	1.430676	0.5744411
28782	-414.8871	-426.9635	12.07642	0.609442	0.273967	0.0415428	0.0750489	0.4839444	1.22163	1.009253	0.6370629
28788	-409.6097	-422.0052	12.39548	0.829055	0.0742177	0.0344649	0.0622624	0.5718371	1.124885	1.009253	0.2368071
28794	-417.1248	-429.435	12.31019	0.70216	0.213391	0.029977	0.0544721	0.4904564	0.9290053	0.9805305	0.7135784
28800	-409.7983	-421.8069	12.00863	0.755733	0.141535	0.0402866	0.062445	0.3901068	1.300052	0.9724235	0.7421268
28806	-408.9201	-421.099	12.17889	0.821613	0.108875	0.0302627	0.0392492	0.5793904	0.9536392	0.8252912	0.8604543
28812	-414.0313	-426.1076	12.07633	0.805008	0.106675	0.0156643	0.0726526	0.3596185	1.578082	0.4587637	0.6984724
28818	-409.1419	-421.5011	12.35924	0.775826	0.0950282	0.00549344	0.123652	0.4352724	0.7987276	1.166649	0.6525734
28824	-416.343	-427.3103	10.96733	0.727095	0.160297	0.0493565	0.063252	0.3745224	0.997048	0.7158818	2.61723
28830	-406.2341	-418.4543	12.22013	0.777755	0.12912	0.000481598	0.0926435	0.3324345	1.590191	0.6040043	0.5528334
28836	-408.7144	-420.3058	11.5914	0.831635	0.0730014	0.0019936	0.0933702	0.3324345	1.4608	0.4342494	1.316353
28842	-411.0436	-422.7575	11.71389	0.812393	0.00843325	0.00194748	0.177226	0.2883808	1.437972	0.7044965	1.171489
28848	-412.9568	-423.3924	10.43555	0.884445	0.0056138	0.00708939	0.102851	0.6401159	0.6662198	1.7393	1.837219
28854	-408.6325	-420.7405	12.10797	0.88785	0.0211827	0.0375901	0.0533768	0.4983853	0.5001922	1.557084	0.6498972
28860	-410.287	-422.4333	12.14638	0.836806	0.0199649	0.0215688	0.121661	0.4983853	0.2724161	1.693865	0.6498972
28866	-405.3992	-417.1529	11.75369	0.833102	0.0226011	0.0499703	0.0943263	0.4983853	0.4754912	1.77054	0.7259423
28872	-407.4618	-418.737	11.27514	0.864065	0.0234411	0.0318624	0.0806315	0.378616	0.6883685	1.759432	1.108938
28878	-405.3148	-416.9552	11.64047	0.855085	0.0145341	0.0315312	0.0988499	0.378616	0.6122626	1.83707	0.7156272
28884	-411.9977	-422.5155	10.51772	0.916375	0.0393262	0.0296627	0.0146361	0.4068821	1.394172	1.877292	0.9649734
28890	-412.7038	-423.9895	11.2857	0.29172	0.54612	0.112403	0.0497574	0.04020313	1.502945	0.6956742	0.3071111
28896	-416.2881	-426.7159	10.42781	0.438953	0.472455	0.0529374	0.0356542	0.04443444	1.978144	0.6321893	0.8698767
28902	-409.2521	-419.9225	10.67034	0.468708	0.417547	0.0565258	0.057219	0.04059646	2.058061	0.3036194	0.3543953
28908	-411.9713	-420.9877	9.016418	0.194282	0.607618	0.100171	0.0979293	0.03656876	2.31007	0.1987858	1.423727
28914	-412.2637	-423.8297	11.56602	0.938919	0.0267249	0.0118956	0.0224606	0.3079069	2.318686	0.2686902	0.1942038
28920	-408.9118	-421.7208	12.80899	0.878876	0.0584553	0.00679475	0.0558737	0.3858218	0.07347473	1.055743	1.080136
28926	-415.2055	-427.4679	12.26245	0.865225	0.0588012	0.00823734	0.0677362	0.3765934	0.06548032	1.470747	1.145556
28932	-411.2433	-422.5094	11.26607	0.90841	0.0147969	0.0283454	0.0484481	0.2429992	2.389755	0.2942408	0.6317458
28938	-409.7702	-421.7345	11.96432	0.890083	0.0144984	0.0479475	0.0474707	0.3802531	1.724016	0.2876578	0.5325417
28944	-419.035	-432.006	12.97098	0.849092	0.012928	0.0468313	0.091149	0.4610762	0.1987657	1.106862	0.6819389
28950	-417.0166	-429.644	12.62734	0.77635	0.00763346	0.0251344	0.190882	0.4610762	0.4157851	1.225289	0.6738327
28956	-418.4635	-429.6614	11.19791	0.927439	0.0034811	0.030026	0.0390543	0.4610762	0.6244114	1.011447	2.349269
28962	-413.4208	-423.759	10.33819	0.496773	0.397154	0.0311166	0.0749563	0.03902017	1.128678	0.9880098	1.394124
28968	-411.7644	-423.7262	11.96182	0.630341	0.236973	0.0237902	0.108896	0.07571012	0.9216648	1.301828	0.1888918
28974	-411.204	-423.0202	11.81621	0.560141	0.24055	0.0270078	0.172301	0.06142082	0.9347585	1.243656	0.1842935
28980	-411.2701	-421.0881	9.817958	0.887665	0.0143634	0.00886927	0.0891023	0.3027609	1.561998	0.4999179	3.836893
28986	-409.8846	-422.4599	12.57538	0.880565	0.0147231	0.0132435	0.0914684	0.2854603	1.476975	0.6125789	0.2337431
28992	-410.7876	-423.2427	12.45513	0.877316	0.0146688	0.0168847	0.0911308	0.3426647	1.519937	0.7120235	0.2337431
28998	-411.7779	-422.3191	10.54122	0.934954	0.00773393	0.00895894	0.0483535	0.2837337	1.482694	0.6096641	2.686271
29004	-409.3662	-420.6285	11.2623	0.796445	0.0156318	0.00763171	0.180292	0.2837337	1.006512	1.728328	0.9029329
29010	-414.5054	-424.0346	9.52919	0.842469	0.00811063	0.00567854	0.143742	0.4718085	0.7160527	2.108217	2.508471
29016	-406.4651	-418.4923	12.02717	0.898403	0.00512705	0.00560522	0.0908651	0.2960659	1.589058	0.6448075	0.73927
29022	-410.0988	-421.6035	11.50473	0.91238	0.0105765	0.0208218	0.0562218	0.3652256	1.454851	0.5569494	1.398434
29028	-415.7544	-428.2681	12.51378	0.833926	0.0240489	0.0217672	0.120258	0.2555673	1.4217	0.4274649	0.4630811
29034	-414.7767	-427.4638	12.68703	0.943017	0.0161542	0.0146226	0.0262063	0.2555673	1.359775	0.6322037	0.2224168
29040	-410.9	-423.3638	12.46381	0.948875	0.0224708	0.0197802	0.00887418	0.2555673	1.402599	0.4266119	0.5324485
29046	-420.6158	-431.8732	11.25744	0.977037	0.00374185	0.0144226	0.00479845	0.308934	1.547025	0.4498789	1.620243
29052	-410.8079	-422.9939	12.18605	0.782244	0.10842	0.0212797	0.0880558	0.4525142	1.202524	0.9092784	0.6704331
29058	-417.1745	-428.5925	11.41798	0.841349	0.0604004	0.0663799	0.0318707	0.3180228	1.363996	0.7562787	1.530767
29064	-416.6703	-428.2414	11.57109	0.891846	0.0689959	0.00720093	0.0319573	0.4494544	1.034278	0.7995722	1.582097
29070	-414.7666	-427.2416	12.47506	0.935253	0.025308	0.0352329	0.00420632	0.3510129	1.048292	0.6214039	0.8078123
29076	-412.8272	-424.393	11.56577	0.882262	0.0189814	0.0947887	0.00396799	0.7460397	1.048292	0.9078704	1.133065
29082	-411.9351	-424.6806	12.74555	0.950094	0.0229523	0.0258807	0.00107338	0.3605723	1.05327	0.7414611	0.476099
29088	-411.9421	-423.7306	11.78848	0.952785	0.0272531	0.0191667	0.000794925	0.3729356	1.618885	0.3849205	0.8985145
29094	-414.0682	-426.074	12.00581	0.375482	0.446809	0.023449	0.15426	0.1741672	0.963697	0.9454928	1.121837
29100	-417.6374	-428.4518	10.81442	0.75579	0.155251	0.0622467	0.026712	0.7065146	1.188863	1.728584	0.7912229
29106	-416.1846	-427.066	10.88144	0.525267	0.337598	0.0776408	0.0594939	0.4278513	1.090311	1.303662	1.745094
29112	-411.9131	-423.5874	11.67429	0.872812	0.0698184	0.0221126	0.0352569	0.335165	0.9347132	1.245702	1.179212
29118	-408.6079	-420.2941	11.68619	0.927349	0.00814558	0.0282353	0.0362702	0.3812093	1.625727	1.182892	0.5317014
29124	-410.8541	-423.4175	12.56341	0.923441	0.016281	0.0497761	0.0105021	0.3812093	0.6953548	1.179698	0.5866529
29130	-415.6859	-427.9796	12.29369	0.0511438	0.822591	0.0845825	0.0416826	0.08460907	1.17639	0.6836627	0.1389491
29136	-409.1999	-420.8689	11.669	0.0210685	0.809295	0.0832154	0.0864208	0.05515648	1.209469	1.0332	0.3337747
29142	-420.6039	-430.1426	9.538788	0.838258	0.019773	0.0856627	0.0563061	0.6508721	0.4762691	1.762518	3.432741
29148	-416.662	-426.0343	9.372299	0.863514	0.0374175	0.0410657	0.0580026	0.5136113	0.5540564	2.15538	2.828628
29154	-412.8079	-423.3041	10.49624	0.899634	0.0366018	0.0427834	0.0209805	0.6239983	0.680144	1.63624	1.950424
29160	-410.8996	-420.0181	9.118491	0.910589	0.0661125	0.00311404	0.0201846	0.4874594	1.138353	0.9404027	5.426493
29166	-408.9954	-420.1762	11.18078	0.948422	0.0306802	0.00324343	0.0176544	0.2293798	1.376773	0.597903	1.930435
29172	-410.8453	-422.9387	12.09341	0.883725	0.0559087	0.00284108	0.0575254	0.2886297	1.327253	0.5477773	0.9604998
29178	-408.2594	-420.9175	12.65813	0.903191	0.0407608	0.0141087	0.0419395	0.3552485	1.264091	0.5304681	0.4418627
29184	-409.0687	-421.6191	12.55035	0.836167	0.120318	0.0101282	0.0333871	0.4539986	1.29927	0.763604	0.2731859
29190	-406.637	-419.2802	12.64314	0.796491	0.13663	0.00964767	0.0572308	0.3538182	0.9343317	0.793078	0.09578412
29196	-417.0459	-428.9651	11.91923	0.840332	0.11926	0.00905077	0.0313568	0.2203488	1.396371	1.110051	0.09578412
29202	-413.9231	-425.166	11.24291	0.0419637	0.734995	0.0878444	0.135196	0.04857982	1.343744	1.191794	0.2650038
29208	-418.3062	-429.6321	11.32591	0.0205981	0.663221	0.199321	0.116859	0.07068777	1.040225	1.668123	0.2650038
29214	-412.3891	-424.2492	11.86013	0.158439	0.325107	0.0259963	0.490458	0.07163786	1.041531	1.207757	0.3970241
29220	-413.4914	-424.8675	11.37614	0.574167	0.32682	0.0558036	0.0432098	0.07778949	1.320842	0.8783273	1.002925
29226	-413.6023	-425.527	11.92468	0.522027	0.422396	0.0315443	0.0240322	0.1072868	1.437036	0.4111783	0.7567579
29232	-410.5439	-421.5297	10.98581	0.987954	0.0053144	0.00182969	0.00490222	0.3988613	1.906914	0.3529862	1.389585
29238	-407.6611	-418.8742	11.21305	0.975605	0.0174571	0.00285395	0.00408429	0.2368764	1.812181	0.4786429	1.385551
29244	-411.7316	-422.1955	10.46391	0.0441333	0.813954	0.0601751	0.0817376	0.02626919	1.694063	0.6376332	0.1781522
29250	-407.0889	-417.9039	10.81504	0.124484	0.705013	0.0997056	0.0707976	0.04274597	0.8539779	1.03773	0.05067168
29256	-412.6092	-423.1436	10.53434	0.378803	0.478354	0.0341362	0.108706	0.05145413	1.548918	1.335498	0.0881711
29262	-415.855	-426.3499	10.49488	0.865531	0.118033	0.00717948	0.00925616	0.5226114	1.75589	0.4352809	2.095999
29268	-411.0564	-423.1591	12.10268	0.866697	0.102411	0.0228611	0.00803103	0.3880334	1.766059	0.3900277	0.4439294
29274	-415.0353	-426.6053	11.57003	0.824158	0.146466	0.0217391	0.00763685	0.2520865	2.357746	0.3777056	0.4456467
29280	-408.9011	-421.1159	12.2148	0.924312	0.0551481	0.0152003	0.0053398	0.3966635	1.363659	0.6764857	0.6984837
29286	-408.4358	-420.8783	12.44258	0.902805	0.0708186	0.0195194	0.00685711	0.3405607	0.6230265	1.098281	0.8853065
29292	-410.6073	-421.5278	10.92054	0.458319	0.389124	0.0587349	0.093822	0.04609427	1.170347	1.199258	0.742529
29298	-410.0644	-420.4176	10.35318	0.849134	0.0738728	0.0198395	0.0571539	0.04890211	1.55062	1.455485	0.6855598
29304	-413.9133	-421.2915	7.378161	0.626175	0.235048	0.0454817	0.0932956	0.02543531	1.634019	2.150433	1.703757
29310	-412.6809	-422.1965	9.515643	0.669999	0.251498	0.0690634	0.00943929	0.02593661	1.966885	1.312295	0.3904902
29316	-413.7227	-423.7467	10.02404	0.594741	0.348523	0.0499142	0.00682206	0.02619782	1.987157	0.8227448	0.3904902
29322	-413.3724	-423.6115	10.23914	0.822038	0.153138	0.0213975	0.00342707	0.06799591	1.585441	1.338623	1.265046
29328	-409.7251	-420.9129	11.18783	0.599647	0.365681	0.0329499	0.00172185	0.07379482	1.537939	1.338623	0.44637
29334	-415.5941	-425.18	9.585864	0.594705	0.293459	0.0735769	0.038259	0.0639635	1.43903	2.016318	1.050119
29340	-414.1671	-425.9609	11.7938	0.902849	0.00862596	0.0284364	0.0600887	0.3625565	1.78392	0.9372986	0.5384234
29346	-409.1829	-421.7826	12.59968	0.92022	0.0089253	0.0289835	0.0418715	0.3625565	1.042942	1.065197	0.3124788
29352	-411.5807	-423.4021	11.82139	0.743366	0.0345023	0.0132129	0.208919	0.3596661	0.7593876	1.582569	0.7592417
29358	-417.1218	-427.8267	10.70491	0.722182	0.0314527	0.0186931	0.227672	0.7311186	0.6674635	1.942745	1.079932
29364	-413.9632	-425.2375	11.27435	0.873009	0.0380216	0.0225972	0.0663724	0.4368332	0.7972602	1.092663	1.920083
29370	-409.2794	-420.8348	11.55543	0.760944	0.0286235	0.0139324	0.1965	0.4899186	0.6909268	1.333504	1.312458
29376	-414.1294	-425.6599	11.53057	0.842999	0.0228736	0.0611867	0.0729407	0.5509131	0.802483	1.519495	0.9099944
29382	-414.1324	-425.4989	11.36651	0.749565	0.169013	0.0257843	0.0556373	0.504817	0.7131626	1.397283	1.391282
29388	-416.3533	-428.2105	11.85721	0.794173	0.129563	0.0294505	0.046813	0.5512	1.102148	1.450184	0.165039
29394	-413.9713	-423.7068	9.735534	0.0563439	0.726192	0.0946103	0.122854	0.04515246	0.2406966	2.740713	0.1083042
29400	-418.3459	-428.6486	10.30269	0.625395	0.161613	0.0480215	0.16497	0.6368635	0.2381306	2.088606	1.899958
29406	-417.2004	-429.0829	11.88242	0.644587	0.210562	0.0575448	0.0873068	0.4889146	1.2207	1.291019	0.5145691
29412	-413.6144	-425.9782	12.36375	0.526192	0.428078	0.0181183	0.0276118	0.6861707	0.9893565	1.041648	0.308051
29418	-408.9373	-421.0822	12.14497	0.863721	0.0628889	0.0605255	0.0128647	0.3940202	1.013231	0.8676593	0.976869
29424	-407.4688	-420.2523	12.78352	0.809801	0.144331	0.0144953	0.0313724	0.3940202	0.9072242	0.9983522	0.3045733
29430	-409.2712	-420.2235	10.95235	0.945275	0.0381433	0.00562397	0.0109581	0.2929904	1.227452	0.8791894	2.194688
29436	-410.9627	-420.8901	9.927377	0.870451	0.0927418	0.00952646	0.0272807	0.4929063	1.328613	1.177986	2.89631
29442	-409.7569	-421.4732	11.71633	0.884326	0.057788	0.0424174	0.0154688	0.4968947	0.7876543	1.699724	0.5623135
29448	-409.6346	-420.8725	11.23798	0.90637	0.0533702	0.0283417	0.0119179	0.6054068	0.8197066	1.583612	1.040796
29454	-423.7938	-433.859	10.06517	0.02457	0.808299	0.0814643	0.0856663	0.1929048	0.7234418	1.605179	2.996896
29460	-416.5924	-427.2178	10.62548	0.250892	0.47182	0.143893	0.133394	0.08653537	1.581642	0.8704892	1.643182
29466	-414.743	-426.1755	11.43255	0.11489	0.676425	0.106636	0.10205	0.05261611	1.302262	0.82265	0.6374097
29472	-409.8597	-422.8963	13.03659	0.907521	0.036494	0.0173392	0.0386463	0.3609385	0.7907218	0.7264073	0.456105
29478	-411.7459	-423.7026	11.95678	0.856643	0.0914396	0.0154373	0.0364797	0.3609385	1.22374	0.8504394	0.9946043
29484	-412.6762	-424.7226	12.04636	0.811773	0.0128498	0.0146287	0.160748	0.2248832	1.703111	0.6908973	0.5961513
29490	-405.1912	-417.698	12.50675	0.937926	0.00462664	0.00526713	0.0521798	0.2546796	1.232791	0.7158366	0.5961513
29496	-405.625	-417.8647	12.23967	0.92043	0.00770198	0.0206618	0.0512064	0.3816707	1.776425	0.5265661	0.2347159
29502	-419.8471	-429.2968	9.449749	0.9122	0.0165747	0.0204771	0.0507486	0.566345	2.018297	0.3268774	3.11962
29508	-407.4626	-418.5041	11.04142	0.887031	0.0101655	0.00799835	0.0948048	0.3099755	2.094675	0.3002978	1.132216
29514	-407.85	-420.1544	12.3044	0.9126	0.0104586	0.0117313	0.0652102	0.3099755	1.683579	0.497933	0.4005076
29520	-412.8329	-425.2926	12.45974	0.79449	0.0164733	0.0112946	0.177742	0.3099755	1.550076	0.4236801	0.3558003
29526	-407.8335	-420.092	12.25854	0.810702	0.0158215	0.0108477	0.162629	0.2955911	1.383589	0.7528745	0.6572047
29532	-409.4636	-421.5163	12.05272	0.832594	0.0409892	0.0111406	0.115277	0.2976168	1.383589	0.7945006	0.823664
29538	-410.8216	-422.6432	11.82166	0.828299	0.0407778	0.0162411	0.114682	0.6679666	0.4118569	1.177442	1.329982
29544	-411.4127	-422.9198	11.50712	0.814571	0.0526983	0.0267936	0.105937	0.7641121	0.4399312	1.285472	1.392826
29550	-406.5078	-418.2078	11.69997	0.829212	0.0485375	0.0246781	0.0975728	0.5629243	0.2601604	1.646834	1.096508
29556	-413.5211	-424.9317	11.41064	0.787724	0.0603282	0.0306729	0.121275	0.6448085	0.3879354	1.312558	1.675352
29562	-415.9553	-425.4624	9.507067	0.803719	0.0639419	0.0152397	0.117099	0.4500676	1.098238	1.234737	4.032365
29568	-414.3821	-425.3981	11.01602	0.92093	0.0237764	0.011751	0.0435427	0.4584051	1.235929	1.234737	1.475921
29574	-409.8067	-420.601	10.79432	0.77737	0.0265315	0.0147326	0.181366	0.4849107	0.1024191	2.581003	0.8226584
29580	-411.1589	-421.9203	10.76137	0.848647	0.0108834	0.0173913	0.123078	0.4027065	1.310967	0.8040819	2.331989
29586	-412.752	-423.146	10.39399	0.956163	0.0115519	0.00688057	0.0254042	0.300595	1.425596	1.473292	1.777495
29592	-407.3921	-418.164	10.77192	0.807397	0.0116323	0.0171243	0.163847	0.4101248	0.5370763	2.235144	1.023758
29598	-410.6094	-420.1349	9.525418	0.827888	0.0110267	0.0188258	0.142259	0.4665769	0.7383682	2.883197	0.9757531
29604	-409.4881	-420.9873	11.49923	0.918608	0.0284114	0.0215005	0.0314796	0.2802716	1.151942	1.226197	1.18624
29610	-412.987	-424.7248	11.73782	0.896895	0.0147805	0.0265396	0.0617846	0.5583846	1.067825	1.405968	0.5945582
29616	-412.9236	-423.5365	10.61284	0.882124	0.0288385	0.0229937	0.0660436	0.392783	0.489027	1.432955	2.786514
29622	-408.709	-421.0531	12.34403	0.883116	0.019916	0.0260096	0.0709588	0.5072637	0.3863603	1.247752	0.9036903
29628	-413.0021	-425.0049	12.0028	0.880456	0.0138863	0.0349122	0.0707451	0.5016118	0.5884364	0.9140616	1.429326
29634	-413.3745	-425.1259	11.75132	0.827656	0.0562809	0.0643551	0.0517077	0.5016118	0.6961447	1.725319	0.577298
29640	-408.6084	-419.8512	11.24281	0.791404	0.0538158	0.0615363	0.0932439	0.5157813	0.2050276	1.791535	1.483318
29646	-413.9878	-425.4585	11.47062	0.833154	0.0566548	0.0647826	0.0454085	0.6551944	0.3725676	1.791535	0.9110889
29652	-415.7187	-427.4562	11.73753	0.77351	0.052599	0.0601449	0.113746	0.6551944	0.6091596	1.492349	0.8260964
29658	-414.0106	-426.1249	12.11428	0.79402	0.0520887	0.0595614	0.0943295	0.5999865	0.2474677	1.494031	0.8655186
29664	-415.4945	-426.4417	10.9472	0.436978	0.396277	0.0566718	0.110074	0.09888118	1.40971	0.601837	1.785059
29670	-408.8484	-419.9845	11.13606	0.436978	0.396277	0.0566718	0.110074	0.05159994	1.688723	0.601837	0.6533574
29676	-417.504	-427.2979	9.793882	0.518335	0.291748	0.0746856	0.115231	0.05533441	2.058574	0.2407733	1.536977
29682	-417.2817	-428.5653	11.28364	0.200516	0.404872	0.0903135	0.304299	0.06564082	2.029788	0.4958013	0.441803
29688	-411.1228	-422.5118	11.389	0.0680408	0.474625	0.104313	0.353021	0.0685551	1.968977	0.4192408	0.1497721
29694	-410.6689	-421.942	11.27314	0.19745	0.467419	0.0316924	0.303439	0.06229744	1.872538	0.2463182	0.335777
29700	-413.1353	-424.668	11.53271	0.179432	0.54423	0.0233969	0.252941	0.06499408	1.672398	0.3767547	0.506114
29706	-411.6733	-421.4648	9.791458	0.37514	0.531416	0.0245924	0.0688519	0.0226545	1.615133	0.5021342	0.8879154
29712	-410.6947	-420.5816	9.886869	0.364588	0.445211	0.114395	0.0758052	0.02078146	1.786048	0.5117531	0.1303538
29718	-407.5059	-418.5227	11.01684	0.438977	0.479566	0.0719625	0.00949439	0.02867834	1.267216	0.7308541	0.2170677
29724	-409.4215	-419.6811	10.25951	0.107319	0.775739	0.0890453	0.0278967	0.02867834	1.377443	0.953819	0.7907651
29730	-411.3877	-422.9115	11.52377	0.0697215	0.244687	0.0227739	0.662818	0.05315217	1.354259	0.9908965	0.1877041
29736	-412.754	-425.163	12.40907	0.223205	0.376556	0.0952987	0.30494	0.07197436	0.9250655	0.8630251	0.2623436
29742	-411.1069	-423.279	12.17206	0.036499	0.47426	0.0552937	0.433948	0.07293253	1.182314	0.7665398	0.3863699
29748	-411.1851	-423.4712	12.2861	0.0581462	0.761375	0.0893825	0.0910964	0.08075521	1.182314	0.8115327	0.2901532
29754	-413.1762	-424.89	11.71378	0.0565578	0.794333	0.0869408	0.0621687	0.1270966	0.8872345	1.436335	0.8094988
29760	-419.3688	-429.332	9.963241	0.888787	0.00996666	0.0795042	0.0217424	0.6180082	0.5432653	1.936277	2.285653
29766	-411.7442	-423.0339	11.28971	0.903019	0.00276677	0.0488972	0.0453166	0.4720427	1.347939	1.355189	0.8989708
29772	-405.5972	-417.8355	12.23829	0.943105	0.000975764	0.0268501	0.0290695	0.31099	0.9782964	0.6422292	1.127353
29778	-407.882	-420.421	12.53906	0.879872	0.000281949	0.0550301	0.0648163	0.3196407	0.8098744	0.9324514	0.7864365
29784	-409.6647	-421.6402	11.97545	0.898564	0.000287939	0.0561992	0.0449486	0.5325514	1.038252	0.9555065	0.9122164
29790	-422.9932	-432.9306	9.937388	0.734176	0.123998	0.0392192	0.102607	0.2038852	1.043544	0.8580075	4.278724
29796	-417.7294	-426.4016	8.672218	0.895629	0.036381	0.0150151	0.0529747	0.8344246	0.9048309	0.9474073	6.221021
29802	-415.0883	-426.8824	11.79411	0.84202	0.0887933	0.0152794	0.0539072	0.8478203	0.9091907	0.8442063	0.9893097
29808	-416.758	-428.0328	11.27483	0.568525	0.218526	0.0244827	0.188466	0.07899542	1.32422	0.8442063	1.145443
29814	-416.455	-428.5971	12.14215	0.352862	0.507813	0.0501753	0.08915	0.06985546	0.7560692	1.208008	0.3719865
29820	-424.4058	-434.4266	10.02081	0.54987	0.305273	0.0602939	0.0845631	0.6100807	1.372054	0.6549702	3.237664
29826	-423.4611	-433.9325	10.4714	0.680864	0.113088	0.102759	0.103288	0.6864094	1.956733	0.3531626	1.59383
29832	-409.6097	-420.6945	11.08487	0.774643	0.116034	0.0302065	0.0791165	0.0373417	0.9691888	1.313985	0.3623502
29838	-410.8301	-422.0532	11.22306	0.360179	0.496379	0.0631392	0.0803025	0.05143988	1.193364	0.7554322	0.9650613
29844	-415.4646	-425.8192	10.35463	0.473343	0.328138	0.0873829	0.111136	0.02213201	0.9971791	1.108672	0.4981914
29850	-411.745	-422.6569	10.91183	0.531071	0.32554	0.0631159	0.0802729	0.03679834	1.014881	1.108672	0.7155805
29856	-409.5609	-421.0117	11.45077	0.611131	0.257935	0.0500085	0.0809262	0.04400718	0.8554329	1.125347	0.5634567
29862	-409.5495	-420.2889	10.73941	0.494033	0.407319	0.0388778	0.0597701	0.02853629	1.1708	1.125347	0.3114568
29868	-410.7359	-421.3449	10.60909	0.642535	0.214325	0.0654039	0.0777364	0.04257079	1.015767	1.165333	1.142383
29874	-414.2809	-425.8554	11.57449	0.796984	0.0903984	0.0582837	0.0543342	0.7390339	1.81894	0.2332504	0.3491472
29880	-407.9604	-420.2474	12.287	0.850998	0.062008	0.0628354	0.0241584	0.3908379	1.66473	0.4411861	0.3681695
29886	-406.3002	-418.7494	12.44926	0.897417	0.0294209	0.0526626	0.020499	0.3677817	1.522956	0.4511804	0.3681695
29892	-408.1902	-418.9406	10.75041	0.53373	0.398688	0.0410054	0.0265766	0.03125691	1.600636	0.8165916	0.2079678
29898	-406.5943	-416.7811	10.18678	0.478782	0.436936	0.0372858	0.0469962	0.02265818	1.629988	0.8165916	0.3250035
29904	-408.7747	-419.2391	10.46446	0.590658	0.170482	0.0269722	0.211887	0.03132901	1.416079	0.7040384	0.07223799
29910	-411.4089	-421.9168	10.50788	0.0394096	0.545945	0.0548507	0.359794	0.03303902	1.917477	0.8240057	0.309671
29916	-412.3924	-422.8469	10.45452	0.0697779	0.572097	0.0971176	0.261008	0.02226302	1.336768	0.6345998	0.4582196
29922	-411.2863	-423.5004	12.21412	0.733413	0.0831356	0.0494535	0.133997	0.4067273	0.9978093	1.043261	0.7530152
29928	-422.1873	-433.459	11.27173	0.701393	0.118136	0.0523233	0.128147	0.3994147	1.474513	1.23002	1.008532
29934	-420.4469	-431.7389	11.292	0.701393	0.118136	0.0523233	0.128147	0.6142601	0.6924352	1.639246	1.027869
29940	-415.5211	-425.1641	9.64297	0.891976	0.00908774	0.0106564	0.08828	0.3275743	1.674008	0.6956999	3.815672
29946	-417.6026	-429.7168	12.11426	0.775017	0.0179664	0.0324865	0.17453	0.5284308	1.242789	1.013071	0.5341833
29952	-415.1842	-426.0393	10.85515	0.57032	0.162252	0.0704715	0.196957	0.03230046	1.516988	0.4811283	0.5121521
29958	-409.2647	-419.6923	10.42762	0.538943	0.357448	0.058523	0.0450864	0.02449184	1.266628	0.9357441	0.5067447
29964	-414.2254	-424.8894	10.66402	0.348078	0.453813	0.0328423	0.165267	0.04428403	0.9942286	1.139198	1.191087
29970	-410.5771	-423.0144	12.43734	0.871922	0.00101274	0.0150431	0.112023	0.4591459	1.436031	0.5652887	0.3901092
29976	-406.9619	-419.1387	12.17673	0.919659	0.00088069	0.0362318	0.0432286	0.3472378	1.101372	1.251493	0.5099273
29982	-409.8335	-421.6479	11.81447	0.882752	0.00214474	0.0187199	0.0963836	0.3472378	0.7426451	1.433441	0.9836973
29988	-409.1871	-421.0454	11.85822	0.880349	0.00547452	0.0180551	0.0961213	0.4004018	0.8260778	1.596461	0.6131338
29994	-416.6889	-427.8204	11.13151	0.826421	0.0769496	0.0909046	0.00572434	0.4926613	1.459077	0.9390504	1.41406
30000	-410.6209	-421.6461	11.02519	0.823289	0.0766579	0.0205634	0.0794901	0.3334454	1.005997	1.106138	2.062629
30006	-418.3817	-428.7511	10.36943	0.754456	0.15418	0.0248263	0.0665382	0.663395	0.9880984	1.090227	2.610253
30012	-418.0947	-427.9343	9.839555	0.939565	0.00988643	0.0178712	0.0326777	0.3044006	1.662136	1.132401	2.826111
30018	-412.0438	-424.3583	12.31444	0.753316	0.033786	0.0242482	0.188649	0.3479106	1.204235	0.5986	0.8221824
30024	-419.6334	-431.5373	11.90386	0.904883	0.0263991	0.0211442	0.0475733	0.4067728	0.822142	0.9693485	1.320175
30030	-410.4515	-420.9564	10.50492	0.908145	0.0264942	0.0279643	0.0373964	0.3841902	1.666411	0.7651482	2.252524
30036	-408.4876	-420.3767	11.88911	0.903923	0.00452936	0.0278343	0.0637137	0.4071651	1.941037	0.3279445	0.4144591
30042	-417.416	-429.1812	11.76527	0.577263	0.310053	0.0157038	0.0969803	0.4997761	1.272725	0.4259535	1.175474
30048	-416.1824	-428.5553	12.37286	0.844569	0.131587	0.0148588	0.00898487	0.5330704	0.8574318	0.6062237	0.9381512
30054	-403.8649	-416.1203	12.25536	0.924197	0.00723122	0.0284586	0.0401134	0.3932332	0.8838884	1.136921	0.7366003
30060	-408.33	-419.6654	11.33538	0.914673	0.00483196	0.0295556	0.0509398	0.3479487	1.01541	1.136921	1.600911
30066	-408.0152	-419.9007	11.8855	0.902481	0.0098623	0.0320295	0.0556271	0.3797036	1.319106	1.03535	0.7888849
30072	-407.1151	-419.231	12.11595	0.893588	0.0196192	0.0317139	0.055079	0.4259728	1.60446	0.7650119	0.4853351
30078	-406.2721	-418.0267	11.75462	0.953697	0.00324981	0.0157314	0.0273214	0.3943229	1.306687	0.8392373	1.098321
30084	-410.9527	-422.9942	12.04154	0.943423	0.00409921	0.0180157	0.0344624	0.3765801	0.8098353	0.673088	1.462864
30090	-408.0208	-420.1156	12.09483	0.863263	0.00732511	0.0321933	0.0972184	0.4512206	1.179494	0.7773584	0.8824716
30096	-411.2027	-422.8418	11.63912	0.862126	0.0086324	0.0321509	0.0970903	0.4169168	1.084975	0.7912633	1.484926
30102	-411.2663	-422.7701	11.50381	0.856593	0.0509989	0.00943644	0.0829722	0.4997785	0.3365597	1.907875	0.9055359
30108	-408.7353	-420.983	12.24767	0.89867	0.0230188	0.00989998	0.0684108	0.4997785	0.5477479	1.183273	0.06865028
30114	-411.483	-423.1513	11.66832	0.863268	0.0285238	0.012344	0.0958639	0.4997785	0.5318193	2.008056	0.1547553
30120	-409.3531	-421.7344	12.3813	0.759783	0.0632973	0.00460504	0.172315	0.3729631	0.8301733	1.42604	0.2122023
30126	-414.2693	-427.0874	12.81814	0.769115	0.0517922	0.0046616	0.174431	0.4870168	0.8877264	0.8919179	0.2079755
30132	-412.9526	-425.6471	12.69452	0.808256	0.0816335	0.0083218	0.101789	0.2926908	1.105427	0.6634919	0.1134143
30138	-416.6454	-427.1876	10.54228	0.86047	0.045544	0.00885939	0.0851266	0.328819	0.9645631	1.405174	2.297101
30144	-417.7296	-428.8457	11.11609	0.831038	0.0781902	0.00855637	0.0822149	0.4242816	1.143927	0.9761541	1.84677
30150	-414.248	-426.6797	12.43174	0.927109	0.00227761	0.011384	0.0592289	0.3076926	1.057324	0.6511021	0.8530174
30156	-414.4413	-425.8513	11.41001	0.925326	0.000627021	0.00984662	0.0641999	0.402521	1.074795	0.9703305	1.599456
30162	-419.5364	-432.7661	13.22977	0.356119	0.482142	0.113383	0.048355	0.1194235	0.05603838	1.255869	0.281519
30168	-419.9245	-432.3551	12.43058	0.243402	0.520164	0.0582879	0.178146	0.1921399	0.1055917	1.833395	0.4810075
30174	-407.1918	-419.2367	12.04491	0.937992	0.000840702	0.0353555	0.0258114	0.3681238	1.665986	0.4179671	0.6283101
30180	-415.0768	-427.2815	12.20465	0.645806	0.240367	0.0209722	0.0928543	0.8416971	1.002032	1.029312	0.2123217
30186	-411.8582	-422.932	11.07389	0.705218	0.179266	0.0220212	0.0934951	0.3784602	1.283078	0.6812225	2.072978
30192	-418.9656	-429.4016	10.436	0.82518	0.03331	0.0452922	0.0962181	0.903774	1.627283	0.3480899	1.755978
30198	-412.381	-423.1485	10.76748	0.826412	0.128055	0.0246003	0.0209333	0.5625562	1.627283	0.3213682	1.755978
30204	-416.2082	-426.9702	10.76197	0.708249	0.243328	0.0239552	0.0244677	0.7704896	1.865384	0.4456397	1.318711
30210	-413.374	-424.8385	11.46454	0.530256	0.410293	0.0346205	0.0248305	0.1817119	1.625236	0.3596532	1.222206
30216	-412.256	-424.5916	12.3356	0.489664	0.406057	0.0704453	0.033834	0.2357738	1.72369	0.4335972	0.210177
30222	-408.2084	-419.0046	10.79618	0.885704	0.0647757	0.0249205	0.0245997	0.3809879	2.072349	0.2977675	1.366186
30228	-413.4048	-424.6806	11.27577	0.929828	0.0174764	0.02687	0.0258252	0.5313408	1.386838	0.6329649	1.537004
30234	-409.7314	-421.1291	11.39764	0.929364	0.0174677	0.0297936	0.0233745	0.3545297	1.664586	0.6928404	1.235533
30240	-417.9328	-429.6989	11.76608	0.325417	0.553026	0.0587169	0.06284	0.09049713	1.292021	0.8386502	0.800386
30246	-419.1997	-430.6296	11.42986	0.161167	0.553068	0.116508	0.169258	0.0553266	1.377084	0.9579681	0.5077753
30252	-418.7762	-430.8767	12.10051	0.70864	0.136902	0.0629737	0.091485	0.5014361	0.6748342	1.260513	0.8508853
30258	-410.0315	-422.2767	12.24518	0.716285	0.116586	0.0316441	0.135486	0.5014361	1.220027	0.8905225	0.5683375
30264	-417.631	-428.6808	11.04982	0.848813	0.0525561	0.0711597	0.0274707	0.3421022	1.641851	0.4552284	1.736113
30270	-414.7962	-426.5513	11.75506	0.945312	0.00307181	0.0283017	0.0233147	0.3412865	1.77459	0.8345505	0.6834691
30276	-409.789	-421.3801	11.59115	0.938935	0.00305109	0.0281108	0.0299027	0.3412865	1.459478	1.355096	0.6103293
30282	-407.0865	-418.3547	11.26821	0.879418	0.0015325	0.011137	0.107913	0.2843922	1.844512	1.298141	0.6455281
30288	-405.8207	-417.688	11.8673	0.83717	0.00206943	0.015039	0.145722	0.2843922	1.596728	1.098693	0.5313214
30294	-413.0546	-425.6082	12.55359	0.840488	0.0700624	0.0308515	0.0585977	0.4492745	0.7164788	0.8372352	0.8443288
30300	-409.3574	-421.1483	11.79096	0.86534	0.00200484	0.0100717	0.122583	0.2843922	1.952574	0.6284039	0.6295912
30306	-403.5602	-415.3295	11.76932	0.861722	0.00163974	0.014568	0.122071	0.3541412	2.157246	0.5537579	0.4340403
30312	-405.9156	-417.452	11.53646	0.860049	0.00321127	0.0149057	0.121834	0.275048	1.984822	0.2978579	0.7612938
30318	-404.5242	-416.1905	11.66633	0.852337	0.0127064	0.0142148	0.120741	0.275048	1.842324	0.7951031	0.7612938
30324	-404.7072	-417.0587	12.35148	0.842668	0.0240099	0.0139503	0.119372	0.324279	1.270426	0.7730506	0.6500006
30330	-405.9639	-417.9968	12.03292	0.842668	0.0240099	0.0139503	0.119372	0.324279	1.067029	0.9822092	0.9796069
30336	-411.4933	-421.8535	10.36021	0.84663	0.0241228	0.00407304	0.125174	0.4702669	1.486893	1.103825	2.163437
30342	-412.3107	-423.8577	11.54691	0.818386	0.0929762	0.0390998	0.0495383	0.5484035	0.3311719	2.177303	0.1484852
30348	-413.9606	-425.77	11.80944	0.730487	0.157964	0.0338155	0.0777338	0.5977029	0.4937976	1.860217	0.4264585
30354	-412.5845	-424.5303	11.94572	0.789118	0.184434	0.00143173	0.0250165	0.2890263	1.5221	0.4022973	0.8966971
30360	-407.5068	-418.7738	11.26708	0.886059	0.0370974	0.00686247	0.0699812	0.5059443	0.9636438	1.716473	0.7904884
30366	-408.1452	-419.3421	11.19697	0.855663	0.0133779	0.00467377	0.126285	0.5059443	1.66016	0.6368437	1.342841
30372	-405.7151	-418.0401	12.32503	0.803859	0.012568	0.00439081	0.179182	0.2226071	1.314785	0.7603144	0.6584355
30378	-406.3271	-418.6631	12.33598	0.93084	0.0103405	0.00448959	0.0543301	0.2283792	1.349114	0.6906006	0.6584355
30384	-416.5125	-427.8336	11.32105	0.830495	0.00922578	0.0135902	0.14669	0.2283792	1.712446	0.5020281	1.375025
30390	-414.7306	-423.4197	8.689103	0.855273	0.0888732	0.00361389	0.0522398	0.299094	1.658932	0.301153	5.919707
30396	-418.027	-429.1184	11.09147	0.845788	0.0626311	0.00612949	0.0854517	0.9271505	1.882585	0.1962034	0.4926963
30402	-415.1351	-422.6388	7.503698	0.618419	0.323089	0.0407858	0.0177057	0.05119509	0.9040341	1.651652	6.008095
30408	-406.8337	-418.9071	12.07341	0.354582	0.533853	0.0777931	0.0337712	0.04969153	0.2712372	1.374716	0.175648
30414	-409.2507	-420.4857	11.23504	0.319558	0.622607	0.0380161	0.0198186	0.05107005	0.5204438	1.858759	0.2672778
30420	-409.0767	-419.884	10.80734	0.548875	0.312262	0.0506867	0.0881765	0.06566642	0.9812237	1.482047	1.07336
30426	-417.898	-428.2837	10.38572	0.619092	0.215621	0.0256393	0.139648	0.1077084	1.250914	1.08125	2.327909
30432	-410.7028	-422.654	11.95119	0.854633	0.0425077	0.00897573	0.0938836	0.4324471	0.7521814	1.077089	1.201287
30438	-407.5265	-419.7596	12.23315	0.855938	0.0425726	0.00898943	0.0925005	0.3537346	1.319973	0.6478934	0.76697
30444	-409.307	-421.9928	12.68581	0.89496	0.0420085	0.0362279	0.0268039	0.3684445	1.061689	0.6457739	0.5736139
30450	-408.2475	-419.8956	11.64817	0.90293	0.0423826	0.0103353	0.0443524	0.2599289	1.539524	0.4579506	1.206261
30456	-409.7261	-422.233	12.50684	0.901402	0.0423109	0.0120099	0.0442773	0.2650516	1.456657	0.4404069	0.4364003
30462	-407.129	-419.0845	11.95552	0.911496	0.0212883	0.0084712	0.0587444	0.2650516	1.844745	0.4845245	0.6063227
30468	-408.7908	-420.2062	11.41543	0.844244	0.097491	0.00774841	0.0505164	0.4780769	1.449405	0.4845245	1.399869
30474	-410.2676	-419.4201	9.152459	0.861272	0.0732867	0.0145044	0.0509372	0.4468652	1.37977	0.7119102	5.28675
30480	-418.2365	-427.0215	8.785029	0.795481	0.10886	0.0285108	0.0671479	0.4517014	0.9669946	1.406897	5.448676
30486	-410.9619	-423.4926	12.53073	0.794827	0.109208	0.0286019	0.0673625	0.581597	1.284247	0.5581374	0.2873003
30492	-409.3275	-421.2391	11.91167	0.892028	0.0252343	0.0503841	0.0323535	0.5138662	1.35926	0.8425705	0.7791292
30498	-412.1973	-422.0155	9.818171	0.83371	0.0239872	0.0478939	0.0944085	0.5037176	0.996534	1.169712	3.671053
30504	-418.3228	-427.6032	9.280329	0.710778	0.0603739	0.075336	0.153512	0.5230086	1.448528	1.140948	3.861299
30510	-411.0869	-422.0623	10.97538	0.875784	0.0259295	0.0323555	0.0659309	0.4641251	1.429033	0.6996051	1.896551
30516	-415.3268	-425.8471	10.52034	0.779124	0.02111	0.0287845	0.170981	0.5999713	1.43785	1.026168	1.946569
30522	-406.0204	-418.1341	12.1137	0.954052	0.0145521	0.0114884	0.0199079	0.308568	1.906111	0.4725281	0.3587631
30528	-407.1817	-417.8625	10.68074	0.965868	0.00214799	0.0265787	0.00540555	0.4852548	2.782128	0.1656125	0.3300087
30534	-411.3849	-423.2206	11.83562	0.902623	0.0158674	0.00824407	0.0732656	0.22248	1.223622	1.029958	0.9901592
30540	-414.5302	-426.3106	11.78035	0.902623	0.0158674	0.00824407	0.0732656	0.4225991	1.600675	0.7502245	0.8229153
30546	-413.7979	-424.3888	10.59096	0.857309	0.0439918	0.00570563	0.092994	0.3862535	1.629698	0.7962919	2.149769
30552	-415.9221	-426.5802	10.65818	0.874055	0.0253174	0.00581708	0.0948106	0.3377863	1.475072	0.8370804	2.277501
30558	-412.9687	-424.6386	11.66994	0.874055	0.0253174	0.00581708	0.0948106	0.4412027	1.311725	0.8370804	1.139941
30564	-411.8967	-423.7038	11.80706	0.86753	0.0175219	0.0650045	0.0499437	0.5032866	0.3878287	1.346231	1.336943
30570	-412.4616	-424.2004	11.73884	0.897075	0.013614	0.0505065	0.0388047	0.4941932	0.2498693	1.515797	1.331114
30576	-415.9484	-427.5455	11.59705	0.81664	0.0579819	0.0881616	0.037217	0.6612876	0.4671642	1.431669	1.182754
30582	-422.422	-433.231	10.80898	0.798298	0.0791388	0.0861816	0.0363811	0.8005468	0.2582533	2.16371	0.9769344
30588	-417.9683	-428.8278	10.85957	0.840816	0.0682143	0.0445536	0.0464165	0.657337	0.4836598	2.10255	0.9461553
30594	-419.0704	-426.5382	7.467849	0.768172	0.138139	0.0200731	0.0736156	0.8199807	0.0862636	2.359414	6.565769
30600	-410.6086	-422.0866	11.47798	0.794703	0.114701	0.0194105	0.0711857	0.5579681	0.1675805	1.353945	1.917888
30606	-414.6068	-425.8074	11.20058	0.836866	0.0711679	0.0247145	0.0672512	0.8153388	0.1739018	1.353945	1.917888
30612	-415.7182	-426.8624	11.14422	0.871173	0.064671	0.0497159	0.0144401	0.9442124	0.2363625	1.273397	1.867178
30618	-419.866	-431.6997	11.83378	0.786838	0.0671943	0.0459813	0.0999863	0.8865966	0.5294161	1.602053	0.1470692
30624	-415.93	-428.4329	12.50287	0.749806	0.0626262	0.0590859	0.128482	0.4189998	1.118424	0.9623284	0.4216179
30630	-409.3508	-420.547	11.1962	0.887612	0.00412729	0.0481248	0.0601358	0.496174	1.387483	1.172653	1.151557
30636	-409.6499	-421.5744	11.92446	0.944801	0.00853993	0.0236289	0.0230305	0.2932256	2.024908	0.705394	0.3748479
30642	-414.2088	-425.5193	11.31046	0.937175	0.0181242	0.00827813	0.036423	0.2286465	1.484748	0.8665376	1.437271
30648	-415.4207	-427.4608	12.04005	0.844822	0.0385328	0.011078	0.105567	0.4081892	1.2631	1.323154	0.1977441
30654	-407.5369	-419.6913	12.15441	0.878274	0.0304926	0.00452889	0.0867045	0.2877997	1.346328	1.123282	0.4659776
30660	-408.5549	-420.3157	11.76082	0.829932	0.02345	0.0072782	0.139339	0.2959936	1.398622	0.9178219	0.9948179
30666	-411.7315	-423.7129	11.98142	0.813725	0.0338851	0.00756473	0.144825	0.375952	1.966081	0.4875564	0.3974894
30672	-408	-420.0118	12.0118	0.873182	0.0777073	0.0188976	0.0302127	0.375952	1.243394	0.6905378	1.020237
30678	-412.4638	-424.9131	12.44929	0.836792	0.0974553	0.0251527	0.0405997	0.375952	1.270481	0.9711716	0.3278786
30684	-405.5927	-417.7594	12.16676	0.877141	0.0673366	0.0195172	0.0360053	0.4204691	1.549376	0.4997531	0.5967757
30690	-414.3173	-427.1178	12.80043	0.752004	0.192313	0.0458027	0.0098804	0.5400734	0.9865972	0.6353264	0.3680837
30696	-412.2425	-422.1689	9.926398	0.842079	0.112776	0.0268596	0.0182857	0.6501543	0.8543759	0.9913743	3.811037
30702	-408.5195	-420.3802	11.86069	0.912594	0.0233711	0.0292643	0.0347704	0.2939246	1.483991	0.3758514	1.001515
30708	-408.3806	-420.2587	11.87807	0.89053	0.0139443	0.00506847	0.090457	0.3814601	1.4478	0.5314062	1.001515
30714	-408.7657	-420.4504	11.68476	0.832548	0.0330286	0.00880473	0.125619	0.2198411	1.4478	0.5839245	1.249032
30720	-407.7802	-419.3601	11.57999	0.860316	0.000777063	0.0090984	0.129808	0.3534058	1.740778	0.4194137	1.014891
30726	-413.5898	-421.0861	7.496345	0.937151	0.000772308	0.00812509	0.0539518	0.3899099	1.610646	0.9014056	9.195385
30732	-416.2875	-427.1065	10.81895	0.933805	0.038834	0.00631284	0.0210477	0.3393628	1.673749	0.7778887	1.85104
30738	-414.4087	-425.3354	10.9267	0.935661	0.0389111	0.00632539	0.0191023	0.342824	1.330804	1.1738	1.667022
30744	-415.4176	-427.7748	12.35722	0.931431	0.0504335	0.00875661	0.00937937	0.2879234	1.010456	1.01981	0.7014496
30750	-414.5035	-426.7646	12.2611	0.883811	0.0925676	0.0114051	0.0122162	0.3457417	0.8380566	0.7780783	1.14531
30756	-411.6104	-423.2691	11.65874	0.80991	0.0907388	0.088157	0.0111947	0.6140287	0.820074	0.6916111	1.619028
30762	-412.9279	-424.3761	11.44823	0.867679	0.0612892	0.0652942	0.00573782	0.3299508	1.438322	0.2999462	1.389308
30768	-414.2431	-425.5409	11.2978	0.848344	0.070245	0.0748352	0.00657625	0.5259367	1.560476	0.4633528	1.351295
30774	-415.5842	-428.0509	12.46668	0.712833	0.126282	0.147889	0.0129959	0.4336709	1.433734	0.3902589	0.3591743
30780	-418.0068	-429.9652	11.95839	0.768062	0.121307	0.106319	0.00431247	0.5820601	1.611322	0.7209404	0.5105393
30786	-419.37	-427.8905	8.520548	0.790015	0.0901299	0.109358	0.0104971	0.4332961	0.9178294	0.9344952	7.863747
30792	-414.1074	-425.598	11.49055	0.398208	0.374801	0.0633717	0.163619	0.06323458	0.8106374	1.233317	0.8398461
30798	-416.327	-428.1679	11.84089	0.606535	0.205313	0.0963273	0.091825	0.0685872	0.6851084	1.233317	0.7010991
30804	-417.2114	-426.7585	9.547094	0.89166	0.090199	0.00977748	0.00836326	0.2675451	2.184081	0.1116021	2.093604
30810	-414.4326	-425.8818	11.44922	0.839578	0.113772	0.0178863	0.0287631	0.5271351	0.5683168	1.185671	1.744143
30816	-413.841	-425.3516	11.51066	0.953424	0.0407442	0.00266556	0.00316646	0.2259299	0.9257947	0.9759635	1.744143
30822	-414.404	-425.7328	11.32887	0.847121	0.0763046	0.00440949	0.0721652	0.3308133	1.189243	0.924692	1.675078
30828	-409.1683	-420.2103	11.04203	0.90065	0.076122	0.00439893	0.018829	0.3308133	2.217092	0.3007566	0.9959638
30834	-405.7764	-418.4204	12.64404	0.97035	0.0167774	0.00748686	0.00538557	0.2802883	1.170404	0.7241036	0.5145912
30840	-406.9325	-419.0187	12.08624	0.978058	0.00556262	0.00754634	0.00883279	0.4419622	1.574132	0.7879961	0.5145912
30846	-405.5498	-417.9917	12.44193	0.90995	0.0150538	0.0181343	0.0568623	0.2678373	1.593483	0.4406625	0.3472808
30852	-406.9997	-418.8039	11.80424	0.90995	0.0150538	0.0181343	0.0568623	0.299062	1.250223	0.6287075	1.312175
30858	-415.458	-425.5045	10.0465	0.845341	0.00778947	0.00483388	0.142036	0.4047613	1.614456	1.2313	2.30508
30864	-418.0785	-428.4108	10.33231	0.699879	0.24957	0.0034551	0.0470956	0.03701258	1.593156	1.125602	0.7067212
30870	-422.3075	-434.0374	11.72995	0.181746	0.53686	0.0980956	0.183299	0.0564082	1.054932	1.165189	0.2285999
30876	-425.8074	-437.2558	11.44833	0.170204	0.395415	0.0300042	0.404377	0.06408642	0.8308991	1.165189	0.9515237
30882	-409.0368	-418.2392	9.202425	0.88543	0.0567326	0.0089814	0.048856	0.02679178	1.878643	0.3081447	1.418421
30888	-410.702	-420.1743	9.47224	0.649148	0.198987	0.0235826	0.128282	0.04712116	2.107437	0.2286643	1.607749
30894	-419.6334	-430.997	11.36362	0.363536	0.265075	0.0323007	0.339089	0.1436166	2.077448	0.2105765	0.5690259
30900	-419.3276	-430.2207	10.89305	0.754043	0.183093	0.0223108	0.0405527	0.2322297	2.245297	0.1621529	0.8058914
30906	-410.819	-421.0458	10.22676	0.82362	0.106786	0.0246998	0.0448949	0.5964146	1.884612	0.3552037	2.123297
30912	-412.1308	-423.5281	11.39724	0.61017	0.340526	0.0281567	0.021148	0.05519027	1.826247	0.4038579	0.2793157
30918	-411.4915	-423.5818	12.09031	0.838178	0.133476	0.0147811	0.0135655	0.07092512	1.337272	0.3688594	0.3387519
30924	-413.7609	-422.8484	9.087494	0.74839	0.183812	0.0103267	0.057471	0.490072	1.244684	0.8610187	5.408639
30930	-416.4427	-424.0986	7.655963	0.886914	0.0327389	0.0122382	0.0681087	0.2864651	1.867387	0.6664611	8.559612
30936	-413.9741	-422.8487	8.87459	0.877726	0.0373169	0.00732433	0.0776324	0.5067591	1.390746	0.7715209	5.704691
30942	-412.8367	-423.3115	10.47478	0.788589	0.0851313	0.00658051	0.119699	0.364866	1.200299	0.7715209	3.036471
30948	-413.8355	-425.4037	11.56817	0.596468	0.308588	0.0120287	0.0829161	0.364866	0.684404	1.571372	1.092963
30954	-414.1134	-424.5716	10.45818	0.751745	0.14511	0.00341091	0.099734	0.8162799	0.8526915	1.571372	1.637829
30960	-409.3223	-421.2568	11.93458	0.796721	0.101335	0.0258985	0.076045	0.3413443	1.086263	1.1777	0.8420494
30966	-409.5661	-421.2817	11.71556	0.806131	0.102532	0.014394	0.0769431	0.4449519	1.288951	1.41648	0.4971627
30972	-414.1642	-425.6595	11.49525	0.802133	0.159322	0.0143226	0.0242228	0.4526331	0.3917482	1.580994	1.390767
30978	-415.8065	-426.4449	10.63846	0.790115	0.0916233	0.00946937	0.108793	0.6518814	0.1591837	1.965148	1.789155
30984	-418.1019	-430.3018	12.19991	0.600815	0.258783	0.0944889	0.0459133	0.08305001	1.12145	1.009058	0.2498749
30990	-418.8722	-431.5019	12.62968	0.578232	0.368831	0.0131951	0.0397425	0.5424894	0.88972	1.005587	0.1832624
30996	-410.833	-423.5063	12.67334	0.863332	0.112547	0.0170226	0.00709809	0.6392176	0.7811779	1.005587	0.2476348
31002	-413.332	-425.5016	12.1697	0.215878	0.573856	0.0201018	0.190164	0.09477394	1.30271	0.796325	0.4656268
31008	-418.1291	-429.7485	11.61947	0.427049	0.419312	0.0146882	0.138951	0.117058	1.160708	0.7643284	1.309178
31014	-418.0083	-429.4715	11.4632	0.834874	0.0358132	0.00958423	0.119728	0.0656762	0.8999891	1.4867	0.1238033
31020	-413.9434	-426.5387	12.59529	0.259888	0.697418	0.0375573	0.00513642	0.09817253	0.9396549	0.6643792	0.1238033
31026	-417.7954	-429.2886	11.49316	0.200541	0.671671	0.0675011	0.0602861	0.07465623	1.248851	1.412039	0.3177148
31032	-417.2552	-429.2322	11.97709	0.279773	0.607111	0.0753083	0.0378083	0.1054223	1.519723	0.850794	0.4698092
31038	-417.9713	-428.3612	10.38985	0.0622566	0.521596	0.179612	0.236535	0.0514904	1.299025	0.850794	1.686636
31044	-411.4401	-423.2367	11.79654	0.477544	0.376857	0.027972	0.117626	0.07263579	1.604492	0.4857365	0.4491842
31050	-411.4887	-423.6195	12.13079	0.027881	0.690669	0.0785286	0.202921	0.08756307	1.426416	0.7795142	0.2197123
31056	-408.4625	-419.9778	11.51526	0.294328	0.524419	0.0124205	0.168832	0.06359399	1.571076	0.4720509	0.633657
31062	-408.2473	-419.9022	11.65489	0.0813057	0.763392	0.00513581	0.150166	0.05399048	1.461884	0.5401155	0.430448
31068	-411.4074	-424.0228	12.61537	0.0758363	0.781997	0.00479033	0.137376	0.2037527	0.8089324	1.26052	0.3584273
31074	-412.1422	-423.8639	11.72171	0.14055	0.556549	0.0288315	0.274069	0.06467868	1.080117	1.26148	0.307466
31080	-411.1232	-422.6009	11.47768	0.147799	0.639513	0.0585513	0.154137	0.05087798	1.132929	1.113443	0.4472752
31086	-411.2196	-422.9411	11.72144	0.27005	0.316023	0.0311089	0.382818	0.06192815	1.54375	0.3958902	0.402503
31092	-413.7326	-426.0811	12.34847	0.487557	0.281839	0.0737995	0.156804	0.1115793	1.284969	0.8165825	0.1637523
31098	-417.7212	-430.0341	12.31285	0.232421	0.286829	0.0231598	0.457591	0.0569994	0.9421662	0.6286561	0.2428882
31104	-412.5833	-423.3451	10.76187	0.66567	0.179606	0.0149529	0.139771	0.03333187	1.282433	0.9452189	0.6291415
31110	-410.7202	-422.0598	11.33961	0.580606	0.295285	0.0343684	0.0897405	0.07059855	1.194623	1.250569	0.6992752
31116	-411.6057	-422.1532	10.54751	0.557765	0.285298	0.0455652	0.111372	0.07059855	1.384407	0.9817982	1.643844
31122	-409.1385	-421.255	12.11651	0.668125	0.234109	0.0283854	0.0693808	0.07059855	0.3155677	1.620603	0.2497848
31128	-413.9423	-426.1415	12.19917	0.444935	0.408441	0.0363371	0.110287	0.06517735	0.7342239	1.085853	0.4162388
31134	-413.1623	-424.9696	11.80735	0.419952	0.385507	0.0342967	0.160245	0.04866717	0.5114722	1.411745	0.260242
31140	-414.8282	-426.6908	11.86259	0.408982	0.423891	0.0152471	0.151879	0.06883021	0.7777127	1.411745	0.3619073
31146	-417.6236	-429.5713	11.94771	0.305465	0.577442	0.00365626	0.113437	0.06322694	0.6497869	1.411745	0.2929466
31152	-413.8404	-424.6842	10.84386	0.367864	0.323055	0.131918	0.177163	0.04662237	0.5981561	1.836811	0.5662553
31158	-417.8632	-426.804	8.940807	0.632432	0.276926	0.0402768	0.0503649	0.04662237	1.211679	2.696415	0.5216643
31164	-415.0327	-424.8197	9.786952	0.737895	0.21133	0.0260786	0.0246967	0.0722204	0.9556917	2.696415	0.3875287
31170	-412.2598	-422.6472	10.38737	0.637337	0.287081	0.0531508	0.0224319	0.0397863	0.8740815	1.977771	0.2928959
31176	-417.8884	-427.4542	9.565819	0.460064	0.359744	0.0723235	0.107868	0.04262126	0.8363332	1.769256	1.628088
31182	-417.208	-429.4557	12.24768	0.236664	0.161311	0.0265378	0.575487	0.07524406	0.8411493	0.9563306	0.1193046
31188	-416.3814	-428.2809	11.89942	0.0948258	0.352737	0.0666376	0.4858	0.0607229	1.158829	0.9563306	0.3321431
31194	-413.7123	-425.1536	11.44135	0.00653477	0.358876	0.0765472	0.558042	0.02874863	0.7308337	0.725804	0.13922
31200	-414.2022	-425.3849	11.18278	0.010289	0.855011	0.120524	0.0141757	0.02874863	0.7961341	1.058662	0.1870426
31206	-411.2695	-422.7671	11.49762	0.00811195	0.925419	0.0436009	0.0228681	0.05481591	0.9150217	1.377632	0.1541586
31212	-417.3446	-430.0447	12.70016	0.788323	0.108968	0.0308625	0.071847	0.1126557	0.09053928	1.606087	0.3029428
31218	-416.2044	-428.301	12.09666	0.403441	0.207934	0.0592635	0.329361	0.1128675	0.1046526	2.014645	0.3029428
31224	-408.2029	-419.0198	10.81688	0.601241	0.349444	0.0438334	0.00548151	0.03682061	1.15638	0.9216784	0.8523404
31230	-410.201	-421.528	11.32698	0.3022	0.615414	0.0727321	0.00965361	0.02978748	0.9397289	0.8464831	0.2501322
31236	-415.3082	-426.1541	10.84591	0.359528	0.574615	0.0485804	0.0172765	0.02978748	0.7627764	1.20928	0.1029454
31242	-412.9487	-424.7351	11.78645	0.295549	0.570567	0.0485647	0.0853192	0.1033875	0.7139164	1.40082	0.07555662
31248	-415.8595	-427.3186	11.45906	0.391185	0.423973	0.0360871	0.148756	0.06710492	0.4504753	1.62693	0.7820539
31254	-412.9602	-424.8471	11.88692	0.855895	0.0260269	0.00949152	0.108587	0.530866	0.7184132	0.9196957	1.374445
31260	-411.5391	-423.7747	12.23563	0.826637	0.0239912	0.00916706	0.140205	0.4775578	0.7886655	1.112212	0.7991255
31266	-416.9765	-429.931	12.95448	0.833172	0.0241809	0.0013338	0.141313	0.2996778	0.2301867	1.112212	0.7776115
31272	-414.3632	-425.2651	10.90186	0.815933	0.0343436	0.00189436	0.147829	0.2996778	0.08069047	2.508744	0.993886
31278	-410.5247	-423.3089	12.7842	0.838816	0.00340155	0.00580782	0.151975	0.5796001	0.1114373	1.200218	0.7281715
31284	-410.1413	-422.4554	12.31407	0.824532	0.00124114	0.00570893	0.168518	0.4675656	0.07358538	1.390769	1.108307
31290	-409.4452	-421.4977	12.0525	0.816159	0.00576893	0.00565095	0.172421	0.4675656	0.09933425	1.61969	1.037221
31296	-411.2413	-423.4599	12.21861	0.917745	0.00914131	0.0178507	0.0552628	0.4675656	0.3829	1.61969	0.603472
31302	-409.0071	-420.8181	11.81105	0.864538	0.0131318	0.0168158	0.105515	0.4675656	0.8130525	1.436199	0.8158736
31308	-409.5306	-421.3918	11.86122	0.711207	0.0369284	0.0175836	0.234281	0.3400651	1.330571	1.146897	0.713564
31314	-409.6314	-420.5999	10.96848	0.881634	0.0179273	0.00853611	0.0919029	0.3901834	1.405284	1.234128	1.407067
31320	-410.9629	-423.4914	12.52851	0.887915	0.0204587	0.00486133	0.086765	0.2435227	1.429174	0.785797	0.2815948
31326	-412.0844	-423.8785	11.79418	0.89289	0.0149702	0.00488856	0.0872512	0.2435227	1.760652	1.175444	0.1878485
31332	-418.5325	-430.6418	12.10933	0.850144	0.0326417	0.0162985	0.100916	0.5116295	0.1524427	1.389026	1.196848
31338	-409.6059	-421.6047	11.99878	0.781762	0.0323899	0.0392726	0.146575	0.5244112	0.07394849	1.542393	1.169566
31344	-411.7026	-423.525	11.82247	0.831202	0.0344383	0.0417563	0.0926032	0.5459945	0.08414586	1.542393	1.324417
31350	-420.1118	-426.7169	6.605074	0.37867	0.352558	0.0789895	0.189782	0.03070497	1.328339	0.7044779	8.469808
31356	-412.6689	-424.2462	11.57724	0.395078	0.397145	0.0439135	0.163864	0.05197638	1.52471	0.6160484	0.1696726
31362	-409.4386	-421.5523	12.11373	0.848398	0.113921	0.00524225	0.0324385	0.6749332	0.004451132	1.314771	1.268413
31368	-413.902	-425.6405	11.73849	0.909902	0.0677041	0.00311551	0.0192785	0.6749332	0.009238573	1.652308	1.187058
31374	-420.2208	-431.4845	11.26362	0.944301	0.00796246	0.0019278	0.0458087	0.6749332	0.1190925	2.146036	0.8251066
31380	-412.641	-423.7434	11.10239	0.221011	0.361249	0.0885608	0.329179	0.03822469	1.061794	1.24348	0.3728289
31386	-417.3951	-428.1211	10.72602	0.329257	0.284072	0.025867	0.360804	0.02798452	1.273668	0.8788594	0.4703233
31392	-414.1631	-425.1722	11.00905	0.779683	0.0503828	0.0096886	0.160246	0.4077958	1.232619	1.993852	0.4801741
31398	-411.5517	-422.3976	10.84594	0.869952	0.0363923	0.00119235	0.0924638	0.3300612	1.244928	1.352099	1.618027
31404	-422.1343	-430.7873	8.652999	0.603565	0.299081	0.0720271	0.0253273	0.6307439	1.149267	0.5370069	6.894157
31410	-408.0264	-419.2276	11.20122	0.555697	0.334854	0.0301415	0.0793072	0.04629021	1.132261	0.8655655	0.841605
31416	-408.5406	-419.4758	10.93525	0.709045	0.168849	0.0208745	0.101231	0.02945358	0.8604753	0.851831	0.7658721
31422	-411.9773	-422.0435	10.06625	0.708015	0.126746	0.0580137	0.107226	0.02945358	1.134944	0.9445172	1.282768
31428	-410.8261	-421.2433	10.41721	0.593711	0.197913	0.0409427	0.167433	0.0287815	1.141148	0.9806574	0.8466088
31434	-411.708	-421.6876	9.979565	0.818508	0.0773196	0.0453619	0.0588106	0.2523368	2.295189	0.1401947	1.618362
31440	-414.9186	-425.3353	10.41661	0.495979	0.387325	0.0268753	0.0898214	0.07677069	1.106044	1.41929	1.616651
31446	-415.7003	-427.915	12.21468	0.766874	0.186072	0.0260543	0.021	0.1071411	0.56113	1.561447	0.3757859
31452	-417.013	-428.6526	11.63959	0.711932	0.0883469	0.0524857	0.147235	0.3297815	1.77715	0.4211876	0.9354385
31458	-411.1273	-423.4992	12.37192	0.78587	0.0936899	0.0218235	0.0986163	0.4853549	1.51394	0.4573831	0.3446783
31464	-410.4823	-421.5689	11.08663	0.405288	0.345024	0.0559545	0.193734	0.05063554	0.6807582	1.763074	0.1421292
31470	-410.1388	-421.0277	10.88889	0.280631	0.408244	0.0917024	0.219422	0.04737114	0.415686	1.763074	0.07752413
31476	-409.7619	-421.5181	11.75622	0.29031	0.382803	0.0998971	0.22699	0.04983496	0.3256653	1.547419	0.1546145
31482	-412.6867	-423.6591	10.97242	0.360217	0.402074	0.0847964	0.152912	0.05063766	0.5258696	1.799709	0.09622385
31488	-409.8591	-420.4276	10.56848	0.25633	0.506708	0.0546842	0.182278	0.04018565	0.9025122	1.799709	0.1601027
31494	-404.167	-415.5755	11.4085	0.916431	0.0103203	0.00448736	0.0687617	0.266833	2.471677	0.2813922	0.1657037
31500	-405.1095	-416.4556	11.34606	0.923385	0.0103986	0.00642877	0.0597876	0.266833	2.460145	0.2149791	0.240788
31506	-415.0437	-426.181	11.13727	0.859973	0.0586767	0.00324993	0.0781002	0.3302509	2.674575	0.2273591	0.240788
31512	-405.3157	-417.0976	11.7819	0.900485	0.0143323	0.00340303	0.0817794	0.2776299	1.933343	0.509382	0.6846554
31518	-407.1002	-419.5002	12.39998	0.917593	0.0173573	0.00346769	0.0615819	0.2776299	1.266532	0.8113235	0.5997693
31524	-409.122	-421.2581	12.13606	0.924256	0.0102226	0.00349286	0.062029	0.2495826	1.236176	0.6603779	0.9773551
31530	-405.5444	-418.2103	12.6659	0.953278	0.0105436	0.00128295	0.034895	0.2235545	1.327818	0.5637098	0.1591313
31536	-404.436	-415.1051	10.66909	0.933299	0.0103226	0.00125606	0.0551224	0.2198876	1.844901	0.1856397	0.04076812
31542	-404.4591	-416.0103	11.55125	0.933299	0.0103226	0.00125606	0.0551224	0.2103019	1.869459	0.1949513	0.6420287
31548	-403.4966	-415.0981	11.60149	0.897594	0.00992769	0.00120801	0.0912704	0.3092285	1.929227	0.238189	0.6420287
31554	-407.4685	-419.564	12.09547	0.951508	0.00599591	0.00289017	0.0396058	0.3092285	1.645493	0.4406053	0.6420287
31560	-409.8281	-421.5068	11.67873	0.885345	0.007472	0.00381294	0.10337	0.3092285	1.500016	1.076182	0.816443
31566	-408.4196	-420.6419	12.22231	0.887206	0.0088603	0.00369735	0.100236	0.3693902	1.500016	0.5048529	0.6308781
31572	-417.0274	-428.6512	11.62385	0.728462	0.175544	0.00733038	0.0886633	0.475883	1.51177	0.470808	1.109099
31578	-414.0966	-426.0889	11.99233	0.83529	0.0786737	0.0450358	0.0410008	0.503657	1.51177	0.529897	0.7209905
31584	-414.1432	-425.0624	10.91915	0.79337	0.0850182	0.0016327	0.119979	0.503657	1.325488	0.5705197	2.130661
31590	-415.063	-426.0406	10.97765	0.692621	0.235302	0.0098749	0.0622019	0.4509001	1.796985	0.3812877	1.494661
31596	-410.7199	-421.6641	10.94415	0.880237	0.0327835	0.0135321	0.0734475	0.2968145	1.796985	0.4214767	1.693386
31602	-418.2727	-429.9592	11.68649	0.718601	0.147654	0.0519878	0.0817575	0.6526859	0.9427698	1.657918	0.2201715
31608	-414.5501	-427.5007	12.95054	0.673751	0.158479	0.048038	0.119732	0.4734519	0.5779449	1.094828	0.2300856
31614	-409.8323	-422.2786	12.44635	0.782999	0.120381	0.0868653	0.00975503	0.4734519	1.369766	0.6645115	0.3983547
31620	-406.9045	-418.9826	12.07817	0.961855	0.00424474	0.014479	0.0194217	0.4293577	1.666268	0.5507241	0.5573793
31626	-411.9036	-423.7559	11.85227	0.814272	0.0111915	0.0455782	0.128958	0.4293577	1.666268	0.8144683	0.6429301
31632	-407.8122	-419.6701	11.85788	0.835869	0.00421884	0.046307	0.113605	0.3544746	1.090483	1.449006	0.5841609
31638	-410.019	-422.1785	12.15953	0.840923	0.0183523	0.0440114	0.0967131	0.3544746	0.8922898	1.368809	0.5841609
31644	-407.3604	-419.2888	11.92835	0.929696	0.00507975	0.0273824	0.0378417	0.4463614	1.257341	1.107834	0.6789624
31650	-408.2347	-419.6273	11.39257	0.922388	0.0076321	0.0325432	0.0374363	0.4463614	1.193265	1.5877	0.6789624
31656	-406.6133	-418.005	11.39174	0.91619	0.0143009	0.0323245	0.0371847	0.4572336	0.8067869	1.495923	1.17241
31662	-411.4151	-422.4948	11.07963	0.920064	0.00534638	0.0416741	0.0329155	0.461569	0.5699776	1.606979	1.614951
31668	-412.9485	-424.2963	11.34782	0.901403	0.0255202	0.0408288	0.0322479	0.4599834	0.4961294	1.606979	1.391247
31674	-414.0124	-425.9495	11.93706	0.845398	0.0939754	0.0382921	0.0223345	0.512731	0.4019266	1.678228	0.7324872
31680	-415.1747	-427.5052	12.33058	0.76851	0.179327	0.03186	0.0203032	0.5982329	0.5722926	1.327342	0.557055
31686	-411.9441	-424.1835	12.23947	0.874388	0.0458423	0.0566693	0.0231004	0.5982329	0.829338	1.228146	0.5127915
31692	-409.4689	-421.5727	12.10379	0.925691	0.0388447	0.0110088	0.0244558	0.6296713	1.315938	0.4963121	0.6791266
31698	-408.6803	-420.6793	11.99895	0.923934	0.038771	0.010988	0.0263071	0.299302	1.840262	0.2728275	0.4031311
31704	-416.3539	-426.4984	10.1445	0.90295	0.0264536	0.0382038	0.0323928	0.4879271	1.128866	1.564508	2.141223
31710	-419.4131	-430.5963	11.18324	0.731083	0.118347	0.0742136	0.0763572	0.3308872	2.22592	0.4844574	0.9554776
31716	-405.5716	-417.2723	11.70069	0.913743	0.0277693	0.0226585	0.0358288	0.4450714	1.241959	0.6599208	1.302019
31722	-417.7393	-429.1563	11.41695	0.917237	0.0311864	0.0504165	0.00115973	1.127068	1.786455	0.3488001	0.2866399
31728	-410.8	-423.1985	12.39842	0.80961	0.179804	0.00440994	0.0061761	0.3168588	1.566326	0.3488001	0.1801096
31734	-413.581	-425.1687	11.5877	0.8515	0.0519245	0.0526001	0.0439753	0.6343239	1.030245	1.038624	1.12001
31740	-417.3789	-428.4899	11.11105	0.807726	0.0833165	0.065228	0.0437298	0.6343239	0.9083752	1.308213	1.434635
31746	-420.8666	-432.8242	11.95756	0.688609	0.171852	0.063199	0.0763403	0.873207	0.5666131	1.308213	0.6648266
31752	-415.8571	-428.0783	12.22123	0.727274	0.169458	0.0279911	0.075277	0.7441776	0.3589557	1.627886	0.2602237
31758	-411.9667	-424.988	13.02134	0.778847	0.181475	0.00981348	0.0298642	0.4028599	0.4657156	1.184235	0.2157451
31764	-413.3316	-425.4003	12.0687	0.642833	0.221968	0.00467016	0.130529	0.5261298	1.160866	0.6654885	0.9210147
31770	-412.6296	-425.1551	12.52556	0.644827	0.222657	0.00124673	0.13127	0.5284309	0.5514837	1.162158	0.6481916
31776	-413.5846	-425.6942	12.10957	0.733914	0.096023	0.0206571	0.149405	0.3860088	1.740294	0.5563241	0.129422
31782	-411.9	-424.7238	12.82378	0.803107	0.0731785	0.0222664	0.101448	0.318873	1.192317	0.5927196	0.3360093
31788	-413.6289	-425.8917	12.26277	0.943142	0.0230551	0.00198239	0.0318206	0.5202487	1.43946	0.4344582	0.5082154
31794	-424.0902	-427.6269	3.536762	0.798648	0.0279296	0.00726315	0.166159	0.3589884	1.569471	0.7653461	35.00398
31800	-425.6097	-429.1789	3.56923	0.753656	0.0521558	0.014706	0.179483	0.3589884	0.9694598	1.371929	34.4015
31806	-421.4539	-428.1841	6.730185	0.842031	0.0582717	0.0156679	0.0840296	0.725025	1.506919	1.151521	10.21479
31812	-409.1193	-421.8105	12.69118	0.77596	0.143335	0.0177245	0.0629804	0.3911539	0.6339042	1.023172	0.6780001
31818	-411.3526	-422.4142	11.06158	0.617327	0.244824	0.0302744	0.107574	0.5430679	0.7649155	1.150045	2.022241
31824	-404.7057	-417.2474	12.54165	0.961797	0.000895307	0.0335407	0.00376701	0.3629795	0.9336888	0.8704117	0.692586
31830	-408.837	-421.0995	12.26249	0.88295	0.0472294	0.0576845	0.0121358	0.7084882	0.8703282	0.864459	0.6999523
31836	-409.6168	-420.4289	10.81204	0.905818	0.0617151	0.0166091	0.0158579	0.485351	0.7348919	1.37397	2.113957
31842	-412.5608	-423.3538	10.79294	0.605334	0.349545	0.0251754	0.0199454	0.130949	1.101708	0.9081244	2.356864
31848	-414.4226	-426.4317	12.00903	0.503647	0.466375	0.00910258	0.0208755	0.6083197	1.461733	0.5109447	0.6519981
31854	-416.2931	-427.111	10.81794	0.72377	0.19611	0.00543138	0.074689	0.2185908	1.150051	0.7189142	2.686871
31860	-420.0933	-428.1598	8.066512	0.681146	0.154368	0.0538454	0.110641	0.6611183	0.6606624	1.532741	7.18664
31866	-413.7706	-422.9067	9.136132	0.844006	0.0871742	0.0304075	0.0384125	0.5626056	0.5962703	2.433468	2.381434
31872	-416.6431	-426.0704	9.427278	0.731007	0.226053	0.00716682	0.0357734	0.8458213	0.9736946	1.295208	3.497085
31878	-415.292	-425.4733	10.18129	0.250272	0.6222	0.0330636	0.0944645	0.1469689	0.448151	1.433954	3.541258
31884	-417.1932	-426.8003	9.607094	0.748125	0.144756	0.012729	0.0943897	0.1487023	0.7585867	1.576347	3.68756
31890	-412.3801	-424.6541	12.27407	0.7103	0.159407	0.0263503	0.103943	0.09105578	0.8924064	0.7612825	0.7567515
31896	-408.0801	-420.9318	12.85165	0.864572	0.0888386	0.000846939	0.045743	0.3848945	1.109301	0.4953852	0.1699822
31902	-407.645	-420.0768	12.43177	0.864572	0.0888386	0.000846939	0.045743	0.4419276	1.479681	0.4953852	0.1699822
31908	-412.4543	-424.9145	12.46017	0.731759	0.23677	0.00225724	0.029214	0.476166	1.057463	0.7872474	0.6215244
31914	-412.4014	-424.6706	12.26923	0.673155	0.142929	0.0310495	0.152867	0.5853346	0.9635506	1.130548	0.4742904
31920	-410.5227	-423.166	12.64332	0.746033	0.0857828	0.00347777	0.164706	0.4426435	1.115731	0.8945551	0.2496195
31926	-416.496	-428.2294	11.73335	0.763742	0.15438	0.00413816	0.0777394	0.3614525	0.5163479	1.238071	1.570655
31932	-416.2645	-427.9667	11.70215	0.805524	0.00772577	0.00382381	0.182927	0.541866	1.158768	0.6164138	1.307647
31938	-409.0216	-420.6278	11.60614	0.83918	0.00638874	0.00316206	0.151269	0.2564293	1.648283	0.9614446	0.8706886
31944	-407.8713	-418.6039	10.73259	0.899634	0.00405371	0.000390506	0.095922	0.2802741	1.750381	0.7124447	1.956173
31950	-413.5992	-424.1576	10.55836	0.887486	0.0324621	0.0627554	0.0172961	0.4328408	1.888818	0.3246206	1.85602
31956	-410.8317	-423.1922	12.36051	0.873424	0.0533488	0.061761	0.0114661	0.4809161	1.319596	0.779514	0.463082
31962	-404.6289	-415.9265	11.29756	0.828315	0.0365323	0.00463516	0.130518	0.5108539	0.832766	1.536808	1.131586
31968	-408.5525	-419.9188	11.36633	0.784702	0.0694867	0.0140706	0.131741	0.4740667	0.2561504	1.920284	1.131586
31974	-419.8907	-430.4279	10.53722	0.802525	0.0760961	0.107034	0.0143445	0.6849515	2.539789	0.2152723	0.6894947
31980	-417.499	-426.4139	8.914887	0.751347	0.11282	0.120941	0.0148912	0.5460915	2.242354	0.1694731	3.101965
31986	-420.6862	-428.6664	7.980204	0.703882	0.257197	0.024971	0.0139504	0.7409717	1.939596	0.174727	5.236252
31992	-415.2078	-422.923	7.715128	0.839682	0.0806025	0.0365601	0.0431554	0.5062156	1.666529	0.3967762	8.530772
31998	-415.9349	-427.8338	11.89884	0.698521	0.0770122	0.087661	0.136806	0.3542874	1.444177	0.4858273	1.00617
32004	-415.5625	-426.1471	10.5846	0.818016	0.0256607	0.102657	0.0536656	0.7196212	1.337842	0.6908856	2.196225
32010	-416.6162	-428.8067	12.19042	0.869696	0.00672945	0.0108864	0.112689	0.3022958	0.9924083	1.484235	0.2195668
32016	-410.6335	-422.7337	12.10017	0.873896	0.00549668	0.00737479	0.113233	0.3371525	1.253269	1.17375	0.5322326
32022	-405.6941	-417.2124	11.51836	0.863389	0.0118544	0.0159048	0.108852	0.3868962	0.932577	1.17375	1.402658
32028	-410.4506	-420.2988	9.848208	0.891232	0.00191504	0.0136223	0.093231	0.4485201	0.8091903	1.312235	3.748588
32034	-417.0121	-429.3318	12.31968	0.830446	0.0490885	0.0542129	0.0662521	0.5901292	1.456574	0.5173478	0.3534201
32040	-413.7606	-425.0377	11.27707	0.883628	0.0338003	0.00531344	0.077258	0.5357817	0.8957424	1.839701	0.6491086
32046	-415.9095	-425.4169	9.507396	0.923361	0.034077	0.0011196	0.0414426	0.5985328	0.9191131	1.707899	2.950285
32052	-407.0794	-418.3381	11.25865	0.813513	0.00785312	0.000422983	0.178211	0.5706385	0.6305506	1.754924	1.005527
32058	-409.4778	-421.0483	11.57042	0.798646	0.0259377	0.000462061	0.174954	0.2712113	0.9444959	1.445706	1.045755
32064	-409.4745	-421.5057	12.03115	0.799278	0.0144974	0.000490532	0.185734	0.3654224	0.8919325	1.293045	0.7882232
32070	-409.7181	-421.0515	11.33346	0.955075	0.00601261	0.0119746	0.0269375	0.2983852	1.34842	0.4893688	1.782964
32076	-413.7225	-423.5217	9.799206	0.955075	0.00601261	0.0119746	0.0269375	0.3400613	1.827527	0.4592002	3.332969
32082	-409.3275	-421.559	12.23153	0.89498	0.062076	0.0114783	0.0314656	0.339377	0.8369314	1.167558	0.07822847
32088	-410.29	-422.6193	12.32933	0.89498	0.062076	0.0114783	0.0314656	0.3687236	1.697296	0.5352662	0.2457894
32094	-404.3636	-416.3855	12.02189	0.902113	0.0063092	0.00394735	0.0876307	0.3054979	1.725385	0.3700727	0.6060674
32100	-421.6042	-431.7702	10.16594	0.864147	0.0574194	0.0165935	0.0618397	0.3691331	2.42839	0.1708378	1.345747
32106	-409.3677	-421.1505	11.78282	0.903164	0.0148615	0.0173427	0.0646318	0.3272757	1.195315	0.7496066	1.307975
32112	-404.6387	-416.5073	11.86856	0.937719	0.0108592	0.0166563	0.034766	0.3285848	1.831896	0.6143411	0.6562275
32118	-409.3429	-420.8292	11.48625	0.906086	0.0558868	0.00443373	0.0335932	0.297878	2.377074	0.3645366	0.492386
32124	-417.3776	-427.1872	9.809612	0.790816	0.106903	0.00355332	0.0987271	0.6024035	1.462196	1.378221	2.324799
32130	-413.5025	-424.5709	11.06838	0.70556	0.112194	0.00646513	0.175781	0.4893444	0.7845927	1.130774	2.08885
32136	-412.3224	-423.9434	11.62097	0.75906	0.0550571	0.00816772	0.177716	0.4568171	0.6715901	1.215213	1.457558
32142	-413.7966	-425.408	11.61142	0.775337	0.0402481	0.0556882	0.128727	0.4568171	0.8143253	1.272105	1.234748
32148	-418.1553	-429.6919	11.53661	0.743615	0.222346	0.0319849	0.00205361	0.4323369	0.5997017	2.120825	0.3548563
32154	-422.1364	-433.6345	11.49815	0.692656	0.229581	0.0766187	0.00114449	0.7350872	0.995852	1.320561	0.8159036
32160	-413.064	-424.4385	11.37451	0.755369	0.0788659	0.0195241	0.146241	0.7251113	0.7358441	1.24275	1.314594
32166	-411.5074	-422.6558	11.14839	0.787941	0.0209777	0.0203147	0.170767	0.426585	0.6611002	1.069457	2.32687
32172	-411.4761	-423.3645	11.8884	0.75662	0.0409365	0.0396428	0.162801	0.4649071	1.177028	0.8718279	1.002304
32178	-411.6488	-421.1727	9.523896	0.865245	0.0430855	0.0169428	0.0747271	0.3693425	1.277835	0.705604	4.822812
32184	-410.5841	-423.1814	12.59729	0.857456	0.107264	0.00514338	0.0301367	0.26962	1.062171	0.6606412	0.6988677
32190	-412.2	-423.0997	10.89974	0.788209	0.0986014	0.00109048	0.112099	0.3507528	0.8537195	0.998919	2.610071
32196	-412.8529	-424.5729	11.71997	0.776655	0.111814	0.0010745	0.110456	0.268682	1.068662	0.8220145	1.48841
32202	-414.3909	-423.8638	9.472939	0.873728	0.0703307	0.00821021	0.0477309	0.6700431	1.39479	0.4843588	4.189583
32208	-413.2476	-425.2424	11.99483	0.860114	0.0860771	0.0100484	0.0437604	0.2421614	1.491731	0.5052734	0.9061405
32214	-408.7357	-421.0281	12.29242	0.793189	0.156586	0.00728191	0.0429427	0.4792062	1.014803	1.080924	0.5614562
32220	-409.129	-421.5832	12.45417	0.798045	0.157545	0.00732649	0.0370836	0.4428543	0.902118	1.013637	0.6148366
32226	-414.1506	-425.4964	11.34579	0.883571	0.0864496	0.0171636	0.012816	0.5012206	0.8730436	1.372776	1.276247
32232	-420.4962	-431.3331	10.83698	0.785277	0.184794	0.0140887	0.0158406	0.506186	1.255696	1.747187	0.8809178
32238	-415.6976	-426.9219	11.22432	0.854217	0.0614641	0.0410465	0.0432725	0.506186	0.9322868	1.702166	0.8809178
32244	-424.7287	-436.8418	12.1131	0.802299	0.0942178	0.0499551	0.0535277	0.3692251	0.09148443	1.190462	1.685388
32250	-419.5223	-429.0461	9.523802	0.862088	0.0622521	0.0272226	0.0484373	0.5328609	1.598233	1.015653	3.35864
32256	-412.5593	-422.9398	10.38049	0.860279	0.0685772	0.0169035	0.0542401	0.52717	0.7772907	1.132589	3.088613
32262	-409.4752	-420.7002	11.22498	0.891968	0.0568627	0.0163032	0.0348661	0.39688	0.9790718	1.191155	1.658289
32268	-417.4132	-428.9366	11.52345	0.824344	0.0275683	0.053439	0.0946487	0.3963963	1.815343	0.9514018	0.727841
32274	-413.3664	-424.1028	10.73641	0.953184	0.0150336	0.0114692	0.0203137	0.3963963	1.379988	0.9514018	2.09989
32280	-416.9011	-428.541	11.63985	0.893814	0.0351718	0.0232729	0.0477411	0.3963963	1.704039	0.4080445	0.06630388
32286	-410.1931	-422.6514	12.45831	0.840354	0.0815949	0.00837416	0.0696773	0.290294	1.592262	0.618152	0.2515766
32292	-419.178	-431.2436	12.0656	0.891692	0.0269272	0.0695544	0.0118266	0.6619598	0.4159114	1.261205	0.9742892
32298	-416.1837	-428.3408	12.15713	0.705178	0.0658777	0.195673	0.0332711	0.4669042	0.8633447	0.8138577	1.093705
32304	-423.0882	-432.2539	9.16568	0.786431	0.133612	0.0706084	0.0093485	0.9435241	0.699204	1.888287	2.852577
32310	-417.2136	-429.2119	11.99833	0.660425	0.257611	0.0506608	0.0313034	0.7050187	0.1531029	1.853748	0.4774507
32316	-422.3399	-431.5672	9.227338	0.783914	0.122426	0.0316821	0.0619776	0.9034895	0.09533708	2.243868	2.925143
32322	-416.3373	-429.1687	12.83148	0.530822	0.233916	0.00929758	0.225964	0.2303489	0.9578433	0.979966	0.2295349
32328	-417.1065	-429.0668	11.9603	0.475562	0.392694	0.00295827	0.128786	0.09867149	1.055637	1.008138	0.7515163
32334	-411.9166	-423.6359	11.71926	0.847142	0.0263557	0.00997213	0.11653	0.2831155	1.88701	0.5731959	0.7772235
32340	-419.7642	-431.037	11.27281	0.460099	0.310456	0.225427	0.00401855	0.9697301	0.04909898	1.522867	1.515663
32346	-422.0739	-428.6117	6.537825	0.637941	0.236553	0.12165	0.00385567	0.7956578	0.1563367	1.324771	15.91978
32352	-407.3446	-419.9954	12.65081	0.805348	0.0953159	0.0246668	0.0746698	0.3954988	1.033478	0.5438439	0.6438881
32358	-410.0803	-420.6916	10.61134	0.840991	0.0703368	0.0257586	0.0629137	0.3954988	0.7334574	1.48763	2.305651
32364	-414.2569	-424.9444	10.68748	0.810494	0.0617557	0.00881669	0.118934	0.4772904	1.092986	1.749563	1.223414
32370	-412.2274	-423.175	10.94758	0.831254	0.0633375	0.00904252	0.0963659	0.4772904	0.614859	2.061843	0.974168
32376	-407.9099	-420.0335	12.12361	0.831254	0.0633375	0.00904252	0.0963659	0.4180896	0.8278951	1.462367	0.5145925
32382	-413.3221	-423.1789	9.856712	0.834951	0.0612467	0.0089047	0.0948971	0.4906621	0.4187119	1.561659	3.780443
32388	-409.3839	-420.5746	11.19073	0.836154	0.0613349	0.00747722	0.0950338	0.3690201	0.6994509	1.880806	1.011952
32394	-408.7148	-421.1348	12.42007	0.847042	0.0587789	0.00798737	0.0861915	0.3102444	1.104364	0.8030901	0.7283215
32400	-409.6564	-421.6586	12.00216	0.775135	0.0911667	0.0104018	0.123296	0.2847398	1.774358	0.258531	0.4509293
32406	-417.0666	-429.1963	12.1297	0.639873	0.0494656	0.00564386	0.305017	0.3222833	1.680481	0.2513143	0.1678815
32412	-412.1903	-422.7166	10.5262	0.687693	0.0789769	0.00901101	0.224319	0.2957988	1.645209	0.4577408	2.480405
32418	-413.1139	-424.7188	11.6049	0.796615	0.0544499	0.00575176	0.143184	0.2957988	1.384912	0.4863839	1.416818
32424	-411.5337	-423.3458	11.81206	0.813187	0.0661663	0.0222425	0.0984037	0.5703118	1.369317	1.286965	0.3346795
32430	-416.9324	-428.3907	11.4583	0.862807	0.068578	0.00214653	0.0664688	0.09189168	1.977244	0.3367208	0.5390794
32436	-415.1648	-424.6503	9.485501	0.814107	0.0505349	0.00377822	0.13158	0.1960156	1.847158	0.2048902	3.34383
32442	-409.1005	-421.3381	12.23757	0.906004	0.010113	0.00688455	0.0769982	0.439208	0.6258692	1.267825	0.8152938
32448	-416.4834	-428.1741	11.69067	0.934301	0.0104288	0.0208627	0.034407	0.4416869	0.7290556	1.60711	0.8152938
32454	-411.6799	-421.5951	9.915192	0.924966	0.00392027	0.0370502	0.0340632	0.506057	1.137707	2.475403	0.8152938
32460	-413.9938	-425.4085	11.41478	0.886055	0.00377364	0.038537	0.0716342	0.47504	0.6639013	1.825542	0.8152938
32466	-407.7505	-418.6946	10.94402	0.879426	0.00152571	0.031203	0.087845	0.4652831	0.5444623	2.056749	1.06798
32472	-410.5932	-420.9935	10.40025	0.878443	0.00497498	0.0356672	0.080915	0.4652831	0.22037	2.609744	1.06798
32478	-411.7943	-423.2054	11.41107	0.899734	0.00509556	0.0369165	0.058254	0.5140635	0.1565595	1.972165	1.06798
32484	-412.211	-423.7067	11.49572	0.888177	0.000782704	0.0370032	0.0740367	0.401694	0.448321	1.787708	1.06798
32490	-410.9879	-422.2573	11.26931	0.896037	0.00078963	0.0284818	0.0746918	0.6522442	0.5920522	1.613182	1.14998
32496	-410.9102	-421.5059	10.59579	0.887738	0.000398276	0.028218	0.083646	0.4138621	0.894251	2.027615	1.160634
32502	-413.8522	-423.823	9.970836	0.599822	0.0432893	0.000544305	0.356345	0.2195017	2.277192	0.2530611	2.11216
32508	-409.8269	-421.9118	12.0849	0.691252	0.0165757	0.000127731	0.292045	0.1642545	1.47378	0.4036913	0.7537764
32514	-404.9991	-415.4605	10.46141	0.887171	0.00550423	6.39836e-05	0.10726	0.1642545	1.639826	0.4110587	2.479955
32520	-410.0636	-421.7896	11.72598	0.811634	0.0536411	0.00166811	0.133057	0.3291453	0.725797	1.094445	1.550927
32526	-410.8124	-421.2009	10.38845	0.806386	0.0406158	0.00401288	0.148985	0.5932983	0.8758302	1.615672	1.914948
32532	-409.6878	-421.1415	11.45361	0.852621	0.0446075	0.00353616	0.0992356	0.4091555	0.9393426	1.160133	1.465146
32538	-409.5557	-422.0473	12.49154	0.776194	0.0360188	0.00495797	0.182829	0.2991732	0.9674059	1.003962	0.6263306
32544	-412.4328	-424.3077	11.87487	0.859979	0.00717356	0.0686702	0.0641771	0.4742395	0.3702173	1.46982	1.142848
32550	-406.2114	-418.8685	12.65713	0.829246	0.00436564	0.0284707	0.137917	0.5508688	0.2603927	1.094583	0.8492813
32556	-409.9398	-421.7652	11.82536	0.825223	0.006529	0.0283325	0.139915	0.5803988	0.507007	1.305907	1.158201
32562	-411.9121	-423.6243	11.71217	0.849553	0.0102069	0.0267858	0.113455	0.8018802	0.485301	1.224222	1.158201
32568	-411.856	-422.3514	10.49545	0.890948	0.0627305	0.00989841	0.0364229	0.5231942	1.364809	0.8259378	2.450854
32574	-419.4264	-431.0014	11.57497	0.394359	0.532118	0.0206828	0.0528404	0.2915003	1.94796	0.2088159	0.5874012
32580	-415.4129	-426.327	10.91416	0.569923	0.316335	0.0295831	0.0841594	0.05252708	1.989094	0.2542097	0.4313336
32586	-412.0298	-424.2831	12.25326	0.0830215	0.671477	0.0502704	0.195231	0.1517795	1.592003	0.3204866	0.3762526
32592	-415.7682	-423.603	7.834821	0.886117	0.0404026	0.00798479	0.0654952	0.2372822	1.515938	0.5099967	9.32965
32598	-411.8615	-421.9571	10.09555	0.913073	0.0311621	0.00524912	0.0505158	0.5016305	1.50626	0.5533586	3.1294
32604	-411.4507	-422.4369	10.98627	0.883869	0.0608745	0.00635657	0.0489001	0.3756969	1.465635	0.5688612	2.007972
32610	-416.6717	-428.5643	11.89263	0.452104	0.30728	0.0230223	0.217594	0.1146437	0.9132852	1.237364	0.7990696
32616	-414.4885	-423.4973	9.008856	0.327962	0.432296	0.0764845	0.163258	0.02875022	1.795026	1.021443	1.606498
32622	-408.7265	-420.0979	11.37138	0.43584	0.362902	0.0642069	0.137051	0.05308352	1.400737	1.105578	0.3096435
32628	-409.6764	-420.9241	11.24767	0.443543	0.451197	0.0214068	0.0838534	0.0630739	1.400737	0.9671344	0.7819617
32634	-410.0539	-420.2839	10.22997	0.123073	0.421798	0.0215526	0.433577	0.03062265	1.297706	1.321671	0.1049654
32640	-411.1656	-421.2103	10.04476	0.856779	0.075378	0.00204084	0.0658023	0.2617301	1.221372	1.043948	3.413219
32646	-410.1182	-420.6318	10.51357	0.827947	0.0728414	0.00493915	0.0942728	0.3652751	1.094183	1.378175	2.169051
32652	-410.8936	-422.6356	11.74204	0.816875	0.129428	0.0113584	0.042338	0.6861991	1.048271	1.134776	0.7924147
32658	-405.1113	-417.1731	12.06176	0.858349	0.0302669	0.0119351	0.0994488	0.3903528	0.9404612	1.289065	0.6994584
32664	-415.0126	-425.8798	10.86722	0.697762	0.0632311	0.032801	0.206206	0.4153622	1.235487	1.060631	1.949479
32670	-408.8844	-419.9792	11.09479	0.856502	0.015552	0.0027017	0.125245	0.439575	1.005219	1.495914	1.295582
32676	-409.7677	-421.7726	12.00495	0.899151	0.0191914	0.012559	0.0690982	0.3993749	0.8205361	0.9597873	1.229107
32682	-414.4075	-425.6966	11.28914	0.911545	0.0130571	0.00435773	0.0710399	0.3993749	1.454421	1.024392	1.24826
32688	-410.6897	-421.483	10.79333	0.89533	0.0229565	0.0107071	0.0710061	0.302741	1.566031	1.509275	1.108163
32694	-405.8345	-418.0837	12.24924	0.928942	0.0172336	0.0122361	0.0415878	0.302741	1.678044	0.4638972	0.4680689
32700	-415.1065	-426.6742	11.56767	0.776762	0.0449961	0.0213108	0.156931	0.4802833	2.112834	0.507928	0.5772606
32706	-410.2454	-421.9965	11.75106	0.881464	0.0316285	0.0149797	0.071928	0.3173552	2.124796	0.3051429	0.1560167
32712	-411.9565	-424.0416	12.08512	0.91572	0.0252411	0.00339653	0.055642	0.2673145	1.628374	0.5293228	0.6869694
32718	-410.0345	-421.2754	11.24088	0.954276	0.014827	0.0106684	0.0202281	0.2673145	1.507966	0.6610943	1.658954
32724	-413.0988	-424.5755	11.47666	0.325742	0.409558	0.0195808	0.245119	0.05720415	1.317102	1.097804	0.407976
32730	-413.823	-424.0467	10.22366	0.915361	0.0125125	0.0282354	0.0438912	0.3381392	1.918318	1.005981	2.051396
32736	-409.3602	-419.9282	10.56798	0.945204	0.0033998	0.0153114	0.0360846	0.3381392	1.406181	0.8454011	2.500261
32742	-408.7723	-418.7335	9.9612	0.945222	0.00338149	0.0153117	0.0360852	0.3931459	1.365288	0.9423877	3.35703
32748	-407.3175	-419.2222	11.90473	0.835928	0.00699503	0.0215303	0.135547	0.3613514	1.365288	1.104561	0.6703625
32754	-410.7091	-421.7195	11.01044	0.868154	0.0119824	0.0223603	0.0975032	0.409763	0.9612851	1.533168	1.412127
32760	-409.4289	-421.5672	12.13829	0.87538	0.00729613	0.0036396	0.113684	0.3122737	1.792392	0.5549425	0.1385196
32766	-410.4398	-422.2215	11.78176	0.803228	0.0302216	0.00345246	0.163098	0.2881967	2.168312	0.4556956	0.1410467
32772	-421.84	-433.5006	11.66068	0.651709	0.15238	0.0343281	0.161582	0.06181153	0.444142	1.229044	1.015006
32778	-413.4579	-423.2714	9.813447	0.650656	0.154167	0.011907	0.183271	0.03891503	1.033076	1.017337	2.124933
32784	-418.1459	-430.351	12.20509	0.549002	0.284937	0.023695	0.142366	0.4232482	0.9643166	1.434148	0.247317
32790	-415.5743	-427.9781	12.4037	0.859751	0.100385	0.0074103	0.0324528	0.3662717	0.8002748	1.434148	0.2089438
32796	-425.041	-435.2445	10.20352	0.750156	0.20197	0.01499	0.0328837	1.402682	0.725377	1.115527	2.131959
32802	-419.3518	-431.4031	12.0513	0.648973	0.146299	0.0508718	0.153856	0.3207624	0.9988352	0.5498467	1.331373
32808	-416.0395	-428.0352	11.99566	0.682485	0.134689	0.021026	0.161801	0.4622286	1.436533	0.5498467	0.07668348
32814	-405.6829	-417.6614	11.97855	0.861812	0.00708364	0.00455897	0.126546	0.3636411	1.073651	1.383406	0.5596052
32820	-413.56	-423.63	10.06995	0.749519	0.147429	0.0794532	0.023599	0.4439321	1.587019	0.4800118	3.138055
32826	-415.5862	-425.2101	9.623929	0.844173	0.039761	0.0894871	0.0265792	0.7741567	1.80918	0.4001506	2.904403
32832	-409.9772	-422.0721	12.09485	0.928606	0.0242219	0.0206748	0.026497	0.4306164	0.7721391	1.074569	1.036503
32838	-407.6955	-420.394	12.69852	0.930189	0.0236851	0.0202165	0.0259097	0.4143708	1.216174	0.6642165	0.33982
32844	-414.7941	-427.2915	12.49734	0.761429	0.102579	0.0596037	0.0763887	0.5178689	0.8792011	0.8601444	0.6617057
32850	-407.2762	-419.6445	12.36833	0.892911	0.0174628	0.0188324	0.0707937	0.4669012	1.046448	0.848641	0.6821131
32856	-405.5601	-417.9428	12.38277	0.827311	0.0198713	0.0174488	0.135369	0.4450118	0.828977	1.081937	0.6821131
32862	-409.5654	-420.4973	10.93191	0.767388	0.0129563	0.0250804	0.194575	0.6055471	1.299277	1.054015	1.563174
32868	-407.973	-419.6609	11.68795	0.822385	0.0464355	0.0176986	0.113481	0.3990584	1.111374	1.406063	0.7453739
32874	-413.6267	-425.0358	11.4091	0.798533	0.0450886	0.0196662	0.136713	0.5374084	1.436499	0.9946566	1.036359
32880	-409.3815	-421.0813	11.69985	0.819502	0.0802104	0.0137373	0.0865499	0.3410079	1.84862	1.138584	0.3591122
32886	-412.7485	-424.6171	11.86869	0.776131	0.0759653	0.0130103	0.134894	0.358568	2.137253	0.4935941	0.3364113
32892	-407.0538	-418.4169	11.36318	0.908965	0.0203709	0.00683772	0.0638269	0.3589093	1.290068	1.494696	0.803674
32898	-406.886	-418.8914	12.00547	0.855105	0.0150888	0.00643256	0.123373	0.2376632	1.813229	0.9511363	0.2293022
32904	-402.3379	-414.5818	12.24397	0.94238	0.0235544	0.0117292	0.0223365	0.2983625	1.824507	0.4952112	0.2293022
32910	-406.3609	-418.5771	12.2162	0.925171	0.0251162	0.0270813	0.0226312	0.2775768	1.858514	0.4819306	0.2286739
32916	-408.7696	-420.7955	12.02595	0.853088	0.0231593	0.0309722	0.0927803	0.4481707	1.906819	0.3978678	0.2806023
32922	-406.4325	-418.3801	11.94756	0.840439	0.0345609	0.0335956	0.0914045	0.3445822	1.941183	0.2723498	0.2839895
32928	-410.392	-422.9211	12.52911	0.890293	0.036611	0.025864	0.0472317	0.3111364	1.529979	0.5598529	0.2478598
32934	-408.1296	-420.6403	12.5107	0.873469	0.0553481	0.0251873	0.0459961	0.3334447	1.521472	0.4589154	0.2017061
32940	-406.9898	-419.1775	12.18772	0.903667	0.018269	0.0357703	0.0422937	0.4007045	0.7027212	1.440178	0.6161205
32946	-409.6478	-420.2307	10.58288	0.906446	0.0343494	0.0160386	0.0431658	0.479449	2.096984	0.6124484	1.587392
32952	-409.2703	-421.0242	11.75388	0.901167	0.0377439	0.0176235	0.0434654	0.3267388	1.940016	1.030046	0.3290827
32958	-409.5264	-421.1187	11.59222	0.911336	0.0501609	0.0187301	0.0197726	0.4138094	1.648895	1.364552	0.3290827
32964	-409.9477	-421.3491	11.40144	0.79355	0.0251779	0.016127	0.165145	0.4671933	0.7809529	1.728032	0.8575583
32970	-415.0866	-426.9433	11.8567	0.847329	0.0932246	0.0328948	0.0265515	0.4485467	1.044624	1.605574	0.3085792
32976	-415.238	-425.9688	10.73082	0.917154	0.0561907	0.00961148	0.0170438	0.4395444	0.7085442	1.602917	1.910263
32982	-415.5209	-426.6899	11.16899	0.690126	0.104071	0.0451563	0.160646	0.5140037	1.065707	1.759031	0.7215427
32988	-410.6829	-421.8827	11.19988	0.759823	0.0248818	0.0107961	0.204499	0.5169238	0.3808984	1.706054	1.469469
32994	-409.2202	-421.5303	12.31012	0.935611	0.00889209	0.00278294	0.0527141	0.3191817	0.8653829	1.136781	0.7514507
33000	-417.9189	-424.3093	6.39044	0.898618	0.000865456	0.00962147	0.0908949	0.2912739	1.50029	0.7745514	15.08811
33006	-408.4361	-420.468	12.03189	0.894655	0.00527203	0.00957903	0.090494	0.2827293	1.39823	0.6459881	0.9220445
33012	-410.6767	-422.7725	12.09577	0.947113	0.00900381	0.0195547	0.0243283	0.3633978	1.130063	0.5634735	1.11153
33018	-404.9138	-416.0958	11.18205	0.947113	0.00900381	0.0195547	0.0243283	0.3151961	1.506486	0.4427118	1.756159
33024	-407.4054	-419.7746	12.36917	0.947113	0.00900381	0.0195547	0.0243283	0.3418081	1.28053	0.6400307	0.6865619
33030	-412.1259	-424.6838	12.55789	0.857555	0.00467536	0.0500161	0.0877533	0.3864468	0.7852466	1.060394	0.6279743
33036	-412.8729	-423.3004	10.42754	0.858272	0.00384383	0.0500579	0.0878266	0.5275792	1.293732	0.6001236	2.865664
33042	-409.7778	-420.8818	11.10406	0.937106	0.00221454	0.0100801	0.0505995	0.2581258	1.534696	0.459805	1.846664
33048	-416.6027	-426.7259	10.1232	0.870877	0.0157312	0.00624271	0.107149	0.2581258	1.504424	0.5873008	3.371662
33054	-416.3889	-427.5635	11.17462	0.934765	0.00675039	0.0540794	0.00440477	0.5349265	0.9711421	0.9386776	1.901919
33060	-408.1843	-418.8866	10.70226	0.969965	0.00118928	0.0268782	0.0019675	0.3225074	1.553852	0.3840115	2.296291
33066	-408.9203	-419.7086	10.78838	0.94725	0.00147079	0.0498844	0.0013948	0.3302489	1.539191	0.6575276	2.17603
33072	-409.1365	-421.4741	12.33763	0.962809	0.00668971	0.0290833	0.00141771	0.3554851	1.581887	0.7725306	0.2142412
33078	-417.8087	-424.2002	6.391531	0.931613	0.0184595	0.0472579	0.00266943	0.3972744	1.903486	0.5178388	13.33267
33084	-406.4148	-418.1221	11.70737	0.843958	0.0772606	0.00817677	0.0706046	0.421574	1.175937	0.7525337	1.331444
33090	-407.4805	-419.6541	12.17364	0.85726	0.0499495	0.00830565	0.0844845	0.4129464	0.881262	1.089012	0.8514548
33096	-413.7668	-424.7729	11.00605	0.773338	0.0524667	0.00749256	0.166703	0.3168161	1.690064	0.5403186	1.750673
33102	-412.7317	-423.0571	10.32533	0.654553	0.0750967	0.00796528	0.262385	0.339779	1.690064	0.3824238	2.638186
33108	-410.7758	-422.0426	11.26676	0.659413	0.118108	0.00924866	0.21323	0.2414206	1.73743	0.348354	1.34609
33114	-413.0614	-423.7613	10.69996	0.745492	0.071967	0.0451948	0.137346	0.4062562	1.905472	0.3590503	1.726536
33120	-415.3267	-427.8069	12.48019	0.676297	0.183258	0.0754083	0.0650371	0.4765854	1.112546	0.8596521	0.4930592
33126	-412.3036	-423.5089	11.20532	0.791359	0.0813454	0.0736375	0.0536582	0.4914846	1.006223	0.8890656	1.931691
33132	-415.1036	-425.8163	10.71264	0.798274	0.0562992	0.0281991	0.117228	0.329386	1.629676	1.273465	1.438385
33138	-412.9963	-425.232	12.23572	0.791049	0.0557897	0.0152739	0.137887	0.5137526	1.283597	0.6813962	0.6484038
33144	-409.4322	-420.3674	10.93514	0.950518	0.0176186	0.00482357	0.0270397	0.349342	1.357233	0.8181674	2.066547
33150	-406.256	-418.2416	11.98564	0.876547	0.0177662	0.00533058	0.100356	0.2842454	1.362709	0.8391123	0.8797639
33156	-404.8639	-416.9261	12.06219	0.902538	0.018293	0.0038882	0.0752805	0.4198294	1.122559	0.8391123	0.9521033
33162	-408.1936	-419.77	11.57642	0.883639	0.0399845	0.00573887	0.0706373	0.4198294	1.147504	0.973356	1.305726
33168	-411.0878	-422.6752	11.58744	0.914322	0.0413729	0.00647251	0.0378324	0.2460698	1.135709	0.973356	1.412081
33174	-412.987	-424.3748	11.38784	0.788635	0.0930138	0.0097181	0.108633	0.4195925	0.7455865	1.858573	0.7664301
33180	-409.8542	-422.6444	12.79021	0.706576	0.0345058	0.00909183	0.249827	0.292597	1.083092	0.8474154	0.1857029
33186	-411.5834	-424.0213	12.43786	0.930973	0.00976133	0.00306005	0.0562057	0.2346532	1.361431	0.8753812	0.1526169
33192	-403.1201	-414.983	11.86291	0.925007	0.00969877	0.00304044	0.0622542	0.2226168	2.038129	0.3208796	0.1526169
33198	-414.9407	-425.9328	10.99206	0.779755	0.00707295	0.00256301	0.210609	0.2856355	1.809539	0.5578479	1.634056
33204	-412.808	-425.6163	12.80834	0.889693	0.0461835	0.0222746	0.041849	0.6492222	0.2312355	1.005861	0.7233009
33210	-409.9027	-422.8879	12.98524	0.807672	0.0633224	0.0189761	0.110029	0.4724387	0.08768154	1.146993	0.7209039
33216	-406.3952	-418.6871	12.29185	0.830898	0.0498874	0.00602179	0.113193	0.4724387	0.1125356	1.414305	1.055375
33222	-410.6947	-421.3103	10.61561	0.896336	0.00505744	0.0114265	0.0871802	0.2633383	2.320194	0.433945	1.477958
33228	-404.1721	-416.0754	11.90333	0.962021	0.00786351	0.00682751	0.0232882	0.2413055	2.096073	0.6156014	0.3765102
33234	-403.2162	-415.5888	12.37267	0.920086	0.0139539	0.00619091	0.059769	0.2413055	1.468878	0.5234242	0.5666384
33240	-405.2164	-416.9572	11.74081	0.899747	0.0306052	0.0111997	0.0584478	0.3895595	1.052495	1.113695	1.104434
33246	-406.1485	-418.3877	12.23925	0.895109	0.0304474	0.0162973	0.0581465	0.3982469	1.340109	0.7302765	0.6670631
33252	-406.4093	-417.6623	11.25295	0.886828	0.0301657	0.0161465	0.0668598	0.3982469	1.347205	0.9574258	1.482901
33258	-408.6182	-420.3302	11.71202	0.844676	0.0762629	0.015379	0.0636818	0.3891004	1.11312	1.683394	0.3436427
33264	-407.4516	-419.2313	11.77971	0.784086	0.101456	0.0149923	0.0994655	0.5812497	0.5768171	1.895434	0.2077943
33270	-414.4737	-423.7326	9.25885	0.812619	0.105148	0.00597174	0.0762604	0.51367	0.7175267	1.893934	3.415603
33276	-421.9623	-430.9586	8.996376	0.866762	0.0866627	0.00345546	0.0431197	0.3092894	1.05272	1.612469	4.392901
33282	-417.4806	-429.0947	11.61411	0.889663	0.0277572	0.00354675	0.0790334	0.4596158	1.333698	1.573889	0.235123
33288	-408.3119	-420.3021	11.99017	0.9376	0.0145904	0.00516092	0.0426487	0.416951	1.522074	0.6851096	0.7403166
33294	-407.7042	-419.5558	11.85156	0.889689	0.0125057	0.0105233	0.0872822	0.3253291	1.165684	1.397839	0.5995865
33300	-407.7839	-419.2015	11.41761	0.847381	0.00940527	0.046901	0.0963131	0.4787878	0.9148439	1.574503	0.9087474
33306	-408.7245	-420.2072	11.48268	0.818521	0.00989967	0.0513994	0.120179	0.4787878	0.8581234	1.486852	1.017344
33312	-410.6961	-422.2572	11.56112	0.783087	0.032454	0.0694819	0.114977	0.4787878	1.158981	0.9010828	1.323484
33318	-412.3121	-423.0148	10.70275	0.783889	0.031463	0.069553	0.115095	0.6672403	0.6693276	1.486901	1.900213
33324	-412.2625	-424.4806	12.21803	0.718391	0.0288341	0.0457179	0.207057	0.5853192	0.6056099	1.362174	0.6040149
33330	-414.7943	-426.3111	11.51679	0.542455	0.137748	0.0418912	0.277906	0.06688113	0.6452978	1.402647	0.82452
33336	-414.0116	-425.0408	11.02914	0.241791	0.342244	0.105845	0.31012	0.06318591	0.8261891	1.867686	0.1421701
33342	-408.5375	-419.7484	11.21093	0.184974	0.250571	0.0787397	0.485715	0.05597091	0.5243853	1.867686	0.1445218
33348	-413.2198	-423.1448	9.925019	0.122931	0.38891	0.0764001	0.411759	0.02453906	0.5847334	1.986573	0.203004
33354	-407.6959	-418.9132	11.21731	0.174206	0.46657	0.0916562	0.267568	0.06371373	0.5758853	1.983671	0.203004
33360	-409.6904	-421.6105	11.92007	0.859586	0.0382427	0.0224627	0.0797086	0.3389711	1.972182	0.7111562	0.4113682
33366	-407.534	-419.5344	12.00035	0.901613	0.0401124	0.0160049	0.0422694	0.3827001	1.58748	0.9418299	0.509118
33372	-406.9508	-418.1969	11.24608	0.870934	0.03227	0.0281214	0.0686751	0.3259605	1.774356	1.516804	0.4403023
33378	-410.5365	-421.2402	10.70375	0.905639	0.0284435	0.0200828	0.045835	0.3259605	1.304946	2.15719	0.5255697
33384	-410.2226	-421.4802	11.2576	0.615537	0.19588	0.0593325	0.129251	0.03114057	0.5064134	1.190442	0.5519492
33390	-405.8786	-416.9586	11.07996	0.865695	0.0983541	0.0171164	0.0188347	0.04517285	1.334849	1.190442	0.4092795
33396	-409.9478	-420.0829	10.13518	0.189898	0.595652	0.087008	0.127442	0.02595218	1.615617	0.633375	0.7497896
33402	-417.6193	-427.9171	10.29781	0.549441	0.234022	0.0780003	0.138537	0.0283662	1.615617	0.5785033	0.7497896
33408	-410.4945	-421.6499	11.15535	0.736778	0.139246	0.0484175	0.0755587	0.04695255	1.503087	0.7784586	0.6144253
33414	-407.0893	-418.9977	11.90836	0.100504	0.384727	0.0951642	0.419605	0.06158368	0.1401334	1.672428	0.1245652
33420	-407.1943	-419.1075	11.91317	0.269297	0.252614	0.0591773	0.418912	0.05371504	0.02493417	1.646839	0.1245652
33426	-408.2594	-420.6278	12.36848	0.409005	0.176889	0.0426991	0.371407	0.07953707	0.01350397	1.646839	0.1420458
33432	-409.0916	-420.8281	11.73648	0.192932	0.476033	0.0932596	0.237775	0.04544179	0.0962854	1.646839	0.1540854
33438	-411.3667	-423.3673	12.00062	0.117618	0.700332	0.111758	0.0702917	0.04544179	0.09095202	1.465849	0.1601859
33444	-415.1732	-427.2529	12.07974	0.176156	0.613422	0.129325	0.0810974	0.08093342	0.06766365	1.876897	0.3476308
33450	-413.6037	-424.899	11.29533	0.938454	0.0281123	0.00409155	0.0293423	0.2317357	1.438202	0.5822386	1.713897
33456	-407.7982	-419.1154	11.31717	0.807404	0.00663435	0.0115332	0.174429	0.2955918	1.702527	0.4334546	1.372816
33462	-415.5868	-425.0156	9.428817	0.291883	0.617367	0.073454	0.0172958	0.05033333	0.796048	1.055278	3.582304
33468	-414.1763	-424.9597	10.78343	0.338193	0.547574	0.0851081	0.0291243	0.05007576	1.097545	1.055278	1.209965
33474	-408.7567	-421.2311	12.47433	0.78613	0.0968526	0.0077057	0.109312	0.2438773	1.258057	0.9989971	0.3558476
33480	-409.3348	-420.842	11.50719	0.758654	0.0402558	0.00360155	0.197488	0.2932699	1.98675	0.9989971	0.1054385
33486	-411.6419	-423.8554	12.2135	0.924525	0.0187949	0.0134656	0.0432142	0.2932699	1.702356	0.8342856	0.2375386
33492	-406.6473	-418.5513	11.90397	0.949899	0.0161337	0.00505072	0.0289163	0.2455776	1.270021	0.8878136	1.016464
33498	-412.3102	-423.6175	11.30731	0.699079	0.0259414	0.00371708	0.271263	0.4213783	0.8911847	1.629321	1.019891
33504	-407.8989	-418.5013	10.60238	0.872339	0.0157473	0.00138145	0.110532	0.5630488	0.8114424	2.05838	1.0416
33510	-405.802	-417.1057	11.30368	0.78649	0.0269093	0.00236065	0.18424	0.3955529	0.8093257	1.690971	1.0416
33516	-406.2722	-417.2449	10.97266	0.806743	0.0242084	0.00330954	0.165739	0.4760257	0.7533852	1.825811	1.166072
33522	-409.3743	-421.4989	12.12462	0.835769	0.0171388	0.00287968	0.144212	0.2275424	1.293931	1.065339	0.6113801
33528	-408.6266	-420.025	11.39841	0.835769	0.0171388	0.00287968	0.144212	0.362319	1.345988	1.065339	1.232863
33534	-412.8854	-424.1005	11.21508	0.885166	0.017976	0.0138215	0.0830363	0.4206735	1.096487	0.7035274	2.069802
33540	-409.5236	-421.5582	12.03457	0.789662	0.12476	0.0141342	0.0714435	0.3577741	1.18376	0.6808225	1.076664
33546	-408.7522	-420.8763	12.1241	0.858985	0.0711566	0.01722	0.0526389	0.3398862	1.134167	0.6206892	1.076664
33552	-412.8235	-423.0399	10.21645	0.829633	0.0759286	0.0287575	0.065681	0.3269219	1.528971	0.7467615	2.989216
33558	-414.7507	-426.4804	11.72971	0.714743	0.034921	0.0194835	0.230852	0.3633675	1.337367	1.009288	0.9600426
33564	-416.2243	-427.0316	10.80728	0.77692	0.0379588	0.0144759	0.170645	0.3633675	1.019891	0.9129765	2.6089
33570	-412.2874	-424.2488	11.96135	0.94508	0.0191583	0.0112172	0.0245446	0.2161796	1.344243	0.4679941	1.076875
33576	-409.5972	-421.2256	11.62837	0.959037	0.0194412	0.00790516	0.0136168	0.3801704	1.825565	0.4493165	0.8729785
33582	-409.2571	-420.7681	11.51107	0.898787	0.0480718	0.0149348	0.0382064	0.3388946	1.947383	0.2467181	0.7115522
33588	-407.4742	-419.1966	11.72237	0.870815	0.0637854	0.01447	0.0509294	0.3388946	1.947383	0.3234338	0.6227671
33594	-412.1934	-422.8511	10.65768	0.974291	0.0115523	0.00855577	0.00560138	0.2639769	1.808738	0.5654205	2.066814
33600	-410.5903	-422.2013	11.61096	0.974291	0.0115523	0.00855577	0.00560138	0.2410559	2.216424	0.309715	0.4845869
33606	-410.2961	-422.3495	12.05332	0.948405	0.0104671	0.00922306	0.0319047	0.2704604	1.732574	0.5989525	0.6031034
33612	-410.6829	-422.431	11.74815	0.928872	0.0102515	0.0090331	0.0518433	0.2704604	1.78724	0.4600287	0.8542191
33618	-404.8541	-417.2551	12.40098	0.895993	0.00988864	0.00871336	0.0854052	0.2704604	1.379539	0.7633768	0.5250037
33624	-406.6847	-418.2674	11.58268	0.894482	0.00774403	0.0125132	0.0852611	0.270435	2.300847	0.4827675	0.5250037
33630	-413.2011	-424.684	11.48289	0.824439	0.0103722	0.0103406	0.154848	0.3810776	1.190612	0.7980204	1.573289
33636	-408.7652	-419.717	10.95187	0.878278	0.0088872	0.0165167	0.0963186	0.3433039	1.852788	0.4853012	1.602295
33642	-410.4784	-422.347	11.86857	0.897326	0.0140095	0.014252	0.0744121	0.4105881	1.965448	0.8392755	0.261656
33648	-410.4475	-422.233	11.78551	0.898685	0.012517	0.0142736	0.0745247	0.2624466	1.788973	1.183623	0.2684252
33654	-407.8177	-418.1024	10.28468	0.877912	0.0890523	0.0251638	0.00787174	0.2584443	2.59508	0.1219965	0.860042
33660	-407.0915	-418.9231	11.83166	0.862582	0.0874972	0.00906498	0.0408562	0.2261784	1.997177	0.2363461	0.3309242
33666	-404.653	-416.5865	11.93351	0.864841	0.0155838	0.00908872	0.110487	0.2257981	2.011937	0.3042496	0.3309242
33672	-408.8141	-420.7641	11.94995	0.917309	0.0143831	0.0157204	0.0525876	0.2314726	2.126877	0.4633955	0.249111
33678	-410.3219	-421.9749	11.65299	0.926062	0.00521907	0.00639212	0.0623271	0.2518842	2.373476	0.4486222	0.3647631
33684	-404.094	-416.4103	12.31622	0.92388	0.00390021	0.0100392	0.0621803	0.247696	1.671858	0.3753047	0.3733957
33690	-411.9875	-423.7656	11.77809	0.898233	0.00379194	0.00917905	0.0887959	0.2257691	2.252363	0.3697259	0.2866977
33696	-411.3931	-422.9163	11.52321	0.904823	0.00186568	0.00386383	0.0894473	0.2834161	2.137229	0.2661275	0.5808108
33702	-408.5361	-420.2739	11.73778	0.882371	0.00646693	0.00309494	0.108067	0.2329589	2.122125	0.2747083	0.3926381
33708	-409.2835	-421.6304	12.34685	0.869567	0.00637308	0.00793711	0.116123	0.2329589	1.699267	0.4998025	0.3416072
33714	-414.2992	-426.5647	12.26552	0.869567	0.00637308	0.00793711	0.116123	0.2343856	1.51046	0.6260982	0.6031537
33720	-406.4891	-419.2084	12.71932	0.869827	0.00171937	0.0122955	0.116158	0.3525664	0.9059446	0.6260982	0.7083224
33726	-407.1202	-419.1243	12.0041	0.91738	0.00125513	0.0129677	0.0683969	0.31555	1.333689	1.03016	0.7083224
33732	-411.5614	-423.3069	11.74547	0.546914	0.430015	0.00619571	0.0168755	0.08860216	1.460338	0.7104149	0.7310584
33738	-413.7606	-425.8382	12.07763	0.458608	0.280473	0.0269117	0.234007	0.1073667	1.170987	1.189483	0.1681761
33744	-413.983	-425.4119	11.42891	0.873187	0.0052031	0.0573878	0.0642224	0.3828668	0.9132791	1.003963	1.752586
33750	-409.229	-420.5932	11.36423	0.870002	0.0121558	0.0323178	0.0855242	0.3828668	1.235426	0.6815921	1.752586
33756	-407.0915	-419.6657	12.57423	0.855607	0.0123904	0.0241962	0.107807	0.3377825	0.8564236	0.5728772	0.9211009
33762	-409.0556	-422.0495	12.99385	0.838637	0.0121447	0.0237163	0.125502	0.3377825	0.8919605	0.4414995	0.4863064
33768	-412.7054	-425.1634	12.45801	0.870095	0.0137039	0.024606	0.0915956	0.3110156	1.227137	0.7383566	0.619033
33774	-412.5026	-424.1044	11.60175	0.918265	0.00862236	0.0154819	0.0576313	0.3100195	1.095631	0.6272875	1.722751
33780	-415.0364	-426.4113	11.37488	0.858656	0.00806264	0.0120483	0.121234	0.4099154	1.095631	0.919391	1.666844
33786	-414.5612	-424.2342	9.672966	0.865345	0.0613259	0.0261066	0.0472228	0.5235938	0.509317	1.980941	2.826153
33792	-414.1915	-424.4001	10.20855	0.836091	0.0581338	0.0478292	0.057946	0.4710689	0.4037532	2.117155	1.971991
33798	-411.2681	-423.7559	12.4878	0.782084	0.0936254	0.0708365	0.0534544	0.5566863	0.20972	1.317893	0.8042446
33804	-406.2871	-417.479	11.19191	0.545345	0.356403	0.0740841	0.0241676	0.04441762	0.9468737	1.032973	0.8276235
33810	-406.0154	-417.3631	11.3477	0.325304	0.507549	0.0943821	0.0727649	0.04055902	0.9826467	1.133725	0.4216627
33816	-412.7209	-423.6472	10.92625	0.220702	0.555761	0.0761314	0.147406	0.03567774	0.9904121	1.338901	0.4150476
33822	-412.9796	-424.0662	11.08662	0.759576	0.0810222	0.0423333	0.117069	0.3949162	1.108227	1.119087	1.772424
33828	-417.337	-428.1466	10.80961	0.687076	0.105154	0.0120756	0.195695	0.400712	1.246994	1.194799	1.832349
33834	-410.419	-421.9364	11.51742	0.0440242	0.791508	0.0753364	0.0891311	0.04606219	1.144982	1.061602	0.2223455
33840	-409.1934	-420.7906	11.59714	0.324278	0.524084	0.0916348	0.0600027	0.05017215	0.6388022	1.443402	0.1581179
33846	-412.6255	-424.6025	11.97696	0.0962889	0.621711	0.0576803	0.22432	0.06621184	0.4148385	1.443402	0.1157233
33852	-412.6844	-423.9492	11.2648	0.177937	0.746008	0.0491628	0.0268919	0.04115305	0.8002151	1.443402	0.2286041
33858	-410.1525	-420.9095	10.75708	0.780042	0.176133	0.0255266	0.018299	0.02913078	0.6683179	1.454859	0.4594666
33864	-418.4721	-427.0889	8.616754	0.719157	0.186466	0.0518139	0.0425635	0.4954175	0.843358	1.111829	7.068085
33870	-409.3647	-421.2021	11.83739	0.762764	0.195419	0.0249611	0.0168558	0.04835062	0.1307219	1.412229	0.6652901
33876	-409.826	-420.9489	11.1229	0.736664	0.210106	0.0263499	0.02688	0.05207908	0.2156728	1.412229	1.390391
33882	-411.7275	-422.016	10.28844	0.676217	0.261297	0.0309318	0.0315541	0.04658237	1.085037	1.621305	0.9229665
33888	-415.3647	-426.4569	11.09214	0.632841	0.177543	0.0210172	0.168599	0.04693064	0.6653506	1.663502	0.5076348
33894	-422.7245	-434.0573	11.33284	0.0157656	0.80906	0.130584	0.0445906	0.2338373	0.2698375	1.946567	1.263357
33900	-413.1048	-424.9438	11.83895	0.215973	0.334658	0.0331788	0.416191	0.06175052	0.297827	1.663502	0.1464913
33906	-412.3673	-424.2781	11.91082	0.187252	0.4839	0.0298087	0.29904	0.06813766	0.2667632	1.704157	0.1469867
33912	-413.1219	-423.5469	10.42498	0.183341	0.616872	0.12022	0.0795669	0.08320363	0.3057684	2.767714	0.1554917
33918	-415.6258	-426.4515	10.8257	0.0870391	0.720495	0.13086	0.0616066	0.1194302	0.2311827	2.767714	0.2547702
33924	-414.9226	-425.7911	10.86854	0.855205	0.0469492	0.000673187	0.0971724	0.4579258	0.1466242	2.477352	0.894024
33930	-410.1062	-422.4868	12.3806	0.906473	0.0691969	0.00065643	0.023674	0.4977003	0.2898708	1.724624	0.1869338
33936	-417.9832	-430.5224	12.53922	0.940935	0.03381	0.000681386	0.024574	0.09997008	0.5469172	1.250415	0.1474219
33942	-411.4097	-423.6937	12.28395	0.802127	0.0957208	0.000877099	0.101275	0.4063584	0.8987659	1.425256	0.2079593
33948	-420.0146	-430.3626	10.34808	0.779053	0.121888	0.000627701	0.0984304	0.4063584	1.229428	1.78524	1.463605
33954	-415.6471	-426.1131	10.46602	0.667833	0.183132	0.00114686	0.147888	0.5647894	0.6824352	1.845329	1.686673
33960	-419.713	-431.6641	11.95109	0.34531	0.258417	0.0410523	0.355221	0.06722382	0.9699093	1.203022	0.2725703
33966	-413.1111	-424.5944	11.4833	0.43001	0.355892	0.0686555	0.145443	0.06722382	0.7515024	1.632683	0.1367348
33972	-416.1087	-427.0897	10.981	0.453062	0.421319	0.0834449	0.0421746	0.04578359	0.6372963	1.79529	0.4255497
33978	-413.1702	-424.4557	11.28548	0.488272	0.407796	0.0899299	0.0140027	0.0548142	0.4889101	1.79529	0.1309017
33984	-416.9749	-428.6179	11.64297	0.793314	0.117097	0.0265351	0.0630539	0.6751462	0.2331972	2.157326	0.245486
33990	-416.0293	-426.7799	10.75058	0.770422	0.0856577	0.039945	0.103975	0.384	0.3466128	2.556307	0.7565054
33996	-419.7334	-431.3305	11.59711	0.858819	0.0370714	0.0282866	0.0758234	0.4941949	0.572478	1.725106	0.8485024
34002	-414.4243	-426.6224	12.19812	0.82445	0.0298578	0.0298235	0.115868	0.4307269	1.406401	1.048893	0.3102516
34008	-412.4815	-424.4355	11.95397	0.918379	0.0133897	0.0184888	0.0497424	0.3325729	1.224588	1.287713	0.5733838
34014	-409.4106	-420.9887	11.57817	0.905767	0.00629808	0.0134271	0.0745073	0.3298002	1.340726	1.513395	0.5458072
34020	-416.1993	-427.7632	11.56394	0.65538	0.281766	0.0302154	0.0326384	0.07319038	0.8709742	1.450306	0.5863352
34026	-413.1532	-424.562	11.40878	0.175745	0.692903	0.074304	0.0570475	0.04758421	0.6405309	1.450306	0.5216938
34032	-413.9031	-425.4487	11.5456	0.883225	0.0151578	0.0308259	0.0707908	0.5093355	1.734193	0.5596774	0.9261152
34038	-407.3571	-419.8358	12.47873	0.867852	0.025829	0.0402298	0.0660889	0.3793996	1.184739	0.5579583	0.6733615
34044	-407.3103	-419.6969	12.38662	0.944235	0.0235712	0.0191281	0.0130657	0.3793996	0.7926784	0.6370088	1.121843
34050	-404.5694	-417.1141	12.54477	0.914763	0.0243294	0.0197435	0.0411637	0.3793996	1.121601	0.6441196	0.6434945
34056	-407.3457	-419.458	12.11236	0.9478	0.0130172	0.0204565	0.0187267	0.3669556	0.8459299	0.8607391	1.210061
34062	-408.5929	-421.2746	12.68175	0.899348	0.0302555	0.0546354	0.0157615	0.5281217	0.6210519	0.7952645	0.7701265
34068	-408.5214	-420.3308	11.80936	0.852223	0.0777538	0.0517726	0.018251	0.5852997	1.327005	0.6559556	0.9571627
34074	-409.1265	-421.1384	12.01187	0.828444	0.0205259	0.0630361	0.087994	0.362602	1.287358	0.4689033	1.042645
34080	-412.8994	-425.2161	12.31674	0.782365	0.11332	0.0131928	0.0911215	0.5216915	0.350096	1.7315	0.2348873
34086	-420.411	-430.4053	9.994344	0.718819	0.104662	0.0398178	0.136701	0.7631648	0.4035504	2.5939	1.006445
34092	-411.4332	-422.2683	10.8351	0.752768	0.0780482	0.058339	0.110845	0.6821363	0.3876337	1.868248	1.41461
34098	-410.7624	-423.663	12.90064	0.710619	0.0623395	0.0550724	0.171969	0.5245473	0.07275046	1.354624	0.5293137
34104	-407.6951	-419.7803	12.08523	0.939518	0.00618001	0.0228037	0.0314985	0.5760106	0.07612527	1.442187	1.160603
34110	-410.7453	-423.3419	12.59654	0.814823	0.130872	0.0287452	0.025559	0.4494927	0.06137751	1.139357	1.160603
34116	-412.1485	-423.3423	11.19379	0.878763	0.0227783	0.0437622	0.054696	0.539492	0.1872753	1.323435	2.361228
34122	-405.9656	-418.222	12.25642	0.884233	0.0166957	0.0440346	0.0550365	0.539492	0.244786	1.47674	0.8139183
34128	-408.2145	-419.9322	11.71771	0.875875	0.0327185	0.0448249	0.0465813	0.539492	0.4449777	1.239159	1.480019
34134	-412.59	-424.6852	12.09516	0.80951	0.0203362	0.127102	0.0430518	0.6329187	0.7366393	1.075086	0.8694533
34140	-409.2463	-421.3828	12.13645	0.887245	0.022289	0.0368893	0.0535768	0.4658456	1.127982	1.233243	0.44345
34146	-409.7852	-421.9797	12.19446	0.884677	0.0222245	0.0396766	0.0534217	0.4659328	0.2682971	1.165696	1.321298
34152	-405.0548	-416.9728	11.91804	0.862621	0.015907	0.0283982	0.0930734	0.4659328	0.9568304	1.165696	0.8960688
34158	-407.1329	-419.338	12.20514	0.815207	0.0538263	0.0343837	0.0965835	0.4659328	0.668617	1.239475	0.8140074
34164	-405.6753	-418.0605	12.38516	0.852346	0.0266914	0.0170502	0.103912	0.4459587	0.2391649	1.224809	1.096593
34170	-409.1517	-421.468	12.31636	0.902191	0.0298009	0.0180473	0.0499613	0.4124377	0.02948925	1.224809	1.429948
34176	-409.151	-422.3991	13.24812	0.878602	0.0106829	0.0620598	0.048655	0.4124377	0.02432885	1.145144	0.5863888
34182	-414.5537	-427.6923	13.13862	0.8653	0.0105212	0.0637754	0.0604031	0.4124377	0.1338316	1.145144	0.5863888
34188	-407.7261	-420.6527	12.92668	0.875407	0.00593717	0.035989	0.0826669	0.4278626	0.106266	1.25559	0.6783702
34194	-407.0267	-419.9133	12.88655	0.827993	0.00819658	0.0496847	0.114126	0.4278626	0.1463984	1.25559	0.6783702
34200	-411.1792	-423.6771	12.49782	0.880316	0.0132741	0.0819107	0.0244991	0.5416303	0.1666512	1.474318	0.6601708
34206	-410.1244	-421.7084	11.58401	0.854741	0.0167875	0.0974881	0.0309837	0.5416303	0.4572079	1.565791	1.150916
34212	-414.8031	-425.0264	10.22329	0.451624	0.283941	0.0145714	0.249863	0.05241612	1.820101	0.4434223	1.483405
34218	-410.7539	-422.7311	11.97718	0.825665	0.0928613	0.0168261	0.0646474	0.4499589	1.770537	0.4084505	0.5216967
34224	-410.2411	-421.186	10.94489	0.831415	0.0899649	0.0152544	0.0633657	0.6376813	0.2326417	1.733024	1.756178
34230	-411.9648	-423.8428	11.87798	0.683463	0.0412413	0.0125398	0.262756	0.5402934	0.5659643	1.733024	0.1188866
34236	-415.9814	-428.6018	12.62041	0.695144	0.0356062	0.042396	0.226854	0.3818627	1.025138	0.8469183	0.5353106
34242	-414.1695	-423.6964	9.52696	0.776068	0.0552785	0.00491645	0.163737	0.6689909	1.10743	0.8345527	4.352208
34248	-415.0761	-424.0321	8.955947	0.812128	0.057847	0.0186636	0.111361	0.6361383	1.368803	0.6455025	5.407804
34254	-407.9212	-419.3152	11.39403	0.871391	0.0395998	0.0127763	0.0762333	0.6350601	1.018219	0.8023089	1.584938
34260	-421.1643	-429.5948	8.430482	0.813241	0.154519	0.0177341	0.0145063	0.9632897	1.328046	0.9433849	5.428709
34266	-424.3924	-430.6139	6.221427	0.750309	0.148801	0.0981046	0.00278537	0.4071499	1.346228	1.190923	14.3117
34272	-417.9255	-428.5146	10.58914	0.816268	0.0986751	0.0614853	0.0235712	0.4739825	1.552537	0.6639109	2.266397
34278	-423.2942	-434.9088	11.61452	0.845443	0.0739106	0.0636829	0.0169632	0.9939189	1.520386	0.6935629	0.5321171
34284	-415.2329	-426.2287	10.99572	0.747895	0.0688914	0.00025461	0.182959	0.4281368	1.658471	0.4058556	1.678543
34290	-414.3778	-424.1585	9.780655	0.901694	0.015722	0.000189769	0.0823941	0.3942289	1.6048	0.5718058	3.691698
34296	-411.1329	-421.977	10.84408	0.863459	0.0575738	6.74124e-05	0.0789002	0.3180331	1.6048	0.5311578	2.072854
34302	-406.5499	-418.7282	12.17828	0.880514	0.0329958	0.00020069	0.0862899	0.3610151	1.318508	0.7789228	0.7416367
34308	-408.4061	-420.0138	11.6077	0.740358	0.0874507	0.000948898	0.171243	0.2501561	1.813576	0.4182791	0.9560519
34314	-405.9178	-417.9263	12.00849	0.869921	0.0388983	0.00549479	0.0856861	0.2449607	1.878222	0.2511387	0.2254469
34320	-415.4866	-424.7413	9.254734	0.849151	0.0531562	0.00440343	0.0932897	0.3970446	1.77868	0.8122062	4.12377
34326	-410.2962	-420.4587	10.16251	0.859462	0.0712433	0.00555305	0.0637417	0.215052	1.741984	0.346369	2.808349
34332	-420.9215	-428.2941	7.372563	0.520017	0.237199	0.0305605	0.212223	0.7473069	1.768536	0.346369	8.375292
34338	-413.7685	-422.4169	8.64846	0.788805	0.0859498	0.0206078	0.104638	0.3842797	1.549522	0.4866845	6.4659
34344	-412.2962	-422.8407	10.54449	0.88106	0.0406696	0.0186239	0.0596467	0.330109	1.951433	0.5161665	2.002246
34350	-407.4209	-419.0899	11.66896	0.849898	0.0745999	0.0179652	0.0575371	0.3400892	0.7323548	1.39502	1.19944
34356	-406.2733	-418.617	12.34368	0.886304	0.0777955	0.0187348	0.0171653	0.4473322	1.420103	0.8690675	0.3039935
34362	-414.4864	-426.7863	12.29988	0.886304	0.0777955	0.0187348	0.0171653	0.3580894	0.8607258	1.126159	0.7534449
34368	-420.6934	-431.9978	11.30435	0.7862	0.138406	0.0297212	0.0456722	0.9805461	1.233475	1.251397	0.6138806
34374	-419.7638	-431.2646	11.50083	0.274345	0.572092	0.0134991	0.140065	0.2583032	1.835988	0.245624	0.8557087
34380	-423.9993	-434.0932	10.09383	0.505004	0.35794	0.0190802	0.117975	0.8787772	2.103464	0.2423323	1.446965
34386	-416.3842	-425.7846	9.40041	0.791892	0.146686	0.0078192	0.053603	0.3736008	1.871598	0.3178012	3.788334
34392	-415.7887	-425.2259	9.437179	0.370621	0.512266	0.037	0.0801129	0.04184618	2.15034	0.5236691	1.706714
34398	-412.6429	-422.2028	9.559977	0.214264	0.571827	0.118093	0.0958165	0.05222413	2.15034	0.2285066	1.595725
34404	-417.4802	-428.8497	11.36953	0.499667	0.220833	0.019442	0.260058	0.09877901	1.468531	0.7621116	1.137457
34410	-411.0822	-421.8809	10.79869	0.144371	0.775689	0.0333318	0.0466072	0.07079662	2.268014	0.1701493	0.3082851
34416	-416.253	-425.4498	9.196782	0.392257	0.547517	0.0275247	0.0327014	0.1206247	2.382279	0.1166141	2.082367
34422	-414.1035	-424.2002	10.09671	0.516852	0.380465	0.00889515	0.0937881	0.08802686	2.739559	0.1057004	0.403789
34428	-415.7661	-424.1484	8.382287	0.311352	0.453324	0.0479138	0.187409	0.08306425	2.720632	0.0700332	1.832723
34434	-429.2617	-432.1957	2.933954	0.467038	0.385154	0.0438633	0.103944	0.07355181	2.622259	0.1073442	21.88161
34440	-418.3084	-426.7791	8.470757	0.752833	0.205906	0.00546298	0.0357975	0.1811842	2.622259	0.1073442	2.951759
34446	-413.528	-423.8433	10.31527	0.724359	0.227933	0.0141811	0.0335268	0.3602884	2.622259	0.1048979	0.6499313
34452	-417.6136	-423.3454	5.731792	0.804555	0.135704	0.0187079	0.0410336	0.3602884	2.459026	0.0747623	9.562559
34458	-414.9034	-424.5206	9.617124	0.254363	0.567828	0.0782801	0.0995288	0.1020948	2.459026	0.0747623	0.9717054
34464	-417.0502	-427.5037	10.45349	0.659822	0.270834	0.0168826	0.0524613	0.285157	2.015547	0.1626566	1.504701
34470	-417.3692	-427.2611	9.891893	0.797711	0.0898682	0.0171508	0.0952699	0.3584076	2.021095	0.3466896	2.73701
34476	-416.5969	-425.3899	8.793035	0.783281	0.0882425	0.0349304	0.0935465	0.3565224	2.135176	0.2467452	4.280575
34482	-414.0139	-424.4494	10.4355	0.831549	0.0325198	0.0366196	0.0993112	0.2939229	2.221508	0.2014101	1.441602
34488	-406.4593	-418.8849	12.42552	0.897215	0.0109528	0.006799	0.0850337	0.2524894	1.399949	0.6177817	0.5605948
34494	-407.187	-419.6105	12.42344	0.754484	0.0145452	0.00327108	0.227699	0.3276826	1.098821	1.042198	0.513656
34500	-406.8465	-418.1139	11.26749	0.912315	0.0285187	0.00395536	0.0552105	0.3629455	1.328915	0.9203585	1.560122
34506	-404.587	-416.6213	12.03426	0.912315	0.0285187	0.00395536	0.0552105	0.3629455	0.9635558	1.303689	0.7067275
34512	-405.2361	-417.2549	12.01881	0.841814	0.0237064	0.00316686	0.131313	0.3427325	1.423892	1.084618	0.5385378
34518	-405.3838	-417.9463	12.56254	0.858871	0.0199533	0.0026655	0.118511	0.3804204	1.097396	0.8263503	0.5385378
34524	-408.7164	-421.0746	12.3582	0.859684	0.0199722	0.00172053	0.118623	0.3496441	1.023917	1.135536	0.5385378
34530	-405.0778	-417.4347	12.35692	0.857022	0.0199103	0.0048122	0.118256	0.3496441	1.298899	0.8055624	0.5800256
34536	-403.3974	-415.6186	12.22123	0.935406	0.00263183	0.00673994	0.0552224	0.4081509	1.105158	0.9588577	0.7234481
34542	-410.5525	-422.8194	12.26696	0.86809	0.0290981	0.00298866	0.0998233	0.2659852	1.393025	0.5971534	0.7234481
34548	-404.6447	-416.8117	12.16699	0.80619	0.0264688	0.00277555	0.164565	0.2659852	1.801517	0.308622	0.208415
34554	-414.8536	-427.2917	12.43811	0.876123	0.0287648	0.0134568	0.081655	0.4971706	1.451071	0.6190127	0.2590007
34560	-413.0617	-424.1182	11.05652	0.818882	0.142318	0.0151626	0.0236381	0.7525557	1.501326	0.4961279	1.424452
34566	-416.6644	-426.512	9.847615	0.621516	0.18225	0.0612834	0.13495	0.7377651	1.617651	0.4211957	2.929684
34572	-416.109	-428.0223	11.91326	0.888851	0.0288505	0.000656899	0.081642	0.3604591	0.8100892	1.283729	0.9973088
34578	-410.2423	-422.0053	11.76298	0.838261	0.0353839	0.00868523	0.117669	0.3604591	0.6888083	1.633609	0.8145626
34584	-416.6193	-428.094	11.47473	0.895447	0.0327217	0.00803177	0.0637997	0.2773403	1.360983	1.116097	1.125949
34590	-413.3595	-424.333	10.97342	0.885925	0.00842494	0.0361801	0.0694705	0.3358005	1.57068	0.5759557	1.92102
34596	-417.7846	-425.5333	7.748723	0.895917	0.00817183	0.0153156	0.0805959	0.4092379	1.687863	1.238475	6.948117
34602	-410.7873	-421.3985	10.61122	0.595599	0.354732	0.0243754	0.0252939	0.04961418	1.859279	0.3876466	0.9376931
34608	-414.939	-425.4577	10.51867	0.471853	0.458704	0.0340798	0.035364	0.0605925	2.158281	0.2000433	0.6769547
34614	-407.385	-419.3609	11.97587	0.850647	0.024091	0.00702114	0.118241	0.4736296	0.884842	1.338454	0.7043783
34620	-409.5967	-421.5872	11.99042	0.89523	0.00775644	0.00738913	0.0896246	0.2577214	1.252265	0.9447036	0.8974601
34626	-409.0471	-420.8242	11.77709	0.962288	0.0073041	0.00609416	0.0243138	0.3269806	1.374813	0.6459969	1.18424
34632	-408.9034	-420.7599	11.85654	0.846587	0.0306405	0.0195077	0.103264	0.4158529	1.655506	0.7429777	0.708656
34638	-412.2261	-423.7822	11.55616	0.842664	0.0189899	0.0194173	0.118929	0.3893924	2.152957	0.3705491	0.5898607
34644	-409.7088	-421.0967	11.38795	0.810328	0.0404095	0.00995262	0.13931	0.2545421	1.91092	0.4218824	1.080436
34650	-408.1257	-419.9388	11.81312	0.921918	0.031279	0.0023382	0.0444651	0.2545421	1.852378	0.2400154	0.5314387
34656	-410.8499	-421.7219	10.87195	0.932683	0.0159384	0.0148905	0.036488	0.2851566	2.07232	0.4994978	1.47356
34662	-410.4677	-421.5593	11.09159	0.964377	0.00212643	0.0153965	0.0181001	0.3081933	1.431604	0.7449191	1.863457
34668	-413.859	-423.4165	9.557524	0.966108	0.000335502	0.0154241	0.0181326	0.477935	1.093772	1.410481	3.474977
34674	-413.8909	-425.7582	11.86729	0.931711	0.000214902	0.014875	0.053199	0.4219957	1.257764	1.41711	0.3875516
34680	-409.3094	-419.2369	9.927487	0.905246	0.00100018	0.0144524	0.0793017	0.3340548	1.563781	0.5641391	3.579004
34686	-409.7366	-420.5775	10.84089	0.888812	0.00077505	0.0274843	0.0829284	0.3340548	1.79536	0.3971926	1.786347
34692	-408.9164	-419.8869	10.97054	0.926377	0.00258337	0.0149833	0.0560561	0.4337766	1.962207	0.4821771	1.370445
34698	-410.9694	-423.3327	12.3633	0.963944	0.00149442	0.0155909	0.0189702	0.6067405	1.398108	0.5652653	0.3386781
34704	-411.6854	-424.3931	12.70771	0.883143	0.0496498	0.0468651	0.0203418	0.4586031	0.2679148	1.076684	0.9007786
34710	-411.1866	-422.6148	11.42811	0.945686	0.00146612	0.0461027	0.00674527	0.3859293	1.617427	1.014835	0.9586115
34716	-405.3781	-417.6456	12.26752	0.920879	0.00142766	0.0379889	0.0397049	0.3811235	1.504082	0.7443263	0.4860949
34722	-404.2535	-416.5417	12.28821	0.922128	0.00142959	0.0366832	0.0397588	0.3811235	1.191473	0.879998	0.6676828
34728	-409.5599	-421.7784	12.21845	0.89758	0.0027252	0.0307076	0.068987	0.406517	1.689009	0.6266105	0.3826149
34734	-408.6635	-420.3331	11.66961	0.0297182	0.438454	0.0834845	0.448343	0.06342914	0.8056728	1.432224	0.1459764
34740	-414.0015	-424.9599	10.95843	0.0472985	0.345914	0.064428	0.542359	0.05110031	1.753435	1.132544	0.2738428
34746	-407.9065	-419.5349	11.62842	0.155487	0.38696	0.0368138	0.420739	0.05110031	0.8568818	1.204985	0.1332321
34752	-408.7383	-419.3948	10.65645	0.209318	0.2746	0.049559	0.466523	0.04733569	0.7931042	1.972037	0.1734474
34758	-410.213	-420.3528	10.13975	0.0833557	0.292343	0.0599512	0.56435	0.03979775	1.138297	1.972037	0.2403701
34764	-406.0506	-417.4025	11.35193	0.139108	0.715302	0.0636191	0.0819705	0.0514304	0.8362392	1.483362	0.147984
34770	-406.4808	-418.0996	11.61876	0.0646125	0.843632	0.0750328	0.0167222	0.04120612	1.090025	0.851152	0.2018228
34776	-408.6365	-418.799	10.16247	0.0564489	0.737041	0.134164	0.0723459	0.02285555	1.287586	1.215175	0.2212977
34782	-408.5687	-419.961	11.39229	0.955053	0.0138616	0.0069476	0.0241381	0.4218469	0.4861946	1.456669	1.627183
34788	-406.6138	-418.1634	11.54954	0.927031	0.0273861	0.0221533	0.0234298	0.4147575	0.6992941	1.477035	1.186678
34794	-405.9787	-417.698	11.71934	0.843122	0.0364977	0.00645931	0.113921	0.4123932	0.9199971	1.163517	1.186678
34800	-407.2538	-419.6185	12.36465	0.890171	0.0465619	0.010704	0.0525628	0.2736549	1.230092	1.105294	0.3873578
34806	-410.3258	-421.7657	11.43987	0.919035	0.015647	0.011051	0.0542672	0.2677179	1.343041	1.260158	1.011864
34812	-407.0319	-418.648	11.61611	0.930769	0.0158468	0.0173487	0.0360357	0.3455999	0.9683276	1.391326	1.011864
34818	-410.6068	-422.5214	11.91459	0.923542	0.00544683	0.00355068	0.0674605	0.5054589	1.010134	0.9718309	1.011864
34824	-410.4918	-421.5398	11.04795	0.929795	0.0054837	0.0137247	0.0509971	0.4928626	1.225332	0.9992452	1.719916
34830	-410.285	-421.5365	11.25155	0.927132	0.00528144	0.0509605	0.0166264	0.4928626	0.9231488	1.677748	0.9096806
34836	-405.1854	-417.0358	11.85038	0.91871	0.00523346	0.0276622	0.0483946	0.3265601	1.742053	0.4294386	0.7705567
34842	-405.526	-417.6672	12.14119	0.96555	0.000624195	0.0151025	0.0187231	0.2988244	1.666696	0.6887716	0.5349686
34848	-405.5919	-417.5123	11.92034	0.931697	0.00242869	0.0135272	0.052347	0.2805627	1.69147	0.2819038	0.6525207
34854	-404.0611	-415.397	11.33591	0.900559	0.00234752	0.0146136	0.0824798	0.3284314	2.028261	0.2974289	0.8894901
34860	-411.106	-420.3631	9.257172	0.908315	0.00236774	0.0061272	0.0831902	0.2019373	2.028261	0.3887243	3.955244
34866	-417.3458	-424.8912	7.545418	0.852675	0.0227545	0.0085456	0.116025	0.2044245	1.852047	0.4228519	9.068112
34872	-413.0848	-420.5878	7.503015	0.879398	0.0136829	0.00425525	0.102663	0.3537134	1.852047	0.3887532	9.068112
34878	-409.6368	-420.739	11.10219	0.809408	0.0154177	0.0289958	0.146178	0.5088205	1.926892	0.3562213	1.134229
34884	-413.4807	-425.4721	11.99139	0.832369	0.015855	0.0298184	0.121957	0.2733686	1.88085	0.4354008	0.5271136
34890	-421.969	-434.6506	12.68159	0.845017	0.0228782	0.0467902	0.0853143	0.2733686	1.39677	0.5205444	0.2424129
34896	-411.5733	-421.3108	9.737481	0.858197	0.0327299	0.0386327	0.0704403	0.4115369	1.04379	0.9334184	4.407603
